
          -------------------------------------------------------
          Amber 24 SANDER                              2024
          -------------------------------------------------------

| Run on 02/02/2026 at 16:10:35

|   Executable path: sander
| Working directory: /nas/longleaf/home/emainas/software/dcdftbmd.2.0/molecules/MEA/qmmd/systems/MEA/solv_5.0/mdequil
|          Hostname: nep15080302

  [-O]verwriting output

File Assignments:
|  MDIN: equil-npt.in                                                          
| MDOUT: equil-npt.out                                                         
|INPCRD: equil-nvt.rst7                                                        
|  PARM: /nas/longleaf/home/emainas/software/dcdftbmd.2.0/molecules/MEA/qmmd/sy
|RESTRT: equil-npt.rst7                                                        
|  REFC: refc                                                                  
| MDVEL: mdvel                                                                 
| MDFRC: mdfrc                                                                 
|  MDEN: mden                                                                  
| MDCRD: equil-npt.nc                                                          
|MDINFO: equil-npt.info                                                        
|  MTMD: mtmd                                                                  
|INPDIP: inpdip                                                                
|RSTDIP: rstdip                                                                
|INPTRA: inptraj                                                               


 Here is the input file:

Equilibrate at 300 K and 1.0 bar                                               
&cntrl                                                                         
  iwrap=1,                                                                     
  imin=0,                                                                      
  irest=1,                                                                     
  ntx=5,                                                                       
  nstlim=100000,                                                               
  dt=0.001,                                                                    
  temp0=300.0,                                                                 
  ntt=3,                                                                       
  gamma_ln=2.0,                                                                
  ntb=2,                                                                       
  ntp=1,                                                                       
  taup=2.0,                                                                    
  pres0=1.0,                                                                   
  ntc=2,                                                                       
  ntf=2,                                                                       
  cut=4.0,                                                                     
  ntpr=500,                                                                    
  ntwx=1000,                                                                   
  ntwe=0,                                                                      
/                                                                              

--------------------------------------------------------------------------------
   1.  RESOURCE   USE: 
--------------------------------------------------------------------------------

| Flags:                                                                        
 getting box info from netcdf restart file
| NetCDF restart box info found
|Largest sphere to fit in unit cell has radius =     8.561
| New format PARM file being parsed.
| Version =    1.000 Date = 02/02/26 Time = 16:06:29
 NATOM  =     274 NTYPES =      10 NBONH =     269 MBONA  =       3
 NTHETH =      17 MTHETA =       2 NPHIH =      20 MPHIA  =       2
 NHPARM =       0 NPARM  =       0 NNB   =     402 NRES   =      89
 NBONA  =       3 NTHETA =       2 NPHIA =       2 NUMBND =       9
 NUMANG =      11 NPTRA  =       5 NATYP =      10 NPHB   =       0
 IFBOX  =       1 NMXRS  =      12 IFCAP =       0 NEXTRA =       0
 NCOPY  =       0


|     Memory Use     Allocated
|     Real              608109
|     Hollerith            913
|     Integer            27499
|     Max Pairs          19728
|     nblistReal          3288
|     nblist Int         67233
|       Total             5227 kbytes

| Note: 1-4 EEL scale factors are being read from the topology file.

| Note: 1-4 VDW scale factors are being read from the topology file.
| Duplicated    0 dihedrals
| Duplicated    0 dihedrals

     BOX TYPE: RECTILINEAR

--------------------------------------------------------------------------------
   2.  CONTROL  DATA  FOR  THE  RUN
--------------------------------------------------------------------------------

MEA                                                                             

General flags:
     imin    =       0, nmropt  =       0

Nature and format of input:
     ntx     =       5, irest   =       1, ntrx    =       1

Nature and format of output:
     ntxo    =       2, ntpr    =     500, ntrx    =       1, ntwr    =  100000
     iwrap   =       1, ntwx    =    1000, ntwv    =       0, ntwe    =       0
     ioutfm  =       1, ntwprt  =       0, idecomp =       0, rbornstat=      0

Potential function:
     ntf     =       2, ntb     =       2, igb     =       0, nsnb    =      25
     ipol    =       0, gbsa    =       0, iesp    =       0
     dielc   =   1.00000, cut     =   4.00000, intdiel =   1.00000

Frozen or restrained atoms:
     ibelly  =       0, ntr     =       0

Molecular dynamics:
     nstlim  =    100000, nscm    =      1000, nrespa  =         1
     t       =   0.00000, dt      =   0.00100, vlimit  =  20.00000

Langevin dynamics temperature regulation:
     ig      =   71277
     temp0   = 300.00000, tempi   =   0.00000, gamma_ln=   2.00000

Pressure regulation:
     ntp     =       1
     pres0   =   1.00000, comp    =  44.60000, taup    =   2.00000

SHAKE:
     ntc     =       2, jfastw  =       0
     tol     =   0.00001

Ewald parameters:
     verbose =       0, ew_type =       0, nbflag  =       1, use_pme =       1
     vdwmeth =       1, eedmeth =       1, netfrc  =       1
     Box X =   20.642   Box Y =   17.769   Box Z =   17.122
     Alpha =   90.000   Beta  =   90.000   Gamma =   90.000
     NFFT1 =   20       NFFT2 =   18       NFFT3 =   18
     Cutoff=    4.000   Tol   =0.100E-04
     Ewald Coefficient =  0.72611
     Interpolation order =    4
|  INFO: Old style inpcrd file read


--------------------------------------------------------------------------------
   3.  ATOMIC COORDINATES AND VELOCITIES
--------------------------------------------------------------------------------

MEA                                                                             
 begin time read from input coords =   150.000 ps

 Number of triangulated 3-point waters found:       87

     Sum of charges from parm topology file =   0.00100100
     Forcing neutrality...

--------------------------------------------------------------------------------
   4.  RESULTS
--------------------------------------------------------------------------------

|  # of SOLUTE  degrees of freedom (RNDFP):     553.
|  # of SOLVENT degrees of freedom (RNDFS):       0.
|  NDFMIN =     553.     NUM_NOSHAKE =      0     CORRECTED RNDFP =     553.
|  TOTAL # of degrees of freedom (RNDF) =     553.
 ---------------------------------------------------
 APPROXIMATING switch and d/dx switch using CUBIC SPLINE INTERPOLATION
 using   5000.0 points per unit in tabled values
 TESTING RELATIVE ERROR over r ranging from 0.0 to cutoff
| CHECK switch(x): max rel err =   0.2738E-14   at   2.422500
| CHECK d/dx switch(x): max rel err =   0.8987E-11   at   2.875760
 ---------------------------------------------------
| Local SIZE OF NONBOND LIST =       6775
| TOTAL SIZE OF NONBOND LIST =       6775

 NSTEP =      500   TIME(PS) =     150.500  TEMP(K) =   292.65  PRESS =  -341.8
 Etot   =      -678.8279  EKtot   =       160.8017  EPtot      =      -839.6296
 BOND   =         1.2628  ANGLE   =         5.8958  DIHED      =         1.2721
 1-4 NB =         0.2808  1-4 EEL =       107.6038  VDWAALS    =       116.6133
 EELEC  =     -1072.5581  EHBOND  =         0.0000  RESTRAINT  =         0.0000
 EKCMT  =        84.1570  VIRIAL  =       130.5184  VOLUME     =      6282.2963
                                                    Density    =         0.4401
 Ewald error estimate:   0.2592E+00
 ------------------------------------------------------------------------------


 NSTEP =     1000   TIME(PS) =     151.000  TEMP(K) =   297.73  PRESS =   255.7
 Etot   =      -672.6657  EKtot   =       163.5885  EPtot      =      -836.2541
 BOND   =         0.2688  ANGLE   =         5.1131  DIHED      =         2.7361
 1-4 NB =         0.0179  1-4 EEL =       107.4473  VDWAALS    =       136.1670
 EELEC  =     -1088.0043  EHBOND  =         0.0000  RESTRAINT  =         0.0000
 EKCMT  =        78.0023  VIRIAL  =        43.2703  VOLUME     =      6290.6162
                                                    Density    =         0.4395
 Ewald error estimate:   0.2636E+00
 ------------------------------------------------------------------------------


 NSTEP =     1500   TIME(PS) =     151.500  TEMP(K) =   321.92  PRESS =  -887.5
 Etot   =      -681.8233  EKtot   =       176.8800  EPtot      =      -858.7034
 BOND   =         1.6172  ANGLE   =         4.9084  DIHED      =         1.7375
 1-4 NB =        -0.0309  1-4 EEL =       102.7794  VDWAALS    =       108.1177
 EELEC  =     -1077.8328  EHBOND  =         0.0000  RESTRAINT  =         0.0000
 EKCMT  =        79.4654  VIRIAL  =       199.7590  VOLUME     =      6277.7183
                                                    Density    =         0.4404
 Ewald error estimate:   0.3053E+00
 ------------------------------------------------------------------------------


 NSTEP =     2000   TIME(PS) =     152.000  TEMP(K) =   283.72  PRESS =  -579.3
 Etot   =      -685.6156  EKtot   =       155.8917  EPtot      =      -841.5073
 BOND   =         0.7164  ANGLE   =         4.2548  DIHED      =         3.2889
 1-4 NB =         0.8303  1-4 EEL =       114.0369  VDWAALS    =       123.8487
 EELEC  =     -1088.4835  EHBOND  =         0.0000  RESTRAINT  =         0.0000
 EKCMT  =        76.8435  VIRIAL  =       154.8940  VOLUME     =      6240.6665
                                                    Density    =         0.4430
 Ewald error estimate:   0.2427E+00
 ------------------------------------------------------------------------------


 NSTEP =     2500   TIME(PS) =     152.500  TEMP(K) =   287.79  PRESS =  -642.2
 Etot   =      -677.3740  EKtot   =       158.1296  EPtot      =      -835.5036
 BOND   =         0.0966  ANGLE   =         2.6658  DIHED      =         0.6525
 1-4 NB =        -0.0201  1-4 EEL =       105.2518  VDWAALS    =       107.4087
 EELEC  =     -1051.5589  EHBOND  =         0.0000  RESTRAINT  =         0.0000
 EKCMT  =        80.7696  VIRIAL  =       166.7116  VOLUME     =      6198.1102
                                                    Density    =         0.4461
 Ewald error estimate:   0.2736E+00
 ------------------------------------------------------------------------------


 NSTEP =     3000   TIME(PS) =     153.000  TEMP(K) =   299.11  PRESS =  -604.2
 Etot   =      -676.2482  EKtot   =       164.3510  EPtot      =      -840.5992
 BOND   =         1.4836  ANGLE   =         6.0615  DIHED      =         0.7886
 1-4 NB =         0.0398  1-4 EEL =       105.2585  VDWAALS    =       110.3394
 EELEC  =     -1064.5705  EHBOND  =         0.0000  RESTRAINT  =         0.0000
 EKCMT  =        70.5455  VIRIAL  =       151.1081  VOLUME     =      6175.1607
                                                    Density    =         0.4477
 Ewald error estimate:   0.2562E+00
 ------------------------------------------------------------------------------


 NSTEP =     3500   TIME(PS) =     153.500  TEMP(K) =   292.86  PRESS =   350.2
 Etot   =      -685.6619  EKtot   =       160.9144  EPtot      =      -846.5763
 BOND   =         0.3883  ANGLE   =         5.4396  DIHED      =         0.7500
 1-4 NB =         0.0291  1-4 EEL =       102.9020  VDWAALS    =       146.1687
 EELEC  =     -1102.2541  EHBOND  =         0.0000  RESTRAINT  =         0.0000
 EKCMT  =        79.4912  VIRIAL  =        32.8828  VOLUME     =      6164.3199
                                                    Density    =         0.4485
 Ewald error estimate:   0.2583E+00
 ------------------------------------------------------------------------------


 NSTEP =     4000   TIME(PS) =     154.000  TEMP(K) =   296.08  PRESS =   404.3
 Etot   =      -693.6720  EKtot   =       162.6814  EPtot      =      -856.3534
 BOND   =         3.3693  ANGLE   =         5.1655  DIHED      =         0.8542
 1-4 NB =         0.1744  1-4 EEL =       110.0181  VDWAALS    =       133.0575
 EELEC  =     -1108.9925  EHBOND  =         0.0000  RESTRAINT  =         0.0000
 EKCMT  =        81.1306  VIRIAL  =        27.2140  VOLUME     =      6175.7358
                                                    Density    =         0.4477
 Ewald error estimate:   0.2823E+00
 ------------------------------------------------------------------------------


 NSTEP =     4500   TIME(PS) =     154.500  TEMP(K) =   301.30  PRESS =  -578.8
 Etot   =      -688.9631  EKtot   =       165.5527  EPtot      =      -854.5158
 BOND   =         2.4602  ANGLE   =         3.9193  DIHED      =         1.3309
 1-4 NB =         0.0963  1-4 EEL =       105.4777  VDWAALS    =       118.2016
 EELEC  =     -1086.0017  EHBOND  =         0.0000  RESTRAINT  =         0.0000
 EKCMT  =        76.4509  VIRIAL  =       153.4653  VOLUME     =      6162.7872
                                                    Density    =         0.4486
 Ewald error estimate:   0.2494E+00
 ------------------------------------------------------------------------------


 NSTEP =     5000   TIME(PS) =     155.000  TEMP(K) =   262.52  PRESS =  -128.2
 Etot   =      -705.6130  EKtot   =       144.2438  EPtot      =      -849.8568
 BOND   =         0.5552  ANGLE   =         3.0636  DIHED      =         1.7388
 1-4 NB =         0.2544  1-4 EEL =       110.7417  VDWAALS    =       126.1692
 EELEC  =     -1092.3796  EHBOND  =         0.0000  RESTRAINT  =         0.0000
 EKCMT  =        71.2307  VIRIAL  =        88.1978  VOLUME     =      6131.7859
                                                    Density    =         0.4509
 Ewald error estimate:   0.2825E+00
 ------------------------------------------------------------------------------


 NSTEP =     5500   TIME(PS) =     155.500  TEMP(K) =   290.19  PRESS = -1046.1
 Etot   =      -682.9710  EKtot   =       159.4458  EPtot      =      -842.4169
 BOND   =         1.4279  ANGLE   =         3.7882  DIHED      =         0.6521
 1-4 NB =        -0.1041  1-4 EEL =       104.4689  VDWAALS    =       103.2378
 EELEC  =     -1055.8877  EHBOND  =         0.0000  RESTRAINT  =         0.0000
 EKCMT  =        79.1276  VIRIAL  =       217.2534  VOLUME     =      6115.5013
                                                    Density    =         0.4521
 Ewald error estimate:   0.2615E+00
 ------------------------------------------------------------------------------


 NSTEP =     6000   TIME(PS) =     156.000  TEMP(K) =   301.83  PRESS =  -585.2
 Etot   =      -696.5324  EKtot   =       165.8424  EPtot      =      -862.3748
 BOND   =         0.9124  ANGLE   =         4.0350  DIHED      =         1.1589
 1-4 NB =         0.1166  1-4 EEL =       106.8964  VDWAALS    =       121.2375
 EELEC  =     -1096.7317  EHBOND  =         0.0000  RESTRAINT  =         0.0000
 EKCMT  =        77.9899  VIRIAL  =       154.8674  VOLUME     =      6084.4820
                                                    Density    =         0.4544
 Ewald error estimate:   0.2599E+00
 ------------------------------------------------------------------------------


 NSTEP =     6500   TIME(PS) =     156.500  TEMP(K) =   295.98  PRESS =    40.5
 Etot   =      -717.2990  EKtot   =       162.6284  EPtot      =      -879.9274
 BOND   =         1.4525  ANGLE   =         4.2326  DIHED      =         1.1864
 1-4 NB =         0.0621  1-4 EEL =       107.9252  VDWAALS    =       134.6383
 EELEC  =     -1129.4245  EHBOND  =         0.0000  RESTRAINT  =         0.0000
 EKCMT  =        80.2367  VIRIAL  =        74.9357  VOLUME     =      6062.2715
                                                    Density    =         0.4561
 Ewald error estimate:   0.2475E+00
 ------------------------------------------------------------------------------


 NSTEP =     7000   TIME(PS) =     157.000  TEMP(K) =   275.88  PRESS =  -379.0
 Etot   =      -698.4293  EKtot   =       151.5821  EPtot      =      -850.0114
 BOND   =         0.5319  ANGLE   =         3.4550  DIHED      =         0.8584
 1-4 NB =        -0.0560  1-4 EEL =       106.3777  VDWAALS    =       119.7228
 EELEC  =     -1080.9011  EHBOND  =         0.0000  RESTRAINT  =         0.0000
 EKCMT  =        69.5124  VIRIAL  =       118.9130  VOLUME     =      6037.3170
                                                    Density    =         0.4579
 Ewald error estimate:   0.2528E+00
 ------------------------------------------------------------------------------


 NSTEP =     7500   TIME(PS) =     157.500  TEMP(K) =   287.68  PRESS = -1284.2
 Etot   =      -694.6967  EKtot   =       158.0671  EPtot      =      -852.7638
 BOND   =         1.3426  ANGLE   =         5.5618  DIHED      =         1.7286
 1-4 NB =         0.8331  1-4 EEL =       111.8001  VDWAALS    =       105.6842
 EELEC  =     -1079.7143  EHBOND  =         0.0000  RESTRAINT  =         0.0000
 EKCMT  =        74.5334  VIRIAL  =       241.0071  VOLUME     =      6003.9177
                                                    Density    =         0.4605
 Ewald error estimate:   0.2525E+00
 ------------------------------------------------------------------------------


 NSTEP =     8000   TIME(PS) =     158.000  TEMP(K) =   299.44  PRESS = -1099.8
 Etot   =      -674.6792  EKtot   =       164.5325  EPtot      =      -839.2117
 BOND   =         0.5048  ANGLE   =         6.5876  DIHED      =         0.6550
 1-4 NB =         0.3186  1-4 EEL =       108.3667  VDWAALS    =       103.0756
 EELEC  =     -1058.7202  EHBOND  =         0.0000  RESTRAINT  =         0.0000
 EKCMT  =        76.7595  VIRIAL  =       218.5008  VOLUME     =      5968.9791
                                                    Density    =         0.4632
 Ewald error estimate:   0.2329E+00
 ------------------------------------------------------------------------------


 NSTEP =     8500   TIME(PS) =     158.500  TEMP(K) =   317.09  PRESS = -1038.8
 Etot   =      -690.9289  EKtot   =       174.2283  EPtot      =      -865.1572
 BOND   =         1.4205  ANGLE   =         4.6521  DIHED      =         2.4464
 1-4 NB =         0.0274  1-4 EEL =       106.8170  VDWAALS    =       114.5729
 EELEC  =     -1095.0935  EHBOND  =         0.0000  RESTRAINT  =         0.0000
 EKCMT  =        80.7028  VIRIAL  =       213.4484  VOLUME     =      5918.7397
                                                    Density    =         0.4671
 Ewald error estimate:   0.2080E+00
 ------------------------------------------------------------------------------


 NSTEP =     9000   TIME(PS) =     159.000  TEMP(K) =   294.23  PRESS = -1263.4
 Etot   =      -676.5535  EKtot   =       161.6673  EPtot      =      -838.2207
 BOND   =         0.1300  ANGLE   =         4.3712  DIHED      =         2.4011
 1-4 NB =         0.3773  1-4 EEL =       113.2921  VDWAALS    =       100.9960
 EELEC  =     -1059.7885  EHBOND  =         0.0000  RESTRAINT  =         0.0000
 EKCMT  =        78.9362  VIRIAL  =       239.4895  VOLUME     =      5885.6203
                                                    Density    =         0.4697
 Ewald error estimate:   0.2427E+00
 ------------------------------------------------------------------------------


 NSTEP =     9500   TIME(PS) =     159.500  TEMP(K) =   289.44  PRESS =  -972.5
 Etot   =      -697.0118  EKtot   =       159.0350  EPtot      =      -856.0468
 BOND   =         1.8182  ANGLE   =         4.4232  DIHED      =         0.7841
 1-4 NB =         0.0558  1-4 EEL =       106.5009  VDWAALS    =       116.1293
 EELEC  =     -1085.7584  EHBOND  =         0.0000  RESTRAINT  =         0.0000
 EKCMT  =        79.8068  VIRIAL  =       202.7817  VOLUME     =      5856.4016
                                                    Density    =         0.4721
 Ewald error estimate:   0.2109E+00
 ------------------------------------------------------------------------------


 NSTEP =    10000   TIME(PS) =     160.000  TEMP(K) =   305.24  PRESS =  -941.5
 Etot   =      -681.9425  EKtot   =       167.7168  EPtot      =      -849.6593
 BOND   =         1.4998  ANGLE   =         9.2184  DIHED      =         0.9050
 1-4 NB =         0.2845  1-4 EEL =       105.8216  VDWAALS    =       109.6090
 EELEC  =     -1076.9977  EHBOND  =         0.0000  RESTRAINT  =         0.0000
 EKCMT  =        76.7096  VIRIAL  =       195.3020  VOLUME     =      5834.0810
                                                    Density    =         0.4739
 Ewald error estimate:   0.2456E+00
 ------------------------------------------------------------------------------


 NSTEP =    10500   TIME(PS) =     160.500  TEMP(K) =   309.73  PRESS =  -403.6
 Etot   =      -701.6039  EKtot   =       170.1836  EPtot      =      -871.7876
 BOND   =         1.2109  ANGLE   =         5.0802  DIHED      =         1.0763
 1-4 NB =         0.3453  1-4 EEL =       108.0297  VDWAALS    =       123.3936
 EELEC  =     -1110.9235  EHBOND  =         0.0000  RESTRAINT  =         0.0000
 EKCMT  =        77.9478  VIRIAL  =       128.5572  VOLUME     =      5807.5496
                                                    Density    =         0.4761
 Ewald error estimate:   0.2274E+00
 ------------------------------------------------------------------------------


 NSTEP =    11000   TIME(PS) =     161.000  TEMP(K) =   308.53  PRESS =  -864.2
 Etot   =      -709.9831  EKtot   =       169.5268  EPtot      =      -879.5099
 BOND   =         0.3687  ANGLE   =         3.3600  DIHED      =         1.3227
 1-4 NB =         0.5709  1-4 EEL =       111.5504  VDWAALS    =       112.3129
 EELEC  =     -1108.9955  EHBOND  =         0.0000  RESTRAINT  =         0.0000
 EKCMT  =        76.4698  VIRIAL  =       184.0576  VOLUME     =      5766.2019
                                                    Density    =         0.4795
 Ewald error estimate:   0.2210E+00
 ------------------------------------------------------------------------------


 NSTEP =    11500   TIME(PS) =     161.500  TEMP(K) =   300.84  PRESS =  -328.8
 Etot   =      -702.1928  EKtot   =       165.2999  EPtot      =      -867.4927
 BOND   =         1.4483  ANGLE   =         4.0988  DIHED      =         2.4332
 1-4 NB =         0.2694  1-4 EEL =       109.2046  VDWAALS    =       125.1850
 EELEC  =     -1110.1321  EHBOND  =         0.0000  RESTRAINT  =         0.0000
 EKCMT  =        77.6940  VIRIAL  =       118.5737  VOLUME     =      5758.3756
                                                    Density    =         0.4801
 Ewald error estimate:   0.2503E+00
 ------------------------------------------------------------------------------


 NSTEP =    12000   TIME(PS) =     162.000  TEMP(K) =   272.69  PRESS =  -752.2
 Etot   =      -695.7631  EKtot   =       149.8326  EPtot      =      -845.5956
 BOND   =         0.7206  ANGLE   =         4.5138  DIHED      =         2.8278
 1-4 NB =        -0.0988  1-4 EEL =       102.7725  VDWAALS    =       109.1561
 EELEC  =     -1065.4877  EHBOND  =         0.0000  RESTRAINT  =         0.0000
 EKCMT  =        79.0629  VIRIAL  =       172.3856  VOLUME     =      5746.0433
                                                    Density    =         0.4812
 Ewald error estimate:   0.2116E+00
 ------------------------------------------------------------------------------


 NSTEP =    12500   TIME(PS) =     162.500  TEMP(K) =   296.45  PRESS =   -42.2
 Etot   =      -692.4022  EKtot   =       162.8880  EPtot      =      -855.2902
 BOND   =         0.8007  ANGLE   =         2.4335  DIHED      =         1.0262
 1-4 NB =         0.0366  1-4 EEL =       104.0015  VDWAALS    =       133.2693
 EELEC  =     -1096.8579  EHBOND  =         0.0000  RESTRAINT  =         0.0000
 EKCMT  =        76.2417  VIRIAL  =        81.4703  VOLUME     =      5740.8367
                                                    Density    =         0.4816
 Ewald error estimate:   0.2124E+00
 ------------------------------------------------------------------------------


 NSTEP =    13000   TIME(PS) =     163.000  TEMP(K) =   332.93  PRESS =   -57.5
 Etot   =      -680.3777  EKtot   =       182.9337  EPtot      =      -863.3113
 BOND   =         0.5194  ANGLE   =         4.8541  DIHED      =         1.9011
 1-4 NB =         0.1401  1-4 EEL =       107.7296  VDWAALS    =       125.7191
 EELEC  =     -1104.1747  EHBOND  =         0.0000  RESTRAINT  =         0.0000
 EKCMT  =        93.8377  VIRIAL  =       100.9424  VOLUME     =      5721.3518
                                                    Density    =         0.4832
 Ewald error estimate:   0.2338E+00
 ------------------------------------------------------------------------------


 NSTEP =    13500   TIME(PS) =     163.500  TEMP(K) =   292.69  PRESS = -1105.9
 Etot   =      -696.0247  EKtot   =       160.8206  EPtot      =      -856.8453
 BOND   =         1.4479  ANGLE   =         6.9645  DIHED      =         1.1782
 1-4 NB =         0.0699  1-4 EEL =       105.3643  VDWAALS    =       107.7136
 EELEC  =     -1079.5837  EHBOND  =         0.0000  RESTRAINT  =         0.0000
 EKCMT  =        75.8470  VIRIAL  =       211.9160  VOLUME     =      5698.3442
                                                    Density    =         0.4852
 Ewald error estimate:   0.2254E+00
 ------------------------------------------------------------------------------


 NSTEP =    14000   TIME(PS) =     164.000  TEMP(K) =   271.96  PRESS =   -75.2
 Etot   =      -715.8751  EKtot   =       149.4302  EPtot      =      -865.3053
 BOND   =         1.4465  ANGLE   =         4.8107  DIHED      =         2.8719
 1-4 NB =         0.0371  1-4 EEL =       100.9277  VDWAALS    =       141.2052
 EELEC  =     -1116.6044  EHBOND  =         0.0000  RESTRAINT  =         0.0000
 EKCMT  =        69.5419  VIRIAL  =        78.7372  VOLUME     =      5664.6221
                                                    Density    =         0.4881
 Ewald error estimate:   0.2207E+00
 ------------------------------------------------------------------------------


 NSTEP =    14500   TIME(PS) =     164.500  TEMP(K) =   300.50  PRESS =   -18.7
 Etot   =      -719.1083  EKtot   =       165.1101  EPtot      =      -884.2184
 BOND   =         0.3924  ANGLE   =         7.9131  DIHED      =         2.4128
 1-4 NB =        -0.1253  1-4 EEL =       101.5005  VDWAALS    =       138.0241
 EELEC  =     -1134.3360  EHBOND  =         0.0000  RESTRAINT  =         0.0000
 EKCMT  =        75.3001  VIRIAL  =        77.5882  VOLUME     =      5661.8895
                                                    Density    =         0.4883
 Ewald error estimate:   0.2294E+00
 ------------------------------------------------------------------------------


 NSTEP =    15000   TIME(PS) =     165.000  TEMP(K) =   276.01  PRESS = -1305.6
 Etot   =      -740.9748  EKtot   =       151.6544  EPtot      =      -892.6292
 BOND   =         1.2852  ANGLE   =         5.0498  DIHED      =         0.9949
 1-4 NB =         0.4393  1-4 EEL =       108.1348  VDWAALS    =       124.1252
 EELEC  =     -1132.6584  EHBOND  =         0.0000  RESTRAINT  =         0.0000
 EKCMT  =        68.2187  VIRIAL  =       227.0848  VOLUME     =      5635.5826
                                                    Density    =         0.4906
 Ewald error estimate:   0.1942E+00
 ------------------------------------------------------------------------------


 NSTEP =    15500   TIME(PS) =     165.500  TEMP(K) =   271.08  PRESS =  -766.1
 Etot   =      -746.5907  EKtot   =       148.9483  EPtot      =      -895.5390
 BOND   =         0.2670  ANGLE   =         4.5868  DIHED      =         2.3290
 1-4 NB =         0.0114  1-4 EEL =       106.5163  VDWAALS    =       126.6104
 EELEC  =     -1135.8599  EHBOND  =         0.0000  RESTRAINT  =         0.0000
 EKCMT  =        63.3375  VIRIAL  =       155.6587  VOLUME     =      5581.3152
                                                    Density    =         0.4954
 Ewald error estimate:   0.2147E+00
 ------------------------------------------------------------------------------


 NSTEP =    16000   TIME(PS) =     166.000  TEMP(K) =   263.96  PRESS =   314.0
 Etot   =      -705.2800  EKtot   =       145.0341  EPtot      =      -850.3141
 BOND   =         0.7327  ANGLE   =         8.3861  DIHED      =         0.9723
 1-4 NB =         0.3675  1-4 EEL =       107.7582  VDWAALS    =       145.4045
 EELEC  =     -1113.9353  EHBOND  =         0.0000  RESTRAINT  =         0.0000
 EKCMT  =        66.4011  VIRIAL  =        28.7133  VOLUME     =      5558.7048
                                                    Density    =         0.4974
 Ewald error estimate:   0.1776E+00
 ------------------------------------------------------------------------------


 NSTEP =    16500   TIME(PS) =     166.500  TEMP(K) =   275.05  PRESS =  -469.8
 Etot   =      -702.6555  EKtot   =       151.1304  EPtot      =      -853.7859
 BOND   =         0.9018  ANGLE   =         8.8813  DIHED      =         0.9308
 1-4 NB =         0.2923  1-4 EEL =       107.8717  VDWAALS    =       124.6324
 EELEC  =     -1097.2961  EHBOND  =         0.0000  RESTRAINT  =         0.0000
 EKCMT  =        79.9483  VIRIAL  =       136.1013  VOLUME     =      5535.9140
                                                    Density    =         0.4994
 Ewald error estimate:   0.2092E+00
 ------------------------------------------------------------------------------


 NSTEP =    17000   TIME(PS) =     167.000  TEMP(K) =   326.20  PRESS =  -672.2
 Etot   =      -681.7168  EKtot   =       179.2350  EPtot      =      -860.9518
 BOND   =         5.5475  ANGLE   =         3.2003  DIHED      =         1.0861
 1-4 NB =        -0.0664  1-4 EEL =       104.5369  VDWAALS    =       125.0943
 EELEC  =     -1100.3505  EHBOND  =         0.0000  RESTRAINT  =         0.0000
 EKCMT  =        89.1936  VIRIAL  =       169.1162  VOLUME     =      5506.5222
                                                    Density    =         0.5021
 Ewald error estimate:   0.2040E+00
 ------------------------------------------------------------------------------


 NSTEP =    17500   TIME(PS) =     167.500  TEMP(K) =   301.27  PRESS = -1291.5
 Etot   =      -668.5046  EKtot   =       165.5367  EPtot      =      -834.0413
 BOND   =         3.2608  ANGLE   =         7.4243  DIHED      =         1.5825
 1-4 NB =         0.1349  1-4 EEL =       108.0474  VDWAALS    =       103.0994
 EELEC  =     -1057.5906  EHBOND  =         0.0000  RESTRAINT  =         0.0000
 EKCMT  =        83.4256  VIRIAL  =       236.5114  VOLUME     =      5490.0680
                                                    Density    =         0.5036
 Ewald error estimate:   0.1760E+00
 ------------------------------------------------------------------------------


 NSTEP =    18000   TIME(PS) =     168.000  TEMP(K) =   339.00  PRESS =  -995.8
 Etot   =      -649.2249  EKtot   =       186.2675  EPtot      =      -835.4925
 BOND   =         0.2456  ANGLE   =         6.3135  DIHED      =         0.7520
 1-4 NB =        -0.1552  1-4 EEL =       103.1247  VDWAALS    =       105.5105
 EELEC  =     -1051.2837  EHBOND  =         0.0000  RESTRAINT  =         0.0000
 EKCMT  =        96.3692  VIRIAL  =       213.5171  VOLUME     =      5448.3882
                                                    Density    =         0.5074
 Ewald error estimate:   0.2198E+00
 ------------------------------------------------------------------------------


 NSTEP =    18500   TIME(PS) =     168.500  TEMP(K) =   329.96  PRESS =    35.1
 Etot   =      -672.0761  EKtot   =       181.2983  EPtot      =      -853.3744
 BOND   =         2.5032  ANGLE   =         5.1797  DIHED      =         0.7232
 1-4 NB =         0.0008  1-4 EEL =       106.3301  VDWAALS    =       135.2377
 EELEC  =     -1103.3490  EHBOND  =         0.0000  RESTRAINT  =         0.0000
 EKCMT  =        84.9084  VIRIAL  =        80.8141  VOLUME     =      5400.4845
                                                    Density    =         0.5119
 Ewald error estimate:   0.1837E+00
 ------------------------------------------------------------------------------


 NSTEP =    19000   TIME(PS) =     169.000  TEMP(K) =   281.17  PRESS =  -489.7
 Etot   =      -684.8894  EKtot   =       154.4935  EPtot      =      -839.3829
 BOND   =         0.3774  ANGLE   =         4.5578  DIHED      =         0.8669
 1-4 NB =         0.0423  1-4 EEL =       108.6099  VDWAALS    =       124.2824
 EELEC  =     -1078.1195  EHBOND  =         0.0000  RESTRAINT  =         0.0000
 EKCMT  =        76.5846  VIRIAL  =       133.3661  VOLUME     =      5370.5573
                                                    Density    =         0.5148
 Ewald error estimate:   0.1696E+00
 ------------------------------------------------------------------------------


 NSTEP =    19500   TIME(PS) =     169.500  TEMP(K) =   295.94  PRESS =   329.9
 Etot   =      -683.5229  EKtot   =       162.6058  EPtot      =      -846.1287
 BOND   =         2.2158  ANGLE   =         4.1460  DIHED      =         0.9132
 1-4 NB =         0.0082  1-4 EEL =       101.8586  VDWAALS    =       137.8343
 EELEC  =     -1093.1048  EHBOND  =         0.0000  RESTRAINT  =         0.0000
 EKCMT  =        78.5593  VIRIAL  =        40.5444  VOLUME     =      5336.4714
                                                    Density    =         0.5181
 Ewald error estimate:   0.2059E+00
 ------------------------------------------------------------------------------


 NSTEP =    20000   TIME(PS) =     170.000  TEMP(K) =   279.30  PRESS =  -135.7
 Etot   =      -693.5279  EKtot   =       153.4650  EPtot      =      -846.9930
 BOND   =         2.1164  ANGLE   =         3.6972  DIHED      =         1.2897
 1-4 NB =         0.5775  1-4 EEL =       111.2633  VDWAALS    =       133.3850
 EELEC  =     -1099.3221  EHBOND  =         0.0000  RESTRAINT  =         0.0000
 EKCMT  =        72.4053  VIRIAL  =        87.9959  VOLUME     =      5320.7464
                                                    Density    =         0.5196
 Ewald error estimate:   0.2324E+00
 ------------------------------------------------------------------------------


 NSTEP =    20500   TIME(PS) =     170.500  TEMP(K) =   338.79  PRESS =   388.7
 Etot   =      -685.5524  EKtot   =       186.1519  EPtot      =      -871.7043
 BOND   =         1.2355  ANGLE   =         2.2508  DIHED      =         1.0353
 1-4 NB =         0.4225  1-4 EEL =       110.2491  VDWAALS    =       142.7654
 EELEC  =     -1129.6628  EHBOND  =         0.0000  RESTRAINT  =         0.0000
 EKCMT  =        88.6423  VIRIAL  =        44.2099  VOLUME     =      5294.4215
                                                    Density    =         0.5222
 Ewald error estimate:   0.1779E+00
 ------------------------------------------------------------------------------


 NSTEP =    21000   TIME(PS) =     171.000  TEMP(K) =   284.65  PRESS =  -661.3
 Etot   =      -664.8977  EKtot   =       156.4036  EPtot      =      -821.3013
 BOND   =         2.2193  ANGLE   =         4.6788  DIHED      =         1.8056
 1-4 NB =         0.0915  1-4 EEL =       106.8194  VDWAALS    =       113.9774
 EELEC  =     -1050.8934  EHBOND  =         0.0000  RESTRAINT  =         0.0000
 EKCMT  =        73.5828  VIRIAL  =       148.8070  VOLUME     =      5268.1434
                                                    Density    =         0.5248
 Ewald error estimate:   0.1971E+00
 ------------------------------------------------------------------------------


 NSTEP =    21500   TIME(PS) =     171.500  TEMP(K) =   306.96  PRESS =  -271.8
 Etot   =      -670.3726  EKtot   =       168.6628  EPtot      =      -839.0353
 BOND   =         3.0412  ANGLE   =         5.1366  DIHED      =         1.2085
 1-4 NB =         0.5961  1-4 EEL =       109.3887  VDWAALS    =       123.4485
 EELEC  =     -1081.8549  EHBOND  =         0.0000  RESTRAINT  =         0.0000
 EKCMT  =        82.6708  VIRIAL  =       113.4604  VOLUME     =      5247.5325
                                                    Density    =         0.5269
 Ewald error estimate:   0.1765E+00
 ------------------------------------------------------------------------------


 NSTEP =    22000   TIME(PS) =     172.000  TEMP(K) =   273.95  PRESS = -1283.7
 Etot   =      -699.5752  EKtot   =       150.5226  EPtot      =      -850.0978
 BOND   =         0.2693  ANGLE   =         6.8056  DIHED      =         1.2977
 1-4 NB =         0.6163  1-4 EEL =       110.6618  VDWAALS    =       109.3506
 EELEC  =     -1079.0991  EHBOND  =         0.0000  RESTRAINT  =         0.0000
 EKCMT  =        79.5207  VIRIAL  =       223.6532  VOLUME     =      5200.3249
                                                    Density    =         0.5316
 Ewald error estimate:   0.1800E+00
 ------------------------------------------------------------------------------


 NSTEP =    22500   TIME(PS) =     172.500  TEMP(K) =   302.28  PRESS = -1597.2
 Etot   =      -686.5081  EKtot   =       166.0911  EPtot      =      -852.5992
 BOND   =         0.6987  ANGLE   =         8.6311  DIHED      =         1.5444
 1-4 NB =         0.2925  1-4 EEL =       109.6809  VDWAALS    =       110.5932
 EELEC  =     -1084.0400  EHBOND  =         0.0000  RESTRAINT  =         0.0000
 EKCMT  =        77.8907  VIRIAL  =       255.0388  VOLUME     =      5136.7824
                                                    Density    =         0.5382
 Ewald error estimate:   0.1457E+00
 ------------------------------------------------------------------------------


 NSTEP =    23000   TIME(PS) =     173.000  TEMP(K) =   344.94  PRESS = -1632.4
 Etot   =      -680.7305  EKtot   =       189.5322  EPtot      =      -870.2628
 BOND   =         0.4559  ANGLE   =         4.3873  DIHED      =         0.9942
 1-4 NB =         0.3992  1-4 EEL =       110.6631  VDWAALS    =       103.2144
 EELEC  =     -1090.3769  EHBOND  =         0.0000  RESTRAINT  =         0.0000
 EKCMT  =        80.8361  VIRIAL  =       260.1442  VOLUME     =      5087.4563
                                                    Density    =         0.5434
 Ewald error estimate:   0.1648E+00
 ------------------------------------------------------------------------------


 NSTEP =    23500   TIME(PS) =     173.500  TEMP(K) =   312.15  PRESS =  -205.9
 Etot   =      -684.5588  EKtot   =       171.5131  EPtot      =      -856.0719
 BOND   =         2.4833  ANGLE   =        10.9675  DIHED      =         0.6319
 1-4 NB =        -0.1424  1-4 EEL =       102.8212  VDWAALS    =       130.2858
 EELEC  =     -1103.1192  EHBOND  =         0.0000  RESTRAINT  =         0.0000
 EKCMT  =        85.9274  VIRIAL  =       108.3597  VOLUME     =      5046.0474
                                                    Density    =         0.5479
 Ewald error estimate:   0.1507E+00
 ------------------------------------------------------------------------------


 NSTEP =    24000   TIME(PS) =     174.000  TEMP(K) =   281.40  PRESS =  -701.9
 Etot   =      -689.7895  EKtot   =       154.6203  EPtot      =      -844.4098
 BOND   =         0.9990  ANGLE   =         4.9241  DIHED      =         1.6986
 1-4 NB =         0.5024  1-4 EEL =       110.6662  VDWAALS    =       126.3493
 EELEC  =     -1089.5495  EHBOND  =         0.0000  RESTRAINT  =         0.0000
 EKCMT  =        74.4005  VIRIAL  =       150.3336  VOLUME     =      5010.7343
                                                    Density    =         0.5518
 Ewald error estimate:   0.1320E+00
 ------------------------------------------------------------------------------


 NSTEP =    24500   TIME(PS) =     174.500  TEMP(K) =   306.33  PRESS = -1271.7
 Etot   =      -687.0033  EKtot   =       168.3182  EPtot      =      -855.3214
 BOND   =         0.2898  ANGLE   =         7.8478  DIHED      =         1.3918
 1-4 NB =         0.7745  1-4 EEL =       112.3418  VDWAALS    =       110.1993
 EELEC  =     -1088.1664  EHBOND  =         0.0000  RESTRAINT  =         0.0000
 EKCMT  =        84.5183  VIRIAL  =       220.8558  VOLUME     =      4965.4394
                                                    Density    =         0.5568
 Ewald error estimate:   0.1774E+00
 ------------------------------------------------------------------------------


 NSTEP =    25000   TIME(PS) =     175.000  TEMP(K) =   312.39  PRESS =  -860.0
 Etot   =      -670.0048  EKtot   =       171.6435  EPtot      =      -841.6482
 BOND   =         1.4839  ANGLE   =         6.6233  DIHED      =         2.1586
 1-4 NB =         0.5719  1-4 EEL =       111.0099  VDWAALS    =       119.3937
 EELEC  =     -1082.8895  EHBOND  =         0.0000  RESTRAINT  =         0.0000
 EKCMT  =        76.2279  VIRIAL  =       167.3608  VOLUME     =      4907.8358
                                                    Density    =         0.5633
 Ewald error estimate:   0.1288E+00
 ------------------------------------------------------------------------------


 NSTEP =    25500   TIME(PS) =     175.500  TEMP(K) =   307.57  PRESS = -1546.8
 Etot   =      -671.4864  EKtot   =       168.9951  EPtot      =      -840.4814
 BOND   =         0.6771  ANGLE   =        12.2600  DIHED      =         1.7286
 1-4 NB =         0.5536  1-4 EEL =       104.2281  VDWAALS    =       105.3441
 EELEC  =     -1065.2729  EHBOND  =         0.0000  RESTRAINT  =         0.0000
 EKCMT  =        78.3024  VIRIAL  =       239.4778  VOLUME     =      4825.9347
                                                    Density    =         0.5729
 Ewald error estimate:   0.1604E+00
 ------------------------------------------------------------------------------


 NSTEP =    26000   TIME(PS) =     176.000  TEMP(K) =   308.08  PRESS =  -856.5
 Etot   =      -667.1529  EKtot   =       169.2777  EPtot      =      -836.4306
 BOND   =         0.6771  ANGLE   =         8.3890  DIHED      =         0.7840
 1-4 NB =         0.1505  1-4 EEL =       107.2462  VDWAALS    =       119.7321
 EELEC  =     -1073.4095  EHBOND  =         0.0000  RESTRAINT  =         0.0000
 EKCMT  =        85.4311  VIRIAL  =       173.8217  VOLUME     =      4779.7673
                                                    Density    =         0.5784
 Ewald error estimate:   0.1338E+00
 ------------------------------------------------------------------------------


 NSTEP =    26500   TIME(PS) =     176.500  TEMP(K) =   316.74  PRESS =  -443.2
 Etot   =      -651.4767  EKtot   =       174.0336  EPtot      =      -825.5103
 BOND   =         1.0562  ANGLE   =         6.5959  DIHED      =         1.4187
 1-4 NB =        -0.0728  1-4 EEL =       100.4883  VDWAALS    =       125.8767
 EELEC  =     -1060.8732  EHBOND  =         0.0000  RESTRAINT  =         0.0000
 EKCMT  =        78.7041  VIRIAL  =       124.1055  VOLUME     =      4744.3994
                                                    Density    =         0.5827
 Ewald error estimate:   0.1111E+00
 ------------------------------------------------------------------------------


 NSTEP =    27000   TIME(PS) =     177.000  TEMP(K) =   336.49  PRESS =  -804.4
 Etot   =      -652.2706  EKtot   =       184.8888  EPtot      =      -837.1594
 BOND   =         3.5630  ANGLE   =         5.2842  DIHED      =         1.1273
 1-4 NB =         0.1152  1-4 EEL =       107.5083  VDWAALS    =       116.3657
 EELEC  =     -1071.1232  EHBOND  =         0.0000  RESTRAINT  =         0.0000
 EKCMT  =       100.1411  VIRIAL  =       181.8911  VOLUME     =      4706.9066
                                                    Density    =         0.5874
 Ewald error estimate:   0.1228E+00
 ------------------------------------------------------------------------------


 NSTEP =    27500   TIME(PS) =     177.500  TEMP(K) =   303.91  PRESS = -1447.5
 Etot   =      -660.9263  EKtot   =       166.9871  EPtot      =      -827.9134
 BOND   =         2.3014  ANGLE   =        10.9673  DIHED      =         1.8360
 1-4 NB =         0.1082  1-4 EEL =       103.3634  VDWAALS    =        98.0881
 EELEC  =     -1044.5777  EHBOND  =         0.0000  RESTRAINT  =         0.0000
 EKCMT  =        83.8223  VIRIAL  =       229.4964  VOLUME     =      4661.1568
                                                    Density    =         0.5931
 Ewald error estimate:   0.1157E+00
 ------------------------------------------------------------------------------


 NSTEP =    28000   TIME(PS) =     178.000  TEMP(K) =   316.76  PRESS =  -598.8
 Etot   =      -682.2988  EKtot   =       174.0489  EPtot      =      -856.3477
 BOND   =         0.4147  ANGLE   =         7.7720  DIHED      =         0.7574
 1-4 NB =         0.2561  1-4 EEL =       108.0668  VDWAALS    =       122.4246
 EELEC  =     -1096.0392  EHBOND  =         0.0000  RESTRAINT  =         0.0000
 EKCMT  =        84.2573  VIRIAL  =       143.8464  VOLUME     =      4609.2905
                                                    Density    =         0.5998
 Ewald error estimate:   0.1183E+00
 ------------------------------------------------------------------------------


 NSTEP =    28500   TIME(PS) =     178.500  TEMP(K) =   294.90  PRESS = -1057.5
 Etot   =      -689.1046  EKtot   =       162.0379  EPtot      =      -851.1424
 BOND   =         0.8210  ANGLE   =         5.5701  DIHED      =         2.9369
 1-4 NB =         1.1253  1-4 EEL =       114.2036  VDWAALS    =       114.2819
 EELEC  =     -1090.0811  EHBOND  =         0.0000  RESTRAINT  =         0.0000
 EKCMT  =        78.6198  VIRIAL  =       182.8683  VOLUME     =      4565.9545
                                                    Density    =         0.6055
 Ewald error estimate:   0.1131E+00
 ------------------------------------------------------------------------------


 NSTEP =    29000   TIME(PS) =     179.000  TEMP(K) =   305.17  PRESS =  -266.0
 Etot   =      -704.0437  EKtot   =       167.6791  EPtot      =      -871.7228
 BOND   =         1.3744  ANGLE   =         9.6738  DIHED      =         0.7258
 1-4 NB =         0.2286  1-4 EEL =       107.5235  VDWAALS    =       137.4925
 EELEC  =     -1128.7414  EHBOND  =         0.0000  RESTRAINT  =         0.0000
 EKCMT  =        78.8423  VIRIAL  =       104.8561  VOLUME     =      4529.5485
                                                    Density    =         0.6104
 Ewald error estimate:   0.1323E+00
 ------------------------------------------------------------------------------


 NSTEP =    29500   TIME(PS) =     179.500  TEMP(K) =   295.60  PRESS =  -943.9
 Etot   =      -722.6262  EKtot   =       162.4187  EPtot      =      -885.0448
 BOND   =         0.4300  ANGLE   =         5.5169  DIHED      =         1.0600
 1-4 NB =        -0.0525  1-4 EEL =       107.5604  VDWAALS    =       122.5969
 EELEC  =     -1122.1565  EHBOND  =         0.0000  RESTRAINT  =         0.0000
 EKCMT  =        78.8385  VIRIAL  =       170.0789  VOLUME     =      4476.9693
                                                    Density    =         0.6175
 Ewald error estimate:   0.1137E+00
 ------------------------------------------------------------------------------


 NSTEP =    30000   TIME(PS) =     180.000  TEMP(K) =   289.20  PRESS =  -111.3
 Etot   =      -736.8015  EKtot   =       158.9018  EPtot      =      -895.7032
 BOND   =         0.2856  ANGLE   =         4.6214  DIHED      =         1.6290
 1-4 NB =         0.5126  1-4 EEL =       112.1771  VDWAALS    =       140.2770
 EELEC  =     -1155.2059  EHBOND  =         0.0000  RESTRAINT  =         0.0000
 EKCMT  =        84.1699  VIRIAL  =        94.8376  VOLUME     =      4440.5588
                                                    Density    =         0.6226
 Ewald error estimate:   0.1109E+00
 ------------------------------------------------------------------------------


 NSTEP =    30500   TIME(PS) =     180.500  TEMP(K) =   283.30  PRESS =  -224.2
 Etot   =      -731.1203  EKtot   =       155.6613  EPtot      =      -886.7817
 BOND   =         0.2963  ANGLE   =         4.9740  DIHED      =         2.1792
 1-4 NB =         0.7058  1-4 EEL =       111.6959  VDWAALS    =       140.5208
 EELEC  =     -1147.1537  EHBOND  =         0.0000  RESTRAINT  =         0.0000
 EKCMT  =        78.0222  VIRIAL  =        99.4243  VOLUME     =      4420.7400
                                                    Density    =         0.6254
 Ewald error estimate:   0.1040E+00
 ------------------------------------------------------------------------------


 NSTEP =    31000   TIME(PS) =     181.000  TEMP(K) =   292.45  PRESS =  -185.2
 Etot   =      -709.4232  EKtot   =       160.6900  EPtot      =      -870.1132
 BOND   =         4.2112  ANGLE   =         5.5936  DIHED      =         2.3124
 1-4 NB =         0.0534  1-4 EEL =       108.4198  VDWAALS    =       141.0349
 EELEC  =     -1131.7385  EHBOND  =         0.0000  RESTRAINT  =         0.0000
 EKCMT  =        75.0769  VIRIAL  =        92.4981  VOLUME     =      4357.2017
                                                    Density    =         0.6345
 Ewald error estimate:   0.9737E-01
 ------------------------------------------------------------------------------


 NSTEP =    31500   TIME(PS) =     181.500  TEMP(K) =   292.06  PRESS = -1417.8
 Etot   =      -708.4246  EKtot   =       160.4753  EPtot      =      -868.8999
 BOND   =         0.0889  ANGLE   =         7.2525  DIHED      =         1.3400
 1-4 NB =         0.4490  1-4 EEL =       109.7718  VDWAALS    =       110.6986
 EELEC  =     -1098.5007  EHBOND  =         0.0000  RESTRAINT  =         0.0000
 EKCMT  =        73.6649  VIRIAL  =       204.7766  VOLUME     =      4283.0941
                                                    Density    =         0.6455
 Ewald error estimate:   0.1286E+00
 ------------------------------------------------------------------------------


 NSTEP =    32000   TIME(PS) =     182.000  TEMP(K) =   306.83  PRESS = -1386.7
 Etot   =      -708.1002  EKtot   =       168.5885  EPtot      =      -876.6886
 BOND   =         0.2179  ANGLE   =         6.7433  DIHED      =         0.9637
 1-4 NB =         0.4602  1-4 EEL =       108.2746  VDWAALS    =       117.1692
 EELEC  =     -1110.5175  EHBOND  =         0.0000  RESTRAINT  =         0.0000
 EKCMT  =        85.1812  VIRIAL  =       210.8414  VOLUME     =      4196.9104
                                                    Density    =         0.6588
 Ewald error estimate:   0.1107E+00
 ------------------------------------------------------------------------------


 NSTEP =    32500   TIME(PS) =     182.500  TEMP(K) =   301.43  PRESS = -1195.0
 Etot   =      -701.6466  EKtot   =       165.6231  EPtot      =      -867.2698
 BOND   =         0.9705  ANGLE   =         6.3469  DIHED      =         1.1846
 1-4 NB =         0.0548  1-4 EEL =       103.0958  VDWAALS    =       118.7952
 EELEC  =     -1097.7176  EHBOND  =         0.0000  RESTRAINT  =         0.0000
 EKCMT  =        75.6362  VIRIAL  =       182.1854  VOLUME     =      4129.5867
                                                    Density    =         0.6695
 Ewald error estimate:   0.7599E-01
 ------------------------------------------------------------------------------


 NSTEP =    33000   TIME(PS) =     183.000  TEMP(K) =   325.08  PRESS =  -665.2
 Etot   =      -708.4189  EKtot   =       178.6182  EPtot      =      -887.0371
 BOND   =         0.9570  ANGLE   =         5.5458  DIHED      =         1.5281
 1-4 NB =         0.3919  1-4 EEL =       109.7337  VDWAALS    =       136.7304
 EELEC  =     -1141.9240  EHBOND  =         0.0000  RESTRAINT  =         0.0000
 EKCMT  =        82.1136  VIRIAL  =       140.9432  VOLUME     =      4096.1409
                                                    Density    =         0.6750
 Ewald error estimate:   0.8415E-01
 ------------------------------------------------------------------------------


 NSTEP =    33500   TIME(PS) =     183.500  TEMP(K) =   316.23  PRESS =  -484.6
 Etot   =      -704.8872  EKtot   =       173.7551  EPtot      =      -878.6423
 BOND   =         0.3101  ANGLE   =         5.5355  DIHED      =         1.2127
 1-4 NB =        -0.0195  1-4 EEL =       105.9906  VDWAALS    =       130.8200
 EELEC  =     -1122.4917  EHBOND  =         0.0000  RESTRAINT  =         0.0000
 EKCMT  =        90.5802  VIRIAL  =       132.9711  VOLUME     =      4051.1401
                                                    Density    =         0.6825
 Ewald error estimate:   0.9679E-01
 ------------------------------------------------------------------------------


 NSTEP =    34000   TIME(PS) =     184.000  TEMP(K) =   281.15  PRESS = -3473.1
 Etot   =      -721.2943  EKtot   =       154.4805  EPtot      =      -875.7748
 BOND   =         0.8471  ANGLE   =         9.2069  DIHED      =         1.4676
 1-4 NB =         0.2797  1-4 EEL =       109.9183  VDWAALS    =        89.7276
 EELEC  =     -1087.2221  EHBOND  =         0.0000  RESTRAINT  =         0.0000
 EKCMT  =        67.8089  VIRIAL  =       365.7753  VOLUME     =      3973.5372
                                                    Density    =         0.6958
 Ewald error estimate:   0.7379E-01
 ------------------------------------------------------------------------------


 NSTEP =    34500   TIME(PS) =     184.500  TEMP(K) =   305.07  PRESS =     7.4
 Etot   =      -697.8754  EKtot   =       167.6229  EPtot      =      -865.4983
 BOND   =         1.0467  ANGLE   =         5.7043  DIHED      =         1.2677
 1-4 NB =         0.6636  1-4 EEL =       110.1761  VDWAALS    =       137.5886
 EELEC  =     -1121.9453  EHBOND  =         0.0000  RESTRAINT  =         0.0000
 EKCMT  =        83.7448  VIRIAL  =        83.1233  VOLUME     =      3898.3454
                                                    Density    =         0.7092
 Ewald error estimate:   0.6760E-01
 ------------------------------------------------------------------------------


 NSTEP =    35000   TIME(PS) =     185.000  TEMP(K) =   317.42  PRESS =  -921.0
 Etot   =      -702.3097  EKtot   =       174.4073  EPtot      =      -876.7169
 BOND   =         4.1704  ANGLE   =         8.5282  DIHED      =         0.9737
 1-4 NB =        -0.0445  1-4 EEL =       100.4264  VDWAALS    =       126.4875
 EELEC  =     -1117.2587  EHBOND  =         0.0000  RESTRAINT  =         0.0000
 EKCMT  =        84.3335  VIRIAL  =       161.1708  VOLUME     =      3864.0173
                                                    Density    =         0.7155
 Ewald error estimate:   0.7638E-01
 ------------------------------------------------------------------------------


 NSTEP =    35500   TIME(PS) =     185.500  TEMP(K) =   308.01  PRESS = -2901.0
 Etot   =      -725.5599  EKtot   =       169.2382  EPtot      =      -894.7981
 BOND   =         0.5856  ANGLE   =         4.5162  DIHED      =         1.6737
 1-4 NB =         0.3833  1-4 EEL =       110.4844  VDWAALS    =        97.7756
 EELEC  =     -1110.2169  EHBOND  =         0.0000  RESTRAINT  =         0.0000
 EKCMT  =        82.7529  VIRIAL  =       320.9124  VOLUME     =      3802.2719
                                                    Density    =         0.7271
 Ewald error estimate:   0.6421E-01
 ------------------------------------------------------------------------------


 NSTEP =    36000   TIME(PS) =     186.000  TEMP(K) =   280.84  PRESS = -2016.2
 Etot   =      -735.5709  EKtot   =       154.3126  EPtot      =      -889.8835
 BOND   =         0.9047  ANGLE   =         4.7679  DIHED      =         1.6054
 1-4 NB =         0.0557  1-4 EEL =       106.2362  VDWAALS    =       114.0427
 EELEC  =     -1117.4961  EHBOND  =         0.0000  RESTRAINT  =         0.0000
 EKCMT  =        71.8672  VIRIAL  =       235.2267  VOLUME     =      3752.6156
                                                    Density    =         0.7367
 Ewald error estimate:   0.7136E-01
 ------------------------------------------------------------------------------


 NSTEP =    36500   TIME(PS) =     186.500  TEMP(K) =   286.80  PRESS = -2564.5
 Etot   =      -728.0596  EKtot   =       157.5851  EPtot      =      -885.6446
 BOND   =         1.8348  ANGLE   =         4.1258  DIHED      =         0.7172
 1-4 NB =        -0.1093  1-4 EEL =       102.9887  VDWAALS    =       101.9351
 EELEC  =     -1097.1368  EHBOND  =         0.0000  RESTRAINT  =         0.0000
 EKCMT  =        82.1697  VIRIAL  =       285.3356  VOLUME     =      3669.1585
                                                    Density    =         0.7535
 Ewald error estimate:   0.6164E-01
 ------------------------------------------------------------------------------

wrapping first mol.:       -0.00000      -14.74961        0.00000

 NSTEP =    37000   TIME(PS) =     187.000  TEMP(K) =   298.07  PRESS = -2090.9
 Etot   =      -733.1812  EKtot   =       163.7785  EPtot      =      -896.9597
 BOND   =         0.4918  ANGLE   =         6.3105  DIHED      =         1.2820
 1-4 NB =         0.0822  1-4 EEL =       104.4887  VDWAALS    =       111.4446
 EELEC  =     -1121.0593  EHBOND  =         0.0000  RESTRAINT  =         0.0000
 EKCMT  =        74.3491  VIRIAL  =       236.5165  VOLUME     =      3592.1327
                                                    Density    =         0.7697
 Ewald error estimate:   0.3938E-01
 ------------------------------------------------------------------------------


 NSTEP =    37500   TIME(PS) =     187.500  TEMP(K) =   280.61  PRESS = -2659.3
 Etot   =      -747.6949  EKtot   =       154.1836  EPtot      =      -901.8785
 BOND   =         0.9907  ANGLE   =         7.8274  DIHED      =         2.5116
 1-4 NB =         0.1197  1-4 EEL =       108.2038  VDWAALS    =       114.0698
 EELEC  =     -1135.6015  EHBOND  =         0.0000  RESTRAINT  =         0.0000
 EKCMT  =        66.7904  VIRIAL  =       269.1181  VOLUME     =      3523.8038
                                                    Density    =         0.7846
 Ewald error estimate:   0.4775E-01
 ------------------------------------------------------------------------------

wrapping first mol.:       -0.00000      -14.55832        0.00000

 NSTEP =    38000   TIME(PS) =     188.000  TEMP(K) =   328.43  PRESS = -2105.5
 Etot   =      -710.7188  EKtot   =       180.4570  EPtot      =      -891.1758
 BOND   =         0.2438  ANGLE   =         6.6109  DIHED      =         1.8197
 1-4 NB =        -0.1084  1-4 EEL =       102.5695  VDWAALS    =       112.0592
 EELEC  =     -1114.3705  EHBOND  =         0.0000  RESTRAINT  =         0.0000
 EKCMT  =        91.7665  VIRIAL  =       248.7949  VOLUME     =      3454.1746
                                                    Density    =         0.8004
 Ewald error estimate:   0.3520E-01
 ------------------------------------------------------------------------------


 NSTEP =    38500   TIME(PS) =     188.500  TEMP(K) =   269.52  PRESS = -1287.6
 Etot   =      -747.6506  EKtot   =       148.0899  EPtot      =      -895.7405
 BOND   =         0.3756  ANGLE   =         7.8478  DIHED      =         1.8176
 1-4 NB =        -0.0297  1-4 EEL =       102.5897  VDWAALS    =       122.8692
 EELEC  =     -1131.2106  EHBOND  =         0.0000  RESTRAINT  =         0.0000
 EKCMT  =        71.7091  VIRIAL  =       165.7942  VOLUME     =      3384.1738
                                                    Density    =         0.8170
 Ewald error estimate:   0.5816E-01
 ------------------------------------------------------------------------------

wrapping first mol.:       -0.00000      -14.35514        0.00000

 NSTEP =    39000   TIME(PS) =     189.000  TEMP(K) =   295.92  PRESS = -2832.9
 Etot   =      -757.3540  EKtot   =       162.5940  EPtot      =      -919.9481
 BOND   =         1.0753  ANGLE   =         4.7975  DIHED      =         1.2442
 1-4 NB =         0.0172  1-4 EEL =       108.7834  VDWAALS    =       110.7998
 EELEC  =     -1146.6655  EHBOND  =         0.0000  RESTRAINT  =         0.0000
 EKCMT  =        66.9498  VIRIAL  =       269.5101  VOLUME     =      3311.6124
                                                    Density    =         0.8349
 Ewald error estimate:   0.4444E-01
 ------------------------------------------------------------------------------


 NSTEP =    39500   TIME(PS) =     189.500  TEMP(K) =   298.14  PRESS =  -922.6
 Etot   =      -776.9341  EKtot   =       163.8131  EPtot      =      -940.7473
 BOND   =         0.2731  ANGLE   =         5.3389  DIHED      =         1.5449
 1-4 NB =         0.4710  1-4 EEL =       111.3674  VDWAALS    =       141.3865
 EELEC  =     -1201.1292  EHBOND  =         0.0000  RESTRAINT  =         0.0000
 EKCMT  =        78.9782  VIRIAL  =       143.9528  VOLUME     =      3261.5864
                                                    Density    =         0.8477
 Ewald error estimate:   0.2589E-01
 ------------------------------------------------------------------------------

wrapping first mol.:       -0.00000      -14.15997        0.00000

 NSTEP =    40000   TIME(PS) =     190.000  TEMP(K) =   280.15  PRESS = -1781.3
 Etot   =      -780.6238  EKtot   =       153.9304  EPtot      =      -934.5542
 BOND   =         0.3264  ANGLE   =         6.9969  DIHED      =         0.7595
 1-4 NB =         0.1442  1-4 EEL =       106.4309  VDWAALS    =       129.3635
 EELEC  =     -1178.5755  EHBOND  =         0.0000  RESTRAINT  =         0.0000
 EKCMT  =        77.9694  VIRIAL  =       200.2086  VOLUME     =      3178.2983
                                                    Density    =         0.8699
 Ewald error estimate:   0.3084E-01
 ------------------------------------------------------------------------------


 NSTEP =    40500   TIME(PS) =     190.500  TEMP(K) =   280.09  PRESS =  -767.1
 Etot   =      -756.7901  EKtot   =       153.8979  EPtot      =      -910.6880
 BOND   =         2.7498  ANGLE   =         2.3786  DIHED      =         0.7707
 1-4 NB =         0.1333  1-4 EEL =       108.9687  VDWAALS    =       126.8583
 EELEC  =     -1152.5473  EHBOND  =         0.0000  RESTRAINT  =         0.0000
 EKCMT  =        72.5421  VIRIAL  =       123.7480  VOLUME     =      3091.4478
                                                    Density    =         0.8943
 Ewald error estimate:   0.2818E-01
 ------------------------------------------------------------------------------

wrapping first mol.:       -0.00000      -13.96831        0.00000

 NSTEP =    41000   TIME(PS) =     191.000  TEMP(K) =   327.45  PRESS = -1854.0
 Etot   =      -758.5665  EKtot   =       179.9184  EPtot      =      -938.4849
 BOND   =         2.2995  ANGLE   =         2.1588  DIHED      =         0.8460
 1-4 NB =         0.0359  1-4 EEL =       104.7777  VDWAALS    =       117.9746
 EELEC  =     -1166.5774  EHBOND  =         0.0000  RESTRAINT  =         0.0000
 EKCMT  =        88.5209  VIRIAL  =       210.6553  VOLUME     =      3050.9804
                                                    Density    =         0.9062
 Ewald error estimate:   0.2455E-01
 ------------------------------------------------------------------------------


 NSTEP =    41500   TIME(PS) =     191.500  TEMP(K) =   300.22  PRESS = -1640.8
 Etot   =      -753.1144  EKtot   =       164.9557  EPtot      =      -918.0701
 BOND   =         1.6439  ANGLE   =         3.6077  DIHED      =         3.4294
 1-4 NB =         0.2919  1-4 EEL =       109.4916  VDWAALS    =       112.4626
 EELEC  =     -1148.9973  EHBOND  =         0.0000  RESTRAINT  =         0.0000
 EKCMT  =        79.1417  VIRIAL  =       184.8813  VOLUME     =      2984.6662
                                                    Density    =         0.9263
 Ewald error estimate:   0.4560E-01
 ------------------------------------------------------------------------------

wrapping first mol.:       -0.00000      -13.82813        0.00000

 NSTEP =    42000   TIME(PS) =     192.000  TEMP(K) =   269.97  PRESS = -1226.1
 Etot   =      -767.4306  EKtot   =       148.3383  EPtot      =      -915.7689
 BOND   =         1.5676  ANGLE   =         3.0996  DIHED      =         1.4594
 1-4 NB =         0.2269  1-4 EEL =       108.7039  VDWAALS    =       114.5324
 EELEC  =     -1145.3588  EHBOND  =         0.0000  RESTRAINT  =         0.0000
 EKCMT  =        72.5774  VIRIAL  =       150.9396  VOLUME     =      2960.0064
                                                    Density    =         0.9340
 Ewald error estimate:   0.4211E-01
 ------------------------------------------------------------------------------


 NSTEP =    42500   TIME(PS) =     192.500  TEMP(K) =   310.16  PRESS = -2475.4
 Etot   =      -758.1282  EKtot   =       170.4186  EPtot      =      -928.5468
 BOND   =         1.2125  ANGLE   =         1.3320  DIHED      =         3.9828
 1-4 NB =         0.8602  1-4 EEL =       114.6864  VDWAALS    =       101.9176
 EELEC  =     -1152.5382  EHBOND  =         0.0000  RESTRAINT  =         0.0000
 EKCMT  =        79.9061  VIRIAL  =       234.8913  VOLUME     =      2899.7863
                                                    Density    =         0.9534
 Ewald error estimate:   0.2764E-01
 ------------------------------------------------------------------------------

wrapping first mol.:       -0.00000      -13.69455        0.00000

 NSTEP =    43000   TIME(PS) =     193.000  TEMP(K) =   349.72  PRESS =  -769.5
 Etot   =      -766.2357  EKtot   =       192.1549  EPtot      =      -958.3907
 BOND   =         0.2391  ANGLE   =         3.8888  DIHED      =         2.8570
 1-4 NB =         0.6378  1-4 EEL =       112.4391  VDWAALS    =       137.7090
 EELEC  =     -1216.1615  EHBOND  =         0.0000  RESTRAINT  =         0.0000
 EKCMT  =        91.0466  VIRIAL  =       138.8110  VOLUME     =      2875.0217
                                                    Density    =         0.9616
 Ewald error estimate:   0.2603E-01
 ------------------------------------------------------------------------------


 NSTEP =    43500   TIME(PS) =     193.500  TEMP(K) =   286.00  PRESS = -1883.2
 Etot   =      -793.2799  EKtot   =       157.1460  EPtot      =      -950.4260
 BOND   =         3.2928  ANGLE   =         2.5538  DIHED      =         1.0482
 1-4 NB =         0.1648  1-4 EEL =       107.8584  VDWAALS    =       115.2097
 EELEC  =     -1180.5536  EHBOND  =         0.0000  RESTRAINT  =         0.0000
 EKCMT  =        76.1402  VIRIAL  =       192.0099  VOLUME     =      2849.6610
                                                    Density    =         0.9702
 Ewald error estimate:   0.3268E-01
 ------------------------------------------------------------------------------

wrapping first mol.:       -0.00000      -13.59909        0.00000

 NSTEP =    44000   TIME(PS) =     194.000  TEMP(K) =   283.95  PRESS =  -430.7
 Etot   =      -813.2533  EKtot   =       156.0162  EPtot      =      -969.2695
 BOND   =         0.0920  ANGLE   =         6.2861  DIHED      =         1.1456
 1-4 NB =         0.1792  1-4 EEL =       108.3191  VDWAALS    =       140.8857
 EELEC  =     -1226.1772  EHBOND  =         0.0000  RESTRAINT  =         0.0000
 EKCMT  =        80.5561  VIRIAL  =       106.7347  VOLUME     =      2815.2918
                                                    Density    =         0.9820
 Ewald error estimate:   0.1963E-01
 ------------------------------------------------------------------------------


 NSTEP =    44500   TIME(PS) =     194.500  TEMP(K) =   316.34  PRESS =  1129.3
 Etot   =      -782.1538  EKtot   =       173.8173  EPtot      =      -955.9711
 BOND   =         1.5448  ANGLE   =         4.6241  DIHED      =         2.0013
 1-4 NB =         0.1294  1-4 EEL =       109.4207  VDWAALS    =       149.1920
 EELEC  =     -1222.8834  EHBOND  =         0.0000  RESTRAINT  =         0.0000
 EKCMT  =        83.7956  VIRIAL  =        15.3896  VOLUME     =      2805.4029
                                                    Density    =         0.9855
 Ewald error estimate:   0.2368E-01
 ------------------------------------------------------------------------------

wrapping first mol.:       -0.00000      -13.56255        0.00000

 NSTEP =    45000   TIME(PS) =     195.000  TEMP(K) =   301.88  PRESS = -1156.4
 Etot   =      -768.8491  EKtot   =       165.8727  EPtot      =      -934.7218
 BOND   =         0.5748  ANGLE   =         5.7585  DIHED      =         1.2408
 1-4 NB =         0.0839  1-4 EEL =       102.3915  VDWAALS    =       113.0770
 EELEC  =     -1157.8483  EHBOND  =         0.0000  RESTRAINT  =         0.0000
 EKCMT  =        75.0931  VIRIAL  =       144.8219  VOLUME     =      2792.7077
                                                    Density    =         0.9900
 Ewald error estimate:   0.2361E-01
 ------------------------------------------------------------------------------


 NSTEP =    45500   TIME(PS) =     195.500  TEMP(K) =   304.48  PRESS =  -938.9
 Etot   =      -784.0174  EKtot   =       167.2983  EPtot      =      -951.3157
 BOND   =         0.6586  ANGLE   =         8.1190  DIHED      =         0.8472
 1-4 NB =         0.0970  1-4 EEL =       105.0235  VDWAALS    =       126.6476
 EELEC  =     -1192.7085  EHBOND  =         0.0000  RESTRAINT  =         0.0000
 EKCMT  =        77.7012  VIRIAL  =       133.9591  VOLUME     =      2775.0335
                                                    Density    =         0.9963
 Ewald error estimate:   0.2535E-01
 ------------------------------------------------------------------------------

wrapping first mol.:       -0.00000      -13.52215        0.00000

 NSTEP =    46000   TIME(PS) =     196.000  TEMP(K) =   316.51  PRESS = -1960.7
 Etot   =      -782.2097  EKtot   =       173.9106  EPtot      =      -956.1203
 BOND   =         0.6142  ANGLE   =         6.2270  DIHED      =         3.1058
 1-4 NB =         0.4993  1-4 EEL =       110.8826  VDWAALS    =       114.6233
 EELEC  =     -1192.0725  EHBOND  =         0.0000  RESTRAINT  =         0.0000
 EKCMT  =        82.1929  VIRIAL  =       199.3653  VOLUME     =      2767.8735
                                                    Density    =         0.9989
 Ewald error estimate:   0.1675E-01
 ------------------------------------------------------------------------------


 NSTEP =    46500   TIME(PS) =     196.500  TEMP(K) =   309.05  PRESS = -1009.6
 Etot   =      -780.8304  EKtot   =       169.8121  EPtot      =      -950.6425
 BOND   =         0.6763  ANGLE   =         5.4977  DIHED      =         2.8413
 1-4 NB =         0.1385  1-4 EEL =       103.2640  VDWAALS    =       116.3807
 EELEC  =     -1179.4410  EHBOND  =         0.0000  RESTRAINT  =         0.0000
 EKCMT  =        95.6761  VIRIAL  =       155.8458  VOLUME     =      2760.2334
                                                    Density    =         1.0016
 Ewald error estimate:   0.2263E-01
 ------------------------------------------------------------------------------

wrapping first mol.:       -0.00000      -13.49977        0.00000

 NSTEP =    47000   TIME(PS) =     197.000  TEMP(K) =   268.04  PRESS =   446.9
 Etot   =      -797.2994  EKtot   =       147.2790  EPtot      =      -944.5784
 BOND   =         0.8739  ANGLE   =         4.7314  DIHED      =         1.4896
 1-4 NB =         0.5084  1-4 EEL =       107.8336  VDWAALS    =       137.5201
 EELEC  =     -1197.5353  EHBOND  =         0.0000  RESTRAINT  =         0.0000
 EKCMT  =        67.6246  VIRIAL  =        41.0527  VOLUME     =      2754.0076
                                                    Density    =         1.0039
 Ewald error estimate:   0.1905E-01
 ------------------------------------------------------------------------------


 NSTEP =    47500   TIME(PS) =     197.500  TEMP(K) =   257.52  PRESS =  -893.3
 Etot   =      -839.0112  EKtot   =       141.4959  EPtot      =      -980.5071
 BOND   =         0.5802  ANGLE   =         4.3957  DIHED      =         0.8234
 1-4 NB =         0.1329  1-4 EEL =       105.3596  VDWAALS    =       139.1132
 EELEC  =     -1230.9121  EHBOND  =         0.0000  RESTRAINT  =         0.0000
 EKCMT  =        67.3789  VIRIAL  =       120.6989  VOLUME     =      2764.4393
                                                    Density    =         1.0001
 Ewald error estimate:   0.3121E-01
 ------------------------------------------------------------------------------

wrapping first mol.:       -0.00000      -13.52214        0.00000

 NSTEP =    48000   TIME(PS) =     198.000  TEMP(K) =   249.03  PRESS =   805.0
 Etot   =      -808.5360  EKtot   =       136.8309  EPtot      =      -945.3669
 BOND   =         0.9736  ANGLE   =         4.6671  DIHED      =         0.7410
 1-4 NB =         0.4044  1-4 EEL =       109.7884  VDWAALS    =       141.1669
 EELEC  =     -1203.1083  EHBOND  =         0.0000  RESTRAINT  =         0.0000
 EKCMT  =        73.4406  VIRIAL  =        25.3368  VOLUME     =      2767.6962
                                                    Density    =         0.9989
 Ewald error estimate:   0.2202E-01
 ------------------------------------------------------------------------------


 NSTEP =    48500   TIME(PS) =     198.500  TEMP(K) =   310.68  PRESS = -2297.5
 Etot   =      -800.8016  EKtot   =       170.7075  EPtot      =      -971.5091
 BOND   =         0.6128  ANGLE   =         3.4502  DIHED      =         1.1340
 1-4 NB =         0.1756  1-4 EEL =       108.9131  VDWAALS    =       109.3234
 EELEC  =     -1195.1182  EHBOND  =         0.0000  RESTRAINT  =         0.0000
 EKCMT  =        92.1454  VIRIAL  =       228.3654  VOLUME     =      2746.0435
                                                    Density    =         1.0068
 Ewald error estimate:   0.1587E-01
 ------------------------------------------------------------------------------

wrapping first mol.:       -0.00000      -13.45272        0.00000

 NSTEP =    49000   TIME(PS) =     199.000  TEMP(K) =   313.36  PRESS = -1093.8
 Etot   =      -779.1703  EKtot   =       172.1765  EPtot      =      -951.3468
 BOND   =         0.1757  ANGLE   =         3.5705  DIHED      =         0.5490
 1-4 NB =         0.0965  1-4 EEL =       106.5543  VDWAALS    =       118.4219
 EELEC  =     -1180.7148  EHBOND  =         0.0000  RESTRAINT  =         0.0000
 EKCMT  =        81.1335  VIRIAL  =       145.4954  VOLUME     =      2725.4027
                                                    Density    =         1.0144
 Ewald error estimate:   0.1735E-01
 ------------------------------------------------------------------------------


 NSTEP =    49500   TIME(PS) =     199.500  TEMP(K) =   297.69  PRESS =   351.3
 Etot   =      -790.0234  EKtot   =       163.5674  EPtot      =      -953.5908
 BOND   =         1.8903  ANGLE   =         7.8326  DIHED      =         0.9354
 1-4 NB =         0.1098  1-4 EEL =       105.5954  VDWAALS    =       135.1044
 EELEC  =     -1205.0588  EHBOND  =         0.0000  RESTRAINT  =         0.0000
 EKCMT  =        82.9319  VIRIAL  =        62.4433  VOLUME     =      2701.2338
                                                    Density    =         1.0235
 Ewald error estimate:   0.3059E-01
 ------------------------------------------------------------------------------

wrapping first mol.:       -0.00000      -13.41424        0.00000

 NSTEP =    50000   TIME(PS) =     200.000  TEMP(K) =   264.47  PRESS =  -935.9
 Etot   =      -780.2372  EKtot   =       145.3126  EPtot      =      -925.5498
 BOND   =         0.1395  ANGLE   =         4.2147  DIHED      =         0.9608
 1-4 NB =         0.0943  1-4 EEL =       108.1642  VDWAALS    =       111.2751
 EELEC  =     -1150.3985  EHBOND  =         0.0000  RESTRAINT  =         0.0000
 EKCMT  =        69.3724  VIRIAL  =       123.9762  VOLUME     =      2702.0768
                                                    Density    =         1.0232
 Ewald error estimate:   0.2161E-01
 ------------------------------------------------------------------------------


 NSTEP =    50500   TIME(PS) =     200.500  TEMP(K) =   287.50  PRESS =   443.6
 Etot   =      -791.0054  EKtot   =       157.9710  EPtot      =      -948.9764
 BOND   =         1.1342  ANGLE   =         5.6567  DIHED      =         1.0296
 1-4 NB =         0.2238  1-4 EEL =       108.5979  VDWAALS    =       133.9410
 EELEC  =     -1199.5595  EHBOND  =         0.0000  RESTRAINT  =         0.0000
 EKCMT  =        77.6025  VIRIAL  =        51.6115  VOLUME     =      2713.8760
                                                    Density    =         1.0187
 Ewald error estimate:   0.2026E-01
 ------------------------------------------------------------------------------

wrapping first mol.:       -0.00000      -13.39589        0.00000

 NSTEP =    51000   TIME(PS) =     201.000  TEMP(K) =   329.77  PRESS = -2075.7
 Etot   =      -795.4511  EKtot   =       181.1923  EPtot      =      -976.6434
 BOND   =         0.3264  ANGLE   =         4.1334  DIHED      =         1.6617
 1-4 NB =         1.0649  1-4 EEL =       113.7247  VDWAALS    =       114.6659
 EELEC  =     -1212.2205  EHBOND  =         0.0000  RESTRAINT  =         0.0000
 EKCMT  =        88.1022  VIRIAL  =       208.7053  VOLUME     =      2691.0676
                                                    Density    =         1.0274
 Ewald error estimate:   0.1618E-01
 ------------------------------------------------------------------------------


 NSTEP =    51500   TIME(PS) =     201.500  TEMP(K) =   316.14  PRESS =  1958.1
 Etot   =      -762.7476  EKtot   =       173.7057  EPtot      =      -936.4534
 BOND   =         1.0954  ANGLE   =         6.2172  DIHED      =         2.2720
 1-4 NB =         0.4722  1-4 EEL =       111.5399  VDWAALS    =       145.9232
 EELEC  =     -1203.9733  EHBOND  =         0.0000  RESTRAINT  =         0.0000
 EKCMT  =        85.7644  VIRIAL  =       -28.6816  VOLUME     =      2706.9935
                                                    Density    =         1.0213
 Ewald error estimate:   0.1975E-01
 ------------------------------------------------------------------------------

wrapping first mol.:       -0.00000      -13.43902        0.00000

 NSTEP =    52000   TIME(PS) =     202.000  TEMP(K) =   315.69  PRESS =     2.0
 Etot   =      -758.1659  EKtot   =       173.4597  EPtot      =      -931.6257
 BOND   =         0.6125  ANGLE   =         3.0280  DIHED      =         1.3514
 1-4 NB =         0.1606  1-4 EEL =       108.0747  VDWAALS    =       118.0278
 EELEC  =     -1162.8807  EHBOND  =         0.0000  RESTRAINT  =         0.0000
 EKCMT  =        77.7312  VIRIAL  =        77.6122  VOLUME     =      2717.0233
                                                    Density    =         1.0176
 Ewald error estimate:   0.2100E-01
 ------------------------------------------------------------------------------


 NSTEP =    52500   TIME(PS) =     202.500  TEMP(K) =   308.73  PRESS = -1646.6
 Etot   =      -769.5602  EKtot   =       169.6346  EPtot      =      -939.1948
 BOND   =         0.8843  ANGLE   =         3.7244  DIHED      =         1.5889
 1-4 NB =         0.1442  1-4 EEL =       106.8886  VDWAALS    =       113.0110
 EELEC  =     -1165.4362  EHBOND  =         0.0000  RESTRAINT  =         0.0000
 EKCMT  =        81.3942  VIRIAL  =       178.6715  VOLUME     =      2736.1781
                                                    Density    =         1.0104
 Ewald error estimate:   0.9820E-02
 ------------------------------------------------------------------------------


 NSTEP =    53000   TIME(PS) =     203.000  TEMP(K) =   297.62  PRESS =  1935.5
 Etot   =      -769.6556  EKtot   =       163.5323  EPtot      =      -933.1879
 BOND   =         0.4354  ANGLE   =         5.3887  DIHED      =         1.8405
 1-4 NB =         0.3971  1-4 EEL =       110.3507  VDWAALS    =       152.4766
 EELEC  =     -1204.0770  EHBOND  =         0.0000  RESTRAINT  =         0.0000
 EKCMT  =        66.9160  VIRIAL  =       -47.6750  VOLUME     =      2742.0952
                                                    Density    =         1.0083
 Ewald error estimate:   0.1396E-01
 ------------------------------------------------------------------------------


 NSTEP =    53500   TIME(PS) =     203.500  TEMP(K) =   295.54  PRESS =  -292.8
 Etot   =      -812.1325  EKtot   =       162.3879  EPtot      =      -974.5204
 BOND   =         0.9406  ANGLE   =         6.7897  DIHED      =         2.8508
 1-4 NB =        -0.0345  1-4 EEL =       106.5371  VDWAALS    =       137.3413
 EELEC  =     -1228.9455  EHBOND  =         0.0000  RESTRAINT  =         0.0000
 EKCMT  =        80.6395  VIRIAL  =        98.0624  VOLUME     =      2756.4180
                                                    Density    =         1.0030
 Ewald error estimate:   0.2371E-01
 ------------------------------------------------------------------------------


 NSTEP =    54000   TIME(PS) =     204.000  TEMP(K) =   279.07  PRESS =    34.2
 Etot   =      -825.1286  EKtot   =       153.3387  EPtot      =      -978.4673
 BOND   =         0.6557  ANGLE   =         5.1572  DIHED      =         0.8288
 1-4 NB =         0.0654  1-4 EEL =       106.4125  VDWAALS    =       146.4725
 EELEC  =     -1238.0593  EHBOND  =         0.0000  RESTRAINT  =         0.0000
 EKCMT  =        77.4591  VIRIAL  =        75.4392  VOLUME     =      2732.4140
                                                    Density    =         1.0118
 Ewald error estimate:   0.2039E-01
 ------------------------------------------------------------------------------


 NSTEP =    54500   TIME(PS) =     204.500  TEMP(K) =   312.49  PRESS =  -155.5
 Etot   =      -795.6303  EKtot   =       171.7021  EPtot      =      -967.3324
 BOND   =         0.5093  ANGLE   =         7.6289  DIHED      =         1.6368
 1-4 NB =        -0.1080  1-4 EEL =       100.5851  VDWAALS    =       136.6513
 EELEC  =     -1214.2357  EHBOND  =         0.0000  RESTRAINT  =         0.0000
 EKCMT  =        80.5405  VIRIAL  =        89.6962  VOLUME     =      2726.3796
                                                    Density    =         1.0141
 Ewald error estimate:   0.2139E-01
 ------------------------------------------------------------------------------

wrapping first mol.:       -0.00000      -13.48686        0.00000

 NSTEP =    55000   TIME(PS) =     205.000  TEMP(K) =   291.64  PRESS =  1003.7
 Etot   =      -789.5214  EKtot   =       160.2447  EPtot      =      -949.7661
 BOND   =         0.3671  ANGLE   =         5.3913  DIHED      =         1.9419
 1-4 NB =         0.6177  1-4 EEL =       111.9612  VDWAALS    =       146.8511
 EELEC  =     -1216.8964  EHBOND  =         0.0000  RESTRAINT  =         0.0000
 EKCMT  =        75.5651  VIRIAL  =        16.0557  VOLUME     =      2746.0792
                                                    Density    =         1.0068
 Ewald error estimate:   0.2375E-01
 ------------------------------------------------------------------------------


 NSTEP =    55500   TIME(PS) =     205.500  TEMP(K) =   327.68  PRESS = -1124.1
 Etot   =      -782.4640  EKtot   =       180.0477  EPtot      =      -962.5117
 BOND   =         1.5961  ANGLE   =         7.4862  DIHED      =         4.0744
 1-4 NB =         0.3669  1-4 EEL =       111.7044  VDWAALS    =       126.7226
 EELEC  =     -1214.4623  EHBOND  =         0.0000  RESTRAINT  =         0.0000
 EKCMT  =        87.6358  VIRIAL  =       154.8098  VOLUME     =      2767.6779
                                                    Density    =         0.9989
 Ewald error estimate:   0.1090E-01
 ------------------------------------------------------------------------------

wrapping first mol.:       -0.00000      -13.48651        0.00000

 NSTEP =    56000   TIME(PS) =     206.000  TEMP(K) =   301.37  PRESS = -1021.9
 Etot   =      -784.5350  EKtot   =       165.5901  EPtot      =      -950.1250
 BOND   =         0.5166  ANGLE   =         3.6192  DIHED      =         5.4198
 1-4 NB =         0.8347  1-4 EEL =       114.3284  VDWAALS    =       124.7554
 EELEC  =     -1199.5993  EHBOND  =         0.0000  RESTRAINT  =         0.0000
 EKCMT  =        77.9959  VIRIAL  =       138.5842  VOLUME     =      2745.9888
                                                    Density    =         1.0068
 Ewald error estimate:   0.2008E-01
 ------------------------------------------------------------------------------


 NSTEP =    56500   TIME(PS) =     206.500  TEMP(K) =   299.11  PRESS =  1569.1
 Etot   =      -796.1524  EKtot   =       164.3476  EPtot      =      -960.5000
 BOND   =         0.5167  ANGLE   =        13.4855  DIHED      =         2.9888
 1-4 NB =         1.3662  1-4 EEL =       113.3789  VDWAALS    =       159.6528
 EELEC  =     -1251.8887  EHBOND  =         0.0000  RESTRAINT  =         0.0000
 EKCMT  =        80.4114  VIRIAL  =       -11.9791  VOLUME     =      2727.0536
                                                    Density    =         1.0138
 Ewald error estimate:   0.1121E-01
 ------------------------------------------------------------------------------

wrapping first mol.:       -0.00000      -13.44842        0.00000

 NSTEP =    57000   TIME(PS) =     207.000  TEMP(K) =   261.59  PRESS =   224.2
 Etot   =      -823.8296  EKtot   =       143.7324  EPtot      =      -967.5620
 BOND   =         0.7023  ANGLE   =         5.5883  DIHED      =         0.6259
 1-4 NB =        -0.1212  1-4 EEL =       105.3683  VDWAALS    =       145.8266
 EELEC  =     -1225.5522  EHBOND  =         0.0000  RESTRAINT  =         0.0000
 EKCMT  =        62.0213  VIRIAL  =        48.8424  VOLUME     =      2722.7129
                                                    Density    =         1.0154
 Ewald error estimate:   0.2058E-01
 ------------------------------------------------------------------------------


 NSTEP =    57500   TIME(PS) =     207.500  TEMP(K) =   270.81  PRESS =  2113.5
 Etot   =      -802.6430  EKtot   =       148.7966  EPtot      =      -951.4396
 BOND   =         0.0750  ANGLE   =         8.4913  DIHED      =         2.7435
 1-4 NB =         0.0848  1-4 EEL =       106.4232  VDWAALS    =       155.9854
 EELEC  =     -1225.2429  EHBOND  =         0.0000  RESTRAINT  =         0.0000
 EKCMT  =        65.8266  VIRIAL  =       -58.2616  VOLUME     =      2719.1947
                                                    Density    =         1.0167
 Ewald error estimate:   0.2060E-01
 ------------------------------------------------------------------------------

wrapping first mol.:       -0.00000      -13.47390        0.00000

 NSTEP =    58000   TIME(PS) =     208.000  TEMP(K) =   306.14  PRESS =   679.7
 Etot   =      -798.6909  EKtot   =       168.2089  EPtot      =      -966.8998
 BOND   =         0.6216  ANGLE   =         3.0487  DIHED      =         1.2114
 1-4 NB =        -0.0113  1-4 EEL =       103.9686  VDWAALS    =       147.9162
 EELEC  =     -1223.6552  EHBOND  =         0.0000  RESTRAINT  =         0.0000
 EKCMT  =        80.4447  VIRIAL  =        40.2619  VOLUME     =      2738.1888
                                                    Density    =         1.0097
 Ewald error estimate:   0.2187E-01
 ------------------------------------------------------------------------------


 NSTEP =    58500   TIME(PS) =     208.500  TEMP(K) =   334.72  PRESS =   530.7
 Etot   =      -765.3676  EKtot   =       183.9158  EPtot      =      -949.2833
 BOND   =         0.6838  ANGLE   =         2.7056  DIHED      =         1.3729
 1-4 NB =         0.0161  1-4 EEL =       103.2946  VDWAALS    =       132.7242
 EELEC  =     -1190.0805  EHBOND  =         0.0000  RESTRAINT  =         0.0000
 EKCMT  =        88.6769  VIRIAL  =        57.3017  VOLUME     =      2737.9848
                                                    Density    =         1.0098
 Ewald error estimate:   0.2366E-01
 ------------------------------------------------------------------------------

wrapping first mol.:       -0.00000      -13.49155        0.00000

 NSTEP =    59000   TIME(PS) =     209.000  TEMP(K) =   308.15  PRESS = -1683.2
 Etot   =      -764.8189  EKtot   =       169.3135  EPtot      =      -934.1323
 BOND   =         0.4861  ANGLE   =         3.6530  DIHED      =         0.9502
 1-4 NB =         0.2792  1-4 EEL =       108.4707  VDWAALS    =       105.7562
 EELEC  =     -1153.7277  EHBOND  =         0.0000  RESTRAINT  =         0.0000
 EKCMT  =        78.1485  VIRIAL  =       178.0603  VOLUME     =      2749.1121
                                                    Density    =         1.0057
 Ewald error estimate:   0.7349E-02
 ------------------------------------------------------------------------------


 NSTEP =    59500   TIME(PS) =     209.500  TEMP(K) =   323.93  PRESS =  -475.2
 Etot   =      -763.9969  EKtot   =       177.9864  EPtot      =      -941.9833
 BOND   =         0.0788  ANGLE   =         7.0609  DIHED      =         0.9111
 1-4 NB =         0.0762  1-4 EEL =       106.9112  VDWAALS    =       128.2318
 EELEC  =     -1185.2532  EHBOND  =         0.0000  RESTRAINT  =         0.0000
 EKCMT  =        92.4620  VIRIAL  =       120.5240  VOLUME     =      2734.7689
                                                    Density    =         1.0110
 Ewald error estimate:   0.1337E-01
 ------------------------------------------------------------------------------

wrapping first mol.:       -0.00000      -13.45048        0.00000

 NSTEP =    60000   TIME(PS) =     210.000  TEMP(K) =   285.19  PRESS =  -984.5
 Etot   =      -798.5659  EKtot   =       156.7013  EPtot      =      -955.2672
 BOND   =         0.1471  ANGLE   =         5.7380  DIHED      =         1.1069
 1-4 NB =         0.4058  1-4 EEL =       110.7257  VDWAALS    =       117.4733
 EELEC  =     -1190.8640  EHBOND  =         0.0000  RESTRAINT  =         0.0000
 EKCMT  =        74.2240  VIRIAL  =       132.1279  VOLUME     =      2724.0371
                                                    Density    =         1.0149
 Ewald error estimate:   0.2252E-01
 ------------------------------------------------------------------------------


 NSTEP =    60500   TIME(PS) =     210.500  TEMP(K) =   288.98  PRESS = -1675.4
 Etot   =      -791.7084  EKtot   =       158.7814  EPtot      =      -950.4898
 BOND   =         1.4349  ANGLE   =         4.7771  DIHED      =         1.3004
 1-4 NB =         0.5239  1-4 EEL =       111.0990  VDWAALS    =       111.7661
 EELEC  =     -1181.3912  EHBOND  =         0.0000  RESTRAINT  =         0.0000
 EKCMT  =        81.6385  VIRIAL  =       179.8067  VOLUME     =      2713.8360
                                                    Density    =         1.0188
 Ewald error estimate:   0.2330E-01
 ------------------------------------------------------------------------------

wrapping first mol.:       -0.00000      -13.39789        0.00000

 NSTEP =    61000   TIME(PS) =     211.000  TEMP(K) =   298.89  PRESS =   -62.9
 Etot   =      -782.1339  EKtot   =       164.2277  EPtot      =      -946.3616
 BOND   =         0.8185  ANGLE   =         4.1853  DIHED      =         0.7992
 1-4 NB =         0.0403  1-4 EEL =       105.9068  VDWAALS    =       127.0654
 EELEC  =     -1185.1771  EHBOND  =         0.0000  RESTRAINT  =         0.0000
 EKCMT  =        73.7414  VIRIAL  =        77.3982  VOLUME     =      2692.1549
                                                    Density    =         1.0270
 Ewald error estimate:   0.1298E-01
 ------------------------------------------------------------------------------


 NSTEP =    61500   TIME(PS) =     211.500  TEMP(K) =   346.75  PRESS =   494.6
 Etot   =      -751.0025  EKtot   =       190.5254  EPtot      =      -941.5278
 BOND   =         0.5144  ANGLE   =         6.5381  DIHED      =         0.7997
 1-4 NB =         0.1575  1-4 EEL =       109.0041  VDWAALS    =       134.9480
 EELEC  =     -1193.4898  EHBOND  =         0.0000  RESTRAINT  =         0.0000
 EKCMT  =        94.2663  VIRIAL  =        65.4738  VOLUME     =      2695.9579
                                                    Density    =         1.0255
 Ewald error estimate:   0.8898E-02
 ------------------------------------------------------------------------------

wrapping first mol.:       -0.00000      -13.38364        0.00000

 NSTEP =    62000   TIME(PS) =     212.000  TEMP(K) =   320.01  PRESS = -1249.3
 Etot   =      -768.3166  EKtot   =       175.8308  EPtot      =      -944.1475
 BOND   =         0.1006  ANGLE   =         4.1400  DIHED      =         0.8410
 1-4 NB =         0.0721  1-4 EEL =       109.0764  VDWAALS    =       114.0510
 EELEC  =     -1172.4285  EHBOND  =         0.0000  RESTRAINT  =         0.0000
 EKCMT  =        89.3432  VIRIAL  =       161.7298  VOLUME     =      2683.6425
                                                    Density    =         1.0302
 Ewald error estimate:   0.1529E-01
 ------------------------------------------------------------------------------


 NSTEP =    62500   TIME(PS) =     212.500  TEMP(K) =   302.65  PRESS =  1239.2
 Etot   =      -784.4323  EKtot   =       166.2959  EPtot      =      -950.7281
 BOND   =         1.5352  ANGLE   =         2.9481  DIHED      =         0.7361
 1-4 NB =         0.0789  1-4 EEL =       107.3203  VDWAALS    =       145.4243
 EELEC  =     -1208.7710  EHBOND  =         0.0000  RESTRAINT  =         0.0000
 EKCMT  =        81.5802  VIRIAL  =         9.4310  VOLUME     =      2696.4816
                                                    Density    =         1.0253
 Ewald error estimate:   0.3186E-01
 ------------------------------------------------------------------------------

wrapping first mol.:       -0.00000      -13.39280        0.00000

 NSTEP =    63000   TIME(PS) =     213.000  TEMP(K) =   296.50  PRESS =  -570.8
 Etot   =      -809.2919  EKtot   =       162.9167  EPtot      =      -972.2086
 BOND   =         0.1751  ANGLE   =         5.3401  DIHED      =         0.8327
 1-4 NB =        -0.0795  1-4 EEL =       104.9041  VDWAALS    =       128.1969
 EELEC  =     -1211.5780  EHBOND  =         0.0000  RESTRAINT  =         0.0000
 EKCMT  =        84.3984  VIRIAL  =       117.5424  VOLUME     =      2689.1151
                                                    Density    =         1.0281
 Ewald error estimate:   0.2681E-01
 ------------------------------------------------------------------------------


 NSTEP =    63500   TIME(PS) =     213.500  TEMP(K) =   313.53  PRESS = -1473.1
 Etot   =      -792.6015  EKtot   =       172.2736  EPtot      =      -964.8750
 BOND   =         0.7197  ANGLE   =         7.0967  DIHED      =         1.5085
 1-4 NB =         0.0900  1-4 EEL =       103.1480  VDWAALS    =       113.2733
 EELEC  =     -1190.7112  EHBOND  =         0.0000  RESTRAINT  =         0.0000
 EKCMT  =        90.1667  VIRIAL  =       175.7956  VOLUME     =      2692.1889
                                                    Density    =         1.0269
 Ewald error estimate:   0.8184E-02
 ------------------------------------------------------------------------------

wrapping first mol.:       -0.00000      -13.35226        0.00000

 NSTEP =    64000   TIME(PS) =     214.000  TEMP(K) =   307.01  PRESS =  -215.5
 Etot   =      -786.1830  EKtot   =       168.6870  EPtot      =      -954.8699
 BOND   =         1.5398  ANGLE   =         4.1884  DIHED      =         1.1115
 1-4 NB =         0.7781  1-4 EEL =       112.5693  VDWAALS    =       124.6921
 EELEC  =     -1199.7490  EHBOND  =         0.0000  RESTRAINT  =         0.0000
 EKCMT  =        81.7943  VIRIAL  =        94.1934  VOLUME     =      2664.7492
                                                    Density    =         1.0375
 Ewald error estimate:   0.1841E-01
 ------------------------------------------------------------------------------


 NSTEP =    64500   TIME(PS) =     214.500  TEMP(K) =   289.58  PRESS =   -71.5
 Etot   =      -795.9907  EKtot   =       159.1146  EPtot      =      -955.1052
 BOND   =         0.1776  ANGLE   =         4.8756  DIHED      =         1.8857
 1-4 NB =         0.2949  1-4 EEL =       108.4589  VDWAALS    =       127.8861
 EELEC  =     -1198.6841  EHBOND  =         0.0000  RESTRAINT  =         0.0000
 EKCMT  =        77.5648  VIRIAL  =        81.6679  VOLUME     =      2658.0541
                                                    Density    =         1.0401
 Ewald error estimate:   0.1046E-01
 ------------------------------------------------------------------------------

wrapping first mol.:       -0.00000      -13.40561        0.00000

 NSTEP =    65000   TIME(PS) =     215.000  TEMP(K) =   289.45  PRESS =  2038.3
 Etot   =      -806.8098  EKtot   =       159.0417  EPtot      =      -965.8514
 BOND   =         1.4431  ANGLE   =         5.3542  DIHED      =         1.0826
 1-4 NB =         0.1306  1-4 EEL =       106.8685  VDWAALS    =       155.0286
 EELEC  =     -1235.7589  EHBOND  =         0.0000  RESTRAINT  =         0.0000
 EKCMT  =        76.9582  VIRIAL  =       -41.7195  VOLUME     =      2696.6816
                                                    Density    =         1.0252
 Ewald error estimate:   0.6888E-02
 ------------------------------------------------------------------------------


 NSTEP =    65500   TIME(PS) =     215.500  TEMP(K) =   293.25  PRESS =    57.1
 Etot   =      -814.7806  EKtot   =       161.1303  EPtot      =      -975.9110
 BOND   =         0.8791  ANGLE   =         2.4022  DIHED      =         1.2970
 1-4 NB =         0.1097  1-4 EEL =       109.4112  VDWAALS    =       140.8837
 EELEC  =     -1230.8940  EHBOND  =         0.0000  RESTRAINT  =         0.0000
 EKCMT  =        70.8323  VIRIAL  =        67.5254  VOLUME     =      2682.6470
                                                    Density    =         1.0306
 Ewald error estimate:   0.2074E-01
 ------------------------------------------------------------------------------

wrapping first mol.:       -0.00000      -13.38208        0.00000

 NSTEP =    66000   TIME(PS) =     216.000  TEMP(K) =   292.02  PRESS =  -525.0
 Etot   =      -807.0853  EKtot   =       160.4556  EPtot      =      -967.5409
 BOND   =         2.6163  ANGLE   =         6.0081  DIHED      =         0.6412
 1-4 NB =         0.0559  1-4 EEL =       105.4069  VDWAALS    =       130.7503
 EELEC  =     -1213.0196  EHBOND  =         0.0000  RESTRAINT  =         0.0000
 EKCMT  =        71.3662  VIRIAL  =       101.7781  VOLUME     =      2682.6625
                                                    Density    =         1.0306
 Ewald error estimate:   0.1607E-01
 ------------------------------------------------------------------------------


 NSTEP =    66500   TIME(PS) =     216.500  TEMP(K) =   341.33  PRESS =   134.0
 Etot   =      -788.0433  EKtot   =       187.5477  EPtot      =      -975.5910
 BOND   =         0.8325  ANGLE   =         4.4104  DIHED      =         0.6607
 1-4 NB =         0.1353  1-4 EEL =       105.7279  VDWAALS    =       137.5721
 EELEC  =     -1224.9299  EHBOND  =         0.0000  RESTRAINT  =         0.0000
 EKCMT  =        84.5336  VIRIAL  =        76.7752  VOLUME     =      2681.7596
                                                    Density    =         1.0309
 Ewald error estimate:   0.1686E-01
 ------------------------------------------------------------------------------

wrapping first mol.:       -0.00000      -13.36643        0.00000

 NSTEP =    67000   TIME(PS) =     217.000  TEMP(K) =   278.13  PRESS =  -682.1
 Etot   =      -778.7499  EKtot   =       152.8234  EPtot      =      -931.5733
 BOND   =         0.5951  ANGLE   =        11.1931  DIHED      =         0.7432
 1-4 NB =        -0.1613  1-4 EEL =       101.8148  VDWAALS    =       106.8904
 EELEC  =     -1152.6486  EHBOND  =         0.0000  RESTRAINT  =         0.0000
 EKCMT  =        70.8179  VIRIAL  =       110.1863  VOLUME     =      2673.2715
                                                    Density    =         1.0342
 Ewald error estimate:   0.3267E-01
 ------------------------------------------------------------------------------


 NSTEP =    67500   TIME(PS) =     217.500  TEMP(K) =   290.62  PRESS =   352.8
 Etot   =      -771.1418  EKtot   =       159.6839  EPtot      =      -930.8256
 BOND   =         0.7095  ANGLE   =         4.4007  DIHED      =         1.4951
 1-4 NB =        -0.0400  1-4 EEL =       107.0442  VDWAALS    =       117.5233
 EELEC  =     -1161.9585  EHBOND  =         0.0000  RESTRAINT  =         0.0000
 EKCMT  =        74.6664  VIRIAL  =        54.5951  VOLUME     =      2634.5806
                                                    Density    =         1.0494
 Ewald error estimate:   0.2322E-01
 ------------------------------------------------------------------------------

wrapping first mol.:       -0.00000      -13.29341        0.00000

 NSTEP =    68000   TIME(PS) =     218.000  TEMP(K) =   307.37  PRESS =  -337.5
 Etot   =      -794.7073  EKtot   =       168.8880  EPtot      =      -963.5952
 BOND   =         1.2071  ANGLE   =         4.3644  DIHED      =         1.1902
 1-4 NB =         0.3643  1-4 EEL =       110.9020  VDWAALS    =       125.8021
 EELEC  =     -1207.4253  EHBOND  =         0.0000  RESTRAINT  =         0.0000
 EKCMT  =        80.9699  VIRIAL  =       100.1302  VOLUME     =      2629.6805
                                                    Density    =         1.0514
 Ewald error estimate:   0.8573E-02
 ------------------------------------------------------------------------------


 NSTEP =    68500   TIME(PS) =     218.500  TEMP(K) =   357.18  PRESS =  1096.5
 Etot   =      -761.9772  EKtot   =       196.2547  EPtot      =      -958.2319
 BOND   =         0.3908  ANGLE   =         3.6876  DIHED      =         0.7056
 1-4 NB =         0.0962  1-4 EEL =       106.4831  VDWAALS    =       141.1498
 EELEC  =     -1210.7450  EHBOND  =         0.0000  RESTRAINT  =         0.0000
 EKCMT  =        97.4506  VIRIAL  =        34.6116  VOLUME     =      2654.2083
                                                    Density    =         1.0416
 Ewald error estimate:   0.2406E-01
 ------------------------------------------------------------------------------

wrapping first mol.:       -0.00000      -13.32923        0.00000

 NSTEP =    69000   TIME(PS) =     219.000  TEMP(K) =   316.74  PRESS =   626.2
 Etot   =      -774.5734  EKtot   =       174.0378  EPtot      =      -948.6112
 BOND   =         2.2806  ANGLE   =         4.3888  DIHED      =         0.5594
 1-4 NB =        -0.0973  1-4 EEL =       104.7591  VDWAALS    =       135.9302
 EELEC  =     -1196.4319  EHBOND  =         0.0000  RESTRAINT  =         0.0000
 EKCMT  =        79.7902  VIRIAL  =        43.9467  VOLUME     =      2650.9383
                                                    Density    =         1.0429
 Ewald error estimate:   0.1578E-01
 ------------------------------------------------------------------------------


 NSTEP =    69500   TIME(PS) =     219.500  TEMP(K) =   276.55  PRESS = -1515.0
 Etot   =      -808.6938  EKtot   =       151.9518  EPtot      =      -960.6456
 BOND   =         1.6840  ANGLE   =         3.8399  DIHED      =         0.8251
 1-4 NB =         0.1138  1-4 EEL =       109.5684  VDWAALS    =       114.2916
 EELEC  =     -1190.9686  EHBOND  =         0.0000  RESTRAINT  =         0.0000
 EKCMT  =        78.4358  VIRIAL  =       165.2044  VOLUME     =      2652.5272
                                                    Density    =         1.0423
 Ewald error estimate:   0.1818E-01
 ------------------------------------------------------------------------------

wrapping first mol.:       -0.00000      -13.33929        0.00000

 NSTEP =    70000   TIME(PS) =     220.000  TEMP(K) =   294.94  PRESS =  1915.9
 Etot   =      -795.5539  EKtot   =       162.0575  EPtot      =      -957.6114
 BOND   =         0.7642  ANGLE   =        11.8996  DIHED      =         1.6166
 1-4 NB =         0.1042  1-4 EEL =       105.7558  VDWAALS    =       153.1018
 EELEC  =     -1230.8537  EHBOND  =         0.0000  RESTRAINT  =         0.0000
 EKCMT  =        85.6126  VIRIAL  =       -24.2952  VOLUME     =      2656.8654
                                                    Density    =         1.0406
 Ewald error estimate:   0.2032E-01
 ------------------------------------------------------------------------------


 NSTEP =    70500   TIME(PS) =     220.500  TEMP(K) =   288.14  PRESS =    91.3
 Etot   =      -802.0121  EKtot   =       158.3198  EPtot      =      -960.3319
 BOND   =         0.6332  ANGLE   =         3.9423  DIHED      =         0.7529
 1-4 NB =         0.1413  1-4 EEL =       108.3830  VDWAALS    =       137.6198
 EELEC  =     -1211.8044  EHBOND  =         0.0000  RESTRAINT  =         0.0000
 EKCMT  =        70.8169  VIRIAL  =        65.5835  VOLUME     =      2655.3494
                                                    Density    =         1.0412
 Ewald error estimate:   0.4829E-02
 ------------------------------------------------------------------------------

wrapping first mol.:       -0.00000      -13.33360        0.00000

 NSTEP =    71000   TIME(PS) =     221.000  TEMP(K) =   299.35  PRESS =  -188.7
 Etot   =      -806.6629  EKtot   =       164.4831  EPtot      =      -971.1460
 BOND   =         0.1934  ANGLE   =         3.3085  DIHED      =         2.2920
 1-4 NB =         0.2018  1-4 EEL =       111.2299  VDWAALS    =       143.2981
 EELEC  =     -1231.6697  EHBOND  =         0.0000  RESTRAINT  =         0.0000
 EKCMT  =        81.7852  VIRIAL  =        92.5981  VOLUME     =      2653.5931
                                                    Density    =         1.0419
 Ewald error estimate:   0.2938E-02
 ------------------------------------------------------------------------------


 NSTEP =    71500   TIME(PS) =     221.500  TEMP(K) =   302.73  PRESS =   203.7
 Etot   =      -805.7580  EKtot   =       166.3350  EPtot      =      -972.0929
 BOND   =         0.6488  ANGLE   =         8.5524  DIHED      =         1.9408
 1-4 NB =         0.0394  1-4 EEL =       105.9114  VDWAALS    =       133.6626
 EELEC  =     -1222.8483  EHBOND  =         0.0000  RESTRAINT  =         0.0000
 EKCMT  =        83.3195  VIRIAL  =        71.6669  VOLUME     =      2649.2051
                                                    Density    =         1.0436
 Ewald error estimate:   0.1162E-01
 ------------------------------------------------------------------------------

wrapping first mol.:       -0.00000      -13.33189        0.00000

 NSTEP =    72000   TIME(PS) =     222.000  TEMP(K) =   280.46  PRESS =   767.0
 Etot   =      -815.7464  EKtot   =       154.1020  EPtot      =      -969.8484
 BOND   =         0.5738  ANGLE   =         6.6287  DIHED      =         4.2764
 1-4 NB =         0.2205  1-4 EEL =       109.4091  VDWAALS    =       135.3098
 EELEC  =     -1226.2668  EHBOND  =         0.0000  RESTRAINT  =         0.0000
 EKCMT  =        74.7779  VIRIAL  =        30.8496  VOLUME     =      2652.5158
                                                    Density    =         1.0423
 Ewald error estimate:   0.1896E-01
 ------------------------------------------------------------------------------


 NSTEP =    72500   TIME(PS) =     222.500  TEMP(K) =   304.07  PRESS =  1765.1
 Etot   =      -777.9090  EKtot   =       167.0716  EPtot      =      -944.9807
 BOND   =         0.0716  ANGLE   =         5.3205  DIHED      =         3.3251
 1-4 NB =         1.0923  1-4 EEL =       113.6711  VDWAALS    =       140.0247
 EELEC  =     -1208.4859  EHBOND  =         0.0000  RESTRAINT  =         0.0000
 EKCMT  =        84.6001  VIRIAL  =       -16.5236  VOLUME     =      2653.3935
                                                    Density    =         1.0420
 Ewald error estimate:   0.2131E-01
 ------------------------------------------------------------------------------

wrapping first mol.:       -0.00000      -13.38752        0.00000

 NSTEP =    73000   TIME(PS) =     223.000  TEMP(K) =   311.65  PRESS =  1814.5
 Etot   =      -776.9157  EKtot   =       171.2395  EPtot      =      -948.1553
 BOND   =         0.4213  ANGLE   =         9.9460  DIHED      =         2.6695
 1-4 NB =         0.6748  1-4 EEL =       109.9000  VDWAALS    =       144.1236
 EELEC  =     -1215.8905  EHBOND  =         0.0000  RESTRAINT  =         0.0000
 EKCMT  =        85.7405  VIRIAL  =       -19.4847  VOLUME     =      2685.7977
                                                    Density    =         1.0294
 Ewald error estimate:   0.2201E-01
 ------------------------------------------------------------------------------


 NSTEP =    73500   TIME(PS) =     223.500  TEMP(K) =   295.29  PRESS =  1266.0
 Etot   =      -780.2159  EKtot   =       162.2504  EPtot      =      -942.4663
 BOND   =         0.5660  ANGLE   =         2.8394  DIHED      =         3.1251
 1-4 NB =         1.1059  1-4 EEL =       114.8285  VDWAALS    =       135.2466
 EELEC  =     -1200.1777  EHBOND  =         0.0000  RESTRAINT  =         0.0000
 EKCMT  =        88.2787  VIRIAL  =        14.1419  VOLUME     =      2712.1915
                                                    Density    =         1.0194
 Ewald error estimate:   0.3345E-01
 ------------------------------------------------------------------------------

wrapping first mol.:       -0.00000      -13.48458        0.00000

 NSTEP =    74000   TIME(PS) =     224.000  TEMP(K) =   295.06  PRESS =   844.1
 Etot   =      -784.3680  EKtot   =       162.1215  EPtot      =      -946.4895
 BOND   =         0.9071  ANGLE   =         5.6898  DIHED      =         2.5709
 1-4 NB =         0.8604  1-4 EEL =       114.0579  VDWAALS    =       139.4424
 EELEC  =     -1210.0179  EHBOND  =         0.0000  RESTRAINT  =         0.0000
 EKCMT  =        73.4290  VIRIAL  =        23.4043  VOLUME     =      2744.6933
                                                    Density    =         1.0073
 Ewald error estimate:   0.1519E-01
 ------------------------------------------------------------------------------


 NSTEP =    74500   TIME(PS) =     224.500  TEMP(K) =   350.46  PRESS =  1441.8
 Etot   =      -769.1263  EKtot   =       192.5614  EPtot      =      -961.6877
 BOND   =         0.1910  ANGLE   =         3.3028  DIHED      =         1.5369
 1-4 NB =         0.5729  1-4 EEL =       111.3352  VDWAALS    =       156.7411
 EELEC  =     -1235.3676  EHBOND  =         0.0000  RESTRAINT  =         0.0000
 EKCMT  =        81.5801  VIRIAL  =        -4.7657  VOLUME     =      2773.6248
                                                    Density    =         0.9968
 Ewald error estimate:   0.1233E-01
 ------------------------------------------------------------------------------

wrapping first mol.:       -0.00000      -13.53703        0.00000

 NSTEP =    75000   TIME(PS) =     225.000  TEMP(K) =   322.34  PRESS =   678.8
 Etot   =      -774.4995  EKtot   =       177.1147  EPtot      =      -951.6142
 BOND   =         0.1602  ANGLE   =         5.4225  DIHED      =         2.0473
 1-4 NB =         1.3816  1-4 EEL =       116.1779  VDWAALS    =       141.3202
 EELEC  =     -1218.1238  EHBOND  =         0.0000  RESTRAINT  =         0.0000
 EKCMT  =        76.2131  VIRIAL  =        35.5163  VOLUME     =      2776.8564
                                                    Density    =         0.9956
 Ewald error estimate:   0.7474E-02
 ------------------------------------------------------------------------------


 NSTEP =    75500   TIME(PS) =     225.500  TEMP(K) =   287.49  PRESS =    36.8
 Etot   =      -808.7807  EKtot   =       157.9661  EPtot      =      -966.7469
 BOND   =         0.1085  ANGLE   =         6.6221  DIHED      =         1.5910
 1-4 NB =         0.0322  1-4 EEL =       108.9105  VDWAALS    =       140.3323
 EELEC  =     -1224.3435  EHBOND  =         0.0000  RESTRAINT  =         0.0000
 EKCMT  =        69.0373  VIRIAL  =        66.8378  VOLUME     =      2767.3916
                                                    Density    =         0.9990
 Ewald error estimate:   0.2389E-01
 ------------------------------------------------------------------------------

wrapping first mol.:       -0.00000      -13.53017        0.00000

 NSTEP =    76000   TIME(PS) =     226.000  TEMP(K) =   284.00  PRESS = -1231.1
 Etot   =      -786.9950  EKtot   =       156.0456  EPtot      =      -943.0406
 BOND   =         0.9761  ANGLE   =         5.2361  DIHED      =         0.9981
 1-4 NB =         0.2809  1-4 EEL =       108.8932  VDWAALS    =       115.1798
 EELEC  =     -1174.6047  EHBOND  =         0.0000  RESTRAINT  =         0.0000
 EKCMT  =        72.5688  VIRIAL  =       146.2698  VOLUME     =      2772.7554
                                                    Density    =         0.9971
 Ewald error estimate:   0.2188E-01
 ------------------------------------------------------------------------------


 NSTEP =    76500   TIME(PS) =     226.500  TEMP(K) =   302.02  PRESS =   711.4
 Etot   =      -783.1859  EKtot   =       165.9448  EPtot      =      -949.1307
 BOND   =         0.5684  ANGLE   =         4.8986  DIHED      =         2.5634
 1-4 NB =         0.1692  1-4 EEL =       109.2162  VDWAALS    =       141.8129
 EELEC  =     -1208.3594  EHBOND  =         0.0000  RESTRAINT  =         0.0000
 EKCMT  =        72.8845  VIRIAL  =        30.1767  VOLUME     =      2780.3929
                                                    Density    =         0.9944
 Ewald error estimate:   0.1760E-01
 ------------------------------------------------------------------------------

wrapping first mol.:       -0.00000      -13.54102        0.00000

 NSTEP =    77000   TIME(PS) =     227.000  TEMP(K) =   311.78  PRESS =  1194.6
 Etot   =      -789.7967  EKtot   =       171.3095  EPtot      =      -961.1061
 BOND   =         1.1614  ANGLE   =         3.5334  DIHED      =         1.8650
 1-4 NB =         0.2356  1-4 EEL =       109.7383  VDWAALS    =       160.4820
 EELEC  =     -1238.1218  EHBOND  =         0.0000  RESTRAINT  =         0.0000
 EKCMT  =        83.9502  VIRIAL  =        12.2619  VOLUME     =      2779.2820
                                                    Density    =         0.9948
 Ewald error estimate:   0.1629E-01
 ------------------------------------------------------------------------------


 NSTEP =    77500   TIME(PS) =     227.500  TEMP(K) =   298.21  PRESS =  -379.0
 Etot   =      -779.8518  EKtot   =       163.8534  EPtot      =      -943.7052
 BOND   =         2.6801  ANGLE   =         5.3621  DIHED      =         1.4537
 1-4 NB =        -0.0312  1-4 EEL =       105.4776  VDWAALS    =       129.9872
 EELEC  =     -1188.6346  EHBOND  =         0.0000  RESTRAINT  =         0.0000
 EKCMT  =        74.4089  VIRIAL  =        97.2820  VOLUME     =      2795.2153
                                                    Density    =         0.9891
 Ewald error estimate:   0.2870E-01
 ------------------------------------------------------------------------------

wrapping first mol.:       -0.00000      -13.56279        0.00000

 NSTEP =    78000   TIME(PS) =     228.000  TEMP(K) =   308.49  PRESS =  -941.8
 Etot   =      -746.9678  EKtot   =       169.5047  EPtot      =      -916.4725
 BOND   =         0.2761  ANGLE   =         6.8960  DIHED      =         2.0784
 1-4 NB =         0.1600  1-4 EEL =       109.5279  VDWAALS    =       113.6662
 EELEC  =     -1149.0771  EHBOND  =         0.0000  RESTRAINT  =         0.0000
 EKCMT  =        75.4086  VIRIAL  =       132.1990  VOLUME     =      2792.8391
                                                    Density    =         0.9899
 Ewald error estimate:   0.1937E-01
 ------------------------------------------------------------------------------


 NSTEP =    78500   TIME(PS) =     228.500  TEMP(K) =   299.71  PRESS =  -658.6
 Etot   =      -753.8872  EKtot   =       164.6807  EPtot      =      -918.5679
 BOND   =         1.7080  ANGLE   =         6.9470  DIHED      =         2.0010
 1-4 NB =        -0.0522  1-4 EEL =       100.6125  VDWAALS    =       120.3361
 EELEC  =     -1150.1204  EHBOND  =         0.0000  RESTRAINT  =         0.0000
 EKCMT  =        78.0515  VIRIAL  =       117.8959  VOLUME     =      2801.9448
                                                    Density    =         0.9867
 Ewald error estimate:   0.1070E-01
 ------------------------------------------------------------------------------

wrapping first mol.:       -0.00000      -13.57607        0.00000

 NSTEP =    79000   TIME(PS) =     229.000  TEMP(K) =   298.47  PRESS =   262.1
 Etot   =      -768.3700  EKtot   =       163.9985  EPtot      =      -932.3685
 BOND   =         1.7253  ANGLE   =        10.3819  DIHED      =         3.4344
 1-4 NB =         0.0501  1-4 EEL =       102.6886  VDWAALS    =       134.8810
 EELEC  =     -1185.5297  EHBOND  =         0.0000  RESTRAINT  =         0.0000
 EKCMT  =        80.6996  VIRIAL  =        64.8471  VOLUME     =      2800.9789
                                                    Density    =         0.9871
 Ewald error estimate:   0.3181E-01
 ------------------------------------------------------------------------------


 NSTEP =    79500   TIME(PS) =     229.500  TEMP(K) =   289.85  PRESS =  1258.7
 Etot   =      -763.0065  EKtot   =       159.2593  EPtot      =      -922.2659
 BOND   =         1.7728  ANGLE   =         4.8488  DIHED      =         2.1293
 1-4 NB =         0.9171  1-4 EEL =       116.0260  VDWAALS    =       141.5831
 EELEC  =     -1189.5431  EHBOND  =         0.0000  RESTRAINT  =         0.0000
 EKCMT  =        75.9756  VIRIAL  =         0.1068  VOLUME     =      2791.7255
                                                    Density    =         0.9903
 Ewald error estimate:   0.2526E-01
 ------------------------------------------------------------------------------

wrapping first mol.:       -0.00000      -13.52103        0.00000

 NSTEP =    80000   TIME(PS) =     230.000  TEMP(K) =   314.57  PRESS = -1234.4
 Etot   =      -767.8104  EKtot   =       172.8412  EPtot      =      -940.6516
 BOND   =         0.2680  ANGLE   =         7.5145  DIHED      =         1.0275
 1-4 NB =        -0.0215  1-4 EEL =       102.3836  VDWAALS    =       118.6686
 EELEC  =     -1170.4923  EHBOND  =         0.0000  RESTRAINT  =         0.0000
 EKCMT  =        79.3148  VIRIAL  =       153.0660  VOLUME     =      2767.1436
                                                    Density    =         0.9991
 Ewald error estimate:   0.1792E-01
 ------------------------------------------------------------------------------


 NSTEP =    80500   TIME(PS) =     230.500  TEMP(K) =   308.31  PRESS = -1116.6
 Etot   =      -785.2776  EKtot   =       169.4032  EPtot      =      -954.6807
 BOND   =         0.0636  ANGLE   =         6.1538  DIHED      =         0.7817
 1-4 NB =        -0.0916  1-4 EEL =       105.7898  VDWAALS    =       123.0561
 EELEC  =     -1190.4342  EHBOND  =         0.0000  RESTRAINT  =         0.0000
 EKCMT  =        83.0223  VIRIAL  =       149.8881  VOLUME     =      2773.5005
                                                    Density    =         0.9968
 Ewald error estimate:   0.1747E-01
 ------------------------------------------------------------------------------

wrapping first mol.:       -0.00000      -13.49270        0.00000

 NSTEP =    81000   TIME(PS) =     231.000  TEMP(K) =   271.93  PRESS = -3002.2
 Etot   =      -803.0876  EKtot   =       149.4137  EPtot      =      -952.5013
 BOND   =         0.1898  ANGLE   =         1.7958  DIHED      =         1.2954
 1-4 NB =         0.0776  1-4 EEL =       105.8252  VDWAALS    =        94.5745
 EELEC  =     -1156.2596  EHBOND  =         0.0000  RESTRAINT  =         0.0000
 EKCMT  =        70.5402  VIRIAL  =       248.7900  VOLUME     =      2749.8932
                                                    Density    =         1.0054
 Ewald error estimate:   0.2300E-01
 ------------------------------------------------------------------------------


 NSTEP =    81500   TIME(PS) =     231.500  TEMP(K) =   311.87  PRESS =  -666.9
 Etot   =      -812.7838  EKtot   =       171.3592  EPtot      =      -984.1430
 BOND   =         0.4365  ANGLE   =         4.9366  DIHED      =         1.6971
 1-4 NB =         0.9693  1-4 EEL =       113.9357  VDWAALS    =       137.9878
 EELEC  =     -1244.1060  EHBOND  =         0.0000  RESTRAINT  =         0.0000
 EKCMT  =        78.2394  VIRIAL  =       117.8303  VOLUME     =      2749.5333
                                                    Density    =         1.0055
 Ewald error estimate:   0.1861E-01
 ------------------------------------------------------------------------------

wrapping first mol.:       -0.00000      -13.49138        0.00000

 NSTEP =    82000   TIME(PS) =     232.000  TEMP(K) =   303.87  PRESS =  -173.8
 Etot   =      -806.1248  EKtot   =       166.9662  EPtot      =      -973.0911
 BOND   =         1.5641  ANGLE   =         6.0655  DIHED      =         0.8262
 1-4 NB =         0.0092  1-4 EEL =       106.3683  VDWAALS    =       140.3976
 EELEC  =     -1228.3219  EHBOND  =         0.0000  RESTRAINT  =         0.0000
 EKCMT  =        83.0905  VIRIAL  =        93.4088  VOLUME     =      2748.9097
                                                    Density    =         1.0058
 Ewald error estimate:   0.2684E-01
 ------------------------------------------------------------------------------


 NSTEP =    82500   TIME(PS) =     232.500  TEMP(K) =   271.07  PRESS =   316.6
 Etot   =      -816.9399  EKtot   =       148.9414  EPtot      =      -965.8813
 BOND   =         1.2596  ANGLE   =         9.5776  DIHED      =         0.8584
 1-4 NB =         0.0077  1-4 EEL =       104.4920  VDWAALS    =       144.1396
 EELEC  =     -1226.2162  EHBOND  =         0.0000  RESTRAINT  =         0.0000
 EKCMT  =        69.4719  VIRIAL  =        50.6025  VOLUME     =      2760.8138
                                                    Density    =         1.0014
 Ewald error estimate:   0.2053E-01
 ------------------------------------------------------------------------------

wrapping first mol.:       -0.00000      -13.48699        0.00000

 NSTEP =    83000   TIME(PS) =     233.000  TEMP(K) =   307.48  PRESS =  1349.1
 Etot   =      -793.6027  EKtot   =       168.9454  EPtot      =      -962.5482
 BOND   =         0.3494  ANGLE   =         9.8819  DIHED      =         1.9772
 1-4 NB =         0.6469  1-4 EEL =       112.0734  VDWAALS    =       155.3923
 EELEC  =     -1242.8693  EHBOND  =         0.0000  RESTRAINT  =         0.0000
 EKCMT  =        83.3787  VIRIAL  =         3.3868  VOLUME     =      2746.1392
                                                    Density    =         1.0068
 Ewald error estimate:   0.1348E-01
 ------------------------------------------------------------------------------


 NSTEP =    83500   TIME(PS) =     233.500  TEMP(K) =   267.47  PRESS = -2783.8
 Etot   =      -805.2754  EKtot   =       146.9658  EPtot      =      -952.2412
 BOND   =         0.4515  ANGLE   =         6.8457  DIHED      =         1.4660
 1-4 NB =         0.0103  1-4 EEL =       103.8989  VDWAALS    =       100.6286
 EELEC  =     -1165.5422  EHBOND  =         0.0000  RESTRAINT  =         0.0000
 EKCMT  =        67.4980  VIRIAL  =       231.4855  VOLUME     =      2728.3286
                                                    Density    =         1.0133
 Ewald error estimate:   0.1683E-01
 ------------------------------------------------------------------------------

wrapping first mol.:       -0.00000      -13.43989        0.00000

 NSTEP =    84000   TIME(PS) =     234.000  TEMP(K) =   302.22  PRESS =  1030.0
 Etot   =      -805.1251  EKtot   =       166.0598  EPtot      =      -971.1848
 BOND   =         0.7124  ANGLE   =         3.8205  DIHED      =         0.7243
 1-4 NB =         0.0119  1-4 EEL =       104.4608  VDWAALS    =       149.4665
 EELEC  =     -1230.3812  EHBOND  =         0.0000  RESTRAINT  =         0.0000
 EKCMT  =        75.2707  VIRIAL  =        14.8381  VOLUME     =      2717.4849
                                                    Density    =         1.0174
 Ewald error estimate:   0.3148E-01
 ------------------------------------------------------------------------------


 NSTEP =    84500   TIME(PS) =     234.500  TEMP(K) =   278.83  PRESS = -1486.4
 Etot   =      -821.2597  EKtot   =       153.2049  EPtot      =      -974.4646
 BOND   =         1.0929  ANGLE   =         5.4827  DIHED      =         0.9597
 1-4 NB =        -0.0331  1-4 EEL =       103.6309  VDWAALS    =       123.8116
 EELEC  =     -1209.4093  EHBOND  =         0.0000  RESTRAINT  =         0.0000
 EKCMT  =        76.6674  VIRIAL  =       163.1693  VOLUME     =      2695.3603
                                                    Density    =         1.0257
 Ewald error estimate:   0.1797E-01
 ------------------------------------------------------------------------------

wrapping first mol.:       -0.00000      -13.43488      -12.94596

 NSTEP =    85000   TIME(PS) =     235.000  TEMP(K) =   292.43  PRESS =    11.0
 Etot   =      -794.2170  EKtot   =       160.6776  EPtot      =      -954.8946
 BOND   =         0.3243  ANGLE   =         4.3732  DIHED      =         0.5823
 1-4 NB =         0.0449  1-4 EEL =       106.3174  VDWAALS    =       135.1410
 EELEC  =     -1201.6777  EHBOND  =         0.0000  RESTRAINT  =         0.0000
 EKCMT  =        76.5613  VIRIAL  =        75.9189  VOLUME     =      2714.5072
                                                    Density    =         1.0185
 Ewald error estimate:   0.1409E-01
 ------------------------------------------------------------------------------


 NSTEP =    85500   TIME(PS) =     235.500  TEMP(K) =   301.17  PRESS =  -713.5
 Etot   =      -781.4452  EKtot   =       165.4795  EPtot      =      -946.9247
 BOND   =         1.6039  ANGLE   =         2.1313  DIHED      =         0.8119
 1-4 NB =         0.2980  1-4 EEL =       110.0544  VDWAALS    =       113.8103
 EELEC  =     -1175.6344  EHBOND  =         0.0000  RESTRAINT  =         0.0000
 EKCMT  =        87.8963  VIRIAL  =       129.8214  VOLUME     =      2721.3941
                                                    Density    =         1.0159
 Ewald error estimate:   0.1257E-01
 ------------------------------------------------------------------------------

wrapping first mol.:       -0.00000      -13.40833      -12.92038

 NSTEP =    86000   TIME(PS) =     236.000  TEMP(K) =   294.40  PRESS =  -301.6
 Etot   =      -779.0835  EKtot   =       161.7630  EPtot      =      -940.8465
 BOND   =         1.6848  ANGLE   =         5.1528  DIHED      =         1.4801
 1-4 NB =        -0.0917  1-4 EEL =       101.6267  VDWAALS    =       121.0671
 EELEC  =     -1171.7662  EHBOND  =         0.0000  RESTRAINT  =         0.0000
 EKCMT  =        82.3442  VIRIAL  =        99.9141  VOLUME     =      2698.4674
                                                    Density    =         1.0246
 Ewald error estimate:   0.1527E-01
 ------------------------------------------------------------------------------


 NSTEP =    86500   TIME(PS) =     236.500  TEMP(K) =   299.73  PRESS =  -414.4
 Etot   =      -795.4839  EKtot   =       164.6865  EPtot      =      -960.1705
 BOND   =         0.4944  ANGLE   =         4.0794  DIHED      =         0.9028
 1-4 NB =         0.2311  1-4 EEL =       109.2015  VDWAALS    =       126.4068
 EELEC  =     -1201.4864  EHBOND  =         0.0000  RESTRAINT  =         0.0000
 EKCMT  =        79.4063  VIRIAL  =       103.3744  VOLUME     =      2678.9051
                                                    Density    =         1.0320
 Ewald error estimate:   0.2333E-01
 ------------------------------------------------------------------------------

wrapping first mol.:       -0.00000      -13.35687      -12.87079

 NSTEP =    87000   TIME(PS) =     237.000  TEMP(K) =   293.56  PRESS =  1236.4
 Etot   =      -806.7969  EKtot   =       161.2967  EPtot      =      -968.0936
 BOND   =         0.8359  ANGLE   =         6.7236  DIHED      =         2.7364
 1-4 NB =        -0.0147  1-4 EEL =       107.4604  VDWAALS    =       148.0440
 EELEC  =     -1233.8792  EHBOND  =         0.0000  RESTRAINT  =         0.0000
 EKCMT  =        74.6142  VIRIAL  =         3.4036  VOLUME     =      2667.4266
                                                    Density    =         1.0365
 Ewald error estimate:   0.1712E-01
 ------------------------------------------------------------------------------


 NSTEP =    87500   TIME(PS) =     237.500  TEMP(K) =   300.68  PRESS =  1480.1
 Etot   =      -792.8727  EKtot   =       165.2097  EPtot      =      -958.0824
 BOND   =         0.1171  ANGLE   =         6.3993  DIHED      =         0.8149
 1-4 NB =         0.0430  1-4 EEL =       102.8570  VDWAALS    =       142.4663
 EELEC  =     -1210.7800  EHBOND  =         0.0000  RESTRAINT  =         0.0000
 EKCMT  =        84.4067  VIRIAL  =        -0.3164  VOLUME     =      2651.1582
                                                    Density    =         1.0428
 Ewald error estimate:   0.2397E-01
 ------------------------------------------------------------------------------

wrapping first mol.:       -0.00000      -13.35340      -12.86745

 NSTEP =    88000   TIME(PS) =     238.000  TEMP(K) =   301.35  PRESS =  -773.5
 Etot   =      -782.0192  EKtot   =       165.5816  EPtot      =      -947.6008
 BOND   =         1.4092  ANGLE   =         4.2245  DIHED      =         3.6738
 1-4 NB =         0.4359  1-4 EEL =       110.1965  VDWAALS    =       112.4182
 EELEC  =     -1179.9590  EHBOND  =         0.0000  RESTRAINT  =         0.0000
 EKCMT  =        80.6411  VIRIAL  =       125.1569  VOLUME     =      2665.4669
                                                    Density    =         1.0372
 Ewald error estimate:   0.1675E-01
 ------------------------------------------------------------------------------


 NSTEP =    88500   TIME(PS) =     238.500  TEMP(K) =   315.39  PRESS =  -110.9
 Etot   =      -799.1787  EKtot   =       173.2942  EPtot      =      -972.4729
 BOND   =         2.4019  ANGLE   =         3.5446  DIHED      =         1.6509
 1-4 NB =         0.1575  1-4 EEL =       108.2144  VDWAALS    =       129.3850
 EELEC  =     -1217.8272  EHBOND  =         0.0000  RESTRAINT  =         0.0000
 EKCMT  =        77.9942  VIRIAL  =        84.3020  VOLUME     =      2635.0331
                                                    Density    =         1.0492
 Ewald error estimate:   0.2349E-01
 ------------------------------------------------------------------------------

wrapping first mol.:       -0.00000      -13.30322      -12.81909

 NSTEP =    89000   TIME(PS) =     239.000  TEMP(K) =   304.07  PRESS =   499.3
 Etot   =      -797.4315  EKtot   =       167.0729  EPtot      =      -964.5044
 BOND   =         3.1268  ANGLE   =         3.9662  DIHED      =         1.1745
 1-4 NB =         0.1124  1-4 EEL =       106.5461  VDWAALS    =       135.9180
 EELEC  =     -1215.3484  EHBOND  =         0.0000  RESTRAINT  =         0.0000
 EKCMT  =        69.2810  VIRIAL  =        40.8677  VOLUME     =      2635.4535
                                                    Density    =         1.0491
 Ewald error estimate:   0.1152E-01
 ------------------------------------------------------------------------------


 NSTEP =    89500   TIME(PS) =     239.500  TEMP(K) =   317.60  PRESS =  1773.3
 Etot   =      -792.2919  EKtot   =       174.5081  EPtot      =      -966.8000
 BOND   =         2.0112  ANGLE   =         7.5564  DIHED      =         1.7817
 1-4 NB =         0.1547  1-4 EEL =       108.6908  VDWAALS    =       145.0952
 EELEC  =     -1232.0900  EHBOND  =         0.0000  RESTRAINT  =         0.0000
 EKCMT  =        83.6702  VIRIAL  =       -17.6029  VOLUME     =      2645.0982
                                                    Density    =         1.0452
 Ewald error estimate:   0.1277E-01
 ------------------------------------------------------------------------------

wrapping first mol.:       -0.00000      -13.37262      -12.88597

 NSTEP =    90000   TIME(PS) =     240.000  TEMP(K) =   304.88  PRESS =  -508.3
 Etot   =      -793.5012  EKtot   =       167.5176  EPtot      =      -961.0187
 BOND   =         0.3342  ANGLE   =         5.4450  DIHED      =         0.8861
 1-4 NB =         0.1957  1-4 EEL =       108.4549  VDWAALS    =       123.7144
 EELEC  =     -1200.0490  EHBOND  =         0.0000  RESTRAINT  =         0.0000
 EKCMT  =        85.2420  VIRIAL  =       114.6198  VOLUME     =      2676.9796
                                                    Density    =         1.0328
 Ewald error estimate:   0.9112E-02
 ------------------------------------------------------------------------------


 NSTEP =    90500   TIME(PS) =     240.500  TEMP(K) =   291.01  PRESS =   467.5
 Etot   =      -791.5509  EKtot   =       159.8986  EPtot      =      -951.4495
 BOND   =         0.3314  ANGLE   =         6.1919  DIHED      =         0.9892
 1-4 NB =         0.1009  1-4 EEL =       106.1870  VDWAALS    =       135.2502
 EELEC  =     -1200.5002  EHBOND  =         0.0000  RESTRAINT  =         0.0000
 EKCMT  =        75.9266  VIRIAL  =        48.7113  VOLUME     =      2696.0766
                                                    Density    =         1.0255
 Ewald error estimate:   0.2482E-01
 ------------------------------------------------------------------------------

wrapping first mol.:       -0.00000      -13.40046      -12.91279

 NSTEP =    91000   TIME(PS) =     241.000  TEMP(K) =   282.95  PRESS =    11.1
 Etot   =      -795.5772  EKtot   =       155.4671  EPtot      =      -951.0442
 BOND   =         0.6055  ANGLE   =         5.0758  DIHED      =         1.1341
 1-4 NB =         0.6696  1-4 EEL =       113.0053  VDWAALS    =       128.9957
 EELEC  =     -1200.5302  EHBOND  =         0.0000  RESTRAINT  =         0.0000
 EKCMT  =        68.1692  VIRIAL  =        67.5235  VOLUME     =      2693.6995
                                                    Density    =         1.0264
 Ewald error estimate:   0.1548E-01
 ------------------------------------------------------------------------------


 NSTEP =    91500   TIME(PS) =     241.500  TEMP(K) =   306.81  PRESS =  -546.7
 Etot   =      -794.1196  EKtot   =       168.5777  EPtot      =      -962.6973
 BOND   =         1.8893  ANGLE   =         3.6282  DIHED      =         1.1917
 1-4 NB =         0.2051  1-4 EEL =       107.6437  VDWAALS    =       126.2522
 EELEC  =     -1203.5075  EHBOND  =         0.0000  RESTRAINT  =         0.0000
 EKCMT  =        81.7424  VIRIAL  =       113.4798  VOLUME     =      2688.8844
                                                    Density    =         1.0282
 Ewald error estimate:   0.2018E-01
 ------------------------------------------------------------------------------

wrapping first mol.:       -0.00000      -13.39162      -12.90427

 NSTEP =    92000   TIME(PS) =     242.000  TEMP(K) =   293.22  PRESS =  -851.2
 Etot   =      -794.7997  EKtot   =       161.1112  EPtot      =      -955.9109
 BOND   =         0.0207  ANGLE   =         9.0497  DIHED      =         2.6344
 1-4 NB =         0.3290  1-4 EEL =       111.1717  VDWAALS    =       122.1541
 EELEC  =     -1201.2705  EHBOND  =         0.0000  RESTRAINT  =         0.0000
 EKCMT  =        80.6240  VIRIAL  =       130.0305  VOLUME     =      2688.4226
                                                    Density    =         1.0284
 Ewald error estimate:   0.5596E-02
 ------------------------------------------------------------------------------


 NSTEP =    92500   TIME(PS) =     242.500  TEMP(K) =   324.28  PRESS =   -20.7
 Etot   =      -787.8621  EKtot   =       178.1806  EPtot      =      -966.0427
 BOND   =         0.3991  ANGLE   =         6.5828  DIHED      =         1.2960
 1-4 NB =        -0.0277  1-4 EEL =       102.9718  VDWAALS    =       136.9309
 EELEC  =     -1214.1955  EHBOND  =         0.0000  RESTRAINT  =         0.0000
 EKCMT  =        85.1695  VIRIAL  =        86.3747  VOLUME     =      2699.5712
                                                    Density    =         1.0241
 Ewald error estimate:   0.1361E-01
 ------------------------------------------------------------------------------

wrapping first mol.:       -0.00000      -13.36507      -12.87869

 NSTEP =    93000   TIME(PS) =     243.000  TEMP(K) =   284.06  PRESS = -3104.6
 Etot   =      -812.8066  EKtot   =       156.0766  EPtot      =      -968.8832
 BOND   =         0.3701  ANGLE   =         6.4280  DIHED      =         1.7002
 1-4 NB =         0.4057  1-4 EEL =       110.1126  VDWAALS    =        92.8084
 EELEC  =     -1180.7080  EHBOND  =         0.0000  RESTRAINT  =         0.0000
 EKCMT  =        78.6019  VIRIAL  =       257.7498  VOLUME     =      2672.5978
                                                    Density    =         1.0345
 Ewald error estimate:   0.2211E-01
 ------------------------------------------------------------------------------


 NSTEP =    93500   TIME(PS) =     243.500  TEMP(K) =   284.98  PRESS =   -90.8
 Etot   =      -808.7590  EKtot   =       156.5826  EPtot      =      -965.3416
 BOND   =         0.4149  ANGLE   =         5.1471  DIHED      =         1.5593
 1-4 NB =        -0.0436  1-4 EEL =       101.7813  VDWAALS    =       134.9192
 EELEC  =     -1209.1199  EHBOND  =         0.0000  RESTRAINT  =         0.0000
 EKCMT  =        73.3810  VIRIAL  =        78.5507  VOLUME     =      2636.9431
                                                    Density    =         1.0485
 Ewald error estimate:   0.1214E-01
 ------------------------------------------------------------------------------

wrapping first mol.:       -0.00000      -13.32322        0.00000

 NSTEP =    94000   TIME(PS) =     244.000  TEMP(K) =   318.96  PRESS =  3414.9
 Etot   =      -788.5270  EKtot   =       175.2535  EPtot      =      -963.7805
 BOND   =         1.6810  ANGLE   =         3.7592  DIHED      =         0.7979
 1-4 NB =         0.4482  1-4 EEL =       109.8397  VDWAALS    =       167.0864
 EELEC  =     -1247.3931  EHBOND  =         0.0000  RESTRAINT  =         0.0000
 EKCMT  =        85.9743  VIRIAL  =      -109.2066  VOLUME     =      2647.1872
                                                    Density    =         1.0444
 Ewald error estimate:   0.1739E-01
 ------------------------------------------------------------------------------


 NSTEP =    94500   TIME(PS) =     244.500  TEMP(K) =   277.23  PRESS =  -313.4
 Etot   =      -798.0190  EKtot   =       152.3238  EPtot      =      -950.3427
 BOND   =         0.1748  ANGLE   =         7.2991  DIHED      =         1.4230
 1-4 NB =         0.3777  1-4 EEL =       109.6651  VDWAALS    =       130.7400
 EELEC  =     -1200.0224  EHBOND  =         0.0000  RESTRAINT  =         0.0000
 EKCMT  =        85.4894  VIRIAL  =       103.5595  VOLUME     =      2670.6890
                                                    Density    =         1.0352
 Ewald error estimate:   0.1277E-01
 ------------------------------------------------------------------------------

wrapping first mol.:       -0.00000      -13.38547        0.00000

 NSTEP =    95000   TIME(PS) =     245.000  TEMP(K) =   306.63  PRESS =  1134.2
 Etot   =      -789.8787  EKtot   =       168.4820  EPtot      =      -958.3607
 BOND   =         1.6785  ANGLE   =        13.9011  DIHED      =         1.2453
 1-4 NB =        -0.1504  1-4 EEL =       104.3127  VDWAALS    =       151.5700
 EELEC  =     -1230.9178  EHBOND  =         0.0000  RESTRAINT  =         0.0000
 EKCMT  =        80.0992  VIRIAL  =        14.3545  VOLUME     =      2684.6024
                                                    Density    =         1.0298
 Ewald error estimate:   0.1802E-01
 ------------------------------------------------------------------------------


 NSTEP =    95500   TIME(PS) =     245.500  TEMP(K) =   274.87  PRESS =   653.5
 Etot   =      -790.9217  EKtot   =       151.0284  EPtot      =      -941.9502
 BOND   =         0.5501  ANGLE   =         9.1928  DIHED      =         0.8192
 1-4 NB =         0.0951  1-4 EEL =       105.5189  VDWAALS    =       138.8396
 EELEC  =     -1196.9659  EHBOND  =         0.0000  RESTRAINT  =         0.0000
 EKCMT  =        68.7075  VIRIAL  =        30.8024  VOLUME     =      2686.2668
                                                    Density    =         1.0292
 Ewald error estimate:   0.1593E-01
 ------------------------------------------------------------------------------

wrapping first mol.:       -0.00000      -13.41333        0.00000

 NSTEP =    96000   TIME(PS) =     246.000  TEMP(K) =   277.95  PRESS =   293.0
 Etot   =      -801.6585  EKtot   =       152.7239  EPtot      =      -954.3825
 BOND   =         0.5818  ANGLE   =         5.5032  DIHED      =         0.9282
 1-4 NB =        -0.0235  1-4 EEL =       104.9187  VDWAALS    =       135.9898
 EELEC  =     -1202.2805  EHBOND  =         0.0000  RESTRAINT  =         0.0000
 EKCMT  =        74.3866  VIRIAL  =        57.2981  VOLUME     =      2701.4526
                                                    Density    =         1.0234
 Ewald error estimate:   0.7213E-02
 ------------------------------------------------------------------------------


 NSTEP =    96500   TIME(PS) =     246.500  TEMP(K) =   302.89  PRESS =  1404.2
 Etot   =      -761.8686  EKtot   =       166.4282  EPtot      =      -928.2968
 BOND   =         0.8672  ANGLE   =         5.1366  DIHED      =         1.6505
 1-4 NB =         0.1414  1-4 EEL =       106.3589  VDWAALS    =       141.4853
 EELEC  =     -1183.9366  EHBOND  =         0.0000  RESTRAINT  =         0.0000
 EKCMT  =        74.8311  VIRIAL  =        -7.5357  VOLUME     =      2716.6869
                                                    Density    =         1.0177
 Ewald error estimate:   0.1876E-01
 ------------------------------------------------------------------------------

wrapping first mol.:       -0.00000      -13.44682      -12.95747

 NSTEP =    97000   TIME(PS) =     247.000  TEMP(K) =   301.00  PRESS =  -189.5
 Etot   =      -785.3565  EKtot   =       165.3889  EPtot      =      -950.7454
 BOND   =         0.5745  ANGLE   =         5.3724  DIHED      =         0.5322
 1-4 NB =         0.1203  1-4 EEL =       107.9189  VDWAALS    =       132.0336
 EELEC  =     -1197.2972  EHBOND  =         0.0000  RESTRAINT  =         0.0000
 EKCMT  =        76.3200  VIRIAL  =        87.4564  VOLUME     =      2721.7666
                                                    Density    =         1.0158
 Ewald error estimate:   0.2404E-01
 ------------------------------------------------------------------------------


 NSTEP =    97500   TIME(PS) =     247.500  TEMP(K) =   310.25  PRESS =   614.9
 Etot   =      -777.6118  EKtot   =       170.4685  EPtot      =      -948.0803
 BOND   =         0.3214  ANGLE   =         6.9495  DIHED      =         0.6016
 1-4 NB =         0.0278  1-4 EEL =       108.0848  VDWAALS    =       151.7066
 EELEC  =     -1215.7720  EHBOND  =         0.0000  RESTRAINT  =         0.0000
 EKCMT  =        76.9892  VIRIAL  =        40.8863  VOLUME     =      2719.4166
                                                    Density    =         1.0167
 Ewald error estimate:   0.7617E-02
 ------------------------------------------------------------------------------

wrapping first mol.:       -0.00000      -13.40814        0.00000

 NSTEP =    98000   TIME(PS) =     248.000  TEMP(K) =   287.92  PRESS = -1395.9
 Etot   =      -813.5527  EKtot   =       158.2005  EPtot      =      -971.7533
 BOND   =         1.4240  ANGLE   =         6.3153  DIHED      =         0.7227
 1-4 NB =        -0.0511  1-4 EEL =       104.8338  VDWAALS    =       123.2484
 EELEC  =     -1208.2464  EHBOND  =         0.0000  RESTRAINT  =         0.0000
 EKCMT  =        75.2577  VIRIAL  =       156.5851  VOLUME     =      2698.4205
                                                    Density    =         1.0246
 Ewald error estimate:   0.1264E-01
 ------------------------------------------------------------------------------


 NSTEP =    98500   TIME(PS) =     248.500  TEMP(K) =   295.47  PRESS =   615.1
 Etot   =      -794.0215  EKtot   =       162.3489  EPtot      =      -956.3705
 BOND   =         1.0799  ANGLE   =         6.0944  DIHED      =         0.6955
 1-4 NB =         0.0899  1-4 EEL =       106.7751  VDWAALS    =       140.6217
 EELEC  =     -1211.7269  EHBOND  =         0.0000  RESTRAINT  =         0.0000
 EKCMT  =        72.3910  VIRIAL  =        36.5772  VOLUME     =      2696.4730
                                                    Density    =         1.0253
 Ewald error estimate:   0.8632E-02
 ------------------------------------------------------------------------------

wrapping first mol.:       -0.00000      -13.43956        0.00000

 NSTEP =    99000   TIME(PS) =     249.000  TEMP(K) =   296.55  PRESS =  2156.8
 Etot   =      -788.1599  EKtot   =       162.9394  EPtot      =      -951.0993
 BOND   =         0.7014  ANGLE   =         7.1996  DIHED      =         1.1777
 1-4 NB =         0.1014  1-4 EEL =       108.1043  VDWAALS    =       157.3133
 EELEC  =     -1225.6970  EHBOND  =         0.0000  RESTRAINT  =         0.0000
 EKCMT  =        81.1736  VIRIAL  =       -45.3648  VOLUME     =      2717.2194
                                                    Density    =         1.0175
 Ewald error estimate:   0.1495E-01
 ------------------------------------------------------------------------------


 NSTEP =    99500   TIME(PS) =     249.500  TEMP(K) =   305.18  PRESS =  -821.1
 Etot   =      -782.1470  EKtot   =       167.6828  EPtot      =      -949.8299
 BOND   =         1.0357  ANGLE   =         8.2716  DIHED      =         3.4774
 1-4 NB =         0.0492  1-4 EEL =       108.7782  VDWAALS    =       123.2308
 EELEC  =     -1194.6727  EHBOND  =         0.0000  RESTRAINT  =         0.0000
 EKCMT  =        83.4164  VIRIAL  =       131.4885  VOLUME     =      2711.4799
                                                    Density    =         1.0196
 Ewald error estimate:   0.4627E-02
 ------------------------------------------------------------------------------

wrapping first mol.:       -0.00000      -13.43933        0.00000
wrapping first mol.:       -0.00000      -13.43933        0.00000

 NSTEP =   100000   TIME(PS) =     250.000  TEMP(K) =   329.27  PRESS = -1107.5
 Etot   =      -766.5055  EKtot   =       180.9209  EPtot      =      -947.4264
 BOND   =         0.0977  ANGLE   =         6.3699  DIHED      =         1.9527
 1-4 NB =         0.6731  1-4 EEL =       112.1095  VDWAALS    =       116.0229
 EELEC  =     -1184.6522  EHBOND  =         0.0000  RESTRAINT  =         0.0000
 EKCMT  =        81.2567  VIRIAL  =       146.2339  VOLUME     =      2717.2754
                                                    Density    =         1.0175
 Ewald error estimate:   0.1621E-01
 ------------------------------------------------------------------------------


      A V E R A G E S   O V E R  100000 S T E P S


 NSTEP =   100000   TIME(PS) =     250.000  TEMP(K) =   298.77  PRESS =  -374.7
 Etot   =      -752.6408  EKtot   =       164.1634  EPtot      =      -916.8042
 BOND   =         1.0186  ANGLE   =         5.6623  DIHED      =         1.5073
 1-4 NB =         0.2594  1-4 EEL =       107.9686  VDWAALS    =       127.8233
 EELEC  =     -1161.0438  EHBOND  =         0.0000  RESTRAINT  =         0.0000
 EKCMT  =        79.0355  VIRIAL  =       113.4544  VOLUME     =      3682.1262
                                                    Density    =         0.8321
 Ewald error estimate:   0.7904E-01
 ------------------------------------------------------------------------------


      R M S  F L U C T U A T I O N S


 NSTEP =   100000   TIME(PS) =     250.000  TEMP(K) =    18.36  PRESS =  1103.8
 Etot   =        49.3125  EKtot   =        10.0861  EPtot      =        48.1418
 BOND   =         0.8591  ANGLE   =         2.0234  DIHED      =         0.7671
 1-4 NB =         0.3525  1-4 EEL =         3.4194  VDWAALS    =        14.6469
 EELEC  =        55.2368  EHBOND  =         0.0000  RESTRAINT  =         0.0000
 EKCMT  =         6.8973  VIRIAL  =        80.2306  VOLUME     =      1295.0658
                                                    Density    =         0.2341
 Ewald error estimate:   0.8897E-01
 ------------------------------------------------------------------------------


--------------------------------------------------------------------------------
   5.  TIMINGS
--------------------------------------------------------------------------------

|    Read coords time           0.00 ( 0.01% of Total)
|                Build the list             1.37 (97.25% of List )
|                Other                      0.04 ( 2.75% of List )
|             List time                  1.41 ( 4.22% of Nonbo)
|                   Short_ene time             9.70 (94.21% of Direc)
|                   Other                      0.60 ( 5.79% of Direc)
|                Direct Ewald time         10.29 (32.27% of Ewald)
|                Adjust Ewald time          0.58 ( 1.83% of Ewald)
|                Self Ewald time            0.02 ( 0.06% of Ewald)
|                   Fill Bspline coeffs        0.81 ( 3.88% of Recip)
|                   Fill charge grid           1.88 ( 9.03% of Recip)
|                   Scalar sum                 5.37 (25.76% of Recip)
|                   Grad sum                   2.84 (13.63% of Recip)
|                   FFT time                   9.94 (47.62% of Recip)
|                   Other                      0.02 ( 0.08% of Recip)
|                Recip Ewald time          20.86 (65.41% of Ewald)
|                Force Adjust               0.02 ( 0.05% of Ewald)
|                Virial junk                0.06 ( 0.18% of Ewald)
|                Start synchronizatio       0.00 ( 0.01% of Ewald)
|                Other                      0.06 ( 0.19% of Ewald)
|             Ewald time                31.90 (95.71% of Nonbo)
|             IPS excludes               0.00 ( 0.01% of Nonbo)
|             Other                      0.02 ( 0.05% of Nonbo)
|          Nonbond force             33.33 (98.91% of Force)
|          Bond/Angle/Dihedral        0.34 ( 1.00% of Force)
|          Other                      0.03 ( 0.09% of Force)
|       Force time                33.69 (77.55% of Runmd)
|       Shake time                 0.80 ( 1.85% of Runmd)
|       Verlet update time         8.83 (20.33% of Runmd)
|       Ekcmr time                 0.07 ( 0.16% of Runmd)
|       Other                      0.05 ( 0.11% of Runmd)
|    Runmd Time                43.45 (100.0% of Total)
|    Other                      0.01 ( 0.02% of Total)
| Total time                43.46 (100.0% of ALL  )

| Number of list builds   :       3544

| Highest rstack allocated:      24384
| Highest istack allocated:        274

| Final Performance Info:
| -----------------------------------------------------
| Average timings for all steps:
|     Elapsed(s) =      43.45 Per Step(ms) =       0.43
|         ns/day =     198.85   seconds/ns =     434.51
| -----------------------------------------------------

|           Job began  at 16:10:35.983  on 02/02/2026
|           Setup done at 16:10:35.995  on 02/02/2026
|           Run   done at 16:11:19.445  on 02/02/2026
|     wallclock() was called 4607301 times

|3D-RISM memory allocation summary
|Type          Maximum        Current   
|Integer       0.00000 GB     0.00000 GB
|Real          0.00000 GB     0.00000 GB
|Logical       0.00000 GB     0.00000 GB
|Character     0.00000 GB     0.00000 GB
|---------------------------------------
|Total         0.00000 GB     0.00000 GB
