
          -------------------------------------------------------
          Amber 24 SANDER                              2024
          -------------------------------------------------------

| Run on 02/02/2026 at 15:47:32

|   Executable path: sander
| Working directory: /nas/longleaf/home/emainas/software/dcdftbmd.2.0/molecules/MEA/qmmd/systems/MEA/solv_4.0/mdequil
|          Hostname: nep15080303

  [-O]verwriting output

File Assignments:
|  MDIN: equil-npt.in                                                          
| MDOUT: equil-npt.out                                                         
|INPCRD: equil-nvt.rst7                                                        
|  PARM: /nas/longleaf/home/emainas/software/dcdftbmd.2.0/molecules/MEA/qmmd/sy
|RESTRT: equil-npt.rst7                                                        
|  REFC: refc                                                                  
| MDVEL: mdvel                                                                 
| MDFRC: mdfrc                                                                 
|  MDEN: mden                                                                  
| MDCRD: equil-npt.nc                                                          
|MDINFO: equil-npt.info                                                        
|  MTMD: mtmd                                                                  
|INPDIP: inpdip                                                                
|RSTDIP: rstdip                                                                
|INPTRA: inptraj                                                               


 Here is the input file:

Equilibrate at 300 K and 1.0 bar                                               
&cntrl                                                                         
  iwrap=1,                                                                     
  imin=0,                                                                      
  irest=1,                                                                     
  ntx=5,                                                                       
  nstlim=100000,                                                               
  dt=0.001,                                                                    
  temp0=300.0,                                                                 
  ntt=3,                                                                       
  gamma_ln=2.0,                                                                
  ntb=2,                                                                       
  ntp=1,                                                                       
  taup=2.0,                                                                    
  pres0=1.0,                                                                   
  ntc=2,                                                                       
  ntf=2,                                                                       
  cut=4.0,                                                                     
  ntpr=500,                                                                    
  ntwx=1000,                                                                   
  ntwe=0,                                                                      
/                                                                              

--------------------------------------------------------------------------------
   1.  RESOURCE   USE: 
--------------------------------------------------------------------------------

| Flags:                                                                        
 getting box info from netcdf restart file
| NetCDF restart box info found
|Largest sphere to fit in unit cell has radius =     7.389
| New format PARM file being parsed.
| Version =    1.000 Date = 02/02/26 Time = 12:22:33
 NATOM  =     160 NTYPES =      10 NBONH =     155 MBONA  =       3
 NTHETH =      17 MTHETA =       2 NPHIH =      20 MPHIA  =       2
 NHPARM =       0 NPARM  =       0 NNB   =     250 NRES   =      51
 NBONA  =       3 NTHETA =       2 NPHIA =       2 NUMBND =       9
 NUMANG =      11 NPTRA  =       5 NATYP =      10 NPHB   =       0
 IFBOX  =       1 NMXRS  =      12 IFCAP =       0 NEXTRA =       0
 NCOPY  =       0


|     Memory Use     Allocated
|     Real              600553
|     Hollerith            533
|     Integer            24915
|     Max Pairs          11520
|     nblistReal          1920
|     nblist Int         45741
|       Total             5029 kbytes

| Note: 1-4 EEL scale factors are being read from the topology file.

| Note: 1-4 VDW scale factors are being read from the topology file.
| Duplicated    0 dihedrals
| Duplicated    0 dihedrals

     BOX TYPE: RECTILINEAR

--------------------------------------------------------------------------------
   2.  CONTROL  DATA  FOR  THE  RUN
--------------------------------------------------------------------------------

MEA                                                                             

General flags:
     imin    =       0, nmropt  =       0

Nature and format of input:
     ntx     =       5, irest   =       1, ntrx    =       1

Nature and format of output:
     ntxo    =       2, ntpr    =     500, ntrx    =       1, ntwr    =  100000
     iwrap   =       1, ntwx    =    1000, ntwv    =       0, ntwe    =       0
     ioutfm  =       1, ntwprt  =       0, idecomp =       0, rbornstat=      0

Potential function:
     ntf     =       2, ntb     =       2, igb     =       0, nsnb    =      25
     ipol    =       0, gbsa    =       0, iesp    =       0
     dielc   =   1.00000, cut     =   4.00000, intdiel =   1.00000

Frozen or restrained atoms:
     ibelly  =       0, ntr     =       0

Molecular dynamics:
     nstlim  =    100000, nscm    =      1000, nrespa  =         1
     t       =   0.00000, dt      =   0.00100, vlimit  =  20.00000

Langevin dynamics temperature regulation:
     ig      =   71277
     temp0   = 300.00000, tempi   =   0.00000, gamma_ln=   2.00000

Pressure regulation:
     ntp     =       1
     pres0   =   1.00000, comp    =  44.60000, taup    =   2.00000

SHAKE:
     ntc     =       2, jfastw  =       0
     tol     =   0.00001

Ewald parameters:
     verbose =       0, ew_type =       0, nbflag  =       1, use_pme =       1
     vdwmeth =       1, eedmeth =       1, netfrc  =       1
     Box X =   18.243   Box Y =   15.121   Box Z =   14.778
     Alpha =   90.000   Beta  =   90.000   Gamma =   90.000
     NFFT1 =   18       NFFT2 =   15       NFFT3 =   15
     Cutoff=    4.000   Tol   =0.100E-04
     Ewald Coefficient =  0.72611
     Interpolation order =    4
|  INFO: Old style inpcrd file read


--------------------------------------------------------------------------------
   3.  ATOMIC COORDINATES AND VELOCITIES
--------------------------------------------------------------------------------

MEA                                                                             
 begin time read from input coords =   150.000 ps

 Number of triangulated 3-point waters found:       49

     Sum of charges from parm topology file =   0.00100100
     Forcing neutrality...

--------------------------------------------------------------------------------
   4.  RESULTS
--------------------------------------------------------------------------------

|  # of SOLUTE  degrees of freedom (RNDFP):     325.
|  # of SOLVENT degrees of freedom (RNDFS):       0.
|  NDFMIN =     325.     NUM_NOSHAKE =      0     CORRECTED RNDFP =     325.
|  TOTAL # of degrees of freedom (RNDF) =     325.
 ---------------------------------------------------
 APPROXIMATING switch and d/dx switch using CUBIC SPLINE INTERPOLATION
 using   5000.0 points per unit in tabled values
 TESTING RELATIVE ERROR over r ranging from 0.0 to cutoff
| CHECK switch(x): max rel err =   0.2738E-14   at   2.422500
| CHECK d/dx switch(x): max rel err =   0.8987E-11   at   2.875760
 ---------------------------------------------------
| Local SIZE OF NONBOND LIST =       4271
| TOTAL SIZE OF NONBOND LIST =       4271

 NSTEP =      500   TIME(PS) =     150.500  TEMP(K) =   298.08  PRESS =   242.7
 Etot   =      -418.4003  EKtot   =        96.2551  EPtot      =      -514.6554
 BOND   =         1.5882  ANGLE   =         6.1820  DIHED      =         1.3965
 1-4 NB =        -0.1158  1-4 EEL =       101.7785  VDWAALS    =        75.9636
 EELEC  =      -701.4484  EHBOND  =         0.0000  RESTRAINT  =         0.0000
 EKCMT  =        49.7228  VIRIAL  =        28.3338  VOLUME     =      4082.1915
                                                    Density    =         0.3988
 Ewald error estimate:   0.2467E+00
 ------------------------------------------------------------------------------

wrapping first mol.:       -0.00000      -15.14846        0.00000

 NSTEP =     1000   TIME(PS) =     151.000  TEMP(K) =   283.07  PRESS =  1189.8
 Etot   =      -426.2006  EKtot   =        91.4099  EPtot      =      -517.6104
 BOND   =         1.7215  ANGLE   =         5.4504  DIHED      =         2.1218
 1-4 NB =        -0.0664  1-4 EEL =       106.0247  VDWAALS    =        89.5274
 EELEC  =      -722.3899  EHBOND  =         0.0000  RESTRAINT  =         0.0000
 EKCMT  =        43.1403  VIRIAL  =       -62.1489  VOLUME     =      4098.7093
                                                    Density    =         0.3972
 Ewald error estimate:   0.2887E+00
 ------------------------------------------------------------------------------


 NSTEP =     1500   TIME(PS) =     151.500  TEMP(K) =   352.34  PRESS =  1115.7
 Etot   =      -402.0603  EKtot   =       113.7760  EPtot      =      -515.8362
 BOND   =         4.3853  ANGLE   =         4.2501  DIHED      =         1.7239
 1-4 NB =        -0.0322  1-4 EEL =       102.5331  VDWAALS    =        97.1265
 EELEC  =      -725.8230  EHBOND  =         0.0000  RESTRAINT  =         0.0000
 EKCMT  =        52.1289  VIRIAL  =       -46.5160  VOLUME     =      4094.9484
                                                    Density    =         0.3975
 Ewald error estimate:   0.2778E+00
 ------------------------------------------------------------------------------

wrapping first mol.:       -0.00000      -15.14867        0.00000

 NSTEP =     2000   TIME(PS) =     152.000  TEMP(K) =   346.37  PRESS =  -425.6
 Etot   =      -402.3049  EKtot   =       111.8485  EPtot      =      -514.1535
 BOND   =         0.4890  ANGLE   =         6.2508  DIHED      =         1.2999
 1-4 NB =         0.2174  1-4 EEL =       106.0985  VDWAALS    =        73.2078
 EELEC  =      -701.7168  EHBOND  =         0.0000  RESTRAINT  =         0.0000
 EKCMT  =        41.4010  VIRIAL  =        79.0699  VOLUME     =      4099.0293
                                                    Density    =         0.3971
 Ewald error estimate:   0.2172E+00
 ------------------------------------------------------------------------------


 NSTEP =     2500   TIME(PS) =     152.500  TEMP(K) =   325.51  PRESS =  1245.1
 Etot   =      -413.5394  EKtot   =       105.1141  EPtot      =      -518.6536
 BOND   =         1.1259  ANGLE   =         4.7549  DIHED      =         1.2240
 1-4 NB =         0.3908  1-4 EEL =       112.0840  VDWAALS    =        91.9093
 EELEC  =      -730.1425  EHBOND  =         0.0000  RESTRAINT  =         0.0000
 EKCMT  =        47.4241  VIRIAL  =       -62.7230  VOLUME     =      4097.1510
                                                    Density    =         0.3973
 Ewald error estimate:   0.2911E+00
 ------------------------------------------------------------------------------

wrapping first mol.:       -0.00000      -15.16234        0.00000

 NSTEP =     3000   TIME(PS) =     153.000  TEMP(K) =   304.41  PRESS =  -525.7
 Etot   =      -422.7201  EKtot   =        98.2984  EPtot      =      -521.0185
 BOND   =         2.4138  ANGLE   =         6.2339  DIHED      =         0.7738
 1-4 NB =         0.5458  1-4 EEL =       108.3315  VDWAALS    =        66.2401
 EELEC  =      -705.5574  EHBOND  =         0.0000  RESTRAINT  =         0.0000
 EKCMT  =        42.7675  VIRIAL  =        89.4228  VOLUME     =      4110.1413
                                                    Density    =         0.3961
 Ewald error estimate:   0.3258E+00
 ------------------------------------------------------------------------------


 NSTEP =     3500   TIME(PS) =     153.500  TEMP(K) =   304.64  PRESS =  -238.0
 Etot   =      -417.7424  EKtot   =        98.3751  EPtot      =      -516.1175
 BOND   =         1.0708  ANGLE   =         6.4599  DIHED      =         1.2824
 1-4 NB =         0.7857  1-4 EEL =       112.4827  VDWAALS    =        66.3899
 EELEC  =      -704.5890  EHBOND  =         0.0000  RESTRAINT  =         0.0000
 EKCMT  =        55.0465  VIRIAL  =        76.2090  VOLUME     =      4118.8456
                                                    Density    =         0.3952
 Ewald error estimate:   0.2546E+00
 ------------------------------------------------------------------------------

wrapping first mol.:       -0.00000      -15.18444        0.00000

 NSTEP =     4000   TIME(PS) =     154.000  TEMP(K) =   307.98  PRESS =   515.9
 Etot   =      -428.0954  EKtot   =        99.4528  EPtot      =      -527.5482
 BOND   =         0.1391  ANGLE   =         8.2788  DIHED      =         2.6647
 1-4 NB =         0.6353  1-4 EEL =       112.5246  VDWAALS    =        83.6956
 EELEC  =      -735.4864  EHBOND  =         0.0000  RESTRAINT  =         0.0000
 EKCMT  =        46.8367  VIRIAL  =         0.8555  VOLUME     =      4128.0446
                                                    Density    =         0.3944
 Ewald error estimate:   0.2841E+00
 ------------------------------------------------------------------------------


 NSTEP =     4500   TIME(PS) =     154.500  TEMP(K) =   291.51  PRESS =   117.3
 Etot   =      -426.7463  EKtot   =        94.1329  EPtot      =      -520.8793
 BOND   =         0.1569  ANGLE   =         4.7729  DIHED      =         1.8485
 1-4 NB =         0.5159  1-4 EEL =       112.4069  VDWAALS    =        82.5720
 EELEC  =      -723.1524  EHBOND  =         0.0000  RESTRAINT  =         0.0000
 EKCMT  =        40.4104  VIRIAL  =        29.8986  VOLUME     =      4150.2675
                                                    Density    =         0.3922
 Ewald error estimate:   0.2750E+00
 ------------------------------------------------------------------------------

wrapping first mol.:       -0.00000      -15.24364        0.00000

 NSTEP =     5000   TIME(PS) =     155.000  TEMP(K) =   260.19  PRESS =  1587.3
 Etot   =      -439.0493  EKtot   =        84.0208  EPtot      =      -523.0702
 BOND   =         0.1316  ANGLE   =         8.6642  DIHED      =         6.5450
 1-4 NB =         1.5106  1-4 EEL =       117.2851  VDWAALS    =       108.7562
 EELEC  =      -765.9628  EHBOND  =         0.0000  RESTRAINT  =         0.0000
 EKCMT  =        42.9930  VIRIAL  =      -100.1382  VOLUME     =      4176.4149
                                                    Density    =         0.3898
 Ewald error estimate:   0.3013E+00
 ------------------------------------------------------------------------------


 NSTEP =     5500   TIME(PS) =     155.500  TEMP(K) =   264.13  PRESS =   -65.5
 Etot   =      -436.5211  EKtot   =        85.2909  EPtot      =      -521.8120
 BOND   =         1.4683  ANGLE   =         9.7171  DIHED      =         1.6551
 1-4 NB =         2.7328  1-4 EEL =       117.9111  VDWAALS    =        73.9884
 EELEC  =      -729.2849  EHBOND  =         0.0000  RESTRAINT  =         0.0000
 EKCMT  =        36.0701  VIRIAL  =        42.0190  VOLUME     =      4203.5239
                                                    Density    =         0.3873
 Ewald error estimate:   0.3291E+00
 ------------------------------------------------------------------------------

wrapping first mol.:       -0.00000      -15.29527        0.00000

 NSTEP =     6000   TIME(PS) =     156.000  TEMP(K) =   314.08  PRESS =   194.4
 Etot   =      -416.4743  EKtot   =       101.4211  EPtot      =      -517.8954
 BOND   =         0.3611  ANGLE   =         3.7912  DIHED      =         0.6710
 1-4 NB =         0.0075  1-4 EEL =       106.6853  VDWAALS    =        78.8458
 EELEC  =      -708.2572  EHBOND  =         0.0000  RESTRAINT  =         0.0000
 EKCMT  =        38.8225  VIRIAL  =        21.1090  VOLUME     =      4219.1240
                                                    Density    =         0.3858
 Ewald error estimate:   0.3020E+00
 ------------------------------------------------------------------------------


 NSTEP =     6500   TIME(PS) =     156.500  TEMP(K) =   279.24  PRESS =   642.5
 Etot   =      -424.6696  EKtot   =        90.1704  EPtot      =      -514.8399
 BOND   =         3.2343  ANGLE   =         4.7764  DIHED      =         1.4202
 1-4 NB =         0.1518  1-4 EEL =       110.5806  VDWAALS    =        79.4399
 EELEC  =      -714.4430  EHBOND  =         0.0000  RESTRAINT  =         0.0000
 EKCMT  =        46.5111  VIRIAL  =       -12.0939  VOLUME     =      4224.3094
                                                    Density    =         0.3854
 Ewald error estimate:   0.3384E+00
 ------------------------------------------------------------------------------

wrapping first mol.:       -0.00000      -15.28819        0.00000

 NSTEP =     7000   TIME(PS) =     157.000  TEMP(K) =   269.33  PRESS =  1259.0
 Etot   =      -442.5487  EKtot   =        86.9726  EPtot      =      -529.5213
 BOND   =         1.1566  ANGLE   =         6.9397  DIHED      =         0.7406
 1-4 NB =         0.2325  1-4 EEL =       108.2340  VDWAALS    =        94.1200
 EELEC  =      -740.9448  EHBOND  =         0.0000  RESTRAINT  =         0.0000
 EKCMT  =        42.1326  VIRIAL  =       -72.3934  VOLUME     =      4213.1688
                                                    Density    =         0.3864
 Ewald error estimate:   0.3006E+00
 ------------------------------------------------------------------------------


 NSTEP =     7500   TIME(PS) =     157.500  TEMP(K) =   301.32  PRESS =  -185.3
 Etot   =      -431.8496  EKtot   =        97.3014  EPtot      =      -529.1511
 BOND   =         1.1375  ANGLE   =         5.0309  DIHED      =         1.3898
 1-4 NB =         0.2923  1-4 EEL =       109.8152  VDWAALS    =        74.8968
 EELEC  =      -721.7136  EHBOND  =         0.0000  RESTRAINT  =         0.0000
 EKCMT  =        38.4168  VIRIAL  =        55.3319  VOLUME     =      4228.2239
                                                    Density    =         0.3850
 Ewald error estimate:   0.2959E+00
 ------------------------------------------------------------------------------

wrapping first mol.:       -0.00000      -15.29980       14.95274

 NSTEP =     8000   TIME(PS) =     158.000  TEMP(K) =   288.86  PRESS =   178.8
 Etot   =      -415.4619  EKtot   =        93.2793  EPtot      =      -508.7412
 BOND   =         0.9155  ANGLE   =         5.9631  DIHED      =         1.0552
 1-4 NB =         0.2284  1-4 EEL =       106.8275  VDWAALS    =        74.7872
 EELEC  =      -698.5180  EHBOND  =         0.0000  RESTRAINT  =         0.0000
 EKCMT  =        44.7700  VIRIAL  =        28.4658  VOLUME     =      4222.8761
                                                    Density    =         0.3855
 Ewald error estimate:   0.2712E+00
 ------------------------------------------------------------------------------


 NSTEP =     8500   TIME(PS) =     158.500  TEMP(K) =   300.71  PRESS =   690.7
 Etot   =      -413.0436  EKtot   =        97.1050  EPtot      =      -510.1486
 BOND   =         1.6889  ANGLE   =         3.8643  DIHED      =         0.8563
 1-4 NB =         0.7681  1-4 EEL =       110.9950  VDWAALS    =        80.4659
 EELEC  =      -708.7872  EHBOND  =         0.0000  RESTRAINT  =         0.0000
 EKCMT  =        53.8800  VIRIAL  =        -9.2342  VOLUME     =      4232.2824
                                                    Density    =         0.3846
 Ewald error estimate:   0.3022E+00
 ------------------------------------------------------------------------------

wrapping first mol.:       -0.00000      -15.31524       14.96783

 NSTEP =     9000   TIME(PS) =     159.000  TEMP(K) =   358.57  PRESS =  -267.0
 Etot   =      -384.2533  EKtot   =       115.7887  EPtot      =      -500.0420
 BOND   =         0.8617  ANGLE   =         5.8758  DIHED      =         1.6661
 1-4 NB =        -0.0557  1-4 EEL =       105.2365  VDWAALS    =        66.5945
 EELEC  =      -680.2209  EHBOND  =         0.0000  RESTRAINT  =         0.0000
 EKCMT  =        58.7669  VIRIAL  =        83.1887  VOLUME     =      4235.7146
                                                    Density    =         0.3843
 Ewald error estimate:   0.2828E+00
 ------------------------------------------------------------------------------


 NSTEP =     9500   TIME(PS) =     159.500  TEMP(K) =   339.50  PRESS =  -632.5
 Etot   =      -382.9983  EKtot   =       109.6319  EPtot      =      -492.6301
 BOND   =         2.5399  ANGLE   =         2.8928  DIHED      =         1.6304
 1-4 NB =         0.4040  1-4 EEL =       110.7819  VDWAALS    =        55.4994
 EELEC  =      -666.3785  EHBOND  =         0.0000  RESTRAINT  =         0.0000
 EKCMT  =        52.9844  VIRIAL  =       110.7208  VOLUME     =      4227.6585
                                                    Density    =         0.3851
 Ewald error estimate:   0.3322E+00
 ------------------------------------------------------------------------------

wrapping first mol.:       -0.00000      -15.31432       14.96694

 NSTEP =    10000   TIME(PS) =     160.000  TEMP(K) =   327.84  PRESS =  -469.8
 Etot   =      -417.2202  EKtot   =       105.8644  EPtot      =      -523.0846
 BOND   =         2.1727  ANGLE   =         3.0885  DIHED      =         0.9817
 1-4 NB =         0.2093  1-4 EEL =       107.2868  VDWAALS    =        72.9501
 EELEC  =      -709.7737  EHBOND  =         0.0000  RESTRAINT  =         0.0000
 EKCMT  =        48.2442  VIRIAL  =        91.2011  VOLUME     =      4234.9780
                                                    Density    =         0.3844
 Ewald error estimate:   0.2702E+00
 ------------------------------------------------------------------------------


 NSTEP =    10500   TIME(PS) =     160.500  TEMP(K) =   271.02  PRESS =   256.4
 Etot   =      -424.1416  EKtot   =        87.5173  EPtot      =      -511.6589
 BOND   =         0.0491  ANGLE   =         2.7508  DIHED      =         1.7826
 1-4 NB =         0.1121  1-4 EEL =       109.7634  VDWAALS    =        78.2612
 EELEC  =      -704.3781  EHBOND  =         0.0000  RESTRAINT  =         0.0000
 EKCMT  =        43.3848  VIRIAL  =        19.9504  VOLUME     =      4232.7112
                                                    Density    =         0.3846
 Ewald error estimate:   0.3143E+00
 ------------------------------------------------------------------------------

wrapping first mol.:       -0.00000      -15.30627       14.95907

 NSTEP =    11000   TIME(PS) =     161.000  TEMP(K) =   290.45  PRESS =  -651.3
 Etot   =      -423.2748  EKtot   =        93.7909  EPtot      =      -517.0656
 BOND   =         0.3361  ANGLE   =         5.3073  DIHED      =         0.9870
 1-4 NB =         0.0013  1-4 EEL =       106.8380  VDWAALS    =        65.2328
 EELEC  =      -695.7682  EHBOND  =         0.0000  RESTRAINT  =         0.0000
 EKCMT  =        38.0472  VIRIAL  =        97.5086  VOLUME     =      4228.3167
                                                    Density    =         0.3850
 Ewald error estimate:   0.3053E+00
 ------------------------------------------------------------------------------


 NSTEP =    11500   TIME(PS) =     161.500  TEMP(K) =   273.96  PRESS =   299.2
 Etot   =      -427.2811  EKtot   =        88.4654  EPtot      =      -515.7465
 BOND   =         0.2770  ANGLE   =         4.5959  DIHED      =         2.5377
 1-4 NB =         1.4361  1-4 EEL =       115.8335  VDWAALS    =        75.6968
 EELEC  =      -716.1235  EHBOND  =         0.0000  RESTRAINT  =         0.0000
 EKCMT  =        37.9890  VIRIAL  =        10.7353  VOLUME     =      4219.4654
                                                    Density    =         0.3858
 Ewald error estimate:   0.2910E+00
 ------------------------------------------------------------------------------

wrapping first mol.:       -0.00000      -15.30248       14.95536

 NSTEP =    12000   TIME(PS) =     162.000  TEMP(K) =   287.64  PRESS =   -60.4
 Etot   =      -424.2684  EKtot   =        92.8856  EPtot      =      -517.1540
 BOND   =         0.7999  ANGLE   =         6.0129  DIHED      =         1.2542
 1-4 NB =         0.0657  1-4 EEL =       105.3161  VDWAALS    =        77.5291
 EELEC  =      -708.1319  EHBOND  =         0.0000  RESTRAINT  =         0.0000
 EKCMT  =        41.9159  VIRIAL  =        47.4256  VOLUME     =      4225.1217
                                                    Density    =         0.3853
 Ewald error estimate:   0.2887E+00
 ------------------------------------------------------------------------------


 NSTEP =    12500   TIME(PS) =     162.500  TEMP(K) =   329.26  PRESS =  -159.7
 Etot   =      -417.7521  EKtot   =       106.3247  EPtot      =      -524.0768
 BOND   =         0.7056  ANGLE   =         3.8276  DIHED      =         1.3148
 1-4 NB =         0.5350  1-4 EEL =       112.0982  VDWAALS    =        74.8250
 EELEC  =      -717.3830  EHBOND  =         0.0000  RESTRAINT  =         0.0000
 EKCMT  =        50.9438  VIRIAL  =        65.5251  VOLUME     =      4228.1391
                                                    Density    =         0.3850
 Ewald error estimate:   0.3078E+00
 ------------------------------------------------------------------------------

wrapping first mol.:       -0.00000      -15.30059       14.95351

 NSTEP =    13000   TIME(PS) =     163.000  TEMP(K) =   325.32  PRESS =  -262.5
 Etot   =      -423.2863  EKtot   =       105.0528  EPtot      =      -528.3391
 BOND   =         0.6344  ANGLE   =         5.1750  DIHED      =         2.8279
 1-4 NB =         0.6334  1-4 EEL =       112.3463  VDWAALS    =        68.8169
 EELEC  =      -718.7730  EHBOND  =         0.0000  RESTRAINT  =         0.0000
 EKCMT  =        53.3405  VIRIAL  =        77.2777  VOLUME     =      4223.5730
                                                    Density    =         0.3854
 Ewald error estimate:   0.3122E+00
 ------------------------------------------------------------------------------


 NSTEP =    13500   TIME(PS) =     163.500  TEMP(K) =   271.15  PRESS =   -80.0
 Etot   =      -444.7985  EKtot   =        87.5582  EPtot      =      -532.3567
 BOND   =         0.4005  ANGLE   =         6.3671  DIHED      =         2.0296
 1-4 NB =         0.1847  1-4 EEL =       109.1771  VDWAALS    =        78.1675
 EELEC  =      -728.6833  EHBOND  =         0.0000  RESTRAINT  =         0.0000
 EKCMT  =        39.3036  VIRIAL  =        46.5788  VOLUME     =      4213.4423
                                                    Density    =         0.3864
 Ewald error estimate:   0.2995E+00
 ------------------------------------------------------------------------------

wrapping first mol.:       -0.00000      -15.26745       14.92113

 NSTEP =    14000   TIME(PS) =     164.000  TEMP(K) =   289.83  PRESS =  -154.2
 Etot   =      -431.9437  EKtot   =        93.5913  EPtot      =      -525.5350
 BOND   =         0.5492  ANGLE   =         7.3324  DIHED      =         1.5076
 1-4 NB =         0.1144  1-4 EEL =       106.0964  VDWAALS    =        76.3544
 EELEC  =      -717.4895  EHBOND  =         0.0000  RESTRAINT  =         0.0000
 EKCMT  =        48.8255  VIRIAL  =        62.7958  VOLUME     =      4196.1819
                                                    Density    =         0.3879
 Ewald error estimate:   0.2848E+00
 ------------------------------------------------------------------------------


 NSTEP =    14500   TIME(PS) =     164.500  TEMP(K) =   318.60  PRESS =   -41.6
 Etot   =      -413.2676  EKtot   =       102.8804  EPtot      =      -516.1480
 BOND   =         0.8485  ANGLE   =         4.3150  DIHED      =         0.9826
 1-4 NB =         0.3625  1-4 EEL =       108.6660  VDWAALS    =        75.5916
 EELEC  =      -706.9142  EHBOND  =         0.0000  RESTRAINT  =         0.0000
 EKCMT  =        45.1341  VIRIAL  =        48.8968  VOLUME     =      4193.2407
                                                    Density    =         0.3882
 Ewald error estimate:   0.3313E+00
 ------------------------------------------------------------------------------

wrapping first mol.:       -0.00000      -15.26312       14.91690

 NSTEP =    15000   TIME(PS) =     165.000  TEMP(K) =   310.33  PRESS =  -573.2
 Etot   =      -414.1774  EKtot   =       100.2101  EPtot      =      -514.3876
 BOND   =         2.6892  ANGLE   =         2.1053  DIHED      =         1.3129
 1-4 NB =         0.0184  1-4 EEL =       106.4532  VDWAALS    =        65.7651
 EELEC  =      -692.7317  EHBOND  =         0.0000  RESTRAINT  =         0.0000
 EKCMT  =        43.5920  VIRIAL  =        95.4792  VOLUME     =      4192.6520
                                                    Density    =         0.3883
 Ewald error estimate:   0.2508E+00
 ------------------------------------------------------------------------------


 NSTEP =    15500   TIME(PS) =     165.500  TEMP(K) =   335.34  PRESS =   372.4
 Etot   =      -409.5933  EKtot   =       108.2891  EPtot      =      -517.8824
 BOND   =         0.6071  ANGLE   =         5.0760  DIHED      =         1.7728
 1-4 NB =         0.4680  1-4 EEL =       113.3262  VDWAALS    =        84.2360
 EELEC  =      -723.3685  EHBOND  =         0.0000  RESTRAINT  =         0.0000
 EKCMT  =        46.0641  VIRIAL  =        12.3219  VOLUME     =      4196.2440
                                                    Density    =         0.3879
 Ewald error estimate:   0.3200E+00
 ------------------------------------------------------------------------------

wrapping first mol.:       -0.00000      -15.27995       14.93334

 NSTEP =    16000   TIME(PS) =     166.000  TEMP(K) =   272.54  PRESS =   272.7
 Etot   =      -416.7275  EKtot   =        88.0074  EPtot      =      -504.7349
 BOND   =         0.5726  ANGLE   =         5.2705  DIHED      =         1.0215
 1-4 NB =         0.0421  1-4 EEL =       106.6966  VDWAALS    =        65.4450
 EELEC  =      -683.7831  EHBOND  =         0.0000  RESTRAINT  =         0.0000
 EKCMT  =        42.2656  VIRIAL  =        17.4962  VOLUME     =      4206.4557
                                                    Density    =         0.3870
 Ewald error estimate:   0.3091E+00
 ------------------------------------------------------------------------------


 NSTEP =    16500   TIME(PS) =     166.500  TEMP(K) =   331.72  PRESS = -1586.1
 Etot   =      -400.7044  EKtot   =       107.1172  EPtot      =      -507.8216
 BOND   =         1.6524  ANGLE   =         7.8100  DIHED      =         0.8135
 1-4 NB =        -0.1283  1-4 EEL =       102.4331  VDWAALS    =        45.1680
 EELEC  =      -665.5703  EHBOND  =         0.0000  RESTRAINT  =         0.0000
 EKCMT  =        45.3625  VIRIAL  =       189.1574  VOLUME     =      4198.8587
                                                    Density    =         0.3877
 Ewald error estimate:   0.3460E+00
 ------------------------------------------------------------------------------

wrapping first mol.:       -0.00000      -30.56022       14.93350

 NSTEP =    17000   TIME(PS) =     167.000  TEMP(K) =   261.18  PRESS =   -29.0
 Etot   =      -411.3304  EKtot   =        84.3404  EPtot      =      -495.6708
 BOND   =         1.3693  ANGLE   =         4.0305  DIHED      =         1.2795
 1-4 NB =        -0.0621  1-4 EEL =       105.5903  VDWAALS    =        67.2674
 EELEC  =      -675.1457  EHBOND  =         0.0000  RESTRAINT  =         0.0000
 EKCMT  =        36.7452  VIRIAL  =        39.3768  VOLUME     =      4206.6148
                                                    Density    =         0.3870
 Ewald error estimate:   0.3202E+00
 ------------------------------------------------------------------------------


 NSTEP =    17500   TIME(PS) =     167.500  TEMP(K) =   308.75  PRESS =   -37.8
 Etot   =      -411.0817  EKtot   =        99.7023  EPtot      =      -510.7840
 BOND   =         3.1466  ANGLE   =         3.8205  DIHED      =         1.4354
 1-4 NB =         0.2307  1-4 EEL =       108.2010  VDWAALS    =        64.5773
 EELEC  =      -692.1955  EHBOND  =         0.0000  RESTRAINT  =         0.0000
 EKCMT  =        48.5480  VIRIAL  =        51.9958  VOLUME     =      4221.3121
                                                    Density    =         0.3856
 Ewald error estimate:   0.3317E+00
 ------------------------------------------------------------------------------

wrapping first mol.:       -0.00000      -30.60649       14.95611

 NSTEP =    18000   TIME(PS) =     168.000  TEMP(K) =   324.44  PRESS =  1198.2
 Etot   =      -411.5637  EKtot   =       104.7684  EPtot      =      -516.3321
 BOND   =         0.7275  ANGLE   =         5.6591  DIHED      =         3.1818
 1-4 NB =        -0.1331  1-4 EEL =       103.6891  VDWAALS    =        88.4959
 EELEC  =      -717.9524  EHBOND  =         0.0000  RESTRAINT  =         0.0000
 EKCMT  =        50.8278  VIRIAL  =       -58.4902  VOLUME     =      4225.6359
                                                    Density    =         0.3852
 Ewald error estimate:   0.3097E+00
 ------------------------------------------------------------------------------


 NSTEP =    18500   TIME(PS) =     168.500  TEMP(K) =   295.86  PRESS =  -108.8
 Etot   =      -423.7433  EKtot   =        95.5386  EPtot      =      -519.2819
 BOND   =         0.3541  ANGLE   =         6.1254  DIHED      =         0.8563
 1-4 NB =        -0.0010  1-4 EEL =       106.1599  VDWAALS    =        67.8040
 EELEC  =      -700.5806  EHBOND  =         0.0000  RESTRAINT  =         0.0000
 EKCMT  =        43.2970  VIRIAL  =        53.2072  VOLUME     =      4218.3247
                                                    Density    =         0.3859
 Ewald error estimate:   0.3155E+00
 ------------------------------------------------------------------------------

wrapping first mol.:       -0.00000      -30.62125       14.96332

 NSTEP =    19000   TIME(PS) =     169.000  TEMP(K) =   303.75  PRESS =   771.6
 Etot   =      -427.7672  EKtot   =        98.0853  EPtot      =      -525.8525
 BOND   =         0.9331  ANGLE   =         6.3140  DIHED      =         1.1168
 1-4 NB =         0.1487  1-4 EEL =       108.3225  VDWAALS    =        89.3084
 EELEC  =      -731.9960  EHBOND  =         0.0000  RESTRAINT  =         0.0000
 EKCMT  =        40.7235  VIRIAL  =       -29.7771  VOLUME     =      4231.7916
                                                    Density    =         0.3847
 Ewald error estimate:   0.2717E+00
 ------------------------------------------------------------------------------


 NSTEP =    19500   TIME(PS) =     169.500  TEMP(K) =   286.73  PRESS =  -638.8
 Etot   =      -437.3961  EKtot   =        92.5895  EPtot      =      -529.9856
 BOND   =         0.7732  ANGLE   =         5.6820  DIHED      =         1.9764
 1-4 NB =         0.3260  1-4 EEL =       111.1495  VDWAALS    =        69.0298
 EELEC  =      -718.9225  EHBOND  =         0.0000  RESTRAINT  =         0.0000
 EKCMT  =        47.1541  VIRIAL  =       105.4520  VOLUME     =      4226.9685
                                                    Density    =         0.3851
 Ewald error estimate:   0.2848E+00
 ------------------------------------------------------------------------------

wrapping first mol.:       -0.00000      -30.63146       14.96831

 NSTEP =    20000   TIME(PS) =     170.000  TEMP(K) =   297.09  PRESS =   357.8
 Etot   =      -427.1478  EKtot   =        95.9357  EPtot      =      -523.0835
 BOND   =         0.3626  ANGLE   =         5.1451  DIHED      =         2.9368
 1-4 NB =         1.5865  1-4 EEL =       116.1951  VDWAALS    =        82.5946
 EELEC  =      -731.9042  EHBOND  =         0.0000  RESTRAINT  =         0.0000
 EKCMT  =        39.9087  VIRIAL  =         7.1804  VOLUME     =      4236.0645
                                                    Density    =         0.3843
 Ewald error estimate:   0.2410E+00
 ------------------------------------------------------------------------------


 NSTEP =    20500   TIME(PS) =     170.500  TEMP(K) =   310.62  PRESS =   365.1
 Etot   =      -429.0822  EKtot   =       100.3060  EPtot      =      -529.3882
 BOND   =         0.7859  ANGLE   =         5.8602  DIHED      =         0.7748
 1-4 NB =         0.3205  1-4 EEL =       108.0370  VDWAALS    =        81.9233
 EELEC  =      -727.0899  EHBOND  =         0.0000  RESTRAINT  =         0.0000
 EKCMT  =        49.1216  VIRIAL  =        15.7925  VOLUME     =      4228.4282
                                                    Density    =         0.3850
 Ewald error estimate:   0.3086E+00
 ------------------------------------------------------------------------------

wrapping first mol.:       -0.00000      -30.66053       14.98252

 NSTEP =    21000   TIME(PS) =     171.000  TEMP(K) =   349.67  PRESS =   735.9
 Etot   =      -416.0501  EKtot   =       112.9151  EPtot      =      -528.9652
 BOND   =         0.7624  ANGLE   =         3.1603  DIHED      =         1.4220
 1-4 NB =         0.2994  1-4 EEL =       110.7249  VDWAALS    =        90.9758
 EELEC  =      -736.3099  EHBOND  =         0.0000  RESTRAINT  =         0.0000
 EKCMT  =        53.3946  VIRIAL  =       -14.0994  VOLUME     =      4248.1036
                                                    Density    =         0.3832
 Ewald error estimate:   0.2493E+00
 ------------------------------------------------------------------------------


 NSTEP =    21500   TIME(PS) =     171.500  TEMP(K) =   296.79  PRESS =  1097.2
 Etot   =      -422.2918  EKtot   =        95.8405  EPtot      =      -518.1323
 BOND   =         0.1871  ANGLE   =         5.8280  DIHED      =         3.0656
 1-4 NB =         0.2938  1-4 EEL =       108.0970  VDWAALS    =        91.0486
 EELEC  =      -726.6523  EHBOND  =         0.0000  RESTRAINT  =         0.0000
 EKCMT  =        47.2442  VIRIAL  =       -53.8566  VOLUME     =      4267.5907
                                                    Density    =         0.3815
 Ewald error estimate:   0.2709E+00
 ------------------------------------------------------------------------------

wrapping first mol.:       -0.00000      -30.72009       15.01162

 NSTEP =    22000   TIME(PS) =     172.000  TEMP(K) =   300.65  PRESS =   317.2
 Etot   =      -422.9770  EKtot   =        97.0852  EPtot      =      -520.0622
 BOND   =         1.5967  ANGLE   =         5.5590  DIHED      =         0.9045
 1-4 NB =         0.2462  1-4 EEL =       111.0165  VDWAALS    =        74.7315
 EELEC  =      -714.1166  EHBOND  =         0.0000  RESTRAINT  =         0.0000
 EKCMT  =        41.6662  VIRIAL  =        12.3978  VOLUME     =      4272.9454
                                                    Density    =         0.3810
 Ewald error estimate:   0.3564E+00
 ------------------------------------------------------------------------------


 NSTEP =    22500   TIME(PS) =     172.500  TEMP(K) =   299.18  PRESS =  -548.1
 Etot   =      -421.3555  EKtot   =        96.6104  EPtot      =      -517.9659
 BOND   =         0.7573  ANGLE   =         7.8792  DIHED      =         1.2183
 1-4 NB =         0.2098  1-4 EEL =       107.2017  VDWAALS    =        61.0290
 EELEC  =      -696.2611  EHBOND  =         0.0000  RESTRAINT  =         0.0000
 EKCMT  =        49.8321  VIRIAL  =       100.3486  VOLUME     =      4268.4209
                                                    Density    =         0.3814
 Ewald error estimate:   0.2957E+00
 ------------------------------------------------------------------------------

wrapping first mol.:       -0.00000      -15.34530       14.99721

 NSTEP =    23000   TIME(PS) =     173.000  TEMP(K) =   326.61  PRESS =   503.0
 Etot   =      -410.4675  EKtot   =       105.4677  EPtot      =      -515.9352
 BOND   =         0.7615  ANGLE   =         4.1872  DIHED      =         2.0030
 1-4 NB =         0.5126  1-4 EEL =       111.4545  VDWAALS    =        80.6296
 EELEC  =      -715.4835  EHBOND  =         0.0000  RESTRAINT  =         0.0000
 EKCMT  =        48.6662  VIRIAL  =         2.3935  VOLUME     =      4260.6388
                                                    Density    =         0.3821
 Ewald error estimate:   0.2878E+00
 ------------------------------------------------------------------------------


 NSTEP =    23500   TIME(PS) =     173.500  TEMP(K) =   333.18  PRESS =  -160.9
 Etot   =      -410.4683  EKtot   =       107.5916  EPtot      =      -518.0599
 BOND   =         3.9771  ANGLE   =         4.3328  DIHED      =         2.4227
 1-4 NB =         0.3748  1-4 EEL =       109.9140  VDWAALS    =        72.6586
 EELEC  =      -711.7399  EHBOND  =         0.0000  RESTRAINT  =         0.0000
 EKCMT  =        51.0819  VIRIAL  =        65.8848  VOLUME     =      4260.4495
                                                    Density    =         0.3821
 Ewald error estimate:   0.2889E+00
 ------------------------------------------------------------------------------

wrapping first mol.:       -0.00000      -15.34928       15.00109

 NSTEP =    24000   TIME(PS) =     174.000  TEMP(K) =   319.10  PRESS =   562.6
 Etot   =      -424.9488  EKtot   =       103.0426  EPtot      =      -527.9914
 BOND   =         1.4910  ANGLE   =         4.3451  DIHED      =         1.7435
 1-4 NB =         0.0153  1-4 EEL =       104.4496  VDWAALS    =        81.4870
 EELEC  =      -721.5229  EHBOND  =         0.0000  RESTRAINT  =         0.0000
 EKCMT  =        46.8521  VIRIAL  =        -4.9398  VOLUME     =      4263.9412
                                                    Density    =         0.3818
 Ewald error estimate:   0.3523E+00
 ------------------------------------------------------------------------------


 NSTEP =    24500   TIME(PS) =     174.500  TEMP(K) =   301.62  PRESS =  -755.8
 Etot   =      -411.4976  EKtot   =        97.4001  EPtot      =      -508.8977
 BOND   =         2.5322  ANGLE   =         3.9174  DIHED      =         1.6738
 1-4 NB =         0.3729  1-4 EEL =       109.5367  VDWAALS    =        64.2317
 EELEC  =      -691.1623  EHBOND  =         0.0000  RESTRAINT  =         0.0000
 EKCMT  =        50.3326  VIRIAL  =       120.1182  VOLUME     =      4276.6151
                                                    Density    =         0.3807
 Ewald error estimate:   0.2440E+00
 ------------------------------------------------------------------------------

wrapping first mol.:       -0.00000      -15.36124       15.01279

 NSTEP =    25000   TIME(PS) =     175.000  TEMP(K) =   309.19  PRESS =  -270.3
 Etot   =      -410.1456  EKtot   =        99.8426  EPtot      =      -509.9882
 BOND   =         0.3054  ANGLE   =         6.7214  DIHED      =         1.6685
 1-4 NB =        -0.0367  1-4 EEL =       106.6826  VDWAALS    =        69.5579
 EELEC  =      -694.8874  EHBOND  =         0.0000  RESTRAINT  =         0.0000
 EKCMT  =        48.3450  VIRIAL  =        73.2890  VOLUME     =      4273.9993
                                                    Density    =         0.3809
 Ewald error estimate:   0.2856E+00
 ------------------------------------------------------------------------------


 NSTEP =    25500   TIME(PS) =     175.500  TEMP(K) =   284.42  PRESS =  -887.9
 Etot   =      -419.2124  EKtot   =        91.8454  EPtot      =      -511.0578
 BOND   =         1.7077  ANGLE   =         3.5532  DIHED      =         1.3485
 1-4 NB =         0.0814  1-4 EEL =       106.3829  VDWAALS    =        54.0929
 EELEC  =      -678.2243  EHBOND  =         0.0000  RESTRAINT  =         0.0000
 EKCMT  =        43.8787  VIRIAL  =       125.8338  VOLUME     =      4274.8622
                                                    Density    =         0.3808
 Ewald error estimate:   0.3056E+00
 ------------------------------------------------------------------------------

wrapping first mol.:       -0.00000      -30.70883       15.00612

 NSTEP =    26000   TIME(PS) =     176.000  TEMP(K) =   369.50  PRESS =  1172.5
 Etot   =      -409.5137  EKtot   =       119.3180  EPtot      =      -528.8317
 BOND   =         1.5000  ANGLE   =         8.1704  DIHED      =         0.8249
 1-4 NB =         0.3688  1-4 EEL =       108.3772  VDWAALS    =        98.4774
 EELEC  =      -746.5503  EHBOND  =         0.0000  RESTRAINT  =         0.0000
 EKCMT  =        58.4103  VIRIAL  =       -49.6449  VOLUME     =      4268.1692
                                                    Density    =         0.3814
 Ewald error estimate:   0.3036E+00
 ------------------------------------------------------------------------------


 NSTEP =    26500   TIME(PS) =     176.500  TEMP(K) =   295.05  PRESS =   692.8
 Etot   =      -410.7276  EKtot   =        95.2785  EPtot      =      -506.0060
 BOND   =         1.3602  ANGLE   =         5.5641  DIHED      =         1.7389
 1-4 NB =         0.1895  1-4 EEL =       102.1508  VDWAALS    =        84.9287
 EELEC  =      -701.9381  EHBOND  =         0.0000  RESTRAINT  =         0.0000
 EKCMT  =        44.3461  VIRIAL  =       -19.6951  VOLUME     =      4281.3981
                                                    Density    =         0.3802
 Ewald error estimate:   0.3040E+00
 ------------------------------------------------------------------------------

wrapping first mol.:       -0.00000      -15.38073       15.03184

 NSTEP =    27000   TIME(PS) =     177.000  TEMP(K) =   328.69  PRESS =   484.6
 Etot   =      -400.3313  EKtot   =       106.1408  EPtot      =      -506.4721
 BOND   =         1.2482  ANGLE   =         9.1231  DIHED      =         1.0519
 1-4 NB =         0.5170  1-4 EEL =       108.9107  VDWAALS    =        75.1044
 EELEC  =      -702.4274  EHBOND  =         0.0000  RESTRAINT  =         0.0000
 EKCMT  =        48.0314  VIRIAL  =         3.1421  VOLUME     =      4290.2182
                                                    Density    =         0.3794
 Ewald error estimate:   0.3220E+00
 ------------------------------------------------------------------------------


 NSTEP =    27500   TIME(PS) =     177.500  TEMP(K) =   314.21  PRESS =  1162.0
 Etot   =      -397.3021  EKtot   =       101.4654  EPtot      =      -498.7676
 BOND   =         3.2709  ANGLE   =         5.3511  DIHED      =         2.4177
 1-4 NB =         0.1474  1-4 EEL =       109.5801  VDWAALS    =        85.1300
 EELEC  =      -704.6649  EHBOND  =         0.0000  RESTRAINT  =         0.0000
 EKCMT  =        45.3007  VIRIAL  =       -63.0338  VOLUME     =      4317.9544
                                                    Density    =         0.3770
 Ewald error estimate:   0.3286E+00
 ------------------------------------------------------------------------------

wrapping first mol.:       -0.00000      -30.90008       15.09957

 NSTEP =    28000   TIME(PS) =     178.000  TEMP(K) =   313.56  PRESS =  1185.7
 Etot   =      -406.0534  EKtot   =       101.2530  EPtot      =      -507.3064
 BOND   =         0.2996  ANGLE   =         5.9103  DIHED      =         1.2136
 1-4 NB =         0.1605  1-4 EEL =       108.2656  VDWAALS    =        91.8860
 EELEC  =      -715.0421  EHBOND  =         0.0000  RESTRAINT  =         0.0000
 EKCMT  =        52.8505  VIRIAL  =       -58.4689  VOLUME     =      4348.4078
                                                    Density    =         0.3744
 Ewald error estimate:   0.3093E+00
 ------------------------------------------------------------------------------


 NSTEP =    28500   TIME(PS) =     178.500  TEMP(K) =   280.92  PRESS =   884.9
 Etot   =      -436.6857  EKtot   =        90.7127  EPtot      =      -527.3984
 BOND   =         0.0743  ANGLE   =         6.6568  DIHED      =         1.0059
 1-4 NB =         0.0312  1-4 EEL =       103.9108  VDWAALS    =        91.9563
 EELEC  =      -731.0336  EHBOND  =         0.0000  RESTRAINT  =         0.0000
 EKCMT  =        33.8402  VIRIAL  =       -49.1292  VOLUME     =      4342.4532
                                                    Density    =         0.3749
 Ewald error estimate:   0.2626E+00
 ------------------------------------------------------------------------------

wrapping first mol.:       -0.00000      -30.89942       15.09925

 NSTEP =    29000   TIME(PS) =     179.000  TEMP(K) =   312.14  PRESS =   -99.3
 Etot   =      -425.2775  EKtot   =       100.7961  EPtot      =      -526.0737
 BOND   =         2.0703  ANGLE   =         3.9094  DIHED      =         1.6557
 1-4 NB =         0.3332  1-4 EEL =       110.3571  VDWAALS    =        63.2001
 EELEC  =      -707.5995  EHBOND  =         0.0000  RESTRAINT  =         0.0000
 EKCMT  =        51.3267  VIRIAL  =        60.6473  VOLUME     =      4348.2548
                                                    Density    =         0.3744
 Ewald error estimate:   0.3468E+00
 ------------------------------------------------------------------------------


 NSTEP =    29500   TIME(PS) =     179.500  TEMP(K) =   317.10  PRESS =   181.7
 Etot   =      -412.0769  EKtot   =       102.3962  EPtot      =      -514.4732
 BOND   =         0.7441  ANGLE   =         3.8085  DIHED      =         1.4225
 1-4 NB =         0.7579  1-4 EEL =       111.9276  VDWAALS    =        71.7050
 EELEC  =      -704.8387  EHBOND  =         0.0000  RESTRAINT  =         0.0000
 EKCMT  =        48.1705  VIRIAL  =        31.0008  VOLUME     =      4377.2307
                                                    Density    =         0.3719
 Ewald error estimate:   0.3082E+00
 ------------------------------------------------------------------------------

wrapping first mol.:       -0.00000      -31.02490        0.00000

 NSTEP =    30000   TIME(PS) =     180.000  TEMP(K) =   327.65  PRESS =   169.4
 Etot   =      -414.8436  EKtot   =       105.8048  EPtot      =      -520.6484
 BOND   =         0.7908  ANGLE   =         5.6821  DIHED      =         0.9460
 1-4 NB =         0.0042  1-4 EEL =       105.9100  VDWAALS    =        75.7409
 EELEC  =      -709.7226  EHBOND  =         0.0000  RESTRAINT  =         0.0000
 EKCMT  =        52.8265  VIRIAL  =        36.7272  VOLUME     =      4401.4173
                                                    Density    =         0.3699
 Ewald error estimate:   0.2790E+00
 ------------------------------------------------------------------------------


 NSTEP =    30500   TIME(PS) =     180.500  TEMP(K) =   334.46  PRESS =   173.9
 Etot   =      -421.7238  EKtot   =       108.0047  EPtot      =      -529.7285
 BOND   =         0.3226  ANGLE   =         7.4917  DIHED      =         0.9697
 1-4 NB =         0.4788  1-4 EEL =       110.4480  VDWAALS    =        69.7042
 EELEC  =      -719.1434  EHBOND  =         0.0000  RESTRAINT  =         0.0000
 EKCMT  =        53.0959  VIRIAL  =        36.5470  VOLUME     =      4406.5122
                                                    Density    =         0.3694
 Ewald error estimate:   0.3264E+00
 ------------------------------------------------------------------------------

wrapping first mol.:       -0.00000      -31.07093       15.18306

 NSTEP =    31000   TIME(PS) =     181.000  TEMP(K) =   325.40  PRESS =   711.5
 Etot   =      -432.7151  EKtot   =       105.0788  EPtot      =      -537.7939
 BOND   =         0.8609  ANGLE   =         6.9532  DIHED      =         0.8736
 1-4 NB =         0.9304  1-4 EEL =       111.3512  VDWAALS    =        97.0386
 EELEC  =      -755.8018  EHBOND  =         0.0000  RESTRAINT  =         0.0000
 EKCMT  =        43.3286  VIRIAL  =       -24.5885  VOLUME     =      4420.9851
                                                    Density    =         0.3682
 Ewald error estimate:   0.2983E+00
 ------------------------------------------------------------------------------


 NSTEP =    31500   TIME(PS) =     181.500  TEMP(K) =   295.09  PRESS =   558.7
 Etot   =      -435.1996  EKtot   =        95.2911  EPtot      =      -530.4907
 BOND   =         0.5575  ANGLE   =         5.1533  DIHED      =         1.6406
 1-4 NB =         0.3619  1-4 EEL =       111.3441  VDWAALS    =        91.9218
 EELEC  =      -741.4700  EHBOND  =         0.0000  RESTRAINT  =         0.0000
 EKCMT  =        37.0038  VIRIAL  =       -16.5927  VOLUME     =      4443.1502
                                                    Density    =         0.3664
 Ewald error estimate:   0.3320E+00
 ------------------------------------------------------------------------------

wrapping first mol.:       -0.00000      -31.14317       15.21836

 NSTEP =    32000   TIME(PS) =     182.000  TEMP(K) =   321.00  PRESS =  -121.4
 Etot   =      -420.8247  EKtot   =       103.6578  EPtot      =      -524.4826
 BOND   =         2.2566  ANGLE   =         5.4096  DIHED      =         2.1267
 1-4 NB =         0.2662  1-4 EEL =       100.1181  VDWAALS    =        73.0530
 EELEC  =      -707.7129  EHBOND  =         0.0000  RESTRAINT  =         0.0000
 EKCMT  =        52.0362  VIRIAL  =        63.7056  VOLUME     =      4451.9744
                                                    Density    =         0.3657
 Ewald error estimate:   0.3224E+00
 ------------------------------------------------------------------------------


 NSTEP =    32500   TIME(PS) =     182.500  TEMP(K) =   271.70  PRESS =   194.9
 Etot   =      -425.8221  EKtot   =        87.7372  EPtot      =      -513.5593
 BOND   =         0.3302  ANGLE   =         2.9981  DIHED      =         1.3750
 1-4 NB =        -0.1238  1-4 EEL =       103.3327  VDWAALS    =        72.7157
 EELEC  =      -694.1872  EHBOND  =         0.0000  RESTRAINT  =         0.0000
 EKCMT  =        40.8433  VIRIAL  =        22.0791  VOLUME     =      4459.8645
                                                    Density    =         0.3650
 Ewald error estimate:   0.3203E+00
 ------------------------------------------------------------------------------

wrapping first mol.:       -0.00000      -31.20189       15.24706

 NSTEP =    33000   TIME(PS) =     183.000  TEMP(K) =   275.16  PRESS =  -431.8
 Etot   =      -448.2515  EKtot   =        88.8547  EPtot      =      -537.1062
 BOND   =         1.7777  ANGLE   =         2.6647  DIHED      =         0.9190
 1-4 NB =         0.0000  1-4 EEL =       107.1623  VDWAALS    =        72.4831
 EELEC  =      -722.1130  EHBOND  =         0.0000  RESTRAINT  =         0.0000
 EKCMT  =        49.8335  VIRIAL  =        91.5720  VOLUME     =      4477.2360
                                                    Density    =         0.3636
 Ewald error estimate:   0.3678E+00
 ------------------------------------------------------------------------------


 NSTEP =    33500   TIME(PS) =     183.500  TEMP(K) =   289.88  PRESS =   106.6
 Etot   =      -436.9439  EKtot   =        93.6062  EPtot      =      -530.5501
 BOND   =         0.3288  ANGLE   =         2.3781  DIHED      =         3.9861
 1-4 NB =         0.1776  1-4 EEL =       110.4556  VDWAALS    =        75.3436
 EELEC  =      -723.2198  EHBOND  =         0.0000  RESTRAINT  =         0.0000
 EKCMT  =        43.4153  VIRIAL  =        33.0557  VOLUME     =      4502.0053
                                                    Density    =         0.3616
 Ewald error estimate:   0.3593E+00
 ------------------------------------------------------------------------------

wrapping first mol.:       -0.00000      -31.27469       15.28263

 NSTEP =    34000   TIME(PS) =     184.000  TEMP(K) =   294.03  PRESS =  -492.6
 Etot   =      -432.8142  EKtot   =        94.9488  EPtot      =      -527.7630
 BOND   =         0.9821  ANGLE   =        10.1352  DIHED      =         1.2322
 1-4 NB =         0.3060  1-4 EEL =       107.1602  VDWAALS    =        62.6798
 EELEC  =      -710.2585  EHBOND  =         0.0000  RESTRAINT  =         0.0000
 EKCMT  =        45.3010  VIRIAL  =        93.2561  VOLUME     =      4508.6519
                                                    Density    =         0.3611
 Ewald error estimate:   0.3853E+00
 ------------------------------------------------------------------------------


 NSTEP =    34500   TIME(PS) =     184.500  TEMP(K) =   271.70  PRESS =  -570.5
 Etot   =      -437.9202  EKtot   =        87.7374  EPtot      =      -525.6576
 BOND   =         1.1456  ANGLE   =         6.8461  DIHED      =         3.1014
 1-4 NB =         0.5781  1-4 EEL =       112.4922  VDWAALS    =        67.3035
 EELEC  =      -717.1244  EHBOND  =         0.0000  RESTRAINT  =         0.0000
 EKCMT  =        49.9980  VIRIAL  =       105.6511  VOLUME     =      4518.2372
                                                    Density    =         0.3603
 Ewald error estimate:   0.3436E+00
 ------------------------------------------------------------------------------

wrapping first mol.:       -0.00000      -31.31373       15.30171

 NSTEP =    35000   TIME(PS) =     185.000  TEMP(K) =   291.19  PRESS =   140.7
 Etot   =      -444.1520  EKtot   =        94.0300  EPtot      =      -538.1820
 BOND   =         1.0836  ANGLE   =         2.9983  DIHED      =         2.2181
 1-4 NB =         0.9434  1-4 EEL =       113.8426  VDWAALS    =        80.0704
 EELEC  =      -739.3384  EHBOND  =         0.0000  RESTRAINT  =         0.0000
 EKCMT  =        38.5988  VIRIAL  =        24.8488  VOLUME     =      4525.4966
                                                    Density    =         0.3597
 Ewald error estimate:   0.2960E+00
 ------------------------------------------------------------------------------


 NSTEP =    35500   TIME(PS) =     185.500  TEMP(K) =   305.74  PRESS =   -85.5
 Etot   =      -410.7248  EKtot   =        98.7278  EPtot      =      -509.4526
 BOND   =         1.9281  ANGLE   =         7.4960  DIHED      =         1.8915
 1-4 NB =         0.9467  1-4 EEL =       113.7174  VDWAALS    =        71.0585
 EELEC  =      -706.4907  EHBOND  =         0.0000  RESTRAINT  =         0.0000
 EKCMT  =        46.3539  VIRIAL  =        54.7422  VOLUME     =      4545.4471
                                                    Density    =         0.3581
 Ewald error estimate:   0.2997E+00
 ------------------------------------------------------------------------------

wrapping first mol.:       -0.00000      -31.38736       15.33769

 NSTEP =    36000   TIME(PS) =     186.000  TEMP(K) =   306.98  PRESS =   862.4
 Etot   =      -423.6718  EKtot   =        99.1282  EPtot      =      -522.8001
 BOND   =         0.0729  ANGLE   =         4.7203  DIHED      =         0.8157
 1-4 NB =         0.1051  1-4 EEL =       107.2861  VDWAALS    =        94.5067
 EELEC  =      -730.3067  EHBOND  =         0.0000  RESTRAINT  =         0.0000
 EKCMT  =        44.2905  VIRIAL  =       -40.5668  VOLUME     =      4557.4187
                                                    Density    =         0.3572
 Ewald error estimate:   0.2915E+00
 ------------------------------------------------------------------------------


 NSTEP =    36500   TIME(PS) =     186.500  TEMP(K) =   271.09  PRESS =  -393.5
 Etot   =      -420.5796  EKtot   =        87.5401  EPtot      =      -508.1197
 BOND   =         0.3362  ANGLE   =         8.3649  DIHED      =         0.7899
 1-4 NB =        -0.0591  1-4 EEL =       106.4585  VDWAALS    =        66.8931
 EELEC  =      -690.9031  EHBOND  =         0.0000  RESTRAINT  =         0.0000
 EKCMT  =        43.0904  VIRIAL  =        81.9503  VOLUME     =      4573.9330
                                                    Density    =         0.3559
 Ewald error estimate:   0.3814E+00
 ------------------------------------------------------------------------------

wrapping first mol.:       -0.00000      -31.46089        0.00000

 NSTEP =    37000   TIME(PS) =     187.000  TEMP(K) =   341.46  PRESS =   165.1
 Etot   =      -417.1122  EKtot   =       110.2627  EPtot      =      -527.3749
 BOND   =         0.2285  ANGLE   =         4.0527  DIHED      =         1.3834
 1-4 NB =         0.4440  1-4 EEL =       111.0463  VDWAALS    =        72.2259
 EELEC  =      -716.7558  EHBOND  =         0.0000  RESTRAINT  =         0.0000
 EKCMT  =        48.0750  VIRIAL  =        31.7189  VOLUME     =      4589.5958
                                                    Density    =         0.3547
 Ewald error estimate:   0.3919E+00
 ------------------------------------------------------------------------------


 NSTEP =    37500   TIME(PS) =     187.500  TEMP(K) =   314.99  PRESS =  1001.6
 Etot   =      -410.2395  EKtot   =       101.7161  EPtot      =      -511.9556
 BOND   =         0.1351  ANGLE   =         7.3208  DIHED      =         2.2373
 1-4 NB =         0.0730  1-4 EEL =       103.5308  VDWAALS    =        91.3581
 EELEC  =      -716.6108  EHBOND  =         0.0000  RESTRAINT  =         0.0000
 EKCMT  =        40.9672  VIRIAL  =       -58.7819  VOLUME     =      4612.2826
                                                    Density    =         0.3529
 Ewald error estimate:   0.3751E+00
 ------------------------------------------------------------------------------

wrapping first mol.:       -0.00000      -31.56921        0.00000

 NSTEP =    38000   TIME(PS) =     188.000  TEMP(K) =   320.10  PRESS =   261.7
 Etot   =      -415.7454  EKtot   =       103.3651  EPtot      =      -519.1105
 BOND   =         0.1796  ANGLE   =         6.0021  DIHED      =         2.0587
 1-4 NB =         0.0003  1-4 EEL =       105.0097  VDWAALS    =        79.5294
 EELEC  =      -711.8902  EHBOND  =         0.0000  RESTRAINT  =         0.0000
 EKCMT  =        54.8570  VIRIAL  =        28.6539  VOLUME     =      4637.1570
                                                    Density    =         0.3511
 Ewald error estimate:   0.3337E+00
 ------------------------------------------------------------------------------


 NSTEP =    38500   TIME(PS) =     188.500  TEMP(K) =   289.16  PRESS =  1176.4
 Etot   =      -427.5117  EKtot   =        93.3746  EPtot      =      -520.8863
 BOND   =         1.2604  ANGLE   =         5.3589  DIHED      =         1.5014
 1-4 NB =         0.1517  1-4 EEL =       105.9671  VDWAALS    =        89.5245
 EELEC  =      -724.6502  EHBOND  =         0.0000  RESTRAINT  =         0.0000
 EKCMT  =        50.2264  VIRIAL  =       -68.1071  VOLUME     =      4658.9310
                                                    Density    =         0.3494
 Ewald error estimate:   0.3300E+00
 ------------------------------------------------------------------------------

wrapping first mol.:       -0.00000      -31.70191        0.00000

 NSTEP =    39000   TIME(PS) =     189.000  TEMP(K) =   325.73  PRESS =  1128.4
 Etot   =      -437.1220  EKtot   =       105.1836  EPtot      =      -542.3056
 BOND   =         0.1446  ANGLE   =         4.0764  DIHED      =         1.2683
 1-4 NB =         0.2310  1-4 EEL =       108.6678  VDWAALS    =       101.3482
 EELEC  =      -758.0419  EHBOND  =         0.0000  RESTRAINT  =         0.0000
 EKCMT  =        46.7718  VIRIAL  =       -67.6321  VOLUME     =      4695.7875
                                                    Density    =         0.3467
 Ewald error estimate:   0.3121E+00
 ------------------------------------------------------------------------------


 NSTEP =    39500   TIME(PS) =     189.500  TEMP(K) =   316.21  PRESS =   615.1
 Etot   =      -427.3944  EKtot   =       102.1098  EPtot      =      -529.5041
 BOND   =         0.9704  ANGLE   =         4.4637  DIHED      =         0.7800
 1-4 NB =         0.0363  1-4 EEL =       107.8809  VDWAALS    =        83.7268
 EELEC  =      -727.3622  EHBOND  =         0.0000  RESTRAINT  =         0.0000
 EKCMT  =        49.5297  VIRIAL  =       -13.3153  VOLUME     =      4732.3742
                                                    Density    =         0.3440
 Ewald error estimate:   0.3784E+00
 ------------------------------------------------------------------------------

wrapping first mol.:       -0.00000      -31.83539        0.00000

 NSTEP =    40000   TIME(PS) =     190.000  TEMP(K) =   327.42  PRESS =  -265.6
 Etot   =      -412.8440  EKtot   =       105.7314  EPtot      =      -518.5753
 BOND   =         2.0973  ANGLE   =         9.0928  DIHED      =         2.0830
 1-4 NB =         0.0933  1-4 EEL =       107.6222  VDWAALS    =        64.5273
 EELEC  =      -704.0913  EHBOND  =         0.0000  RESTRAINT  =         0.0000
 EKCMT  =        51.6913  VIRIAL  =        78.9596  VOLUME     =      4755.4986
                                                    Density    =         0.3423
 Ewald error estimate:   0.4249E+00
 ------------------------------------------------------------------------------


 NSTEP =    40500   TIME(PS) =     190.500  TEMP(K) =   313.19  PRESS =   955.7
 Etot   =      -435.3714  EKtot   =       101.1360  EPtot      =      -536.5074
 BOND   =         1.1114  ANGLE   =         4.6627  DIHED      =         2.4439
 1-4 NB =         0.5436  1-4 EEL =       111.9854  VDWAALS    =        86.6517
 EELEC  =      -743.9061  EHBOND  =         0.0000  RESTRAINT  =         0.0000
 EKCMT  =        41.8461  VIRIAL  =       -56.6589  VOLUME     =      4773.8573
                                                    Density    =         0.3410
 Ewald error estimate:   0.4020E+00
 ------------------------------------------------------------------------------

wrapping first mol.:       -0.00000      -31.94046        0.00000

 NSTEP =    41000   TIME(PS) =     191.000  TEMP(K) =   278.94  PRESS =   220.1
 Etot   =      -439.3127  EKtot   =        90.0750  EPtot      =      -529.3877
 BOND   =         1.2789  ANGLE   =         5.4064  DIHED      =         0.7958
 1-4 NB =        -0.0375  1-4 EEL =       105.8169  VDWAALS    =        77.8554
 EELEC  =      -720.5037  EHBOND  =         0.0000  RESTRAINT  =         0.0000
 EKCMT  =        43.9515  VIRIAL  =        21.1258  VOLUME     =      4802.6877
                                                    Density    =         0.3390
 Ewald error estimate:   0.3906E+00
 ------------------------------------------------------------------------------


 NSTEP =    41500   TIME(PS) =     191.500  TEMP(K) =   278.56  PRESS =  1007.0
 Etot   =      -408.0543  EKtot   =        89.9520  EPtot      =      -498.0063
 BOND   =         2.1544  ANGLE   =         4.3767  DIHED      =         0.5033
 1-4 NB =         0.1075  1-4 EEL =       107.7660  VDWAALS    =        83.6688
 EELEC  =      -696.5830  EHBOND  =         0.0000  RESTRAINT  =         0.0000
 EKCMT  =        43.5449  VIRIAL  =       -61.2546  VOLUME     =      4819.8167
                                                    Density    =         0.3378
 Ewald error estimate:   0.3738E+00
 ------------------------------------------------------------------------------

wrapping first mol.:       -0.00000      -31.99771        0.00000

 NSTEP =    42000   TIME(PS) =     192.000  TEMP(K) =   297.02  PRESS =   256.9
 Etot   =      -424.7388  EKtot   =        95.9129  EPtot      =      -520.6517
 BOND   =         0.1440  ANGLE   =         5.1543  DIHED      =         1.7713
 1-4 NB =        -0.0858  1-4 EEL =       102.0103  VDWAALS    =        67.3123
 EELEC  =      -696.9581  EHBOND  =         0.0000  RESTRAINT  =         0.0000
 EKCMT  =        50.3711  VIRIAL  =        23.5875  VOLUME     =      4828.5539
                                                    Density    =         0.3371
 Ewald error estimate:   0.4197E+00
 ------------------------------------------------------------------------------


 NSTEP =    42500   TIME(PS) =     192.500  TEMP(K) =   269.98  PRESS =  1168.3
 Etot   =      -428.4741  EKtot   =        87.1825  EPtot      =      -515.6566
 BOND   =         1.1291  ANGLE   =         5.6495  DIHED      =         2.3034
 1-4 NB =         0.0247  1-4 EEL =       105.9848  VDWAALS    =        92.4724
 EELEC  =      -723.2204  EHBOND  =         0.0000  RESTRAINT  =         0.0000
 EKCMT  =        45.0315  VIRIAL  =       -76.9168  VOLUME     =      4834.4093
                                                    Density    =         0.3367
 Ewald error estimate:   0.4009E+00
 ------------------------------------------------------------------------------

wrapping first mol.:       -0.00000      -32.08322        0.00000

 NSTEP =    43000   TIME(PS) =     193.000  TEMP(K) =   318.53  PRESS =   400.9
 Etot   =      -419.9677  EKtot   =       102.8598  EPtot      =      -522.8275
 BOND   =         2.0974  ANGLE   =         3.9207  DIHED      =         1.4550
 1-4 NB =         0.0414  1-4 EEL =        99.5851  VDWAALS    =        83.7464
 EELEC  =      -713.6737  EHBOND  =         0.0000  RESTRAINT  =         0.0000
 EKCMT  =        48.8984  VIRIAL  =         6.7713  VOLUME     =      4867.3540
                                                    Density    =         0.3345
 Ewald error estimate:   0.3717E+00
 ------------------------------------------------------------------------------


 NSTEP =    43500   TIME(PS) =     193.500  TEMP(K) =   311.03  PRESS =   303.1
 Etot   =      -419.8807  EKtot   =       100.4365  EPtot      =      -520.3172
 BOND   =         0.8287  ANGLE   =         7.2284  DIHED      =         1.0770
 1-4 NB =         0.1052  1-4 EEL =       105.6988  VDWAALS    =        79.3688
 EELEC  =      -714.6242  EHBOND  =         0.0000  RESTRAINT  =         0.0000
 EKCMT  =        44.7880  VIRIAL  =        12.8170  VOLUME     =      4885.7526
                                                    Density    =         0.3332
 Ewald error estimate:   0.3717E+00
 ------------------------------------------------------------------------------

wrapping first mol.:       -0.00000      -32.23525        0.00000

 NSTEP =    44000   TIME(PS) =     194.000  TEMP(K) =   338.88  PRESS =  1043.0
 Etot   =      -426.8395  EKtot   =       109.4308  EPtot      =      -536.2703
 BOND   =         0.0440  ANGLE   =         4.2021  DIHED      =         1.4501
 1-4 NB =         0.9940  1-4 EEL =       114.7250  VDWAALS    =        90.3531
 EELEC  =      -748.0386  EHBOND  =         0.0000  RESTRAINT  =         0.0000
 EKCMT  =        49.5907  VIRIAL  =       -61.5797  VOLUME     =      4936.8048
                                                    Density    =         0.3297
 Ewald error estimate:   0.4567E+00
 ------------------------------------------------------------------------------


 NSTEP =    44500   TIME(PS) =     194.500  TEMP(K) =   322.75  PRESS =   495.9
 Etot   =      -417.3855  EKtot   =       104.2214  EPtot      =      -521.6069
 BOND   =         1.2389  ANGLE   =         4.8889  DIHED      =         0.8433
 1-4 NB =         0.4287  1-4 EEL =       109.6773  VDWAALS    =        76.8263
 EELEC  =      -715.5103  EHBOND  =         0.0000  RESTRAINT  =         0.0000
 EKCMT  =        46.3034  VIRIAL  =        -6.8211  VOLUME     =      4961.3264
                                                    Density    =         0.3281
 Ewald error estimate:   0.4246E+00
 ------------------------------------------------------------------------------

wrapping first mol.:       -0.00000      -32.33661        0.00000

 NSTEP =    45000   TIME(PS) =     195.000  TEMP(K) =   303.12  PRESS =   604.9
 Etot   =      -427.1863  EKtot   =        97.8829  EPtot      =      -525.0692
 BOND   =         0.3581  ANGLE   =         6.2161  DIHED      =         3.0454
 1-4 NB =         0.6538  1-4 EEL =       112.8512  VDWAALS    =        79.9937
 EELEC  =      -728.1876  EHBOND  =         0.0000  RESTRAINT  =         0.0000
 EKCMT  =        45.4033  VIRIAL  =       -19.6830  VOLUME     =      4983.5714
                                                    Density    =         0.3267
 Ewald error estimate:   0.3696E+00
 ------------------------------------------------------------------------------


 NSTEP =    45500   TIME(PS) =     195.500  TEMP(K) =   295.89  PRESS =   232.4
 Etot   =      -416.4376  EKtot   =        95.5476  EPtot      =      -511.9852
 BOND   =         1.2840  ANGLE   =         4.4973  DIHED      =         0.9321
 1-4 NB =         0.1250  1-4 EEL =       107.7378  VDWAALS    =        73.6847
 EELEC  =      -700.2462  EHBOND  =         0.0000  RESTRAINT  =         0.0000
 EKCMT  =        46.9893  VIRIAL  =        21.8694  VOLUME     =      5007.0241
                                                    Density    =         0.3251
 Ewald error estimate:   0.4086E+00
 ------------------------------------------------------------------------------

wrapping first mol.:       -0.00000      -32.43875        0.00000

 NSTEP =    46000   TIME(PS) =     196.000  TEMP(K) =   248.02  PRESS =   205.9
 Etot   =      -438.7434  EKtot   =        80.0911  EPtot      =      -518.8346
 BOND   =         1.4952  ANGLE   =         6.8810  DIHED      =         0.8313
 1-4 NB =        -0.0283  1-4 EEL =       103.6632  VDWAALS    =        74.3003
 EELEC  =      -705.9773  EHBOND  =         0.0000  RESTRAINT  =         0.0000
 EKCMT  =        38.4919  VIRIAL  =        16.1291  VOLUME     =      5030.9890
                                                    Density    =         0.3236
 Ewald error estimate:   0.4080E+00
 ------------------------------------------------------------------------------


 NSTEP =    46500   TIME(PS) =     196.500  TEMP(K) =   344.34  PRESS =  1547.0
 Etot   =      -414.4015  EKtot   =       111.1947  EPtot      =      -525.5961
 BOND   =         0.2285  ANGLE   =         8.1310  DIHED      =         1.7953
 1-4 NB =        -0.0204  1-4 EEL =       104.3173  VDWAALS    =        96.5750
 EELEC  =      -736.6229  EHBOND  =         0.0000  RESTRAINT  =         0.0000
 EKCMT  =        54.2462  VIRIAL  =      -114.9099  VOLUME     =      5064.2972
                                                    Density    =         0.3214
 Ewald error estimate:   0.4269E+00
 ------------------------------------------------------------------------------

wrapping first mol.:       -0.00000      -32.59287        0.00000

 NSTEP =    47000   TIME(PS) =     197.000  TEMP(K) =   288.43  PRESS =  1302.3
 Etot   =      -423.2065  EKtot   =        93.1401  EPtot      =      -516.3466
 BOND   =         2.2191  ANGLE   =         5.9676  DIHED      =         0.7341
 1-4 NB =         0.0224  1-4 EEL =       105.2327  VDWAALS    =        92.2986
 EELEC  =      -722.8211  EHBOND  =         0.0000  RESTRAINT  =         0.0000
 EKCMT  =        40.3496  VIRIAL  =      -103.1306  VOLUME     =      5102.9153
                                                    Density    =         0.3190
 Ewald error estimate:   0.4413E+00
 ------------------------------------------------------------------------------


 NSTEP =    47500   TIME(PS) =     197.500  TEMP(K) =   327.05  PRESS =  -181.7
 Etot   =      -404.3730  EKtot   =       105.6116  EPtot      =      -509.9845
 BOND   =         1.1406  ANGLE   =        10.5400  DIHED      =         0.4904
 1-4 NB =         1.0125  1-4 EEL =       112.2876  VDWAALS    =        61.2951
 EELEC  =      -696.7507  EHBOND  =         0.0000  RESTRAINT  =         0.0000
 EKCMT  =        46.6334  VIRIAL  =        66.8019  VOLUME     =      5140.0459
                                                    Density    =         0.3167
 Ewald error estimate:   0.4587E+00
 ------------------------------------------------------------------------------

wrapping first mol.:       -0.00000      -32.73984        0.00000

 NSTEP =    48000   TIME(PS) =     198.000  TEMP(K) =   288.67  PRESS =   158.2
 Etot   =      -410.6407  EKtot   =        93.2157  EPtot      =      -503.8564
 BOND   =         0.1958  ANGLE   =         4.7362  DIHED      =         1.8532
 1-4 NB =         0.3586  1-4 EEL =       109.3587  VDWAALS    =        67.8321
 EELEC  =      -688.1909  EHBOND  =         0.0000  RESTRAINT  =         0.0000
 EKCMT  =        47.4499  VIRIAL  =        29.7784  VOLUME     =      5172.3884
                                                    Density    =         0.3147
 Ewald error estimate:   0.4574E+00
 ------------------------------------------------------------------------------


 NSTEP =    48500   TIME(PS) =     198.500  TEMP(K) =   339.65  PRESS =   851.1
 Etot   =      -412.6496  EKtot   =       109.6805  EPtot      =      -522.3301
 BOND   =         0.2851  ANGLE   =         6.2189  DIHED      =         0.6188
 1-4 NB =         0.2393  1-4 EEL =       108.3955  VDWAALS    =        79.9564
 EELEC  =      -718.0441  EHBOND  =         0.0000  RESTRAINT  =         0.0000
 EKCMT  =        54.2003  VIRIAL  =       -41.2139  VOLUME     =      5192.0760
                                                    Density    =         0.3135
 Ewald error estimate:   0.4911E+00
 ------------------------------------------------------------------------------

wrapping first mol.:       -0.00000      -32.82973        0.00000

 NSTEP =    49000   TIME(PS) =     199.000  TEMP(K) =   327.05  PRESS =   350.7
 Etot   =      -420.6527  EKtot   =       105.6100  EPtot      =      -526.2626
 BOND   =         0.7902  ANGLE   =         9.9768  DIHED      =         2.0245
 1-4 NB =         0.7643  1-4 EEL =       112.0357  VDWAALS    =        75.1599
 EELEC  =      -727.0141  EHBOND  =         0.0000  RESTRAINT  =         0.0000
 EKCMT  =        51.2053  VIRIAL  =        11.7139  VOLUME     =      5215.0870
                                                    Density    =         0.3122
 Ewald error estimate:   0.4609E+00
 ------------------------------------------------------------------------------


 NSTEP =    49500   TIME(PS) =     199.500  TEMP(K) =   275.00  PRESS =   208.1
 Etot   =      -439.6358  EKtot   =        88.8032  EPtot      =      -528.4389
 BOND   =         0.3692  ANGLE   =         2.9180  DIHED      =         0.8751
 1-4 NB =         0.0247  1-4 EEL =       106.8670  VDWAALS    =        70.6530
 EELEC  =      -710.1459  EHBOND  =         0.0000  RESTRAINT  =         0.0000
 EKCMT  =        34.5620  VIRIAL  =        11.0298  VOLUME     =      5237.9377
                                                    Density    =         0.3108
 Ewald error estimate:   0.4945E+00
 ------------------------------------------------------------------------------

wrapping first mol.:       -0.00000      -32.94727        0.00000

 NSTEP =    50000   TIME(PS) =     200.000  TEMP(K) =   305.70  PRESS =   447.3
 Etot   =      -438.9944  EKtot   =        98.7170  EPtot      =      -537.7114
 BOND   =         0.4429  ANGLE   =         5.9197  DIHED      =         1.4334
 1-4 NB =         0.4601  1-4 EEL =       104.8517  VDWAALS    =        82.3551
 EELEC  =      -733.1743  EHBOND  =         0.0000  RESTRAINT  =         0.0000
 EKCMT  =        45.7079  VIRIAL  =        -5.2066  VOLUME     =      5271.2931
                                                    Density    =         0.3088
 Ewald error estimate:   0.4406E+00
 ------------------------------------------------------------------------------


 NSTEP =    50500   TIME(PS) =     200.500  TEMP(K) =   303.46  PRESS =  1148.6
 Etot   =      -422.8190  EKtot   =        97.9918  EPtot      =      -520.8108
 BOND   =         1.5170  ANGLE   =         5.9891  DIHED      =         2.0531
 1-4 NB =         1.4100  1-4 EEL =       115.0950  VDWAALS    =        87.9879
 EELEC  =      -734.8630  EHBOND  =         0.0000  RESTRAINT  =         0.0000
 EKCMT  =        52.6275  VIRIAL  =       -79.1091  VOLUME     =      5311.8627
                                                    Density    =         0.3065
 Ewald error estimate:   0.4716E+00
 ------------------------------------------------------------------------------

wrapping first mol.:       -0.00000      -33.12785        0.00000

 NSTEP =    51000   TIME(PS) =     201.000  TEMP(K) =   299.46  PRESS =   169.7
 Etot   =      -429.3313  EKtot   =        96.7021  EPtot      =      -526.0334
 BOND   =         1.3243  ANGLE   =         1.9061  DIHED      =         2.3860
 1-4 NB =         0.4097  1-4 EEL =       110.6919  VDWAALS    =        67.8073
 EELEC  =      -710.5587  EHBOND  =         0.0000  RESTRAINT  =         0.0000
 EKCMT  =        44.7178  VIRIAL  =        25.0814  VOLUME     =      5358.4762
                                                    Density    =         0.3038
 Ewald error estimate:   0.5156E+00
 ------------------------------------------------------------------------------


 NSTEP =    51500   TIME(PS) =     201.500  TEMP(K) =   303.53  PRESS =  1480.9
 Etot   =      -417.3200  EKtot   =        98.0152  EPtot      =      -515.3352
 BOND   =         0.9587  ANGLE   =         3.5600  DIHED      =         1.8335
 1-4 NB =         0.0507  1-4 EEL =       104.7071  VDWAALS    =        91.5017
 EELEC  =      -717.9469  EHBOND  =         0.0000  RESTRAINT  =         0.0000
 EKCMT  =        45.0595  VIRIAL  =      -127.4258  VOLUME     =      5394.5997
                                                    Density    =         0.3018
 Ewald error estimate:   0.4748E+00
 ------------------------------------------------------------------------------

wrapping first mol.:       -0.00000      -33.24023        0.00000

 NSTEP =    52000   TIME(PS) =     202.000  TEMP(K) =   303.45  PRESS =   504.2
 Etot   =      -428.3214  EKtot   =        97.9898  EPtot      =      -526.3112
 BOND   =         0.8960  ANGLE   =         5.3240  DIHED      =         0.7011
 1-4 NB =         0.1747  1-4 EEL =       107.6451  VDWAALS    =        77.7360
 EELEC  =      -718.7882  EHBOND  =         0.0000  RESTRAINT  =         0.0000
 EKCMT  =        43.9029  VIRIAL  =       -15.0319  VOLUME     =      5413.1523
                                                    Density    =         0.3007
 Ewald error estimate:   0.4670E+00
 ------------------------------------------------------------------------------


 NSTEP =    52500   TIME(PS) =     202.500  TEMP(K) =   302.81  PRESS =  -313.7
 Etot   =      -432.6868  EKtot   =        97.7841  EPtot      =      -530.4709
 BOND   =         0.1853  ANGLE   =         6.3979  DIHED      =         0.9176
 1-4 NB =         0.4690  1-4 EEL =       106.3413  VDWAALS    =        61.8755
 EELEC  =      -706.6576  EHBOND  =         0.0000  RESTRAINT  =         0.0000
 EKCMT  =        44.7291  VIRIAL  =        81.5884  VOLUME     =      5441.4451
                                                    Density    =         0.2992
 Ewald error estimate:   0.4772E+00
 ------------------------------------------------------------------------------

wrapping first mol.:       -0.00000      -33.37989        0.00000

 NSTEP =    53000   TIME(PS) =     203.000  TEMP(K) =   265.73  PRESS =   825.3
 Etot   =      -443.8555  EKtot   =        85.8089  EPtot      =      -529.6645
 BOND   =         0.6587  ANGLE   =         6.6398  DIHED      =         0.8080
 1-4 NB =         0.4028  1-4 EEL =       109.5190  VDWAALS    =        81.2576
 EELEC  =      -728.9504  EHBOND  =         0.0000  RESTRAINT  =         0.0000
 EKCMT  =        44.0406  VIRIAL  =       -53.6398  VOLUME     =      5481.6295
                                                    Density    =         0.2970
 Ewald error estimate:   0.5399E+00
 ------------------------------------------------------------------------------


 NSTEP =    53500   TIME(PS) =     203.500  TEMP(K) =   330.36  PRESS =   379.7
 Etot   =      -410.1251  EKtot   =       106.6797  EPtot      =      -516.8048
 BOND   =         0.4014  ANGLE   =         4.2815  DIHED      =         1.3768
 1-4 NB =         0.1793  1-4 EEL =       109.3006  VDWAALS    =        70.5791
 EELEC  =      -702.9235  EHBOND  =         0.0000  RESTRAINT  =         0.0000
 EKCMT  =        48.6563  VIRIAL  =         3.5312  VOLUME     =      5504.1718
                                                    Density    =         0.2958
 Ewald error estimate:   0.4511E+00
 ------------------------------------------------------------------------------

wrapping first mol.:       -0.00000      -33.48396        0.00000

 NSTEP =    54000   TIME(PS) =     204.000  TEMP(K) =   313.64  PRESS =   118.4
 Etot   =      -408.1088  EKtot   =       101.2809  EPtot      =      -509.3897
 BOND   =         0.1848  ANGLE   =         6.0567  DIHED      =         2.1713
 1-4 NB =        -0.0465  1-4 EEL =        98.9405  VDWAALS    =        63.8113
 EELEC  =      -680.5078  EHBOND  =         0.0000  RESTRAINT  =         0.0000
 EKCMT  =        46.6903  VIRIAL  =        32.5468  VOLUME     =      5533.1472
                                                    Density    =         0.2942
 Ewald error estimate:   0.5582E+00
 ------------------------------------------------------------------------------


 NSTEP =    54500   TIME(PS) =     204.500  TEMP(K) =   330.14  PRESS =   578.0
 Etot   =      -415.3287  EKtot   =       106.6089  EPtot      =      -521.9376
 BOND   =         0.7484  ANGLE   =         7.0123  DIHED      =         1.6324
 1-4 NB =         1.2203  1-4 EEL =       115.4582  VDWAALS    =        72.7259
 EELEC  =      -720.7350  EHBOND  =         0.0000  RESTRAINT  =         0.0000
 EKCMT  =        51.7904  VIRIAL  =       -17.6962  VOLUME     =      5568.2641
                                                    Density    =         0.2924
 Ewald error estimate:   0.5544E+00
 ------------------------------------------------------------------------------

wrapping first mol.:       -0.00000      -33.61679        0.00000

 NSTEP =    55000   TIME(PS) =     205.000  TEMP(K) =   332.09  PRESS =   677.2
 Etot   =      -405.3894  EKtot   =       107.2372  EPtot      =      -512.6266
 BOND   =         0.0716  ANGLE   =         5.5800  DIHED      =         1.4590
 1-4 NB =         0.7637  1-4 EEL =       111.1464  VDWAALS    =        76.8238
 EELEC  =      -708.4711  EHBOND  =         0.0000  RESTRAINT  =         0.0000
 EKCMT  =        53.9374  VIRIAL  =       -27.9290  VOLUME     =      5599.1912
                                                    Density    =         0.2907
 Ewald error estimate:   0.5270E+00
 ------------------------------------------------------------------------------


 NSTEP =    55500   TIME(PS) =     205.500  TEMP(K) =   354.22  PRESS =   766.6
 Etot   =      -403.4724  EKtot   =       114.3833  EPtot      =      -517.8557
 BOND   =         2.2893  ANGLE   =         3.9397  DIHED      =         1.0384
 1-4 NB =         0.0030  1-4 EEL =       102.5110  VDWAALS    =        77.3341
 EELEC  =      -704.9711  EHBOND  =         0.0000  RESTRAINT  =         0.0000
 EKCMT  =        54.1404  VIRIAL  =       -39.1557  VOLUME     =      5636.5602
                                                    Density    =         0.2888
 Ewald error estimate:   0.4818E+00
 ------------------------------------------------------------------------------

wrapping first mol.:       -0.00000      -33.77655        0.00000

 NSTEP =    56000   TIME(PS) =     206.000  TEMP(K) =   294.59  PRESS =   117.6
 Etot   =      -418.4967  EKtot   =        95.1300  EPtot      =      -513.6267
 BOND   =         1.3652  ANGLE   =         7.6340  DIHED      =         0.8489
 1-4 NB =         0.2132  1-4 EEL =       105.0416  VDWAALS    =        59.8570
 EELEC  =      -688.5865  EHBOND  =         0.0000  RESTRAINT  =         0.0000
 EKCMT  =        52.0574  VIRIAL  =        37.6344  VOLUME     =      5679.4677
                                                    Density    =         0.2866
 Ewald error estimate:   0.5828E+00
 ------------------------------------------------------------------------------


 NSTEP =    56500   TIME(PS) =     206.500  TEMP(K) =   348.26  PRESS =   291.3
 Etot   =      -427.9665  EKtot   =       112.4601  EPtot      =      -540.4266
 BOND   =         0.3054  ANGLE   =         5.3126  DIHED      =         0.9319
 1-4 NB =        -0.0007  1-4 EEL =       104.8346  VDWAALS    =        70.6233
 EELEC  =      -722.4338  EHBOND  =         0.0000  RESTRAINT  =         0.0000
 EKCMT  =        53.6689  VIRIAL  =        17.6806  VOLUME     =      5721.2189
                                                    Density    =         0.2845
 Ewald error estimate:   0.6011E+00
 ------------------------------------------------------------------------------

wrapping first mol.:       -0.00000      -33.94197        0.00000

 NSTEP =    57000   TIME(PS) =     207.000  TEMP(K) =   326.15  PRESS =   642.8
 Etot   =      -426.5681  EKtot   =       105.3194  EPtot      =      -531.8875
 BOND   =         1.9941  ANGLE   =         3.4896  DIHED      =         1.1893
 1-4 NB =         0.0148  1-4 EEL =       107.2396  VDWAALS    =        70.2872
 EELEC  =      -716.1019  EHBOND  =         0.0000  RESTRAINT  =         0.0000
 EKCMT  =        44.9521  VIRIAL  =       -35.0348  VOLUME     =      5763.2562
                                                    Density    =         0.2825
 Ewald error estimate:   0.5755E+00
 ------------------------------------------------------------------------------


 NSTEP =    57500   TIME(PS) =     207.500  TEMP(K) =   316.62  PRESS =   901.8
 Etot   =      -416.9305  EKtot   =       102.2420  EPtot      =      -519.1725
 BOND   =         0.5546  ANGLE   =         2.6407  DIHED      =         0.5319
 1-4 NB =        -0.0271  1-4 EEL =       103.9149  VDWAALS    =        80.6215
 EELEC  =      -707.4090  EHBOND  =         0.0000  RESTRAINT  =         0.0000
 EKCMT  =        49.3294  VIRIAL  =       -63.3450  VOLUME     =      5786.8810
                                                    Density    =         0.2813
 Ewald error estimate:   0.5647E+00
 ------------------------------------------------------------------------------

wrapping first mol.:       -0.00000      -34.08503        0.00000

 NSTEP =    58000   TIME(PS) =     208.000  TEMP(K) =   331.71  PRESS =   527.2
 Etot   =      -403.8815  EKtot   =       107.1142  EPtot      =      -510.9957
 BOND   =         1.5337  ANGLE   =         3.3985  DIHED      =         2.3237
 1-4 NB =         0.0981  1-4 EEL =        99.5586  VDWAALS    =        67.2242
 EELEC  =      -685.1326  EHBOND  =         0.0000  RESTRAINT  =         0.0000
 EKCMT  =        45.8394  VIRIAL  =       -20.5937  VOLUME     =      5836.4510
                                                    Density    =         0.2789
 Ewald error estimate:   0.5791E+00
 ------------------------------------------------------------------------------


 NSTEP =    58500   TIME(PS) =     208.500  TEMP(K) =   319.93  PRESS =   852.7
 Etot   =      -392.1994  EKtot   =       103.3127  EPtot      =      -495.5121
 BOND   =         0.0981  ANGLE   =         7.5148  DIHED      =         1.3074
 1-4 NB =        -0.0282  1-4 EEL =       101.7617  VDWAALS    =        74.9545
 EELEC  =      -681.1203  EHBOND  =         0.0000  RESTRAINT  =         0.0000
 EKCMT  =        42.9629  VIRIAL  =       -65.3740  VOLUME     =      5884.6827
                                                    Density    =         0.2766
 Ewald error estimate:   0.6089E+00
 ------------------------------------------------------------------------------

wrapping first mol.:       -0.00000      -34.28625        0.00000

 NSTEP =    59000   TIME(PS) =     209.000  TEMP(K) =   313.38  PRESS =   904.2
 Etot   =      -435.8235  EKtot   =       101.1959  EPtot      =      -537.0194
 BOND   =         0.7614  ANGLE   =         3.4718  DIHED      =         1.1152
 1-4 NB =         0.1140  1-4 EEL =       108.3803  VDWAALS    =        82.2424
 EELEC  =      -733.1045  EHBOND  =         0.0000  RESTRAINT  =         0.0000
 EKCMT  =        44.0430  VIRIAL  =       -71.9332  VOLUME     =      5940.3818
                                                    Density    =         0.2740
 Ewald error estimate:   0.5925E+00
 ------------------------------------------------------------------------------


 NSTEP =    59500   TIME(PS) =     209.500  TEMP(K) =   354.83  PRESS =   186.8
 Etot   =      -409.5385  EKtot   =       114.5822  EPtot      =      -524.1206
 BOND   =         0.5306  ANGLE   =         5.6535  DIHED      =         0.9622
 1-4 NB =         0.1302  1-4 EEL =       108.7580  VDWAALS    =        68.8567
 EELEC  =      -709.0118  EHBOND  =         0.0000  RESTRAINT  =         0.0000
 EKCMT  =        49.1772  VIRIAL  =        25.0137  VOLUME     =      5991.9006
                                                    Density    =         0.2717
 Ewald error estimate:   0.5965E+00
 ------------------------------------------------------------------------------

wrapping first mol.:       -0.00000      -34.44220        0.00000

 NSTEP =    60000   TIME(PS) =     210.000  TEMP(K) =   353.37  PRESS =   605.3
 Etot   =      -403.4088  EKtot   =       114.1093  EPtot      =      -517.5181
 BOND   =         0.3896  ANGLE   =         9.4747  DIHED      =         1.4657
 1-4 NB =         0.2240  1-4 EEL =       112.1010  VDWAALS    =        73.2547
 EELEC  =      -714.4279  EHBOND  =         0.0000  RESTRAINT  =         0.0000
 EKCMT  =        44.0880  VIRIAL  =       -34.6162  VOLUME     =      6021.8513
                                                    Density    =         0.2703
 Ewald error estimate:   0.5921E+00
 ------------------------------------------------------------------------------


 NSTEP =    60500   TIME(PS) =     210.500  TEMP(K) =   367.60  PRESS =  1250.0
 Etot   =      -410.6407  EKtot   =       118.7034  EPtot      =      -529.3441
 BOND   =         1.8169  ANGLE   =         8.4718  DIHED      =         1.0489
 1-4 NB =         0.4085  1-4 EEL =       108.6519  VDWAALS    =        90.2135
 EELEC  =      -739.9556  EHBOND  =         0.0000  RESTRAINT  =         0.0000
 EKCMT  =        53.0548  VIRIAL  =      -110.8121  VOLUME     =      6071.6675
                                                    Density    =         0.2681
 Ewald error estimate:   0.5921E+00
 ------------------------------------------------------------------------------

wrapping first mol.:       -0.00000      -34.65151        0.00000

 NSTEP =    61000   TIME(PS) =     211.000  TEMP(K) =   313.69  PRESS =   646.9
 Etot   =      -428.4355  EKtot   =       101.2976  EPtot      =      -529.7331
 BOND   =         1.5007  ANGLE   =         5.1923  DIHED      =         0.9064
 1-4 NB =         0.1746  1-4 EEL =       108.5495  VDWAALS    =        76.6542
 EELEC  =      -722.7108  EHBOND  =         0.0000  RESTRAINT  =         0.0000
 EKCMT  =        50.8831  VIRIAL  =       -34.7679  VOLUME     =      6132.2982
                                                    Density    =         0.2655
 Ewald error estimate:   0.6493E+00
 ------------------------------------------------------------------------------


 NSTEP =    61500   TIME(PS) =     211.500  TEMP(K) =   255.32  PRESS =   279.7
 Etot   =      -434.5504  EKtot   =        82.4476  EPtot      =      -516.9980
 BOND   =         3.4581  ANGLE   =        11.0268  DIHED      =         1.5420
 1-4 NB =         0.5694  1-4 EEL =       107.1774  VDWAALS    =        61.0911
 EELEC  =      -701.8629  EHBOND  =         0.0000  RESTRAINT  =         0.0000
 EKCMT  =        42.3100  VIRIAL  =         5.0484  VOLUME     =      6170.5616
                                                    Density    =         0.2638
 Ewald error estimate:   0.6768E+00
 ------------------------------------------------------------------------------

wrapping first mol.:       -0.00000      -34.78447        0.00000

 NSTEP =    62000   TIME(PS) =     212.000  TEMP(K) =   344.65  PRESS =  -138.1
 Etot   =      -417.1083  EKtot   =       111.2937  EPtot      =      -528.4020
 BOND   =         0.6158  ANGLE   =        11.5521  DIHED      =         2.2758
 1-4 NB =         0.2039  1-4 EEL =       109.1679  VDWAALS    =        53.4832
 EELEC  =      -705.7007  EHBOND  =         0.0000  RESTRAINT  =         0.0000
 EKCMT  =        51.4901  VIRIAL  =        69.9859  VOLUME     =      6203.2697
                                                    Density    =         0.2624
 Ewald error estimate:   0.6566E+00
 ------------------------------------------------------------------------------


 NSTEP =    62500   TIME(PS) =     212.500  TEMP(K) =   252.70  PRESS =   548.6
 Etot   =      -436.2216  EKtot   =        81.6002  EPtot      =      -517.8219
 BOND   =         0.9255  ANGLE   =         7.3528  DIHED      =         1.7563
 1-4 NB =         0.1321  1-4 EEL =       106.9355  VDWAALS    =        71.9988
 EELEC  =      -706.9229  EHBOND  =         0.0000  RESTRAINT  =         0.0000
 EKCMT  =        36.8227  VIRIAL  =       -37.2540  VOLUME     =      6253.8410
                                                    Density    =         0.2603
 Ewald error estimate:   0.6908E+00
 ------------------------------------------------------------------------------

wrapping first mol.:       -0.00000      -34.98109        0.00000

 NSTEP =    63000   TIME(PS) =     213.000  TEMP(K) =   312.23  PRESS =  1109.4
 Etot   =      -434.7809  EKtot   =       100.8256  EPtot      =      -535.6066
 BOND   =         1.1290  ANGLE   =         4.0663  DIHED      =         1.1680
 1-4 NB =         0.0180  1-4 EEL =       106.1038  VDWAALS    =        80.7447
 EELEC  =      -728.8364  EHBOND  =         0.0000  RESTRAINT  =         0.0000
 EKCMT  =        51.1238  VIRIAL  =       -99.9987  VOLUME     =      6308.8783
                                                    Density    =         0.2580
 Ewald error estimate:   0.7020E+00
 ------------------------------------------------------------------------------


 NSTEP =    63500   TIME(PS) =     213.500  TEMP(K) =   329.49  PRESS =  1570.5
 Etot   =      -427.6594  EKtot   =       106.3975  EPtot      =      -534.0569
 BOND   =         0.0222  ANGLE   =         3.3772  DIHED      =         1.1676
 1-4 NB =         0.4673  1-4 EEL =       109.6211  VDWAALS    =        93.0377
 EELEC  =      -741.7500  EHBOND  =         0.0000  RESTRAINT  =         0.0000
 EKCMT  =        49.2425  VIRIAL  =      -166.7146  VOLUME     =      6368.7411
                                                    Density    =         0.2556
 Ewald error estimate:   0.6711E+00
 ------------------------------------------------------------------------------

wrapping first mol.:       -0.00000      -35.20581        0.00000

 NSTEP =    64000   TIME(PS) =     214.000  TEMP(K) =   293.77  PRESS =   762.0
 Etot   =      -449.5058  EKtot   =        94.8650  EPtot      =      -544.3708
 BOND   =         0.0796  ANGLE   =         3.6132  DIHED      =         2.2031
 1-4 NB =         0.9103  1-4 EEL =       113.2206  VDWAALS    =        81.2204
 EELEC  =      -745.6180  EHBOND  =         0.0000  RESTRAINT  =         0.0000
 EKCMT  =        40.4572  VIRIAL  =       -65.3581  VOLUME     =      6431.2973
                                                    Density    =         0.2531
 Ewald error estimate:   0.6711E+00
 ------------------------------------------------------------------------------


 NSTEP =    64500   TIME(PS) =     214.500  TEMP(K) =   289.30  PRESS =   827.2
 Etot   =      -439.0885  EKtot   =        93.4218  EPtot      =      -532.5103
 BOND   =         0.6688  ANGLE   =         6.2126  DIHED      =         1.8021
 1-4 NB =         0.9621  1-4 EEL =       112.7727  VDWAALS    =        85.4647
 EELEC  =      -740.3933  EHBOND  =         0.0000  RESTRAINT  =         0.0000
 EKCMT  =        43.6275  VIRIAL  =       -72.3596  VOLUME     =      6493.7899
                                                    Density    =         0.2507
 Ewald error estimate:   0.6358E+00
 ------------------------------------------------------------------------------

wrapping first mol.:       -0.00000      -35.43317        0.00000

 NSTEP =    65000   TIME(PS) =     215.000  TEMP(K) =   293.51  PRESS =   373.4
 Etot   =      -427.9111  EKtot   =        94.7805  EPtot      =      -522.6916
 BOND   =         3.1334  ANGLE   =         4.5930  DIHED      =         1.7672
 1-4 NB =         0.2578  1-4 EEL =       110.6527  VDWAALS    =        68.4043
 EELEC  =      -711.4999  EHBOND  =         0.0000  RESTRAINT  =         0.0000
 EKCMT  =        52.6473  VIRIAL  =        -0.2116  VOLUME     =      6556.7631
                                                    Density    =         0.2483
 Ewald error estimate:   0.6599E+00
 ------------------------------------------------------------------------------


 NSTEP =    65500   TIME(PS) =     215.500  TEMP(K) =   311.57  PRESS =   308.3
 Etot   =      -418.5205  EKtot   =       100.6133  EPtot      =      -519.1338
 BOND   =         1.3650  ANGLE   =         5.6243  DIHED      =         1.7595
 1-4 NB =         0.1828  1-4 EEL =       105.5998  VDWAALS    =        62.2964
 EELEC  =      -695.9616  EHBOND  =         0.0000  RESTRAINT  =         0.0000
 EKCMT  =        49.1975  VIRIAL  =         5.2420  VOLUME     =      6603.7686
                                                    Density    =         0.2465
 Ewald error estimate:   0.7449E+00
 ------------------------------------------------------------------------------

wrapping first mol.:       -0.00000      -35.63115        0.00000

 NSTEP =    66000   TIME(PS) =     216.000  TEMP(K) =   329.49  PRESS =   757.8
 Etot   =      -417.6346  EKtot   =       106.3992  EPtot      =      -524.0338
 BOND   =         2.4824  ANGLE   =        12.3728  DIHED      =         1.9648
 1-4 NB =        -0.1583  1-4 EEL =        99.0388  VDWAALS    =        73.5307
 EELEC  =      -713.2650  EHBOND  =         0.0000  RESTRAINT  =         0.0000
 EKCMT  =        54.0439  VIRIAL  =       -55.0500  VOLUME     =      6667.2255
                                                    Density    =         0.2442
 Ewald error estimate:   0.7340E+00
 ------------------------------------------------------------------------------


 NSTEP =    66500   TIME(PS) =     216.500  TEMP(K) =   326.10  PRESS =  1173.1
 Etot   =      -428.2334  EKtot   =       105.3039  EPtot      =      -533.5373
 BOND   =         0.5094  ANGLE   =         3.9860  DIHED      =         0.9542
 1-4 NB =         0.1865  1-4 EEL =       107.1950  VDWAALS    =        84.3790
 EELEC  =      -730.7474  EHBOND  =         0.0000  RESTRAINT  =         0.0000
 EKCMT  =        50.1956  VIRIAL  =      -120.4236  VOLUME     =      6736.3664
                                                    Density    =         0.2417
 Ewald error estimate:   0.7436E+00
 ------------------------------------------------------------------------------

wrapping first mol.:       -0.00000      -35.83312        0.00000

 NSTEP =    67000   TIME(PS) =     217.000  TEMP(K) =   300.87  PRESS =   337.0
 Etot   =      -423.5611  EKtot   =        97.1561  EPtot      =      -520.7172
 BOND   =         2.3181  ANGLE   =         4.0649  DIHED      =         1.0788
 1-4 NB =         0.0475  1-4 EEL =       103.6277  VDWAALS    =        61.4236
 EELEC  =      -693.2778  EHBOND  =         0.0000  RESTRAINT  =         0.0000
 EKCMT  =        52.7970  VIRIAL  =         3.4536  VOLUME     =      6781.3124
                                                    Density    =         0.2401
 Ewald error estimate:   0.8074E+00
 ------------------------------------------------------------------------------


 NSTEP =    67500   TIME(PS) =     217.500  TEMP(K) =   361.60  PRESS =   933.9
 Etot   =      -416.0142  EKtot   =       116.7682  EPtot      =      -532.7824
 BOND   =         0.0260  ANGLE   =         8.2481  DIHED      =         2.8707
 1-4 NB =         1.6404  1-4 EEL =       118.1918  VDWAALS    =        71.8168
 EELEC  =      -735.5763  EHBOND  =         0.0000  RESTRAINT  =         0.0000
 EKCMT  =        53.7174  VIRIAL  =       -84.1624  VOLUME     =      6837.5355
                                                    Density    =         0.2381
 Ewald error estimate:   0.7655E+00
 ------------------------------------------------------------------------------

wrapping first mol.:       -0.00000      -36.04660        0.00000

 NSTEP =    68000   TIME(PS) =     218.000  TEMP(K) =   332.85  PRESS =   791.0
 Etot   =      -418.5178  EKtot   =       107.4846  EPtot      =      -526.0025
 BOND   =         0.8458  ANGLE   =        11.4930  DIHED      =         0.8287
 1-4 NB =         0.2722  1-4 EEL =       106.4638  VDWAALS    =        76.8139
 EELEC  =      -722.7199  EHBOND  =         0.0000  RESTRAINT  =         0.0000
 EKCMT  =        46.4214  VIRIAL  =       -71.4692  VOLUME     =      6903.1687
                                                    Density    =         0.2358
 Ewald error estimate:   0.7671E+00
 ------------------------------------------------------------------------------


 NSTEP =    68500   TIME(PS) =     218.500  TEMP(K) =   302.97  PRESS =  1293.7
 Etot   =      -448.6136  EKtot   =        97.8348  EPtot      =      -546.4483
 BOND   =         1.8268  ANGLE   =         5.5461  DIHED      =         0.7379
 1-4 NB =        -0.0442  1-4 EEL =       103.6697  VDWAALS    =        86.7856
 EELEC  =      -744.9703  EHBOND  =         0.0000  RESTRAINT  =         0.0000
 EKCMT  =        48.0456  VIRIAL  =      -146.4981  VOLUME     =      6964.9875
                                                    Density    =         0.2337
 Ewald error estimate:   0.7703E+00
 ------------------------------------------------------------------------------

wrapping first mol.:       -0.00000      -36.25539        0.00000

 NSTEP =    69000   TIME(PS) =     219.000  TEMP(K) =   272.63  PRESS =  1355.4
 Etot   =      -450.0421  EKtot   =        88.0369  EPtot      =      -538.0790
 BOND   =         0.1210  ANGLE   =        10.2321  DIHED      =         0.8878
 1-4 NB =         0.1375  1-4 EEL =       104.2666  VDWAALS    =        90.2607
 EELEC  =      -743.9845  EHBOND  =         0.0000  RESTRAINT  =         0.0000
 EKCMT  =        49.0186  VIRIAL  =      -156.5237  VOLUME     =      7023.7305
                                                    Density    =         0.2318
 Ewald error estimate:   0.8422E+00
 ------------------------------------------------------------------------------


 NSTEP =    69500   TIME(PS) =     219.500  TEMP(K) =   356.30  PRESS =   432.8
 Etot   =      -422.7126  EKtot   =       115.0557  EPtot      =      -537.7683
 BOND   =         0.7200  ANGLE   =         7.3702  DIHED      =         0.8622
 1-4 NB =         0.1485  1-4 EEL =       105.9208  VDWAALS    =        60.5362
 EELEC  =      -713.3262  EHBOND  =         0.0000  RESTRAINT  =         0.0000
 EKCMT  =        50.8672  VIRIAL  =       -15.1793  VOLUME     =      7067.3977
                                                    Density    =         0.2303
 Ewald error estimate:   0.8454E+00
 ------------------------------------------------------------------------------

wrapping first mol.:       -0.00000      -36.47137        0.00000

 NSTEP =    70000   TIME(PS) =     220.000  TEMP(K) =   372.26  PRESS =   722.2
 Etot   =      -418.2900  EKtot   =       120.2093  EPtot      =      -538.4993
 BOND   =         0.5083  ANGLE   =         7.1157  DIHED      =         1.0212
 1-4 NB =         0.0555  1-4 EEL =       102.8833  VDWAALS    =        72.3908
 EELEC  =      -722.4741  EHBOND  =         0.0000  RESTRAINT  =         0.0000
 EKCMT  =        54.6783  VIRIAL  =       -56.8188  VOLUME     =      7150.1053
                                                    Density    =         0.2277
 Ewald error estimate:   0.8102E+00
 ------------------------------------------------------------------------------

 SANDER BOMB in subroutine nonbond_list
  volume of ucell too big, too many subcells
  list grid memory needs to be reallocated, restart sander
