
     SUBSYSTEM
    -----------
      65      66      66      45      65      65      70      66      66      45
      46      50      62      59      42      43      44      64       7       7
     104      42      42      42      91      91      92      15      30      77
      57      77      34      34      37      69      64      69      69      70
      69      27       8      27      47      47      39      26      26      26
       1       3      36      55      54      55      82      82      62      64
      64      64      23      24      16      40      40      17      38      38
      39      83      83      87      94      94      94      76      76      76
      81     102      81      44      44      45      31      35      11      17
      18      17      80      80      80      12      12      33      86      86
      85     106     106      86      53      75      56     112     108     113
      41      41      18      14      12      14     101     105     101      97
      97      97      69      68      73      21      27      21     109     109
     110      10      13       9      32      33      36      61      62      61
     111     111     110      75      75      71     114     100      95      50
      52      53      73      74      73      90      91      90      66      62
      46      60      40      60      85      89      85      46      22      46
     108     109     106      48      34      48      29      29      29      99
      99     112      61      58      81      19      19      19      87      87
      87     114     114      91      28      22       9      81      81      81
      52      32      52       3     103       3      31      31      31      93
      89      89      51      51      51      88      88      67      67      67
      67       2       2       2      95      95      95      49      50      49
      19       4       5     115      96      96      88     107      88      10
      10      10      63      63      63       6     106       6      23      23
      29      78      79      78      33      28      33      72      38      72
      20      20      20      84      84      98      30     116      25      25
      25      25

     MULLIKEN POPULATIONS
    ----------------------
      1.25068798      2.84662760      1.20676205      2.66093437      1.76590665
      4.87490663      1.47474579      3.65380050      0.88497981      0.87423398
      0.94760592      0.91821846      0.59170819      0.70399682      0.71234729
      0.74954451      1.77409416      4.96361134      0.64779877      0.58354227
      1.78422349      5.00307856      0.59113317      0.59959221      1.78236563
      5.01670897      0.59359224      0.60302480      1.78515280      5.02820699
      0.60440717      0.59527042      1.78896455      5.05602015      0.59357865
      0.58046177      1.88419472      5.55134495      0.54151770      1.78637850
      5.03726359      0.59062245      0.59188071      1.78675244      5.02379437
      0.59848469      0.58187063      1.78158989      4.99999984      0.59393126
      0.59750816      1.78425519      5.02739423      0.58535554      0.60644686
      1.78671627      5.04728322      0.58330785      0.59172542      1.78359691
      5.01671464      0.59851955      0.58525856      1.78420958      5.01821469
      0.56730276      0.62655482      1.78672761      5.04889492      0.59239565
      0.58635194      1.77229012      4.96826781      0.65820663      0.58827901
      1.78479758      5.02995254      0.58190663      0.61421862      1.78131536
      5.00487379      0.59123401      0.61607897      1.78157429      5.00452087
      0.59392461      0.60505519      1.78161676      5.00432525      0.61203973
      0.59202295      1.79053138      5.03919966      0.56611819      0.60608985
      1.78664409      5.07202087      0.60065329      0.58449132      1.76748107
      4.94265153      0.61648082      0.65400995      1.78820662      5.06886283
      0.59813722      0.57972651      1.78718532      5.02063153      0.58022292
      0.58464250      1.78761683      5.05226885      0.59522624      0.58726351
      1.76779395      4.95167046      0.63486407      0.62316890      1.77911317
      4.99978934      0.62929074      0.59182823      1.78814404      5.05900135
      0.58158781      0.60362631      1.78422001      5.03673412      0.58913001
      0.61575667      1.78572766      5.02386228      0.58797895      0.59835125
      1.78280416      5.02110618      0.61271768      0.58757125      1.77770420
      4.98205156      0.63929049      0.57832945      1.77370834      4.99226474
      0.63972008      0.61013244      1.78097095      5.00609638      0.61464818
      0.59491488      1.77520330      4.97982500      0.61386805      0.61341646
      1.78534074      5.04091125      0.58473089      0.60221946      1.78367008
      5.04118135      0.61582183      0.58821114      1.77930215      4.98694801
      0.59338968      0.60620297      1.77920870      4.98916660      0.60549550
      0.59833906      1.78460323      5.04262368      0.59604876      0.59031394
      1.77916576      4.99513110      0.61320865      0.60640679      1.77883352
      5.01409604      0.61415015      0.58848097      1.77637968      5.00553555
      0.62684445      0.61263313      1.78013881      4.99956495      0.59739861
      0.60864205      1.77674655      4.98639549      0.66132890      0.57018662
      1.77835337      4.98912206      0.60204094      0.61772123      1.77787685
      4.98785878      0.64781400      0.58027680      1.77455970      4.96847118
      0.64946748      0.58804465      1.78408506      5.02491068      0.60795743
      0.58971103      1.78191544      5.00536231      0.59503149      0.59206072
      1.77965119      5.00387769      0.61738477      0.59790033      1.78463214
      5.01977582      0.59012426      0.60771043      1.79365474      5.08069470
      0.57372309      0.57766774      1.77918315      4.99517983      0.60576215
      0.60845965      1.78533254      5.03006804      0.58088689      0.60030202
      1.78914352      5.05727844      0.58739903      0.58774311      1.80001612
      5.07750341      0.51450521      0.60628109      1.78103860      4.99173669
      0.63898209      0.56627950      1.79838187      5.11170529      0.56125824
      0.57051351      1.77883122      4.98967123      0.61341059      0.59849974
      1.78894904      5.04719718      0.57125369      0.59301943      1.78500463
      5.02925364      0.59293553      0.58875471      1.78383811      5.02739359
      0.62262900      0.57200429      1.77621791      4.98919504      0.60505387
      0.62440838      1.79315735      5.07677986      0.59168363      0.56343890
      1.78765364      5.07275804      0.64246970      0.54378478      1.77153881
      4.96461730      0.64808652      0.61765036      1.78203290      5.01773203
      0.59378736      0.61007173      1.78475739      5.01983346      0.57742966
      0.60934236      1.77881849      5.00069276      0.62962279      0.60062518
      1.78970592      5.04317388      0.61491848      0.55858028      1.76866444
      4.95123597      0.65861079      0.60773667      1.78030635      5.00125047
      0.59600597      0.61272646      1.79959995      5.08346344      0.58081381
      0.53203864      1.77413860      4.97073049      0.64023262      0.59322315
      1.78416170      5.00322141      0.58388099      0.59264717      1.78382216
      5.01169845      0.58847625      0.59457424      1.77349293      4.96327382
      0.62508011      0.62154520      1.78301335      5.00709844      0.61155895
      0.57122837      1.78781034      5.04058213      0.57601370      0.59498977
      1.79000593      5.04710451      0.56593204      0.60217434      1.78184424
      4.99934464      0.60500031      0.58881630      1.78903128      5.06026246
      0.58660464      0.58961964      1.78890403      5.06050101      0.59907075
      0.58071322      1.78116618      4.99389314      0.61257135      0.58754062
      1.77430575      5.01186881      0.61685221      0.62840141      1.77995323
      4.99857676      0.61877035      0.59354280

     SUBSYSTEM
    -----------
      64      65      65      44      64      64      69      65      65      44
      45      49      61      58      41      42      43      63       7       7
     104      41      41      41      90      90      91      14      29      76
      56      76      33      33      36      68      63      68      68      69
      68      26      26      26      46      46      38      25      25      25
       1       3      35      54      53      54      81      81      61      63
      63      63      22      23      15      39      39      16      37      37
      38      82      82      87      93      93      93      75      75      75
      80     102      80      43      43      44      30      34      10      16
      17      16      79      79      79      11      11      32      85      85
      84     106     106      85      52      74      55     112     108     113
      40      40      17      13      11      13     101     105     101      97
      97      97      68      67      68      20      26      20     109     109
     110       9      12       8      31      32      35      60      61      60
     111     111     110      74      74      70     114     100      96      49
      51      52      72      73      72      89      90      89      65      61
      45      59      39      59      84      88      84      45      21      45
     108     109     106      47      33      47      28      28      28      99
      99     112      60      57      80      18      18      18      86      86
      86     114     114      90      27      21       8      80      80      80
      51      31      51       3     103       3      30      30      30      92
      88      88      50      50      50      87      87      66      66      66
      66       2       2       2      94      94      94      48      49      48
      18       4       5     115      95      95      87     107      87       9
       9       9      62      62      62       6     106       6      22      22
      28      78      78      77      32      27      32      71      37      71
      19      19      19      83      83      98      29     116      24      24
      24      24

     MULLIKEN POPULATIONS
    ----------------------
      1.25266503      2.84771792      1.20795743      2.65782625      1.76828283
      4.87136942      1.47352000      3.65132020      0.88616616      0.87243635
      0.94759654      0.91895593      0.59295502      0.70471813      0.71309745
      0.74890332      1.77664923      4.96263928      0.64773603      0.58252823
      1.78311567      5.00032940      0.59010599      0.59924190      1.78030689
      5.01803777      0.59481674      0.60296819      1.78400916      5.03007468
      0.60293793      0.59603933      1.78961840      5.05898013      0.59280944
      0.57989352      1.88591911      5.54917694      0.54282936      1.78433774
      5.03684859      0.59007425      0.59240624      1.78436903      5.02524158
      0.59936895      0.58206981      1.78145272      4.99782393      0.59384518
      0.59863521      1.78486545      5.02865085      0.58427271      0.60510571
      1.79140567      5.05167082      0.58036102      0.59098392      1.79002971
      5.01848206      0.59996036      0.58268306      1.78548066      5.01319630
      0.56792646      0.62856723      1.78016695      5.04581675      0.59357807
      0.58873671      1.76812143      4.96867448      0.65972453      0.58760234
      1.78615265      5.02930295      0.58177896      0.61482104      1.78269762
      5.00562333      0.59028520      0.61581165      1.78202508      5.00618777
      0.59200265      0.60410481      1.78366392      5.00191010      0.61273538
      0.59212609      1.78418105      5.04541274      0.56781767      0.60420825
      1.78829527      5.07348783      0.60027126      0.58323379      1.76256535
      4.94677972      0.61705069      0.65389171      1.78710690      5.07243307
      0.59749262      0.57891389      1.78200799      5.02154174      0.58202937
      0.58597019      1.78747147      5.04830068      0.59689718      0.58780266
      1.77273564      4.94884455      0.63726460      0.62440773      1.78198457
      4.99831763      0.62894842      0.59140067      1.79238177      5.05679491
      0.58033003      0.60433038      1.78104182      5.03620118      0.58894437
      0.61759964      1.78721527      5.02484901      0.58653838      0.59806257
      1.78350487      5.01847765      0.61285649      0.58860023      1.77828000
      4.98531562      0.63905104      0.57900156      1.77040776      4.99206713
      0.63949895      0.61100464      1.78176428      5.00533872      0.61423192
      0.59417765      1.77940991      4.97634819      0.61339726      0.61244833
      1.78636856      5.04146793      0.58392658      0.60084130      1.78524770
      5.04027927      0.61468220      0.58812444      1.77820248      4.98627665
      0.59410338      0.60648002      1.77918283      4.98900632      0.60701386
      0.59786216      1.78406876      5.04750347      0.59449743      0.58987367
      1.77860508      4.99295235      0.61475582      0.60653844      1.77404866
      5.02019341      0.61257596      0.58975543      1.77701698      5.00387483
      0.62749739      0.61323781      1.78357746      4.99833612      0.59519125
      0.60880391      1.77427003      4.98934411      0.66073474      0.57024605
      1.78031105      4.98933267      0.60109589      0.61617201      1.77478514
      4.99302166      0.64651916      0.58046477      1.77734167      4.96637255
      0.64835000      0.58762951      1.78829693      5.02225951      0.60729287
      0.58911775      1.78039022      5.00307236      0.59565640      0.59300631
      1.78119255      4.99994451      0.61902836      0.59841029      1.78561563
      5.02027040      0.58876116      0.60721915      1.79572235      5.08257421
      0.57330486      0.57849762      1.78065309      4.99469863      0.60484976
      0.60888151      1.78013415      5.03193660      0.58203468      0.59955354
      1.79198239      5.05641869      0.58856109      0.58699819      1.80167564
      5.07841682      0.51370292      0.60509698      1.78410868      4.98916231
      0.63848580      0.56542735      1.79536494      5.11075433      0.56199841
      0.56949006      1.77955386      4.98854751      0.61235851      0.59922718
      1.78969440      5.04559125      0.57140224      0.59244235      1.78704757
      5.02992889      0.59161508      0.58649109      1.78559897      5.02445918
      0.62370679      0.57280812      1.77602948      4.99013751      0.60489764
      0.62316103      1.79267207      5.07741176      0.59079878      0.56440168
      1.78582473      5.06870090      0.64447371      0.54391771      1.78299767
      4.95153021      0.64872645      0.61940475      1.78668669      5.01559803
      0.59293255      0.61144332      1.78118503      5.01919501      0.57704988
      0.60926797      1.77594626      5.00159448      0.62903226      0.60170429
      1.78860147      5.04451782      0.61532302      0.55847197      1.77235107
      4.94797133      0.65881281      0.60716140      1.77733365      5.00695027
      0.59460039      0.61212748      1.80140567      5.08321968      0.58164173
      0.53112283      1.77891835      4.97115855      0.63944970      0.59298884
      1.78822844      5.00604935      0.58306374      0.59138332      1.78434519
      5.01243456      0.58744832      0.59373139      1.77297286      4.96302267
      0.62450995      0.62248344      1.78178988      5.00756160      0.60971925
      0.57152193      1.78629810      5.03995859      0.57677824      0.59476593
      1.78697550      5.04686049      0.56585151      0.60254693      1.77954833
      4.99971942      0.60515814      0.59128292      1.79241137      5.05964121
      0.58627849      0.58988999      1.79128555      5.05746522      0.59976983
      0.58172442      1.78779546      4.98884494      0.61155137      0.58801337
      1.76870936      5.01589606      0.61538233      0.62779318      1.78696423
      4.99482616      0.61859158      0.59329670

     SUBSYSTEM
    -----------
      64      65      65      44      64      64      69      65      65      44
      45      49      61      58      41      42      43      63       7       7
     104      41      41      41      90      90      91      14      29      76
      56      76      33      33      36      68      63      68      68      69
      68      26      26      26      46      46      38      25      25      25
       1       3      35      54      53      54      81      81      61      63
      63      63      22      23      15      39      39      16      37      37
      38      82      82      87      93      93      93      75      75      75
      80     102      80      43      43      44      30      34      10      16
      17      16      79      79      79      11      11      32      85      85
      84     106     106      85      52      74      55     112     108     113
      40      40      17      13      11      13     101     105     101      97
      97      97      68      67      68      20      26      20     109     109
     110       9      12       8      31      32      35      60      61      60
     111     111     110      74      74      70     114     100      96      49
      51      52      72      73      72      89      90      89      65      61
      45      59      39      59      84      88      84      45      21      45
     108     109     106      47      33      47      28      28      28      99
      99     112      60      57      80      18      18      18      86      86
      86     114     114      90      27      21       8      80      80      80
      51      31      51       3     103       3      30      30      30      92
      88      88      50      50      50      87      87      66      66      66
      66       2       2       2      94      94      94      48      49      48
      18       4       5     115      95      95      87     107      87       9
       9       9      62      62      62       6     106       6      22      22
      28      78      78      77      32      27      32      71      37      71
      19      19      19      83      83      98      29     116      24      24
      24      24

     MULLIKEN POPULATIONS
    ----------------------
      1.25470687      2.84868279      1.20914537      2.65462143      1.77058678
      4.86795481      1.47278265      3.64912945      0.88734593      0.87087505
      0.94765546      0.91998752      0.59416255      0.70535535      0.71360822
      0.74813323      1.77927412      4.96191156      0.64738136      0.58130076
      1.78278600      4.99694428      0.58879785      0.59863050      1.77914828
      5.01859347      0.59571415      0.60285101      1.78372417      5.03169472
      0.60141414      0.59644758      1.79131903      5.06207762      0.59175015
      0.57894640      1.88765211      5.54547586      0.54415911      1.78352857
      5.03640561      0.58917604      0.59243421      1.78302952      5.02569124
      0.60026109      0.58203966      1.78183945      4.99517692      0.59361185
      0.59944407      1.78618614      5.03012178      0.58294834      0.60336650
      1.79648915      5.05614190      0.57714761      0.59002010      1.79628233
      5.02017323      0.60141950      0.58005125      1.78733275      5.00778310
      0.56869423      0.63030833      1.77520354      5.04313250      0.59435533
      0.59039210      1.76488668      4.97023857      0.66038782      0.58669583
      1.78798048      5.02863421      0.58161105      0.61505614      1.78441210
      5.00617101      0.58926381      0.61534984      1.78309849      5.00736951
      0.58991271      0.60293202      1.78602726      4.99923210      0.61318714
      0.59219742      1.77922483      5.05053465      0.56892204      0.60276444
      1.79043408      5.07528126      0.59958828      0.58168587      1.75824054
      4.95045363      0.61759502      0.65350886      1.78687778      5.07614856
      0.59661647      0.57770281      1.77818719      5.02123518      0.58354735
      0.58693816      1.78828094      5.04480122      0.59797470      0.58785411
      1.77724168      4.94602458      0.63901081      0.62520710      1.78508849
      4.99744498      0.62821501      0.59068129      1.79686989      5.05468337
      0.57900262      0.60492130      1.77878485      5.03593852      0.58849067
      0.61907425      1.78921066      5.02537432      0.58490539      0.59767174
      1.78469242      5.01610157      0.61262761      0.58921437      1.77921904
      4.98747620      0.63857881      0.57940673      1.76774720      4.99256872
      0.63886163      0.61141575      1.78306119      5.00458855      0.61344135
      0.59320160      1.78344201      4.97314777      0.61278372      0.61129997
      1.78802353      5.04221609      0.58301116      0.59919665      1.78720519
      5.03967554      0.61328911      0.58767716      1.77770337      4.98482636
      0.59461527      0.60657699      1.77963544      4.98844200      0.60852742
      0.59725162      1.78449993      5.05199857      0.59275090      0.58903257
      1.77861738      4.99055960      0.61611974      0.60639628      1.77024642
      5.02556102      0.61108868      0.59038855      1.77800638      5.00249104
      0.62789535      0.61361149      1.78713796      4.99723460      0.59282392
      0.60858454      1.77267983      4.99234283      0.65975226      0.56987025
      1.78248529      4.98951175      0.59998968      0.61445231      1.77262956
      4.99783451      0.64511367      0.58040668      1.78002464      4.96447810
      0.64708329      0.58710898      1.79263885      5.01982609      0.60641455
      0.58846651      1.77964311      5.00054616      0.59606097      0.59372308
      1.78292883      4.99618840      0.62035054      0.59872037      1.78710514
      5.02054169      0.58732047      0.60663154      1.79882648      5.08461095
      0.57265363      0.57898370      1.78252553      4.99402874      0.60382944
      0.60903796      1.77650339      5.03516267      0.58308423      0.59865677
      1.79550968      5.05608777      0.58897164      0.58594227      1.80456834
      5.07929246      0.51220395      0.60336559      1.78760638      4.98668269
      0.63781377      0.56442215      1.79392207      5.11021005      0.56224665
      0.56811087      1.78079356      4.98747724      0.61106592      0.59960642
      1.79122623      5.04396957      0.57129107      0.59135989      1.78957476
      5.03037062      0.59009149      0.58412904      1.78801645      5.02201413
      0.62428398      0.57332104      1.77617931      4.99116663      0.60464771
      0.62165446      1.79337642      5.07814732      0.58942163      0.56487025
      1.78495712      5.06641804      0.64545203      0.54354334      1.79320111
      4.93933349      0.64954712      0.62141526      1.79138526      5.01332774
      0.59194878      0.61269233      1.77894868      5.01804634      0.57648064
      0.60885794      1.77387434      5.00233390      0.62827588      0.60249177
      1.78841761      5.04568347      0.61510435      0.55809049      1.77583064
      4.94539923      0.65864784      0.60645138      1.77525595      5.01234696
      0.59292913      0.61109367      1.80447429      5.08263099      0.58207771
      0.52970724      1.78349457      4.97184325      0.63835869      0.59263246
      1.79242120      5.00800373      0.58219192      0.58999038      1.78547476
      5.01252995      0.58620482      0.59268277      1.77287527      4.96260161
      0.62382181      0.62307212      1.78164965      5.00729317      0.60762805
      0.57149477      1.78582650      5.03870003      0.57725019      0.59426057
      1.78512077      5.04672860      0.56539803      0.60229107      1.77793876
      4.99920403      0.60523148      0.59344056      1.79646632      5.05898799
      0.58577240      0.58981635      1.79442983      5.05505241      0.59990510
      0.58231499      1.79403528      4.98394317      0.61039297      0.58854454
      1.76371109      5.01995752      0.61368370      0.62733141      1.78940804
      4.99114442      0.62015287      0.59324377

     SUBSYSTEM
    -----------
      65      66      66      44      65      65      70      66      66      44
      45      49      62      59      41      42      43      64       7       7
     105      41      41      41      91      91      92      14      29      77
      57      77      33      33      36      69      64      69      69      69
      69      26      26      26      46      46      38      25      25      25
       1       3      35      55      54      55      82      82      62      64
      64      64      22      23      15      39      39      16      37      37
      38      83      83      88      94      94      94      76      76      76
      81     103      81      43      43      44      30      34      10      16
      17      16      80      80      80      11      11      32      86      86
      85     107     107      86      53      75      56     113     109     114
      40      40      17      13      11      13     102     106     102      98
      98      98      69      68      69      20      26      20     110     110
     111       9      12       8      31      32      35      61      62      61
     112     112     111      75      75      71     115     101      97      49
      52      53      73      74      73      90      91      90      66      62
      45      60      39      60      85      89      85      45      21      45
     109     110     107      47      33      47      28      28      28     100
     100     113      61      58      81      18      18      18      87      87
      87     115     115      91      27      21       8      81      81      81
      52      31      52       3     104       3      30      51      30      93
      89      89      50      50      50      88      88      67      67      67
      67       2       2       2      95      95      95      48      49      48
      18       4       5     116      96      96      88     108      88       9
       9       9      63      63      63       6     107       6      22      22
      28      79      79      78      32      27      32      72      37      72
      19      19      19      84      84      99      29     117      24      24
      24      24

     MULLIKEN POPULATIONS
    ----------------------
      1.25679301      2.84948512      1.21028384      2.65158010      1.77261262
      4.86477836      1.47264857      3.64723205      0.88841142      0.86961213
      0.94767698      0.92116848      0.59525711      0.70585135      0.71385968
      0.74725150      1.78165542      4.96160975      0.64671221      0.57995721
      1.78330693      4.99352461      0.58718093      0.59777720      1.77911772
      5.01828366      0.59619528      0.60267464      1.78438322      5.03289733
      0.59993895      0.59644851      1.79395676      5.06521511      0.59052924
      0.57762189      1.88918840      5.54058771      0.54527362      1.78406197
      5.03590270      0.58797431      0.59199193      1.78305440      5.02517003
      0.60096077      0.58160966      1.78277734      4.99225674      0.59320004
      0.59988226      1.78810953      5.03192704      0.58139270      0.60126147
      1.80148343      5.06066573      0.57386530      0.58877376      1.80200114
      5.02168908      0.60256458      0.57752926      1.78979986      5.00279453
      0.56924466      0.63148515      1.77253484      5.04093132      0.59456038
      0.59106397      1.76319063      4.97282510      0.65997543      0.58539452
      1.79012761      5.02797881      0.58141588      0.61486844      1.78620205
      5.00663349      0.58824457      0.61470241      1.78465332      5.00813054
      0.58788133      0.60151945      1.78847758      4.99648551      0.61344205
      0.59224713      1.77643505      5.05414203      0.56922619      0.60161562
      1.79279531      5.07729138      0.59868155      0.57995573      1.75505875
      4.95322653      0.61805531      0.65286013      1.78759386      5.07968599
      0.59560753      0.57611710      1.77622129      5.01962882      0.58462200
      0.58738882      1.78995933      5.04173464      0.59852917      0.58747384
      1.78088280      4.94378725      0.63987051      0.62542615      1.78804057
      4.99758043      0.62706988      0.58967332      1.80114223      5.05283560
      0.57773257      0.60532810      1.77782844      5.03587535      0.58769857
      0.62008911      1.79146435      5.02552385      0.58314367      0.59719321
      1.78628938      5.01391009      0.61206123      0.58949911      1.78048045
      4.98839604      0.63797697      0.57953897      1.76604126      4.99351240
      0.63781571      0.61140983      1.78462060      5.00409550      0.61227969
      0.59201685      1.78692513      4.97068486      0.61202031      0.61003193
      1.79015619      5.04319795      0.58201739      0.59740413      1.78929961
      5.03946802      0.61176740      0.58693291      1.77793112      4.98294447
      0.59486309      0.60627979      1.78059430      4.98757409      0.60989040
      0.59657061      1.78593176      5.05602128      0.59081158      0.58782258
      1.77924863      4.98793691      0.61719610      0.60614546      1.76799826
      5.02969249      0.60968557      0.59019088      1.77929149      5.00137031
      0.62812150      0.61374784      1.79049221      4.99638073      0.59045166
      0.60793318      1.77214091      4.99508160      0.65841531      0.56906489
      1.78460806      4.98981776      0.59880387      0.61265454      1.77161257
      5.00181195      0.64375373      0.58007742      1.78232651      4.96304589
      0.64574479      0.58648782      1.79671922      5.01785716      0.60531816
      0.58784478      1.77983013      4.99797411      0.59621180      0.59421169
      1.78470580      4.99284017      0.62114766      0.59887876      1.78895202
      5.02081508      0.58580116      0.60593515      1.80265043      5.08685020
      0.57187419      0.57914150      1.78465302      4.99334311      0.60262187
      0.60893334      1.77482651      5.03790202      0.58359884      0.59733253
      1.79920654      5.05601351      0.58907674      0.58456286      1.80828449
      5.08017593      0.51026953      0.60123025      1.79118863      4.98461706
      0.63707062      0.56334595      1.79427257      5.11006172      0.56193678
      0.56634168      1.78243243      4.98661059      0.60958006      0.59967464
      1.79333351      5.04240429      0.57102762      0.58985582      1.79228649
      5.03073285      0.58846787      0.58176636      1.79083156      5.02019894
      0.62439724      0.57354879      1.77665466      4.99236455      0.60419552
      0.62000774      1.79524002      5.07889612      0.58760243      0.56485433
      1.78527861      5.06613376      0.64522394      0.54242719      1.80132621
      4.92933259      0.65031708      0.62331221      1.79567154      5.01128633
      0.59101834      0.61357981      1.77829645      5.01643860      0.57566398
      0.60808438      1.77287075      5.00282646      0.62738321      0.60288931
      1.78921479      5.04661800      0.61420604      0.55742656      1.77874612
      4.94382740      0.65815479      0.60561414      1.77426927      5.01731306
      0.59093803      0.60965089      1.80855794      5.08179084      0.58216988
      0.52789314      1.78742449      4.97270263      0.63708560      0.59221366
      1.79640755      5.00898212      0.58123711      0.58865354      1.78703107
      5.01224480      0.58484004      0.59141860      1.77319700      4.96207055
      0.62307320      0.62325687      1.78268809      5.00635950      0.60533574
      0.57124504      1.78651270      5.03654283      0.57738660      0.59357663
      1.78475526      5.04679996      0.56447124      0.60132273      1.77723078
      4.99765909      0.60521239      0.59530423      1.80079591      5.05819723
      0.58514270      0.58957996      1.79802875      5.05337728      0.59967847
      0.58248138      1.79945794      4.97946030      0.60926885      0.58902765
      1.76008542      5.02428916      0.61175108      0.62630741      1.79162867
      4.98784492      0.62123309      0.59301870

     SUBSYSTEM
    -----------
      65      66      66      44      65      65      70      66      66      44
      45      49      62      59      41      42      43      64       7       7
     105      41      41      41      91      91      92      14      29      77
      57      77      33      32      36      69      64      69      69      69
      69      26      26      26      46      46      38      25      25      25
       1       3      35      55      54      55      82      82      62      64
      64      64      22      23      15      39      39      16      37      37
      38      83      83      88      94      94      94      76      76      76
      81     103      81      43      43      44      30      34      10      16
      17      16      80      80      80      11      11      32      86      86
      85     107     107      86      53      75      56     113     109     114
      40      40      17      13      11      13     102     106     102      98
      98      98      69      68      69      20      26      20     110     110
     111       9      12       8      31      32      35      61      62      61
     112     112     111      75      75      71     115     101      97      49
      52      53      73      74      73      90      91      90      66      62
      45      60      39      60      85      89      85      45      21      45
     109     110     107      47      33      47      28      28      28     100
     100     113      61      58      81      18      18      18      87      87
      87     115     115      91      27      21       8      86      81      81
      52      31      52       3     104       3      30      51      30      93
      89      89      50      50      50      88      88      67      67      67
      67       2       2       2      95      75      95      48      48      48
      18       4       5     116      96      96      88     108      88       9
       9       9      63      63      63       6     107       6      22      22
      28      79      79      78      32      27      32      72      37      72
      19      19      19      84      84      99      29     117      24      24
      24      24

     MULLIKEN POPULATIONS
    ----------------------
      1.25890238      2.85009463      1.21132555      2.64894727      1.77419210
      4.86189792      1.47318248      3.64560992      0.88927663      0.86867858
      0.94754588      0.92238160      0.59618191      0.70618256      0.71385288
      0.74625190      1.78352124      4.96190952      0.64571773      0.57857287
      1.78465865      4.99074628      0.58529083      0.59669444      1.78029084
      5.01710160      0.59623085      0.60246383      1.78597560      5.03357856
      0.59860120      0.59602310      1.79733457      5.06829830      0.58926585
      0.57595595      1.89034656      5.53472892      0.54601289      1.78589087
      5.03539806      0.58652165      0.59114177      1.78455708      5.02360091
      0.60149545      0.58077365      1.78421230      4.98923669      0.59266242
      0.59995806      1.79043382      5.03412530      0.57970292      0.59887562
      1.80594427      5.06508488      0.57070626      0.58725821      1.80695383
      5.02287489      0.60308408      0.57522160      1.79270236      4.99861294
      0.56964324      0.63199294      1.77256516      5.03939130      0.59409563
      0.59058993      1.76337784      4.97634386      0.65841169      0.58355859
      1.79241518      5.02734204      0.58123541      0.61423531      1.78780140
      5.00712147      0.58732030      0.61389242      1.78649345      5.00858347
      0.58607945      0.59992419      1.79078336      4.99388421      0.61353366
      0.59228848      1.77635919      5.05592619      0.56860428      0.60065966
      1.79510453      5.07939567      0.59761959      0.57816720      1.75343331
      4.95482360      0.61836436      0.65193444      1.78923610      5.08275041
      0.59458865      0.57419921      1.77635371      5.01676454      0.58519145
      0.58725099      1.79232810      5.03910303      0.59862603      0.58676619
      1.78334013      4.94256738      0.63964536      0.62504295      1.79049690
      4.99904851      0.62551819      0.58837278      1.80478158      5.05135867
      0.57665363      0.60547001      1.77837393      5.03599941      0.58654287
      0.62057091      1.79369532      5.02536113      0.58136080      0.59666626
      1.78817840      5.01187896      0.61119953      0.58952784      1.78199538
      4.98796447      0.63737600      0.57940680      1.76549873      4.99469371
      0.63639516      0.61100707      1.78618504      5.00412089      0.61076987
      0.59065790      1.78956154      4.96930220      0.61115717      0.60870694
      1.79256669      5.04440774      0.58103078      0.59557753      1.79129965
      5.03980167      0.61021510      0.58594487      1.77887897      4.98090000
      0.59484603      0.60557965      1.78199881      4.98649663      0.61105996
      0.59588609      1.78826847      5.05952064      0.58875932      0.58628146
      1.78047115      4.98517813      0.61795796      0.60584139      1.76769545
      5.03226855      0.60831253      0.58904558      1.78078249      5.00051163
      0.62824668      0.61365109      1.79337159      4.99586951      0.58819981
      0.60682782      1.77268541      4.99734684      0.65679996      0.56785744
      1.78642715      4.99042057      0.59761231      0.61086432      1.77183027
      5.00458823      0.64256832      0.57947340      1.78403341      4.96228538
      0.64441391      0.58575877      1.80020892      5.01654549      0.60401512
      0.58730284      1.78098561      4.99558005      0.59611221      0.59449543
      1.78635817      4.99008542      0.62128256      0.59894029      1.79094387
      5.02125508      0.58427316      0.60515394      1.80680834      5.08929664
      0.57107468      0.57901910      1.78685367      4.99277242      0.60126297
      0.60855722      1.77537193      5.03999508      0.58352328      0.59551967
      1.80266919      5.05625636      0.58892071      0.58286081      1.81235077
      5.08112365      0.50824574      0.59887493      1.79455109      4.98325374
      0.63632500      0.56226612      1.79641594      5.11027582      0.56108042
      0.56422115      1.78431113      4.98610684      0.60796544      0.59947963
      1.79575540      5.04103116      0.57071928      0.58802985      1.79488414
      5.03115762      0.58684042      0.57952539      1.79375372      5.01912964
      0.62408989      0.57352075      1.77740116      4.99377706      0.60352006
      0.61830934      1.79807443      5.07954784      0.58546072      0.56444245
      1.78678003      5.06785819      0.64377690      0.54054506      1.80687405
      4.92257531      0.65074685      0.62469747      1.79916635      5.00978845
      0.59023697      0.61392837      1.77925571      5.01449290      0.57463484
      0.60697271      1.77307036      5.00303495      0.62639205      0.60285796
      1.79092165      5.04729321      0.61264080      0.55652590      1.78082014
      4.94348381      0.65736253      0.60465862      1.77443081      5.02182746
      0.58863325      0.60778803      1.81326492      5.08078263      0.58203744
      0.52593036      1.79041153      4.97370002      0.63569338      0.59170852
      1.79992034      5.00887758      0.58019275      0.58750918      1.78878397
      5.01186240      0.58346614      0.59002418      1.77388685      4.96154788
      0.62231058      0.62300186      1.78487146      5.00500208      0.60289547
      0.57083316      1.78835164      5.03335667      0.57720281      0.59279416
      1.78600157      5.04724024      0.56305361      0.59961586      1.77754126
      4.99511636      0.60513937      0.59680136      1.80500977      5.05724917
      0.58444174      0.58927201      1.80176371      5.05252361      0.59920116
      0.58226867      1.80381406      4.97558177      0.60828173      0.58932399
      1.75833747      5.02872502      0.60953509      0.62462226      1.79358554
      4.98489426      0.62168301      0.59269067

     SUBSYSTEM
    -----------
      67      68      68      46      67      67      72      68      68      46
      47      51      64      61      43      44      45      66       7       7
     107      43      43      43      93      93      94      15      30      79
      59      79      34      33      37      71      66      71      71      71
      71      27      27      27      48      48      40      26      26      26
       1       3      36      57      56      57      84      84      64      66
      66      66      23      24      16      41      41      17      38      39
      40      85      85      90      96      96      96      78      78      78
      83     105      83      45      45      46      31      35      10      17
      18      17      82      82      82      12      11      33      88      88
      87     109     109      88      55      77      58     115     111     116
      42      42      18      14      12      14     104     108     104     100
     100     100      71      70      71      21      27      21     112     112
     113       9      13       8      32      33      36      63      64      63
     114     114     113      77      77      73     117     103      99      51
      54      55      75      76      75      92      93      92      68      64
      47      62      41      62      87      91      87      47      22      47
     111     112     109      49      34      49      29      29      29     102
     102     115      63      60      83      19      19      19      89      89
      89     117     117      93      28      22       8      88      83      83
      54      32      54       3     106       3      31      53      31      95
      91      91      52      52      52      90      90      69      69      69
      69       2       2       2      97      77      97      50      50      50
      19       4       5     118      98      98      90     110      90       9
       9       9      65      65      65       6     109       6      23      23
      29      81      81      80      33      28      33      74      38      74
      20      20      20      86      86     101      30     119      25      25
      25      25

     MULLIKEN POPULATIONS
    ----------------------
      1.26101116      2.85049185      1.21222228      2.64693914      1.77520208
      4.85933415      1.47438664      3.64423256      0.88988952      0.86807601
      0.94715808      0.92352189      0.59690926      0.70633139      0.71362382
      0.74513092      1.78466074      4.96293135      0.64440855      0.57722488
      1.78671694      4.98923359      0.58319157      0.59541725      1.78256419
      5.01515045      0.59584469      0.60227589      1.78837527      5.03370237
      0.59749152      0.59518921      1.80116861      5.07120904      0.58809851
      0.57402581      1.89100027      5.52812546      0.54627079      1.78877627
      5.03486698      0.58499183      0.59006648      1.78744967      5.02099964
      0.60193573      0.57959613      1.78601337      4.98633191      0.59205268
      0.59972133      1.79289140      5.03671583      0.57800273      0.59634955
      1.80951729      5.06916303      0.56785390      0.58550415      1.81091553
      5.02360236      0.60277577      0.57322370      1.79577141      4.99557632
      0.56996931      0.63180677      1.77529430      5.03876214      0.59299192
      0.58896199      1.76536010      4.98077973      0.65580532      0.58120907
      1.79463327      5.02673488      0.58111433      0.61318984      1.78896958
      5.00772849      0.58658874      0.61295084      1.78839464      5.00887302
      0.58465586      0.59821796      1.79273173      4.99162348      0.61350985
      0.59232838      1.77910119      5.05578991      0.56705132      0.59990690
      1.79710370      5.08145992      0.59647498      0.57643977      1.75354559
      4.95514774      0.61849250      0.65074993      1.79166299      5.08515799
      0.59362377      0.57206598      1.77851589      5.01283504      0.58529072
      0.58656749      1.79513669      5.03693530      0.59832616      0.58587400
      1.78442394      4.94256229      0.63827505      0.62412183      1.79217657
      5.00202274      0.62361094      0.58679236      1.80745636      5.05030863
      0.57586201      0.60529386      1.78038351      5.03635061      0.58506548
      0.62051976      1.79563497      5.02496102      0.57966377      0.59613224
      1.79019520      5.00999567      0.61010692      0.58939578      1.78363229
      4.98602947      0.63690188      0.57913534      1.76616784      4.99595392
      0.63467334      0.61025337      1.78750578      5.00487475      0.60897588
      0.58917237      1.79114543      4.96921999      0.61025383      0.60739539
      1.79501179      5.04584229      0.58012511      0.59383782      1.79298916
      5.04075313      0.60872474      0.58481401      1.78058673      4.97898947
      0.59457978      0.60461085      1.78372042      4.98533496      0.61201079
      0.59528022      1.79129024      5.06246507      0.58670460      0.58449576
      1.78216464      4.98243425      0.61840427      0.60554551      1.76940571
      5.03315247      0.60695023      0.58698529      1.78235969      4.99991698
      0.62832592      0.61334592      1.79555050      4.99576947      0.58618198
      0.60529959      1.77420840      4.99900481      0.65501011      0.56633409
      1.78772745      4.99146211      0.59647834      0.60917411      1.77322943
      5.00589833      0.64167825      0.57863724      1.78499615      4.96233737
      0.64310197      0.58497714      1.80284677      5.01600178      0.60254014
      0.58688137      1.78301194      4.99357310      0.59580739      0.59463137
      1.78771583      4.98807960      0.62070021      0.59893772      1.79285231
      5.02202496      0.58280443      0.60431179      1.81089961      5.09187879
      0.57034959      0.57869136      1.78894260      4.99246042      0.59978674
      0.60791261      1.77812349      5.04164177      0.58297725      0.59298091
      1.80555884      5.05686795      0.58850289      0.58085328      1.81632143
      5.08217157      0.50644803      0.59648597      1.79744835      4.98278085
      0.63562675      0.56123630      1.80010630      5.11083566      0.55975713
      0.56188131      1.78624744      4.98611110      0.60628774      0.59908291
      1.79820707      5.03999060      0.57046142      0.58600838      1.79710214
      5.03174670      0.58531348      0.57752645      1.79650072      5.01884758
      0.62343545      0.57328045      1.77830822      4.99541802      0.60264498
      0.61665227      1.80155923      5.07996256      0.58316877      0.56378581
      1.78922002      5.07148676      0.64122846      0.53802319      1.80957437
      4.91966478      0.65061089      0.62533655      1.80157230      5.00907880
      0.58964118      0.61363279      1.78163704      5.01239834      0.57349820
      0.60560627      1.77444425      5.00298049      0.62534831      0.60241593
      1.79331966      5.04769082      0.61051093      0.55550666      1.78187222
      4.94449824      0.65631627      0.60358872      1.77565561      5.02603070
      0.58607298      0.60543102      1.81813410      5.07976041      0.58181044
      0.52412158      1.79225667      4.97473198      0.63424555      0.59113200
      1.80273368      5.00765088      0.57906297      0.58666248      1.79049948
      5.01169170      0.58218553      0.58859139      1.77484450      4.96119280
      0.62156943      0.62230794      1.78801510      5.00351673      0.60039569
      0.57036619      1.79116601      5.02918672      0.57676556      0.59200487
      1.78870873      5.04823172      0.56122962      0.59729713      1.77882685
      4.99174947      0.60506349      0.59789375      1.80868202      5.05539634
      0.58368360      0.58945495      1.80532119      5.05250287      0.59856725
      0.58175456      1.80694893      4.97238853      0.60751438      0.58934356
      1.75869104      5.03319216      0.60702061      0.62224503      1.79526828
      4.98222870      0.62145088      0.59229057

     SUBSYSTEM
    -----------
      67      68      68      46      67      67      72      68      68      46
      47      51      64      61      43      44      45      66       7       7
     107      43      43      43      93      93      94      15      30      79
      59      79      34      33      37      71      66      71      71      71
      71      27      27      27      48      48      40      26      26      26
       1       3      36      57      56      57      84      84      64      66
      66      66      23      24      16      41      41      17      38      39
      40      85      85      90      96      96      96      78      78      78
      83     105      83      45      45      46      31      35      10      17
      18      17      82      82      82      12      11      33      88      88
      87     109     109      88      55      77      58     115     111     116
      42      42      18      14      12      14     104     108     104     100
     100     100      71      70      71      21      27      21     112     112
     113       9      13       8      32      33      36      63      64      63
     114     114     113      77      77      73     117     103      99      51
      54      55      75      76      75      92      93      92      68      64
      47      62      41      62      87      91      87      47      22      47
     111     112     109      49      34      49      29      29      29     102
     102     115      63      60      83      19      19      19      89      89
      89     117     117      93      28      22       8      88      83      83
      54      32      54       3     106       3      31      53      31      95
      91      91      52      52      52      90      90      69      69      69
      69       2       2       2      97      77      97      50      50      50
      19       4       5     118      98      98      90     110      90       9
       9       9      65      65      65       6     109       6      23      23
      29      81      81      80      33      28      33      74      38      74
      20      20      20      86      86     101      30     119      25      25
      25      25

     MULLIKEN POPULATIONS
    ----------------------
      1.26311212      2.85059689      1.21295057      2.64575422      1.77554385
      4.85698852      1.47615310      3.64301413      0.89033001      0.86754537
      0.94630116      0.92425370      0.59751317      0.70635253      0.71411533
      0.74357846      1.78496862      4.96484237      0.64275533      0.57589789
      1.78918102      4.98915694      0.58114674      0.59421138      1.78566461
      5.01263068      0.59496837      0.60233303      1.79136731      5.03338013
      0.59659467      0.59400845      1.80510796      5.07380355      0.58719560
      0.57194143      1.89107502      5.52086268      0.54607422      1.79240271
      5.03445832      0.58346284      0.58886105      1.79144664      5.01757374
      0.60235366      0.57816840      1.78797672      4.98376634      0.59144109
      0.59927123      1.79521059      5.03973041      0.57641700      0.59378924
      1.81194020      5.07255825      0.56548057      0.58366641      1.81359951
      5.02373651      0.60155562      0.57176553      1.79869821      4.99396720
      0.57030941      0.63092428      1.78033018      5.03934554      0.59136238
      0.58633235      1.76867588      4.98621085      0.65244094      0.57844607
      1.79654625      5.02618354      0.58108964      0.61184192      1.78953018
      5.00858159      0.58604234      0.61194719      1.79003602      5.00881115
      0.58400836      0.59677993      1.79419817      4.99007550      0.61320641
      0.59235832      1.78419934      5.05381228      0.56483596      0.59951478
      1.79856320      5.08331846      0.59534148      0.57489854      1.75532167
      4.95433325      0.61839301      0.64937031      1.79456402      5.08670173
      0.59291730      0.56983909      1.78234821      5.00817745      0.58505630
      0.58545513      1.79802524      5.03498459      0.59788252      0.58511989
      1.78408344      4.94375689      0.63586965      0.62278152      1.79287359
      5.00646097      0.62161729      0.58486327      1.80894457      5.04974385
      0.57540642      0.60475047      1.78356863      5.03691247      0.58343936
      0.62004786      1.79707397      5.02450437      0.57813022      0.59554856
      1.79213939      5.00825281      0.60887291      0.58921577      1.78524267
      4.98268053      0.63661873      0.57871893      1.76792915      4.99719800
      0.63273300      0.60924007      1.78846128      5.00681975      0.60677172
      0.58722201      1.79156188      4.97051342      0.60938878      0.60617444
      1.79723903      5.04758486      0.57931295      0.59226254      1.79419337
      5.04234357      0.60740052      0.58361393      1.78270572      4.97744104
      0.59410622      0.60339008      1.78556495      4.98416272      0.61237414
      0.59527389      1.79468445      5.06481518      0.58480393      0.58257693
      1.78408389      4.97969140      0.61872193      0.60539949      1.77283555
      5.03239863      0.60561610      0.58423074      1.78391947      4.99975584
      0.62835293      0.61273173      1.79682889      4.99610503      0.58449929
      0.60349061      1.77647740      4.99992507      0.65321569      0.56466604
      1.78835088      4.99306464      0.59545211      0.60765041      1.77564982
      5.00583039      0.64103326      0.57757699      1.78510776      4.96325459
      0.64192445      0.58415378      1.80444955      5.01629492      0.60092116
      0.58661027      1.78570205      4.99214252      0.59532179      0.59473192
      1.78857237      4.98673718      0.61961670      0.59895306      1.79446072
      5.02324822      0.58146281      0.60342211      1.80919771      5.09018089
      0.57004684      0.58001461      1.79073481      4.99250698      0.59825872
      0.60704373      1.78259209      5.04266667      0.58206343      0.59017487
      1.80749644      5.05731373      0.58832156      0.57872063      1.81982773
      5.08326041      0.50513273      0.59424297      1.79972008      4.98334694
      0.63496471      0.56023263      1.80491816      5.11183843      0.55811242
      0.55935074      1.78804314      4.98668674      0.60461371      0.59861549
      1.80041588      5.03941633      0.57030931      0.58391356      1.79882962
      5.03296872      0.58368723      0.57566279      1.79883583      5.01931345
      0.62256384      0.57284185      1.77923569      4.99738525      0.60151271
      0.61511549      1.80531826      5.08005623      0.58092813      0.56296899
      1.79218503      5.07674650      0.63789262      0.53506803      1.80932551
      4.92080201      0.64986109      0.62510592      1.80271984      5.00947564
      0.58909770      0.61266839      1.78507924      5.01036382      0.57236650
      0.60416088      1.77678316      5.00267577      0.62432639      0.60167947
      1.79606262      5.04775263      0.60807055      0.55452526      1.78180744
      4.94681937      0.65511590      0.60244672      1.77768176      5.02997522
      0.58335447      0.60272326      1.82269179      5.07882575      0.58167941
      0.52278300      1.79283865      4.97568368      0.63280376      0.59053610
      1.80466234      5.00546898      0.57778553      0.58618863      1.79199584
      5.01212173      0.58089483      0.58722541      1.77591224      4.96110707
      0.62090060      0.62127815      1.79181906      5.00223152      0.59794819
      0.56996465      1.79534802      5.03121026      0.57632428      0.59109185
      1.79249634      5.05006217      0.55918495      0.59451615      1.78091203
      4.98800212      0.60497759      0.59846082      1.81156917      5.05334280
      0.58293483      0.58976264      1.80834889      5.05292767      0.59807339
      0.58118368      1.80874259      4.96986573      0.60706094      0.58910669
      1.76103067      5.03771538      0.60422743      0.61926407      1.79663229
      4.97988570      0.62045593      0.59191540

     SUBSYSTEM
    -----------
      69      70      70      47      69      69      74      70      70      47
      48      53      66      63      44      45      46      68       8       8
     109      44      44      44      95      95      96      16      31      81
      61      81      35      34      38      73      68      73      73      73
      73      28      28      28      50      50      41      27      27      27
       1       4      37      59      58      59      86      86      66      68
      68      68      24      25      17      42      42      18      39      40
      41      87      87      92      98      98      98      80      80      80
      85     107      85      46      46      47      32      36      11      18
      19      18      84      84      84      13      12      34      90      90
      89     111     111      90      57      79      60     117     113     118
      43      43      19      15      13      15     106     110     106     102
     102     102      73      72      73      22      28      22     114     114
     115      10      14       9      33      34      37      65      66      65
     116     116     115      79      79      75     119     105     101      53
      56      57      77      78      77      94      95      94      70      66
      49      64      42      64      89      93      89      48      23      48
     113     114     111      51      35      51      30      30      30     104
     104     117      65      62      85      20      20      20      91      91
      91     119     119      95      29      23       9      90      85      85
      56      33      56       4     108       4      32      55      32      97
      93      93      54      54      54      92      92      71      71      71
      71       3       3       2      99      79      99      52      52      52
      20       5       6     120     100     100      92     112      92      10
      10      10      67      67      67       7     111       7      24      24
      30      83      83      82      34      29      34      76      39      76
      21      21      21      88      88     103      31     121      26      26
      26      26

     MULLIKEN POPULATIONS
    ----------------------
      1.26514989      2.85053158      1.21344439      2.64545992      1.77519269
      4.85491268      1.47840898      3.64197718      0.89046437      0.86741816
      0.94512165      0.92470623      0.59794822      0.70625788      0.71435404
      0.74199125      1.78437571      4.96751281      0.64093599      0.57468746
      1.79182971      4.99102079      0.57913457      0.59292254      1.78921880
      5.00982523      0.59395088      0.60249443      1.79461100      5.03261522
      0.59607781      0.59258499      1.80882180      5.07628222      0.58702419
      0.56985025      1.89056531      5.51321851      0.54552605      1.79637769
      5.03424455      0.58210875      0.58755044      1.79609858      5.01360750
      0.60283194      0.57663413      1.78987072      4.98183249      0.59087314
      0.59866447      1.79713976      5.04312918      0.57499808      0.59133762
      1.81307766      5.07504322      0.56366018      0.58183236      1.81476689
      5.02347774      0.59961661      0.57071936      1.80115331      4.99374011
      0.57078175      0.62956480      1.78695780      5.04129565      0.58951316
      0.58299656      1.77264940      4.99252598      0.64869348      0.57556802
      1.79792128      5.02572362      0.58117340      0.61034756      1.78935105
      5.00966592      0.58584396      0.61089707      1.79129833      5.00867903
      0.58378116      0.59540494      1.79501401      4.98915347      0.61290222
      0.59236913      1.79078870      5.05032741      0.56225234      0.59975252
      1.79933967      5.08496423      0.59427236      0.57354039      1.75842679
      4.95261826      0.61810024      0.64794031      1.79755525      5.08734168
      0.59255439      0.56767647      1.78731213      5.00334048      0.58454983
      0.58410620      1.80077266      5.03359762      0.59726257      0.58434395
      1.78239175      4.94595140      0.63271082      0.62121582      1.79249440
      5.01223089      0.61945263      0.58279575      1.80903683      5.04928388
      0.57526036      0.60436999      1.78751405      5.03775333      0.58180317
      0.61928094      1.79783131      5.02406957      0.57679378      0.59504522
      1.79273281      5.00806982      0.60749094      0.58892641      1.78661037
      4.97802899      0.63656987      0.57834089      1.77047139      4.99819962
      0.63080573      0.60819178      1.78878656      5.00957578      0.60458892
      0.58530303      1.79078590      4.97313152      0.60859701      0.60513257
      1.79897649      5.04964424      0.57865627      0.59092309      1.79474633
      5.04435743      0.60642705      0.58248819      1.78500210      4.97645117
      0.59348505      0.60197907      1.78737424      4.98326638      0.61258940
      0.59533633      1.79807182      5.06647016      0.58315687      0.58084242
      1.78608259      4.97753198      0.61873978      0.60520577      1.77742056
      5.03026152      0.60442460      0.58104694      1.78526511      4.99983858
      0.62835765      0.61207865      1.79715114      4.99737280      0.58312395
      0.60110986      1.77921189      5.00011887      0.65156119      0.56297240
      1.78820578      4.99530965      0.59447725      0.60640867      1.77871004
      5.00436894      0.64080250      0.57641760      1.78432152      4.96504680
      0.64083085      0.58343030      1.80487888      5.01729690      0.59927496
      0.58666555      1.78875843      4.99135456      0.59483281      0.59481504
      1.78881622      4.98620466      0.61802796      0.59899826      1.79557633
      5.02492537      0.58032742      0.60255410      1.80725726      5.08947013
      0.56945995      0.58113739      1.79203219      4.99272405      0.59673589
      0.60621937      1.78811733      5.04335875      0.58095140      0.58721795
      1.80836982      5.05784576      0.58805603      0.57653209      1.82285963
      5.08591136      0.50501801      0.59202887      1.80114914      4.98437898
      0.63434974      0.55990118      1.81020776      5.11307031      0.55633804
      0.55711615      1.78955334      4.98802264      0.60286618      0.59809388
      1.80187109      5.03806871      0.57076312      0.58218371      1.79983367
      5.03447860      0.58236842      0.57417903      1.80056504      5.02030365
      0.62171305      0.57240218      1.78000900      4.99973325      0.60019617
      0.61369667      1.80892836      5.07958320      0.57890460      0.56227500
      1.79524076      5.08324831      0.63409272      0.53191371      1.80609542
      4.92546932      0.64879277      0.62429886      1.80244307      5.01081192
      0.58883116      0.61115397      1.78911625      5.00856863      0.57144416
      0.60276703      1.77979198      5.00236059      0.62331062      0.60065784
      1.79879699      5.04761386      0.60546763      0.55370617      1.78067925
      4.95050078      0.65371567      0.60119723      1.78013868      5.03368603
      0.58059780      0.59991208      1.82660966      5.07843156      0.58160323
      0.52203544      1.79210924      4.97651799      0.63140375      0.58998488
      1.80549730      5.00239436      0.57661449      0.58618594      1.79304847
      5.01316924      0.58000344      0.58593164      1.77694636      4.96152896
      0.62031252      0.61991606      1.79587133      5.00114113      0.59584129
      0.56971335      1.80043671      5.03124115      0.57595996      0.59042355
      1.79279013      5.05181405      0.55855850      0.59287405      1.78341040
      4.98406791      0.60498915      0.59876836      1.81345008      5.05118752
      0.58222952      0.59021313      1.81068194      5.05396080      0.59757467
      0.58049864      1.80912710      4.96823276      0.60697803      0.58852199
      1.76490676      5.04226487      0.60124264      0.61597866      1.79751834
      4.97775574      0.61896262      0.59173607

     SUBSYSTEM
    -----------
      69      70      70      47      69      69      74      70      70      47
      48      53      66      63      44      45      46      68       8       8
     109      44      44      44      95      95      96      16      31      81
      61      81      35      34      38      73      68      73      73      73
      73      28      28      28      50      50      41      27      27      27
       1       4      37      59      58      59      86      86      66      68
      68      68      24      25      17      42      42      18      39      40
      41      87      87      92      98      98      98      80      80      80
      85     107      85      46      46      47      32      36      11      18
      19      18      84      84      84      13      12      34      90      90
      89     111     111      90      57      79      60     117     113     118
      43      43      19      15      13      15     106     110     106     102
     102     102      73      72      73      22      28      22     114     114
     115      10      14       9      33      34      37      65      66      65
     116     116     115      79      79      75     119     105     101      53
      56      57      77      78      77      94      95      94      70      66
      49      64      42      64      89      89      89      48      23      48
     113     114     111      51      35      51      30      30      30     104
     104     117      65      62      85      20      20      20      91      91
      91     119     119      95      29      23       9      90      85      85
      56      33      56       4     108       4      32      55      32      97
      93      93      54      54      54      92      92      71      71      71
      71       3       3       2      99      79      99      52      52      73
      20       5       6     120     100     100      92     112      92      10
      10      10      67      67      67       7     111       7      24      24
      30      83      83      82      34      29      34      76      39      76
      21      21      21      88      88     103      31     121      26      26
      26      26

     MULLIKEN POPULATIONS
    ----------------------
      1.26708626      2.85033095      1.21367366      2.64610552      1.77415916
      4.85315257      1.48097794      3.64109387      0.89028626      0.86760127
      0.94357074      0.92486614      0.59824788      0.70610489      0.71445054
      0.74039020      1.78293734      4.97090356      0.63902328      0.57359508
      1.79433115      4.99477242      0.57727375      0.59163917      1.79282047
      5.00710322      0.59283537      0.60285604      1.79777756      5.03160285
      0.59583984      0.59108736      1.81194561      5.07820748      0.58727653
      0.56791849      1.88952523      5.50543014      0.54475830      1.80023771
      5.03400309      0.58107007      0.58652415      1.80088666      5.00946353
      0.60347666      0.57510869      1.79145903      4.98078207      0.59036851
      0.59797710      1.79849460      5.04678298      0.57384048      0.58896792
      1.81288141      5.07645319      0.56251085      0.58010823      1.81416904
      5.02308248      0.59727089      0.57005203      1.80291066      4.99479807
      0.57147089      0.62781941      1.79434878      5.04464228      0.58768834
      0.57930035      1.77668863      4.99949282      0.64493588      0.57274668
      1.79857831      5.02547599      0.58142897      0.60879914      1.78840627
      5.01105279      0.58590309      0.60992167      1.79204441      5.00890367
      0.58396601      0.59418513      1.79511421      4.98892022      0.61261972
      0.59240168      1.79787602      5.04606948      0.55970422      0.60070759
      1.79932711      5.08633116      0.59326982      0.57249147      1.76238794
      4.95046204      0.61763987      0.64649872      1.80022250      5.08710489
      0.59258661      0.56576362      1.79272209      4.99866062      0.58409089
      0.58275458      1.80309496      5.03275527      0.59658884      0.58364143
      1.77958132      4.94907903      0.62902437      0.61961186      1.79103214
      5.01896079      0.61728447      0.58071836      1.80777403      5.04923308
      0.57553836      0.60370197      1.79175388      5.03890261      0.58032824
      0.61830528      1.79780068      5.02379330      0.57577164      0.59459792
      1.79299061      5.00811978      0.60610983      0.58872374      1.78754730
      4.97255035      0.63675321      0.57802492      1.77351294      4.99915954
      0.62888173      0.60704420      1.78840235      5.01312837      0.60253208
      0.58347836      1.78889121      4.97693056      0.60795595      0.60428479
      1.79998085      5.05196936      0.57825075      0.58988733      1.79461268
      5.04681688      0.60569466      0.58148864      1.78718418      4.97565245
      0.59284001      0.60028981      1.78895084      4.98276059      0.61266662
      0.59554070      1.80113340      5.06748194      0.58191914      0.57925500
      1.78789362      4.97603487      0.61854418      0.60508441      1.78248546
      5.02714866      0.60344646      0.57776301      1.78628470      5.00032998
      0.62830308      0.61133160      1.79635496      4.99934859      0.58217439
      0.59866184      1.78209989      4.99964245      0.65008909      0.56147255
      1.78726398      4.99820123      0.59367164      0.60541146      1.78198234
      5.00183186      0.64092896      0.57527261      1.78444620      4.96469910
      0.64042470      0.58355261      1.80412168      5.01895414      0.59771780
      0.58692932      1.79185721      4.99125311      0.59441010      0.59493485
      1.78834041      4.98629741      0.61626542      0.59912857      1.79607652
      5.02703165      0.57943115      0.60175152      1.80526003      5.08889679
      0.56905306      0.58203734      1.79275850      4.99350743      0.59530763
      0.60524985      1.79391308      5.04396919      0.57985729      0.58431842
      1.80808861      5.05842204      0.58782295      0.57438842      1.82502623
      5.08823290      0.50561911      0.59020924      1.80178153      4.98625715
      0.63382955      0.55957781      1.81537340      5.11438003      0.55466561
      0.55538022      1.79060798      4.99005164      0.60121216      0.59757702
      1.80275343      5.03708745      0.57137613      0.58067316      1.80001067
      5.03612527      0.58152146      0.57315424      1.80159881      5.02167924
      0.62080718      0.57194650      1.78045238      5.00248387      0.59876913
      0.61241475      1.81203437      5.07839536      0.57725173      0.56187377
      1.79802744      5.09034543      0.63016780      0.52882011      1.80009986
      4.93350643      0.64737286      0.62294311      1.80072795      5.01302947
      0.58888090      0.60929117      1.79326622      5.00711309      0.57085430
      0.60153005      1.78305146      5.00209779      0.62233064      0.59953418
      1.80115953      5.04729903      0.60291209      0.55326024      1.77856069
      4.95518684      0.65229374      0.59993730      1.78264733      5.03725528
      0.57796437      0.59713601      1.82961800      5.07873008      0.58168378
      0.52198814      1.79007948      4.97728877      0.63013468      0.58955415
      1.80513840      4.99897163      0.57557362      0.58660589      1.79352444
      5.01489034      0.57951160      0.58484558      1.77778840      4.96257819
      0.61978980      0.61834279      1.79982427      5.00070813      0.59396318
      0.56972623      1.80499770      5.03031566      0.57560238      0.59013383
      1.79365988      5.05439336      0.55792827      0.59102378      1.78592483
      4.98033874      0.60518626      0.59888985      1.81442164      5.04878858
      0.58140306      0.59153960      1.81213146      5.05537419      0.59715068
      0.57981909      1.80801775      4.96745615      0.60725939      0.58784150
      1.76971010      5.04689349      0.59825473      0.61254143      1.79777709
      4.97609219      0.61709076      0.59182158

     SUBSYSTEM
    -----------
      69      70      70      47      69      69      74      70      70      47
      48      53      66      63      44      45      46      68       8       8
     110      44      44      44      95      95      96      16      31      81
      61      81      35      34      38      73      68      73      73      73
      73      28      28      28      50      50      41      27      27      27
       1       4      37      59      58      59      86      86      66      68
      68      68      24      25      17      42      42      18      39      40
      41      87      87      92      98      98      98      80      80      80
      85     108     107      46      46      47      32      36      11      18
      19      18      84      84      84      13      12      34      90      90
      89     112     112      90      57      79      60     118     114     119
      43      43      19      15      13      15     106     111     106     102
     102     102      73      72      73      22      28      22     115     115
     116      10      14       9      33      34      37      65      66      65
     117     117     116      79      79      75     120     105     101      53
      56      57      77      78      77      94      95      94      70      66
      49      64      42      64      89      89      89      48      23      48
     114     115     112      51      35      51      30      30      30     104
     104     118      65      62      85      20      20      20      91      91
      91     120     120      95      29      23       9      90      85      85
      56      33      56       4     109       4      32      55      32      97
      93      93      54      54      54      92      92      71      71      71
      71       3       3       2      99      79      99      52      52      73
      20       5       6     121     100     100      92     113      92      10
      10      10      67      67      67       7     112       7      24      24
      30      83      83      82      34      29      34      76      39      76
      21      21      21      88      88     103      31     122      26      26
      26      26

     MULLIKEN POPULATIONS
    ----------------------
      1.26887810      2.85005574      1.21361793      2.64766675      1.77249217
      4.85173707      1.48365387      3.64034859      0.88982762      0.86805578
      0.94168434      0.92472216      0.59847001      0.70596017      0.71443404
      0.73881721      1.78077953      4.97486760      0.63708589      0.57268954
      1.79637469      5.00011317      0.57566185      0.59040834      1.79608656
      5.00479841      0.59174172      0.60341584      1.80053010      5.03046205
      0.59591172      0.58966594      1.81419661      5.07948975      0.58796726
      0.56629173      1.88806642      5.49777945      0.54394767      1.80362897
      5.03384428      0.58040350      0.58580145      1.80531781      5.00553522
      0.60428256      0.57375485      1.79253177      4.98075560      0.58997221
      0.59729601      1.79914347      5.05055569      0.57295614      0.58686840
      1.81139740      5.07681072      0.56205177      0.57863721      1.81163194
      5.02301439      0.59477244      0.56983257      1.80384362      4.99682650
      0.57240317      0.62587649      1.80169139      5.04916009      0.58610698
      0.57558708      1.78039049      5.00662255      0.64141620      0.57015811
      1.79841511      5.02553644      0.58187310      0.60731160      1.78674040
      5.01273716      0.58620559      0.60908848      1.79216214      5.00960999
      0.58450615      0.59316958      1.79449672      4.98941276      0.61236887
      0.59246996      1.80451787      5.04133699      0.55751588      0.60245528
      1.79849386      5.08743470      0.59236569      0.57177631      1.76664502
      4.94835092      0.61707497      0.64509449      1.80219613      5.08610038
      0.59303431      0.56422081      1.79795055      4.99456478      0.58384206
      0.58158964      1.80477156      5.03248684      0.59591902      0.58304154
      1.77598553      4.95307536      0.62511146      0.61812112      1.78858954
      5.02617604      0.61525997      0.57877740      1.80522713      5.04954616
      0.57623188      0.60284022      1.79583117      5.04025197      0.57917122
      0.61726160      1.79695017      5.02384346      0.57509919      0.59422132
      1.79285846      5.00844721      0.60478629      0.58864896      1.78788410
      4.96684635      0.63707724      0.57795135      1.77668203      5.00008939
      0.62705221      0.60586950      1.78728691      5.01732390      0.60069108
      0.58187268      1.78604497      4.98165443      0.60748918      0.60365858
      1.80009165      5.05452801      0.57812114      0.58917174      1.79377086
      5.04952321      0.60520749      0.58069845      1.78906491      4.97570327
      0.59220126      0.59862792      1.79012948      4.98275922      0.61265801
      0.59586306      1.80357424      5.06786659      0.58115651      0.57793391
      1.78931438      4.97534370      0.61819512      0.60500551      1.78739584
      5.02355743      0.60269645      0.57468652      1.78686431      5.00128322
      0.62816441      0.61050596      1.79442899      5.00212230      0.58166057
      0.59631201      1.78483960      4.99864618      0.64885547      0.56030678
      1.78556969      5.00169004      0.59304994      0.60466004      1.78501555
      4.99868218      0.64131101      0.57424064      1.78367818      4.96510413
      0.64017584      0.58383776      1.80223862      5.02108619      0.59636419
      0.58742500      1.79467215      4.99179204      0.59411693      0.59513220
      1.78717558      4.98699142      0.61447213      0.59933143      1.79590342
      5.02944800      0.57880397      0.60105864      1.80349514      5.08847990
      0.56879269      0.58268595      1.79284383      4.99491762      0.59405616
      0.60418512      1.79925577      5.04471113      0.57899464      0.58158867
      1.80665222      5.05901502      0.58768638      0.57245328      1.82625647
      5.08985931      0.50687426      0.58889561      1.80159850      4.98875053
      0.63337734      0.55931240      1.81989802      5.11554860      0.55321949
      0.55434912      1.79109576      4.99273494      0.59968257      0.59711638
      1.80293502      5.03645436      0.57213759      0.57947418      1.79933507
      5.03783548      0.58123848      0.57260060      1.80189382      5.02319592
      0.61993083      0.57155098      1.78043043      5.00562226      0.59732461
      0.61126518      1.81437098      5.07643829      0.57605493      0.56188644
      1.80033122      5.09729287      0.62640350      0.52597975      1.79166537
      4.94413021      0.64590607      0.62132440      1.79767854      5.01597850
      0.58926084      0.60735672      1.79708357      5.00604977      0.57065795
      0.60054553      1.78614271      5.00200175      0.62140417      0.59842954
      1.80287755      5.04691147      0.60058508      0.55327373      1.77564548
      4.96060127      0.65092123      0.59870287      1.78486422      5.04076775
      0.57557603      0.59451389      1.83160979      5.07997007      0.58188749
      0.52255145      1.78683899      4.97816761      0.62905218      0.58933573
      1.80352766      4.99574921      0.57477224      0.58743838      1.79334200
      5.01723656      0.57948303      0.58401186      1.77830915      4.96433917
      0.61930197      0.61667903      1.80332107      5.00103214      0.59235862
      0.57006146      1.80851667      5.02848309      0.57532807      0.59021850
      1.79498974      5.05769774      0.55734867      0.58911400      1.78809030
      4.97720010      0.60557558      0.59892726      1.81419290      5.04631907
      0.58076162      0.59307477      1.81257779      5.05696182      0.59682577
      0.57924918      1.80537351      4.96763263      0.60793127      0.58725707
      1.77476523      5.05152854      0.59542128      0.60918311      1.79726441
      4.97514457      0.61505253      0.59222908

     SUBSYSTEM
    -----------
      70      71      71      47      70      70      75      71      71      47
      48      53      66      63      44      45      46      68       8       8
     112      44      44      44      97      97      98      16      31      83
      61      83      35      34      38      74      69      74      74      74
      74      28      28      28      50      50      41      27      27      27
       1       4      37      59      58      59      88      88      66      69
      69      69      24      25      17      42      42      18      39      40
      41      89      89      94     100     100     100      82      82      82
      87     110     109      46      46      47      32      36      11      18
      19      18      86      86      86      13      12      34      92      92
      91     114     114      92      57      81      60     120     116     121
      43      43      19      15      13      15     108     113     108     104
     104     104      74      73      74      22      28      22     117     117
     118      10      14       9      33      34      37      65      66      65
     119     119     118      81      81      76     122     107     103      53
      56      57      79      80      79      96      97      96      71      66
      49      64      42      64      91      91      91      48      23      48
     116     117     114      51      35      51      30      30      30     106
     106     120      65      62      87      20      20      20      93      93
      93     122     122      97      29      23       9      92      87      87
      56      33      56       4     111       4      32      55      32      99
      95      95      54      54      54      94      94      72      72      72
      77       3       3       2     101      81     101      52      52      74
      20       5       6     123     102     102      94     115      94      10
      10      10      67      67      67       7     114       7      24      24
      30      85      85      84      34      29      34      78      39      78
      21      21      21      90      90     105      31     124      26      26
      26      26

     MULLIKEN POPULATIONS
    ----------------------
      1.27047876      2.84977565      1.21326823      2.65005622      1.77029241
      4.85070595      1.48622339      3.63973506      0.88915081      0.86873349
      0.93953861      0.92431299      0.59867126      0.70584142      0.71430976
      0.73733351      1.77810106      4.97923012      0.63522612      0.57197410
      1.79769429      5.00651737      0.57437317      0.58928257      1.79870223
      5.00318640      0.59076152      0.60414709      1.80261546      5.02940271
      0.59620040      0.58843407      1.81538637      5.08014472      0.58902125
      0.56507942      1.88635055      5.49072546      0.54325625      1.80623572
      5.03369313      0.58014487      0.58545181      1.80898661      5.00220475
      0.60523413      0.57265319      1.79294905      4.98181913      0.58969332
      0.59668646      1.79904104      5.05423479      0.57235190      0.58510268
      1.80871674      5.07580804      0.56248050      0.57744869      1.80711042
      5.02372674      0.59248811      0.57007084      1.80394331      4.99940781
      0.57355678      0.62389525      1.80829460      5.05438804      0.58488868
      0.57217149      1.78354994      5.01326767      0.63834165      0.56787093
      1.79743033      5.02595322      0.58248942      0.60600549      1.78447120
      5.01467059      0.58671676      0.60846823      1.79159707      5.01086887
      0.58529472      0.59240872      1.79320552      4.99057809      0.61222492
      0.59256269      1.81004409      5.03675864      0.55589479      0.60474557
      1.79687121      5.08831475      0.59159165      0.57140697      1.77065375
      4.94680366      0.61641639      0.64374765      1.80320652      5.08453783
      0.59384502      0.56312427      1.80247208      4.99141644      0.58388441
      0.58074519      1.80564432      5.03282124      0.59528897      0.58251703
      1.77202075      4.95793477      0.62123163      0.61684535      1.78537036
      5.03332820      0.61345817      0.57717141      1.80156669      5.05013565
      0.57731055      0.60191879      1.79937976      5.04161999      0.57847579
      0.61617942      1.79531627      5.02436768      0.57479456      0.59393255
      1.79231190      5.00908181      0.60359271      0.58872038      1.78752536
      4.96169413      0.63746731      0.57817490      1.77961914      5.00097860
      0.62537941      0.60473986      1.78547818      5.02189967      0.59918933
      0.58058739      1.78250607      4.98693132      0.60724078      0.60325292
      1.79924053      5.05722950      0.57828453      0.58876496      1.79225632
      5.05225063      0.60494921      0.58017615      1.79045469      4.97672934
      0.59162888      0.59711170      1.79085413      4.98370176      0.61259807
      0.59591114      1.80515445      5.06760748      0.58093831      0.57700504
      1.79016570      4.97538389      0.61771788      0.60512540      1.79164811
      5.01999978      0.60215020      0.57204898      1.78692284      5.00272444
      0.62790001      0.60965199      1.79138800      5.00515271      0.58143360
      0.59423362      1.78716296      4.99738348      0.64786640      0.55955266
      1.78324371      5.00569115      0.59258938      0.60411907      1.78739462
      4.99544479      0.64182456      0.57340525      1.78206712      4.96617175
      0.64009043      0.58429721      1.79939232      5.02344414      0.59535033
      0.58814547      1.79691457      4.99288406      0.59400138      0.59538729
      1.78543665      4.98815491      0.61286201      0.59958978      1.79506710
      5.03199245      0.57845737      0.60052530      1.80218423      5.08827260
      0.56861401      0.58310110      1.79227655      4.99696320      0.59306586
      0.60307176      1.80356871      5.04568561      0.57850217      0.57912553
      1.80415554      5.05966193      0.58771997      0.57086259      1.82656239
      5.09041282      0.50865346      0.58816455      1.80062754      4.99161164
      0.63300841      0.55910394      1.82339572      5.11627603      0.55212153
      0.55411447      1.79095097      4.99598281      0.59833697      0.59671986
      1.80234377      5.03617823      0.57300597      0.57863026      1.79831039
      5.03986872      0.58127279      0.57307756      1.80146089      5.02461630
      0.61917341      0.57127738      1.77987173      5.00906787      0.59598828
      0.61022734      1.81577053      5.07378063      0.57533842      0.56236847
      1.80207812      5.10333748      0.62303806      0.52349015      1.78134491
      4.95627514      0.64469477      0.61980404      1.79354198      5.01946429
      0.58994224      0.60561641      1.80019483      5.00537047      0.57086218
      0.59985279      1.78869005      5.00217103      0.62051236      0.59747011
      1.80378280      5.04658993      0.59858565      0.55377560      1.77220349
      4.96643768      0.64964463      0.59751281      1.78650540      5.04424953
      0.57353370      0.59216992      1.83259232      5.08225014      0.58220010
      0.52352908      1.78257624      4.97942559      0.62820743      0.58937252
      1.80071196      4.99334528      0.57429761      0.58860206      1.79247114
      5.02004822      0.57992342      0.58350660      1.77842061      4.96682136
      0.61881736      0.61503741      1.80606292      5.00209450      0.59105582
      0.57072300      1.81061263      5.02581563      0.57521632      0.59066899
      1.79659193      5.06155119      0.55690344      0.58727424      1.78962561
      4.97498284      0.60611338      0.59896666      1.81276645      5.04392509
      0.58034330      0.59477209      1.81197545      5.05858724      0.59657703
      0.57886854      1.80122824      4.96886066      0.60899501      0.58696133
      1.77944520      5.05599534      0.59287314      0.60610506      1.79592229
      4.97511821      0.61306132      0.59297713

     SUBSYSTEM
    -----------
      69      70      70      47      69      69      74      70      70      47
      48      53      65      62      44      45      46      67       8       8
     111      44      44      44      96      96      97      16      31      82
      60      82      35      34      38      73      68      73      73      73
      73      28      28      28      50      50      41      27      27      27
       1       4      37      58      56      58      87      87      65      68
      68      68      24      25      17      42      42      18      39      40
      41      88      88      93      99      99      99      81      81      81
      86     109     108      46      46      47      32      36      11      18
      19      18      85      85      85      13      12      34      91      91
      90     113     113      91      57      80      59     119     115     120
      43      43      19      15      13      15     107     112     107     103
     103     103      73      72      73      22      28      22     116     116
     121      10      14       9      33      34      37      64      65      64
     118     118     117      80      80      75     121     106     102      53
      56      57      78      79      78      95      96      95      70      65
      49      63      42      63      90      90      90      48      23      48
     115     116     113      51      35      51      30      30      30     105
     105     119      64      61      86      20      20      20      92      92
      92     121     121      96      29      23       9      91      86      86
      56      33      56       4     110       4      32      55      32      98
      94      94      54      54      54      93      93      71      71      71
      76       3       3       2     100      80     100      52      52      73
      20       5       6     122     101     101      93     114      93      10
      10      10      66      66      66       7     113       7      24      24
      30      84      84      83      34      29      34      77      39      77
      21      21      21      89      89     104      31     123      26      26
      26      26

     MULLIKEN POPULATIONS
    ----------------------
      1.27184912      2.84954756      1.21263097      2.65311855      1.76770744
      4.85004251      1.48848120      3.63923877      0.88837480      0.86954732
      0.93719457      0.92365439      0.59892764      0.70587390      0.71411686
      0.73592300      1.77515751      4.98381633      0.63350420      0.57142771
      1.79796337      5.01359398      0.57348866      0.58816853      1.80044303
      5.00249406      0.58996636      0.60494751      1.80385779      5.02859459
      0.59659685      0.58750210      1.81539550      5.08015921      0.59041558
      0.56437225      1.88458526      5.48472945      0.54277155      1.80782018
      5.03347429      0.58029771      0.58548782      1.81160063      4.99979177
      0.60623177      0.57189336      1.79264505      4.98392239      0.58952579
      0.59621082      1.79821599      5.05761400      0.57200696      0.58370262
      1.80508418      5.07435152      0.56346766      0.57672780      1.80074031
      5.02534856      0.59090288      0.57074801      1.80327978      5.00202946
      0.57489777      0.62208317      1.81363474      5.05971824      0.58408199
      0.56925852      1.78610447      5.01881090      0.63580833      0.56589291
      1.79572899      5.02670155      0.58324873      0.60498603      1.78179112
      5.01680886      0.58737282      0.60807632      1.79035156      5.01266615
      0.58624053      0.59192602      1.79134576      4.99234851      0.61217564
      0.59270506      1.81402641      5.03291665      0.55493126      0.60722788
      1.79456896      5.08908438      0.59095407      0.57133162      1.77393409
      4.94628905      0.61566717      0.64244213      1.80310757      5.08272170
      0.59489868      0.56249787      1.80588436      4.98946070      0.58426898
      0.58028212      1.80560597      5.03370111      0.59470534      0.58209667
      1.76816481      4.96373339      0.61755939      0.61575037      1.78167610
      5.03991843      0.61202138      0.57594542      1.79706884      5.05089421
      0.57869722      0.60107879      1.80210074      5.04279036      0.57818702
      0.61524492      1.79301046      5.02549734      0.57482872      0.59373664
      1.79138000      5.01011449      0.60250365      0.58893175      1.78645868
      4.95785083      0.63783008      0.57871275      1.78202030      5.00184404
      0.62387948      0.60369165      1.78310122      5.02661372      0.59804361
      0.57966022      1.77864163      4.99239249      0.60713785      0.60304513
      1.79747028      5.05994879      0.57872667      0.58863469      1.79015933
      5.05477376      0.60487894      0.57997448      1.79121516      4.97881122
      0.59114746      0.59584975      1.79097847      4.98527020      0.61253912
      0.59597886      1.80574876      5.06688943      0.58117676      0.57650078
      1.79038639      4.97627149      0.61721957      0.60516682      1.79489519
      5.01697041      0.60166294      0.57005427      1.78643719      5.00470392
      0.62744264      0.60878468      1.78752779      5.00900230      0.58155251
      0.59252500      1.78883815      4.99613740      0.64711894      0.55924961
      1.78045498      5.00999335      0.59231934      0.60375373      1.78880579
      4.99269373      0.64230146      0.57280265      1.77973360      4.96775150
      0.64015966      0.58493168      1.79586986      5.02580397      0.59468690
      0.58906793      1.79834870      4.99439127      0.59408086      0.59568867
      1.78332806      4.98964712      0.61158991      0.59987575      1.79364645
      5.03447760      0.57837707      0.60017255      1.80144652      5.08848139
      0.56847763      0.58328261      1.79110457      4.99957288      0.59239304
      0.60198228      1.80644916      5.04687009      0.57844983      0.57702514
      1.80081251      5.06064657      0.58793192      0.56961870      1.82603063
      5.08964400      0.51080608      0.58802120      1.79893996      4.99459991
      0.63272704      0.55896202      1.82561988      5.11624663      0.55143431
      0.55469995      1.79016484      4.99967478      0.59713343      0.59644994
      1.80094893      5.03623335      0.57396323      0.57818118      1.79655905
      5.04165304      0.58196282      0.57396786      1.80034768      5.02572861
      0.61862382      0.57118786      1.77880403      5.01275587      0.59479257
      0.60926970      1.81615702      5.07062963      0.57506737      0.56332610
      1.80329264      5.10787613      0.62021207      0.52137254      1.76999092
      4.96871231      0.64393103      0.61868539      1.78871675      5.02325276
      0.59083690      0.60428248      1.80231557      5.00503899      0.57139876
      0.59948893      1.79040074      5.00270792      0.61966512      0.59671919
      1.80379570      5.04646039      0.59704726      0.55466938      1.76855785
      4.97235752      0.64849626      0.59637575      1.78737848      5.04771765
      0.57190845      0.59015741      1.83269041      5.08561319      0.58255382
      0.52465351      1.77759725      4.98132404      0.62758044      0.58970404
      1.79683690      4.99218327      0.57423427      0.59008741      1.79095379
      5.02316290      0.58085721      0.58328544      1.77807908      4.96994402
      0.61830623      0.61353102      1.80783494      5.00382518      0.59000518
      0.57170250      1.81109221      5.02249134      0.57529563      0.59127978
      1.79825326      5.06572113      0.55665801      0.58562437      1.79035408
      4.97393105      0.60671988      0.59905060      1.81022138      5.04181141
      0.58017508      0.59654900      1.81033423      5.06010987      0.59643312
      0.57874497      1.79575041      4.97117017      0.61039773      0.58711107
      1.78324759      5.06012480      0.59064968      0.60343065      1.79383375
      4.97607345      0.61130198      0.59403072

     SUBSYSTEM
    -----------
      68      69      69      44      68      68      73      68      69      44
      45      50      64      60      39      42      43      66       7       7
     105      40      40      40      94      93      94      13      27      80
      61      79      31      31      35      71      71      71      71      72
      72      24      24      24      41      46      37      23      23      23
       1       4      33      57      55      57      84      84      64      67
      67      67      21      16      17      44      38      14      36      36
      37      85      85      89      96      96      96      79      79      79
      83     103     103      43      43      43      32      33      10      14
      14      14      82      87      82      11      11      30      88      88
      87     107     107      88      56      79      58     114     109     114
      39      39      15      12      11      12     106     106     102      99
      98      99      76      71      76      24      24      19     110     111
     111       9       9       8      30      30      34      63      64      63
     112     108     111      73      78      74     115     101      98      50
      55      55      77      77      76      92      93      92      69      64
      45      62      37      62      91      91      87      45      20      45
     110     110     107      47      31      52      26      26      26     100
     100     113      63      59      83      16      16      16      89      89
      89     111     115      93      25      20       8      88      83      83
      54      29      54       4     104       4      28      53      28      95
      91      95      51      51      51      90      90      70      70      70
      70       2       3       2      97      78      97      48      49      71
      16       5       5     116      98      98      90     108      90       9
       7       9      65      64      65       6     107       6      21      21
      21      81      81      81      25      25      30      75      36      75
      18      18      18      86      86     102      27     117      27      22
      22      22

     MULLIKEN POPULATIONS
    ----------------------
      1.27299696      2.84944495      1.21092416      2.65417026      1.76991726
      4.84995927      1.49021071      3.63868520      0.88856579      0.87068649
      0.93543813      0.92375475      0.60008534      0.70630761      0.71428921
      0.73444187      1.77230283      4.98868536      0.63160427      0.57094932
      1.79724091      5.02050457      0.57294280      0.58716639      1.80116613
      5.00286227      0.58940371      0.60570389      1.80424069      5.02850642
      0.59671483      0.58686828      1.81422563      5.07974455      0.59196233
      0.56415601      1.88298879      5.48010404      0.54255744      1.80822952
      5.03316184      0.58083501      0.58586309      1.81297814      4.99851873
      0.60718088      0.57152767      1.79164437      4.98697710      0.58943758
      0.59586912      1.79676604      5.06057658      0.57182797      0.58265870
      1.80077256      5.07287027      0.56489345      0.57651351      1.79302098
      5.02826862      0.59014556      0.57171955      1.80198146      5.00424477
      0.57636992      0.62058262      1.81733705      5.06448177      0.58367253
      0.56701447      1.78800860      5.02284296      0.63387333      0.56422087
      1.79352688      5.02776367      0.58402335      0.60432619      1.77893634
      5.01904527      0.58814168      0.60788537      1.78850350      5.01496063
      0.58721671      0.59170294      1.78905691      4.99456046      0.61226532
      0.59291582      1.81623536      5.03032092      0.55464989      0.60948215
      1.79175315      5.08983162      0.59053158      0.57143107      1.77608474
      4.94709148      0.61491937      0.64115398      1.80188643      5.08106037
      0.59599180      0.56230935      1.80790826      4.98882336      0.58499026
      0.58023170      1.80463046      5.03514731      0.59414724      0.58173980
      1.76486493      4.97055775      0.61425368      0.61474736      1.77786244
      5.04549176      0.61103002      0.57514165      1.79210480      5.05168854
      0.58026337      0.60045226      1.80379037      5.04361565      0.57823396
      0.61453356      1.79019582      5.02723094      0.57511175      0.59373143
      1.79013473      5.01164183      0.60145899      0.58924014      1.78476439
      4.95595207      0.63802779      0.57954816      1.78365849      5.00275300
      0.62252241      0.60274606      1.78036569      5.03129015      0.59721975
      0.57900227      1.77488840      4.99765000      0.60709575      0.60296809
      1.79492406      5.06249909      0.57942267      0.58875394      1.78762835
      5.05691885      0.60493467      0.58011932      1.79126579      4.98197381
      0.59078556      0.59488523      1.79049423      4.98738029      0.61245237
      0.59605931      1.80529681      5.06587615      0.58182197      0.57643022
      1.78994776      4.97795180      0.61675791      0.60503086      1.79691687
      5.01485693      0.60110611      0.56884635      1.78541684      5.00715804
      0.62693834      0.60780767      1.78320732      5.01362292      0.58187033
      0.59120677      1.78967587      4.99517175      0.64668998      0.55931310
      1.77743152      5.01436115      0.59224860      0.60351072      1.78901956
      4.99080303      0.64264603      0.57253781      1.77687779      4.96963055
      0.64034293      0.58575017      1.79203621      5.02783073      0.59439648
      0.59018403      1.79810098      4.99134740      0.59405172      0.59587487
      1.78110864      4.99135411      0.61078004      0.60010223      1.79177363
      5.03672769      0.57852068      0.60002040      1.80126034      5.08930391
      0.56832958      0.58341954      1.78943717      5.00262262      0.59208110
      0.60095636      1.80766117      5.04818570      0.57885682      0.57534695
      1.79687357      5.06188865      0.58830481      0.56891350      1.82480448
      5.08750992      0.51319503      0.58839505      1.79666331      4.99755006
      0.63251142      0.55885324      1.82648148      5.11535705      0.55111254
      0.55594628      1.78879365      5.00368978      0.59601986      0.59627777
      1.79878743      5.03663094      0.57502516      0.57806942      1.79423865
      5.04300387      0.58331429      0.57513463      1.79859945      5.02625542
      0.61844395      0.57140887      1.77732539      5.01655669      0.59380555
      0.60834173      1.81552615      5.06727783      0.57515939      0.56473164
      1.80403267      5.11052770      0.61799244      0.51960576      1.75879323
      4.98022141      0.64357535      0.61810687      1.78367894      5.02686722
      0.59200938      0.60353703      1.80323105      5.00490932      0.57231973
      0.59938192      1.79104529      5.00352121      0.61922943      0.59604597
      1.80291489      5.04663157      0.59602493      0.55584871      1.76506668
      4.97805078      0.64743825      0.59529576      1.78735883      5.05109524
      0.57076915      0.58855544      1.83211413      5.08994176      0.58289428
      0.52563920      1.77234621      4.98404852      0.62709054      0.59029076
      1.79218962      4.99249398      0.57463256      0.59184828      1.78888641
      5.02635523      0.58226824      0.58332953      1.77720202      4.97324750
      0.61775242      0.61263554      1.80850111      5.00609631      0.58913323
      0.57296459      1.80990691      5.01865308      0.57558526      0.59191685
      1.79977816      5.06993751      0.55663919      0.58427269      1.79018046
      4.97411296      0.60733560      0.59925475      1.80672135      5.04022916
      0.58022755      0.59830456      1.80775350      5.06153596      0.59636227
      0.57888782      1.78930503      4.97441377      0.61205388      0.58776317
      1.78580277      5.06378273      0.58873170      0.60122521      1.79123674
      4.97786141      0.60990047      0.59533885

     SUBSYSTEM
    -----------
      64      65      65      45      64      64      70      64      65      45
      46      50      61      57      61      43      44      67       4       4
     101      62      42      42      89      89      89      18      17      76
      58      76      36      36      36      68      68      68      74      69
      74       9      10      30      42      42      38       9      29       8
      19       1      15      54      54      55      79      79      79      63
      63      68      23      23      24      45      40      40      39      37
      39      80      80      84      74      92      75      72      71      72
      99      99      98      44      48      44      14      14      14      22
      22      22      82      82      82      10      10      15      87      87
      86     103     106      83      55      55      55     108     108     108
      41      40      41      16      16      16     102     102     102      94
      94      95      53      73      73      26      30      26     109     109
     109      11      11      11      35      35      35      60      60      60
     107     104     107      71      75      71     110      96      94      50
      54      50      74      74      77      87      88      87      61      61
      41      59      59      63      86      86      86      46      27      46
     105     106     106      52      33      53      28      32      47      98
      98     112      60      60      78      42      20      42      84      84
      84      93     109      88      27      27       6      83      83      83
      34      34      34     100     100       3      34      34      34      91
      91      91      51      51      47      85      85      85      66      66
      66       2      22      21      94      75      93      49      49      48
      20      20      20      95      90      95      85     104      85       7
       7       7      80      80      61       5     106       5      28      23
      28      78      78      78      31      31      32      56      38      56
      25      25      25      81      81      97      12     111      13      29
      29      29

     MULLIKEN POPULATIONS
    ----------------------
      1.27383589      2.84950293      1.20909060      2.65570648      1.77165474
      4.85020261      1.49132495      3.63816332      0.88876740      0.87177010
      0.93359720      0.92366305      0.60136823      0.70696774      0.71443809
      0.73306522      1.76974618      4.99339536      0.62992427      0.57054492
      1.79551988      5.02672691      0.57275041      0.58630309      1.80080393
      5.00435084      0.58908683      0.60631627      1.80371618      5.02898048
      0.59668129      0.58659591      1.81191689      5.07891685      0.59370660
      0.56448122      1.88176012      5.47684352      0.54266666      1.80740070
      5.03277045      0.58162070      0.58658436      1.81303985      4.99849501
      0.60803455      0.57153915      1.79002936      4.99078126      0.58939035
      0.59566893      1.79479769      5.06299842      0.57188220      0.58193204
      1.79612740      5.07179976      0.56658294      0.57676705      1.78478056
      5.03221302      0.59021836      0.57287983      1.80019611      5.00577742
      0.57787686      0.61947784      1.81917115      5.06815979      0.58359041
      0.56550835      1.78920193      5.02516162      0.63252461      0.56286832
      1.79108643      5.02898324      0.58483843      0.60399836      1.77617272
      5.02126220      0.58889232      0.60793392      1.78618457      5.01760959
      0.58810658      0.59176693      1.78654237      4.99711558      0.61243538
      0.59314449      1.81657046      5.02928803      0.55507162      0.61115194
      1.78865127      5.09065059      0.59022397      0.57169162      1.77686691
      4.94956809      0.61406104      0.63979904      1.79961104      5.07983350
      0.59705268      0.56252054      1.80838952      4.98952449      0.58600189
      0.58057646      1.80274603      5.03710372      0.59364654      0.58140017
      1.76259208      4.97833158      0.61116143      0.61371277      1.77431863
      5.04976187      0.61040811      0.57478479      1.78712278      5.05237674
      0.58189863      0.60005895      1.80431230      5.04405885      0.57855664
      0.61405462      1.78711354      5.02955575      0.57560804      0.59381593
      1.78865150      5.01364256      0.60047406      0.58961015      1.78256830
      4.95622336      0.63807856      0.58060743      1.78435240      5.00364768
      0.62128648      0.60194054      1.77746577      5.03549742      0.59674129
      0.57870028      1.77169501      5.00231534      0.60704664      0.60294171
      1.79185194      5.06474912      0.58032528      0.58902889      1.78487581
      5.05862583      0.60501031      0.58055822      1.79057265      4.98611198
      0.59058232      0.59427120      1.78934673      4.99009435      0.61256068
      0.59608013      1.80381488      5.06473587      0.58276332      0.57680322
      1.78886536      4.98028810      0.61637746      0.60466324      1.79760340
      5.01394828      0.60042198      0.56844628      1.78395366      5.01011649
      0.62614280      0.60686236      1.77886978      5.01879437      0.58228789
      0.59026942      1.78955340      4.99477082      0.64641258      0.55978390
      1.77444825      5.01854187      0.59231739      0.60331382      1.78797513
      4.99019712      0.64272396      0.57255249      1.77380564      4.97163919
      0.64056167      0.58663078      1.78835561      5.02937315      0.59440200
      0.59134183      1.79689225      4.98889736      0.59417640      0.59606030
      1.77902999      4.99314948      0.61047305      0.60024498      1.78961607
      5.03860321      0.57883746      0.60005049      1.80154270      5.09102598
      0.56821210      0.58339811      1.78744216      5.00594953      0.59210218
      0.60001940      1.80709925      5.04952672      0.57971766      0.57415271
      1.79268749      5.06347097      0.58884279      0.56870388      1.82305488
      5.08408906      0.51571500      0.58923312      1.79394848      5.00022468
      0.63237076      0.55885526      1.82594205      5.11338514      0.55130394
      0.55770720      1.78693067      5.00781760      0.59503571      0.59624640
      1.79596448      5.03738723      0.57607594      0.57829542      1.79155817
      5.04377688      0.58521062      0.57647427      1.79635582      5.02633058
      0.61853965      0.57184925      1.77558271      5.02030577      0.59304926
      0.60742183      1.81392894      5.06405685      0.57552817      0.56650376
      1.80432164      5.11110355      0.61641740      0.51818364      1.74919329
      4.98968959      0.64342143      0.61796447      1.77907210      5.03023133
      0.59312400      0.60329695      1.80284458      5.00503767      0.57337811
      0.59958154      1.79057275      5.00486669      0.61873683      0.59565971
      1.80120765      5.04721655      0.59550111      0.55720263      1.76209567
      4.98328328      0.64644388      0.59417902      1.78642135      5.05435837
      0.57009429      0.58740252      1.83112072      5.09486665      0.58322742
      0.52631032      1.76737828      4.98758126      0.62667103      0.59100914
      1.78723628      4.99440014      0.57537018      0.59369362      1.78643692
      5.02943625      0.58404762      0.58362505      1.77593551      4.97692157
      0.61711776      0.61195427      1.80799871      5.00871215      0.58841830
      0.57443984      1.80714127      5.01439811      0.57613325      0.59252322
      1.80102097      5.07388263      0.55686162      0.58326621      1.78910895
      4.97556401      0.60783962      0.59957711      1.80247294      5.03930489
      0.58049753      0.60002413      1.80440757      5.06292061      0.59630838
      0.57929113      1.78252584      4.97838041      0.61373246      0.58883420
      1.78686684      5.06691508      0.58707127      0.59951574      1.78850286
      4.98020454      0.60889701      0.59677629

     SUBSYSTEM
    -----------
      64      65      65      45      64      64      70      64      65      45
      46      50      61      57      61      43      44      67       4       4
     101      62      42      42      89      89      89      18      17      76
      58      76      36      36      36      68      68      68      74      69
      74       9      10      30      42      42      38       9      29       8
      19       1      15      54      54      55      79      79      79      63
      63      68      23      23      24      45      40      40      39      37
      39      80      80      84      74      92      75      72      71      72
      99      99      98      44      48      44      14      14      14      22
      22      22      82      82      82      10      10      15      87      87
      86     103     106      83      55      55      55     108     108     108
      41      40      41      16      16      16     102     102     102      94
      94      95      53      73      73      26      30      26     109     109
     109      11      11      11      35      35      35      60      60      60
     107     104     107      71      75      71     110      96      94      50
      54      50      74      74      77      87      88      87      61      61
      41      59      59      63      86      86      86      46      27      46
     105     106     106      52      33      53      28      32      47      98
      98     112      60      60      78      42      20      42      84      84
      84      93     109      88      27      27       6      83      83      83
      34      34      34     100     100       3      34      34      34      91
      91      91      51      51      47      85      85      66      66      66
      66       2      22      21      94      75      93      49      49      48
      20      20      20      95      90      95      85     104      85       7
       7       7      80      80      61       5     103       5      28      23
      28      78      78      78      31      31      32      56      38      56
      25      25      25      81      81      97      12     111      13      29
      29      29

     MULLIKEN POPULATIONS
    ----------------------
      1.27437287      2.84972728      1.20723445      2.65755926      1.77270239
      4.85066089      1.49173063      3.63766947      0.88898616      0.87268944
      0.93169610      0.92334373      0.60270369      0.70783900      0.71455609
      0.73179049      1.76774505      4.99780274      0.62845335      0.57013076
      1.79290770      5.03197394      0.57285012      0.58556873      1.79936141
      5.00695376      0.58901314      0.60668793      1.80237015      5.03005255
      0.59644745      0.58665031      1.80863306      5.07796352      0.59551332
      0.56529959      1.88106795      5.47550111      0.54305268      1.80534159
      5.03235054      0.58253670      0.58760141      1.81179030      4.99971750
      0.60875073      0.57193041      1.78793314      4.99509230      0.58934392
      0.59559409      1.79248512      5.06484800      0.57202539      0.58145571
      1.79153126      5.07141102      0.56837655      0.57741416      1.77717645
      5.03669085      0.59091280      0.57399823      1.79805058      5.00656880
      0.57931261      0.61880038      1.81900259      5.07038112      0.58378259
      0.56478330      1.78956236      5.02589055      0.63171949      0.56184045
      1.78870083      5.03024958      0.58563219      0.60394845      1.77376613
      5.02330432      0.58954090      0.60817876      1.78358994      5.02043893
      0.58880490      0.59209579      1.78402511      4.99987502      0.61263993
      0.59334130      1.81502823      5.02997618      0.55616451      0.61202089
      1.78552698      5.09158252      0.58999801      0.57203135      1.77615505
      4.95380685      0.61309183      0.63831976      1.79645900      5.07931715
      0.59796685      0.56305077      1.80724632      4.99145474      0.58725014
      0.58128539      1.80005407      5.03952502      0.59318925      0.58102958
      1.76160597      4.98698321      0.60834733      0.61252470      1.77139747
      5.05258706      0.61009228      0.57481853      1.78260695      5.05283153
      0.58344029      0.59987244      1.80360533      5.04418834      0.57903376
      0.61380059      1.78404580      5.03235595      0.57621963      0.59394679
      1.78702591      5.01610870      0.59950859      0.58998806      1.78007841
      4.95875013      0.63792487      0.58181992      1.78402781      5.00459801
      0.62014511      0.60129293      1.77465581      5.03897782      0.59655212
      0.57869348      1.76946512      5.00609365      0.60689101      0.60287960
      1.78856262      5.06659437      0.58136041      0.58937334      1.78214411
      5.05984352      0.60500022      0.58125691      1.78916475      4.99105395
      0.59054029      0.59400216      1.78769891      4.99324417      0.61263737
      0.59599037      1.80139561      5.06364709      0.58390927      0.57758356
      1.78720205      4.98313386      0.61608989      0.60403098      1.79691329
      5.01437319      0.59959464      0.56887184      1.78217171      5.01353288
      0.62500937      0.60595315      1.77499596      5.02419788      0.58264928
      0.58960851      1.78842433      4.99516379      0.64623279      0.56061659
      1.77179635      5.02232468      0.59247939      0.60308862      1.78571388
      4.99103720      0.64249732      0.57283929      1.77088221      4.97354788
      0.64071324      0.58748348      1.78529259      5.03026834      0.59454510
      0.59242157      1.79480985      4.98741983      0.59440742      0.59623490
      1.77728364      4.99491161      0.61065694      0.60028848      1.78736819
      5.04004226      0.57925154      0.60023095      1.80218434      5.09378517
      0.56811037      0.58325139      1.78530831      5.00937388      0.59239394
      0.59921493      1.80475976      5.05077303      0.58102050      0.57351674
      1.78864615      5.06540133      0.58948634      0.56890139      1.82097654
      5.07972431      0.51823607      0.59038759      1.79101490      5.00250715
      0.63227088      0.55895214      1.82407895      5.11037487      0.55201555
      0.55975096      1.78473225      5.01188401      0.59415665      0.59633696
      1.79265411      5.03848943      0.57706068      0.57877730      1.78875545
      5.04389762      0.58753840      0.57784508      1.79374110      5.02602165
      0.61888975      0.57251026      1.77374658      5.02385693      0.59251907
      0.60649168      1.81146118      5.06127995      0.57608225      0.56855587
      1.80413961      5.10971322      0.61548124      0.51706378      1.74267055
      4.99628305      0.64310645      0.61796141      1.77546474      5.03311548
      0.59399785      0.60347921      1.80112760      5.00535877      0.57447077
      0.60007191      1.78899138      5.00677921      0.61814190      0.59556186
      1.79877325      5.04824738      0.59544568      0.55858124      1.75996612
      4.98787325      0.64544332      0.59295110      1.78460800      5.05742807
      0.56987399      0.58673010      1.83000619      5.09998924      0.58354598
      0.52647915      1.76330281      4.99171545      0.62620179      0.59170703
      1.78253624      4.99773245      0.57628465      0.59544591      1.78382463
      5.03219718      0.58608499      0.58412874      1.77436977      4.98078570
      0.61639129      0.61147496      1.80635201      5.01149750      0.58780872
      0.57608408      1.80302361      5.00989203      0.57695222      0.59304277
      1.80189526      5.07727712      0.55727802      0.58265095      1.78719501
      4.97817694      0.60816549      0.60002068      1.79782021      5.03909077
      0.58082744      0.60165232      1.80054892      5.06436268      0.59621184
      0.57989292      1.77625052      4.98260447      0.61517724      0.59010373
      1.78630444      5.06952771      0.58561884      0.59831517      1.78603448
      4.98273468      0.60827534      0.59821190

     SUBSYSTEM
    -----------
      64      65      65      45      64      64      70      64      65      45
      46      50      61      57      61      43      44      67       4       4
     101      62      42      42      89      89      89      18      17      76
      58      76      36      36      36      68      68      68      74      69
      74       9      10      30      42      42      38       9      29       8
      19       1      15      54      54      55      79      79      79      63
      63      68      23      23      24      45      40      40      39      37
      39      80      80      84      74      92      75      72      71      72
      99      99      98      44      48      44      14      14      14      22
      22      22      82      82      82      10      10      15      87      87
      86     103     106      83      55      55      55     108     108     108
      41      40      41      16      16      16     102     102     102      94
      94      95      53      73      73      26      30      26     109     109
     109      11      11      11      35      35      35      60      60      60
     107     104     107      71      75      71     110      96      94      50
      54      50      74      74      77      87      88      87      61      61
      41      59      59      63      86      86      86      46      27      46
     105     106     106      52      33      53      28      32      47      98
      98     112      60      60      78      42      20      42      84      84
      84      93     109      88      27      27       6      83      83      83
      34      34      34     100     100       3      34      34      34      91
      91      91      51      51      47      85      85      66      66      66
      66       2      22      21      94      75      93      49      49      48
      20      20      20      95      90      95      85     104      85       7
       7       7      80      80      61       5     103       5      28      23
      28      78      78      78      31      31      32      56      38      56
      25      25      25      81      81      97      12     111      13      29
      29      29

     MULLIKEN POPULATIONS
    ----------------------
      1.27460191      2.85009953      1.20546964      2.65964390      1.77291737
      4.85121106      1.49140062      3.63716438      0.88924980      0.87335255
      0.92977872      0.92282919      0.60402944      0.70890319      0.71465391
      0.73061603      1.76649674      5.00180450      0.62714600      0.56962439
      1.78961164      5.03607967      0.57315548      0.58494350      1.79690990
      5.01057095      0.58917289      0.60676096      1.80035508      5.03167847
      0.59599884      0.58697880      1.80460946      5.07709786      0.59729593
      0.56652157      1.88099520      5.47580646      0.54370978      1.80214850
      5.03195711      0.58348228      0.58885843      1.80932057      5.00203679
      0.60931472      0.57269056      1.78552434      4.99966130      0.58926234
      0.59559707      1.78997787      5.06618698      0.57223297      0.58115657
      1.78738814      5.07181557      0.57010269      0.57832982      1.77142826
      5.04112111      0.59185969      0.57480650      1.79563143      5.00671457
      0.58059540      0.61852512      1.81679482      5.07102779      0.58419716
      0.56482843      1.78891379      5.02542900      0.63138573      0.56116462
      1.78663223      5.03146876      0.58635489      0.60409189      1.77196576
      5.02503880      0.59002235      0.60854375      1.78096493      5.02323816
      0.58924370      0.59263772      1.78173306      5.00268466      0.61282097
      0.59345363      1.81168389      5.03230494      0.55790749      0.61206785
      1.78265815      5.09260978      0.58982785      0.57237234      1.77394119
      4.95969047      0.61205886      0.63671388      1.79267971      5.07965810
      0.59867268      0.56380490      1.80452589      4.99443705      0.58868632
      0.58232438      1.79672626      5.04236129      0.59273933      0.58057006
      1.76201319      4.99630787      0.60578361      0.61108603      1.76936992
      5.05397253      0.60998858      0.57516992      1.77901537      5.05292799
      0.58472711      0.59981841      1.80167069      5.04417686      0.57955659
      0.61375429      1.78128597      5.03539240      0.57684904      0.59408578
      1.78535068      5.01900732      0.59850867      0.59032296      1.77751393
      4.96324368      0.63755216      0.58311048      1.78269583      5.00565320
      0.61906358      0.60080755      1.77219514      5.04152895      0.59658193
      0.57889750      1.76848453      5.00882045      0.60652922      0.60270563
      1.78538800      5.06802584      0.58243447      0.58968264      1.77969229
      5.06058259      0.60479191      0.58216395      1.78713430      4.99656478
      0.59064092      0.59402825      1.78564085      4.99673732      0.61274790
      0.59577502      1.79821021      5.06275482      0.58516785      0.57869484
      1.78506062      4.98632350      0.61588904      0.60312811      1.79487493
      5.01610513      0.59866817      0.57010493      1.78022772      5.01733076
      0.62352685      0.60506589      1.77202306      5.02951952      0.58280648
      0.58908689      1.78629348      4.99639721      0.64611091      0.56176511
      1.76975239      5.02552571      0.59267917      0.60275856      1.78238989
      4.99325647      0.64199856      0.57338909      1.76849123      4.97512542
      0.64068663      0.58821469      1.78321773      5.03043248      0.59470851
      0.59331617      1.79200917      4.98719352      0.59470135      0.59637605
      1.77598036      4.99657320      0.61128193      0.60020239      1.78522062
      5.04101286      0.57969268      0.60052028      1.80310226      5.09752773
      0.56798759      0.58302280      1.78325139      5.01270359      0.59286360
      0.59852188      1.80074262      5.05183253      0.58276244      0.57348955
      1.78515147      5.06762216      0.59015898      0.56936175      1.81873470
      5.07477995      0.52073377      0.59171185      1.78812978      5.00433450
      0.63213931      0.55910440      1.82104194      5.10651080      0.55324245
      0.56183586      1.78239957      5.01574102      0.59333016      0.59651189
      1.78909041      5.03984535      0.57792323      0.57941081      1.78606836
      5.04334100      0.59017561      0.57912884      1.79090078      5.02545813
      0.61943238      0.57333984      1.77197562      5.02708292      0.59220471
      0.60554563      1.80825907      5.05917750      0.57672722      0.57080366
      1.80340747      5.10666614      0.61512558      0.51627529      1.74037629
      4.99947957      0.64228542      0.61778971      1.77327878      5.03535831
      0.59447893      0.60397349      1.79813472      5.00579999      0.57552496
      0.60086440      1.78640201      5.00921306      0.61743918      0.59574522
      1.79574955      5.04970526      0.59579422      0.55992321      1.75890942
      4.99170873      0.64437177      0.59154448      1.78203070      5.06018964
      0.57009282      0.58655838      1.82903931      5.10479681      0.58385557
      0.52608961      1.76066687      4.99610715      0.62555462      0.59222927
      1.77866538      5.00214028      0.57716460      0.59691937      1.78131425
      5.03446231      0.58824717      0.58477488      1.77299678      4.98396366
      0.61564736      0.61142965      1.80366821      5.01426971      0.58726839
      0.57785020      1.79789021      5.00537374      0.57804320      0.59345018
      1.80236783      5.07988783      0.55784315      0.58242469      1.78454413
      4.98175394      0.60826650      0.60058447      1.79311656      5.03956003
      0.58116494      0.60314153      1.79649640      5.06597598      0.59598595
      0.58058794      1.77138619      4.98659121      0.61608863      0.59127422
      1.78411213      5.07175512      0.58433303      0.59760719      1.78415053
      4.98513817      0.60796787      0.59951205

     SUBSYSTEM
    -----------
      64      65      65      45      64      64      70      64      65      45
      46      50      61      57      61      43      44      67       4       4
     101      62      42      42      89      89      89      18      17      76
      58      76      36      36      36      68      68      68      74      69
      74       9      10      30      42      42      38       9      29       8
      19       1      15      54      54      55      79      79      79      63
      63      68      23      23      24      45      40      40      39      37
      39      80      80      84      74      92      75      72      71      72
      99      99      98      44      48      44      14      14      14      22
      22      22      82      82      82      10      10      15      87      87
      86     103     105      83      55      55      55     107     107     107
      41      40      41      16      16      16     102     102     102      94
      94      95      53      73      73      26      30      26     108     108
     108      11      11      11      35      35      35      60      60      60
     106     104     106      71      75      71     109      96      94      50
      54      50      74      74      77      87      88      87      61      61
      41      59      59      63      86      86      86      46      27      46
     105     105     105      52      33      53      28      32      47      98
      98     111      60      60      78      42      20      42      84      84
      84      93     108      88      27      27       6      83      83      83
      34      34      34     100     100       3      34      34      34      91
      91      91      51      51      47      85      85      66      66      66
      66       2      22      21      94      75      93      49      49      48
      20      20      20      95      90      95      85     104      85       7
       7       7      80      80      61       5     103       5      28      23
      28      78      78      78      31      31      32      56      38      56
      25      25      25      81      81      97      12     110      13      29
      29      29

     MULLIKEN POPULATIONS
    ----------------------
      1.27453151      2.85057429      1.20388311      2.66180877      1.77222104
      4.85177725      1.49035652      3.63661485      0.88957675      0.87371112
      0.92791156      0.92218594      0.60525165      0.71014061      0.71474913
      0.72954271      1.76611356      5.00530626      0.62596924      0.56896957
      1.78591294      5.03890015      0.57358068      0.58440804      1.79359187
      5.01500059      0.58953493      0.60654833      1.79788283      5.03374488
      0.59536182      0.58749110      1.80015975      5.07653245      0.59896966
      0.56800447      1.88153647      5.47745048      0.54461955      1.79807353
      5.03176128      0.58435929      0.59026073      1.80580668      5.00518447
      0.60974196      0.57380347      1.78299411      5.00425417      0.58911207
      0.59560841      1.78740229      5.06714073      0.57255861      0.58096751
      1.78407456      5.07292925      0.57161347      0.57937429      1.76842797
      5.04504883      0.59272692      0.57509449      1.79300093      5.00645743
      0.58166754      0.61856590      1.81261113      5.07020984      0.58481667
      0.56558838      1.78705522      5.02435937      0.63144298      0.56089069
      1.78508489      5.03259972      0.58695716      0.60429419      1.77097194
      5.02634288      0.59029780      0.60893447      1.77857873      5.02578015
      0.58938774      0.59332532      1.77987291      5.00540548      0.61291080
      0.59343205      1.80671051      5.03595769      0.56026281      0.61146112
      1.78032483      5.09372956      0.58964091      0.57260354      1.77035871
      4.96688417      0.61105169      0.63501943      1.78857860      5.08084201
      0.59916767      0.56467416      1.80038163      4.99818922      0.59027070
      0.58365960      1.79299776      5.04553630      0.59224976      0.57996631
      1.76371827      5.00600316      0.60347671      0.60935194      1.76839454
      5.05404586      0.60999858      0.57576110      1.77671276      5.05255236
      0.58562573      0.59981417      1.79858353      5.04425346      0.58004193
      0.61388899      1.77911109      5.03836993      0.57741088      0.59419068
      1.78370631      5.02227777      0.59741976      0.59057018      1.77509333
      4.96919486      0.63696769      0.58441218      1.78046014      5.00684049
      0.61802813      0.60048090      1.77031389      5.04301729      0.59675916
      0.57922140      1.76885936      5.01044451      0.60589513      0.60239611
      1.78263408      5.06911690      0.58344472      0.58985672      1.77776327
      5.06083916      0.60431497      0.58314747      1.78463522      5.00235717
      0.59084022      0.59426362      1.78333350      5.00042716      0.61286930
      0.59542771      1.79450477      5.06214669      0.58645212      0.58003292
      1.78258084      4.98967546      0.61574806      0.60198331      1.79159682
      5.01896222      0.59774351      0.57209052      1.77829664      5.02141697
      0.62170247      0.60417304      1.77024711      5.03446620      0.58264929
      0.58858093      1.78325431      4.99839461      0.64603068      0.56317764
      1.76851432      5.02787981      0.59287274      0.60231657      1.77826903
      4.99659895      0.64131323      0.57417582      1.76696537      4.97617704
      0.64038402      0.58874682      1.78235885      5.02986083      0.59477610
      0.59395782      1.78870381      4.98842393      0.59500296      0.59648748
      1.77513690      4.99805677      0.61226830      0.59997834      1.78335324
      5.04151884      0.58010146      0.60086758      1.80425368      5.10200629
      0.56777634      0.58275194      1.78147102      5.01577018      0.59340580
      0.59791191      1.79526702      5.05266813      0.58493688      0.57408761
      1.78255743      5.06997847      0.59077929      0.56992929      1.81645182
      5.06964940      0.52321424      0.59307010      1.78559028      5.00567560
      0.63189139      0.55923876      1.81705356      5.10206355      0.55495430
      0.56376353      1.78015306      5.01924543      0.59251531      0.59671828
      1.78554700      5.04127262      0.57863430      0.58007562      1.78371696
      5.04214522      0.59298867      0.58023572      1.78800027      5.02478715
      0.62006429      0.57429307      1.77040066      5.02989114      0.59208780
      0.60459222      1.80450330      5.05787692      0.57737674      0.57315934
      1.80200239      5.10242390      0.61526741      0.51589388      1.74270351
      4.99912890      0.64080379      0.61734420      1.77271113      5.03688525
      0.59448861      0.60468209      1.79403195      5.00629174      0.57651815
      0.60191552      1.78300005      5.01203923      0.61663817      0.59617368
      1.79230541      5.05149322      0.59645780      0.56119614      1.75903301
      4.99476847      0.64315803      0.58992680      1.77887469      5.06250312
      0.57073100      0.58688117      1.82841505      5.10880378      0.58417926
      0.52516426      1.75981483      5.00035244      0.62463233      0.59248960
      1.77609261      5.00716528      0.57782104      0.59796240      1.77918563
      5.03606981      0.59039732      0.58547971      1.77154102      4.98697947
      0.61485456      0.61147779      1.80014212      5.01685860      0.58677102
      0.57970719      1.79217355      5.00116033      0.57935588      0.59373468
      1.80243815      5.08154074      0.55852862      0.58256092      1.78131276
      4.98601957      0.60813217      0.60125196      1.78876441      5.04057065
      0.58140357      0.60443752      1.79260524      5.06784439      0.59554203
      0.58124485      1.76863868      4.98984921      0.61628023      0.59207905
      1.78040397      5.07373941      0.58322587      0.59737117      1.78298321
      4.98725087      0.60789568      0.60056625

     SUBSYSTEM
    -----------
      64      65      65      45      64      64      70      64      65      45
      46      50      61      57      61      43      44      67       4       4
     101      62      42      42      89      89      89      18      17      76
      58      76      36      36      36      68      68      68      74      69
      74       9      10      30      42      42      38       9      29       8
      19       1      15      54      54      55      79      79      79      63
      63      68      23      23      24      45      40      40      39      37
      39      80      80      84      74      92      75      72      71      72
      99      99      98      44      48      44      14      14      14      22
      22      22      82      82      82      10      10      15      87      87
      86     103     105      83      55      55      55     107     107     107
      41      40      41      16      16      16     102     102     102      94
      94      95      53      73      73      26      30      26     108     108
     108      11      11      11      35      35      35      60      60      60
     106     104     106      71      75      71     109      96      94      50
      54      50      74      74      77      87      88      87      61      61
      41      59      59      63      86      86      86      46      27      46
     105     105     105      52      33      53      28      32      47      98
      98     111      60      60      78      42      20      42      84      84
      84      93     108      88      27      27       6      83      83      83
      34      34      34     100     100       3      34      34      34      91
      91      91      51      51      47      85      85      66      66      66
      66       2      22      21      94      75      93      49      49      48
      20      20      20      95      90      95      85     104      85       7
       7       7      80      80      61       5     103       5      28      23
      28      78      78      78      31      31      32      56      38      56
      25      25      25      81      81      97      12     110      13      29
      29      29

     MULLIKEN POPULATIONS
    ----------------------
      1.27416877      2.85106750      1.20254442      2.66390912      1.77058228
      4.85235163      1.48867289      3.63600028      0.89006221      0.87363991
      0.92614628      0.92151015      0.60630976      0.71148256      0.71496323
      0.72853495      1.76662255      5.00827051      0.62485723      0.56813795
      1.78216352      5.04032641      0.57394368      0.58396323      1.78963835
      5.01997513      0.59003235      0.60610366      1.79521628      5.03608408
      0.59454309      0.58810212      1.79565550      5.07641462      0.60046157
      0.56958269      1.88260480      5.48020917      0.54572750      1.79341224
      5.03176936      0.58511188      0.59169479      1.80151979      5.00880049
      0.61004908      0.57526351      1.78054327      5.00864749      0.58886985
      0.59555285      1.78492010      5.06779687      0.57292858      0.58083442
      1.78188243      5.07448065      0.57282550      0.58042339      1.76842719
      5.04833628      0.59337759      0.57472284      1.79023304      5.00608306
      0.58249359      0.61878926      1.80660518      5.06789778      0.58570641
      0.56711386      1.78381522      5.02326964      0.63175052      0.56111049
      1.78418523      5.03362374      0.58741623      0.60442197      1.77089287
      5.02706138      0.59039754      0.60930642      1.77670286      5.02787113
      0.58923953      0.59403909      1.77986203      5.00617728      0.61250355
      0.59379826      1.80043260      5.04044953      0.56317775      0.61043542
      1.77876117      5.09489926      0.58937986      0.57264120      1.76569243
      4.97487363      0.61018464      0.63329372      1.78450325      5.08269770
      0.59949210      0.56554584      1.79510192      5.00235371      0.59197596
      0.58523323      1.78924368      5.04959975      0.59172423      0.57873020
      1.76642941      5.01568872      0.60149882      0.60732180      1.76848660
      5.05283887      0.61014740      0.57646834      1.77591089      5.05160193
      0.58606972      0.59979770      1.79452485      5.04473686      0.58039844
      0.61411951      1.77774755      5.04099112      0.57784489      0.59421328
      1.78215586      5.02582028      0.59619514      0.59071051      1.77301133
      4.97593422      0.63618393      0.58566647      1.77751977      5.00813864
      0.61704938      0.60029939      1.76920126      5.04343606      0.59704806
      0.57949713      1.77051577      5.01107538      0.60491801      0.60196813
      1.78055028      5.06999927      0.58429311      0.58980709      1.77654222
      5.06058960      0.60354107      0.58414953      1.78187596      5.00812141
      0.59106791      0.59459906      1.78096135      5.00412342      0.61292063
      0.59503569      1.79059821      5.06186172      0.58766034      0.58146359
      1.77993946      4.99300187      0.61561387      0.60064836      1.78733948
      5.02283681      0.59679430      0.57483951      1.77657039      5.02576343
      0.61960260      0.60314403      1.76978074      5.03881655      0.58213953
      0.58799150      1.77949812      5.00095345      0.64598687      0.56479486
      1.76821065      5.02930634      0.59305640      0.60173002      1.77372427
      5.00067950      0.64057513      0.57510249      1.76651563      4.97657946
      0.63974669      0.58903313      1.78276669      5.02863500      0.59466474
      0.59432593      1.78515016      4.99110303      0.59527958      0.59656169
      1.77472314      4.99935289      0.61344177      0.59959887      1.78192436
      5.04157827      0.58043476      0.60122077      1.80559446      5.10679877
      0.56732955      0.58262792      1.78013308      5.01844457      0.59390978
      0.59734886      1.78867468      5.05316260      0.58753327      0.57530142
      1.78113202      5.07227781      0.59127728      0.57043477      1.81420130
      5.06469733      0.52570181      0.59435240      1.78369315      5.00654218
      0.63143637      0.55925075      1.81241384      5.09737252      0.55712432
      0.56535040      1.77821563      5.02230133      0.59164695      0.59689821
      1.78231292      5.04253176      0.57916462      0.58065636      1.78188544
      5.04038291      0.59587834      0.58109835      1.78522835      5.02415445
      0.62065631      0.57530296      1.76913865      5.03227414      0.59210341
      0.60362054      1.80043214      5.05739767      0.57791184      0.57554273
      1.79980261      5.09754972      0.61577137      0.51604139      1.74909940
      4.99547072      0.63879087      0.61680032      1.77372644      5.03771198
      0.59402355      0.60554428      1.78909084      5.00669931      0.57746511
      0.60320649      1.77906067      5.01500244      0.61579898      0.59681432
      1.78864217      5.05341731      0.59739394      0.56236597      1.76028894
      4.99709100      0.64177902      0.58811375      1.77539267      5.06418580
      0.57176396      0.58768983      1.82821479      5.11167226      0.58457590
      0.52373494      1.76079868      5.00408823      0.62340633      0.59248961
      1.77508022      5.01232341      0.57812432      0.59850301      1.77770177
      5.03689684      0.59239947      0.58614876      1.77011836      4.98968375
      0.61405555      0.61153914      1.79604916      5.01908433      0.58631688
      0.58163698      1.78637823      4.99764664      0.58077699      0.59383613
      1.80212217      5.08213932      0.55933585      0.58301451      1.77769921
      4.99056963      0.60783351      0.60202628      1.78515451      5.04192528
      0.58142008      0.60548334      1.78923933      5.07006270      0.59471402
      0.58174699      1.76829749      4.99205835      0.61566977      0.59239085
      1.77543458      5.07559737      0.58235440      0.59756897      1.78245128
      4.98908963      0.60797538      0.60131386

     SUBSYSTEM
    -----------
      64      65      65      45      64      64      70      64      65      45
      46      50      61      57      61      43      44      67       4       4
     101      62      42      42      89      89      89      19      17      76
      58      76      36      36      36      68      68      68      74      69
      74       9      10      30      42      42      38       9      29       8
      20       1      15      54      54      55      79      79      79      63
      63      68      23      23      24      45      40      40      39      37
      39      80      80      84      74      92      75      72      71      72
      99      99      98      44      48      44      14      18      14      22
      22      22      82      82      82      10      10      15      87      87
      86     103     105      83      55      55      55     107     107     107
      41      40      41      16      16      16     102     102     102      94
      94      95      53      73      73      26      30      26     108     108
     108      11      11      11      35      35      35      60      60      60
     106     104     106      71      75      71     109      96      94      50
      54      50      74      74      77      87      88      87      61      61
      41      59      59      63      86      86      86      46      27      46
     105     105     105      52      33      53      28      32      47      98
      98     111      60      60      78      42      21      42      84      84
      84      93     108      88      27      27       6      83      83      83
      34      34      34     100     100       3      34      34      34      91
      91      91      51      51      47      85      85      66      66      66
      66       2      22       2      94      75      93      49      49      48
      21      21      21      95      90      95      85     104      85       7
       7       7      80      80      61       5     103       5      28      23
      28      78      78      78      31      31      32      56      38      56
      25      25      25      81      81      97      12     110      13      29
      29      29

     MULLIKEN POPULATIONS
    ----------------------
      1.27353077      2.85152982      1.20148890      2.66576159      1.76803378
      4.85307723      1.48645330      3.63529352      0.89067591      0.87325537
      0.92448989      0.92091559      0.60711890      0.71294603      0.71526328
      0.72761175      1.76794706      5.01066893      0.62377878      0.56714354
      1.77868188      5.04004539      0.57425512      0.58367632      1.78535368
      5.02510011      0.59061885      0.60555008      1.79265352      5.03848314
      0.59364206      0.58864648      1.79149051      5.07677141      0.60173690
      0.57109722      1.88404326      5.48377741      0.54697498      1.78855906
      5.03191742      0.58572013      0.59305897      1.79684271      5.01245891
      0.61027379      0.57695931      1.77604439      5.01243116      0.58925656
      0.59558107      1.78283909      5.06957647      0.57326791      0.58084090
      1.78099371      5.07615419      0.57367656      0.58136941      1.77097836
      5.05098198      0.59393603      0.57383589      1.78745585      5.00581740
      0.58307573      0.61901133      1.79916032      5.06480360      0.58683397
      0.56910719      1.77913115      5.02280437      0.63229062      0.56191090
      1.78399846      5.03453670      0.58772266      0.60433986      1.77179174
      5.02725853      0.59028541      0.60951507      1.77554318      5.02926550
      0.58885879      0.59475111      1.78044528      5.00661834      0.61200545
      0.59400175      1.79334799      5.04502243      0.56647610      0.60947613
      1.77811852      5.09603797      0.58902181      0.57244563      1.76036439
      4.98301613      0.60952531      0.63166204      1.78074939      5.08467264
      0.59969096      0.56662039      1.78913565      5.00655564      0.59370317
      0.58696756      1.78570142      5.05374302      0.59101358      0.57726744
      1.76973114      5.02503601      0.59984869      0.60506496      1.76959756
      5.05079783      0.61027617      0.57731502      1.77665379      5.05006253
      0.58603255      0.59970354      1.78975224      5.04568498      0.58065392
      0.61445257      1.77731304      5.04293871      0.57814808      0.59420296
      1.78075454      5.02952116      0.59479357      0.59073248      1.77141199
      4.98266925      0.63529339      0.58684963      1.77417001      5.00947571
      0.61614419      0.60022735      1.76893534      5.04274713      0.59738399
      0.57974735      1.77319476      5.01085875      0.60366895      0.60145521
      1.77931832      5.07080304      0.58490773      0.58946150      1.77613389
      5.05979500      0.60249566      0.58510879      1.77909781      5.01351780
      0.59152491      0.59465192      1.77874290      5.00770708      0.61289049
      0.59451776      1.78684751      5.06182870      0.58874548      0.58283727
      1.77734350      4.99611019      0.61542922      0.59917718      1.78248553
      5.02679490      0.59620250      0.57813418      1.77518922      5.03018247
      0.61724764      0.60202480      1.77055942      5.04240892      0.58131183
      0.58727783      1.77532246      5.00376998      0.64592147      0.56659493
      1.76886271      5.02977962      0.59319494      0.60103032      1.76919765
      5.00497179      0.63986355      0.57615624      1.76716018      4.97621184
      0.63880388      0.58918358      1.78432938      5.02691102      0.59435487
      0.59441382      1.78165362      4.99511132      0.59544872      0.59652764
      1.77465682      5.00032206      0.61470136      0.59912349      1.78107373
      5.04124973      0.58058457      0.60156632      1.80709074      5.11152672
      0.56663309      0.58253070      1.77935033      5.02062282      0.59429718
      0.59679523      1.78148461      5.05324680      0.59044057      0.57703466
      1.78099393      5.07424026      0.59162360      0.57082549      1.81202728
      5.06020136      0.52822289      0.59546541      1.78268821      5.00700153
      0.63066494      0.55905702      1.80747862      5.09267525      0.55959025
      0.56662832      1.77678368      5.02485707      0.59066928      0.59698483
      1.77965660      5.04335921      0.57950373      0.58105706      1.78072515
      5.03817698      0.59867412      0.58171096      1.78278778      5.02367720
      0.62107892      0.57628159      1.76825525      5.03413914      0.59227183
      0.60269244      1.79632209      5.05754477      0.57829697      0.57787271
      1.79672335      5.09257333      0.61655796      0.51681668      1.75832276
      4.98912108      0.63646441      0.61655888      1.77611315      5.03793238
      0.59314906      0.60651613      1.78371676      5.00690793      0.57836509
      0.60464703      1.77497645      5.01793337      0.61485086      0.59757452
      1.78505148      5.05536084      0.59837924      0.56342841      1.76248679
      4.99878935      0.64025837      0.58614204      1.77194509      5.06514800
      0.57313538      0.58878777      1.82838954      5.11316877      0.58504729
      0.52198743      1.76337762      5.00704513      0.62194794      0.59230320
      1.77565784      5.01718363      0.57802977      0.59853242      1.77706286
      5.03685475      0.59416618      0.58669505      1.76886339      4.99195209
      0.61327143      0.61154069      1.79175273      5.02084234      0.58585630
      0.58357446      1.78101226      4.99510785      0.58216761      0.59380540
      1.80144709      5.08169408      0.56026879      0.58373018      1.77399940
      4.99507397      0.60736852      0.60283347      1.78259759      5.04337621
      0.58113026      0.60624345      1.78669107      5.07260037      0.59354036
      0.58192523      1.77016917      4.99310979      0.61432904      0.59224679
      1.76961038      5.07735303      0.58176869      0.59816646      1.78231734
      4.99078425      0.60812903      0.60176960

     SUBSYSTEM
    -----------
      64      65      65      45      64      64      70      64      65      45
      46      50      61      57      61      43      44      67       4       4
     101      62      42      42      89      89      89      19      17      76
      58      76      36      36      36      68      68      68      74      69
      74       9      10      30      42      42      38       9      29       8
      20       1      15      54      54      55      79      79      79      63
      63      68      23      23      24      45      40      40      39      37
      39      80      80      84      74      92      75      72      71      72
      99      99      98      44      48      44      14      18      14      22
      22      22      82      82      82      10      10      15      87      87
      86     103     105      83      55      55      55     107     107     107
      41      40      41      16      16      16     102     102     102      94
      94      95      53      73      73      26      30      26     108     108
     108      11      11      11      35      35      35      60      60      60
     106     104     106      71      75      71     109      96      94      50
      54      50      74      74      77      87      88      87      61      61
      41      59      59      63      86      86      86      46      27      46
     105     105     105      52      33      53      28      32      47      98
      98     111      60      60      78      42      21      42      84      84
      84      93     108      88      27      27       6      83      83      83
      34      34      34     100     100       3      34      34      34      91
      91      91      51      51      47      85      85      66      66      66
      66       2      22       2      94      75      93      49      49      48
      21      21      21      95      90      95      85     104      85       7
       7       7      80      80      61       5     103       5      28      23
      28      78      78      78      31      31      32      56      38      56
      25      25      25      81      81      97      12     110      13      29
      29      29

     MULLIKEN POPULATIONS
    ----------------------
      1.27262951      2.85193218      1.20070744      2.66719788      1.76465593
      4.85408215      1.48384675      3.63452181      0.89138658      0.87274117
      0.92305473      0.92062331      0.60759692      0.71450062      0.71551926
      0.72676840      1.76992452      5.01251305      0.62272392      0.56602576
      1.77582653      5.03798262      0.57455376      0.58336137      1.78105550
      5.02969564      0.59162252      0.60492257      1.79049505      5.04066648
      0.59274172      0.58900733      1.78863681      5.07690784      0.60318559
      0.57250385      1.88567429      5.48791224      0.54818598      1.78398943
      5.03216554      0.58615220      0.59417977      1.79222869      5.01563999
      0.61042502      0.57886870      1.77231296      5.01563447      0.58946020
      0.59539943      1.78119123      5.07102257      0.57356926      0.58076439
      1.78144514      5.07764848      0.57409883      0.58218922      1.77537378
      5.05330529      0.59445752      0.57252842      1.78487547      5.00577158
      0.58342589      0.61903865      1.79082185      5.06129814      0.58819494
      0.57138036      1.77313745      5.02333485      0.63301538      0.56334498
      1.78454890      5.03532835      0.58778603      0.60400527      1.77359277
      5.02692728      0.59004800      0.60950432      1.77508568      5.02833123
      0.58815433      0.59490929      1.78150992      5.00677361      0.61148383
      0.59396626      1.78619665      5.04892191      0.56989928      0.60892623
      1.77845624      5.09708300      0.58860282      0.57194633      1.75495015
      4.99067142      0.60917133      0.63008148      1.77778730      5.08665900
      0.59982871      0.56746752      1.78313408      5.01073651      0.59520151
      0.58896847      1.78269358      5.05782748      0.59001188      0.57555635
      1.77315018      5.03381371      0.59848527      0.60265154      1.77157198
      5.04824666      0.61027670      0.57832100      1.77878785      5.04794708
      0.58559070      0.59951252      1.78464840      5.04711520      0.58077944
      0.61488715      1.77787216      5.04412641      0.57822114      0.59408870
      1.77959056      5.03332308      0.59319129      0.59050438      1.77040745
      4.98866498      0.63434572      0.58795432      1.77078381      5.01072468
      0.61534934      0.60019690      1.76947993      5.04093155      0.59782906
      0.58002081      1.77655186      5.01010370      0.60213520      0.60090492
      1.77905294      5.07159004      0.58523882      0.58879988      1.77655247
      5.05844669      0.60122633      0.58599454      1.77657669      5.01835009
      0.59182223      0.59459830      1.77690725      5.01113014      0.61275909
      0.59372622      1.78364549      5.06200202      0.58960193      0.58397116
      1.77500764      4.99877886      0.61520872      0.59757083      1.77755989
      5.03026572      0.59601395      0.58176790      1.77426701      5.03453840
      0.61468141      0.60084219      1.77240826      5.04516510      0.58018498
      0.58645878      1.77113964      5.00654306      0.64580589      0.56841934
      1.77037384      5.02932245      0.59330307      0.60028162      1.76519453
      5.00898195      0.63931802      0.57715495      1.76880805      4.97524326
      0.63753343      0.58914181      1.78681237      5.02488926      0.59372265
      0.59436853      1.77852406      5.00014298      0.59548682      0.59626604
      1.77489485      5.00099720      0.61583362      0.59852686      1.78089348
      5.04056776      0.58058777      0.60181286      1.80875488      5.11635585
      0.56481425      0.58261421      1.77919099      5.02228957      0.59446881
      0.59620697      1.77434788      5.05270104      0.59354367      0.57915968
      1.78209105      5.07553706      0.59190451      0.57114376      1.80998281
      5.05632284      0.53078163      0.59632157      1.78272089      5.00716792
      0.62949333      0.55864127      1.80261559      5.08796454      0.56228118
      0.56782024      1.77599009      5.02684662      0.58945995      0.59701098
      1.77779111      5.04351160      0.57968659      0.58117101      1.78040759
      5.03592173      0.60084703      0.58211906      1.78080485      5.02183197
      0.62200838      0.57756930      1.76783466      5.03549511      0.59253168
      0.60181860      1.79249529      5.05802630      0.57841007      0.58016469
      1.79280358      5.08797496      0.61748256      0.51827298      1.76883212
      4.98087290      0.63431339      0.61686573      1.77956985      5.03773905
      0.59191603      0.60753267      1.77838725      5.00646530      0.57909316
      0.60614837      1.77113623      5.02041621      0.61390201      0.59844630
      1.78185683      5.05709323      0.59920235      0.56443313      1.76531474
      4.99999207      0.63866596      0.58410806      1.76889113      5.06514596
      0.57470605      0.59020369      1.82881326      5.11344650      0.58547830
      0.52007911      1.76711401      5.00909499      0.62033194      0.59207425
      1.77762364      5.02125184      0.57764558      0.59820787      1.77737485
      5.03592448      0.59579496      0.58693682      1.76791185      4.99367259
      0.61252823      0.61141941      1.78766519      5.02203569      0.58528278
      0.58549702      1.78160871      4.99302843      0.58262577      0.59233415
      1.80046596      5.08036198      0.56130474      0.58460643      1.77059396
      4.99924966      0.60660987      0.60361536      1.78128739      5.04473624
      0.58050261      0.60664886      1.78520099      5.07556524      0.59193706
      0.58160046      1.77372083      4.99309807      0.61242257      0.59179300
      1.76351934      5.07901125      0.58147174      0.59903121      1.78233058
      4.99255418      0.60823732      0.60193948

     SUBSYSTEM
    -----------
      69      70      70      48      69      69      75      69      70      48
      49      54      66      61      66      51      47      72       4       4
     107      67      67      45      95      95      95      22      17      82
      62      82      39      39      39      73      73      73      79      74
      79       9      33      32      45      45      46       9      31       8
      19       1      15      58      58      59      85      85      85      68
      68      73      25      25      26      48      43      43      42      41
      42      86      86      90      79      98      80      77      76      77
     105     105     104      47      52      47      14      18      14      24
      24      24      88      88      88      10      10      15      93      93
      92     109     111      89      59      59      59     114     114     114
      44      43      44      16      16      16     108     108     108     101
     100     101      57      78      78      28      32      28     115     115
     115      11      11      10      38      38      38      65      65      65
     113     110     112      76      80      76     100     102     100      54
      58      54      79      79      83      94      94      93      66      66
      44      68      64      68      92      92      92      49      29      49
     111     114     111      56      35      57      30      34      50     104
     104     116      85      64      84      45      20      45      90      90
      90      99     115      94      29      29       6      89      89      89
      37      37      37     106     106       3      37      37      40      97
      97      97      55      55      50      91      91      71      71      71
      71       2      24      23     100      81      99      53      53      52
      21      20      21     101      96     101      91     110      91       7
       7       7      86      86      66       5     109       5      30      25
      30      84      84      84      33      33      34      60      63      60
      27      27      27      87      87     103      13      12      13      31
      31      36

     MULLIKEN POPULATIONS
    ----------------------
      1.27147844      2.85218785      1.20017928      2.66810335      1.76058970
      4.85544962      1.48102008      3.63369387      0.89219983      0.87213241
      0.92186130      0.92079004      0.60777531      0.71610577      0.71588886
      0.72596869      1.77233286      5.01387339      0.62166521      0.56485726
      1.77391012      5.03421900      0.57473853      0.58297950      1.77726778
      5.03367328      0.59248640      0.60438759      1.78905507      5.04250699
      0.59182739      0.58902535      1.78685505      5.07748095      0.60430079
      0.57350230      1.88728892      5.49243400      0.54927939      1.78018701
      5.03240652      0.58633844      0.59494777      1.78821107      5.01798992
      0.61051283      0.58077415      1.76979198      5.01814974      0.58935146
      0.59491715      1.78016368      5.07200012      0.57379110      0.58055412
      1.78309476      5.07863325      0.57426013      0.58281101      1.78085201
      5.05528169      0.59504973      0.57112594      1.78277451      5.00602498
      0.58348664      0.61864698      1.78234278      5.05770185      0.58972751
      0.57366710      1.76627500      5.02496884      0.63381779      0.56533046
      1.78583300      5.03600790      0.58766178      0.60323609      1.77613150
      5.02615126      0.58970816      0.60928998      1.77551334      5.02638787
      0.58747245      0.59503476      1.78290201      5.00674279      0.61090976
      0.59371322      1.77993940      5.05150447      0.57314754      0.60883278
      1.77971748      5.09794473      0.58807549      0.57128242      1.75010813
      4.99725875      0.60906849      0.62853591      1.77599636      5.08832337
      0.59991192      0.56795883      1.77773710      5.01428626      0.59651010
      0.59088087      1.78046959      5.06159650      0.58873682      0.57363156
      1.77621901      5.04190724      0.59734550      0.60016451      1.77416469
      5.04545324      0.61020972      0.57945598      1.78198216      5.04528943
      0.58489517      0.59925426      1.77972564      5.04901755      0.58075585
      0.61526304      1.77934254      5.04445692      0.57814246      0.59384308
      1.77865223      5.03686918      0.59144751      0.59024092      1.77008299
      4.99336778      0.63341695      0.58891416      1.76777401      5.01171712
      0.61466529      0.60015921      1.77078402      5.03829449      0.59830161
      0.58020761      1.78016437      5.00905006      0.60046278      0.60038232
      1.77980685      5.07232983      0.58529435      0.58782348      1.77772291
      5.05659380      0.59984468      0.58675347      1.77457016      5.02247168
      0.59187152      0.59434373      1.77559804      5.01419167      0.61242703
      0.59283407      1.78132826      5.06222373      0.59018319      0.58475099
      1.77315031      5.00088516      0.61480570      0.59592392      1.77321458
      5.03272038      0.59621457      0.58543124      1.77389228      5.03879098
      0.61199869      0.59949659      1.77507892      5.04700769      0.57895547
      0.58548969      1.76740718      5.00888839      0.64566347      0.57012144
      1.77256275      5.02805016      0.59339692      0.59953838      1.76220549
      5.01222451      0.63895593      0.57801087      1.77121829      4.97383106
      0.63603943      0.58893613      1.78990796      5.02277184      0.59280781
      0.59421277      1.77604535      5.00577165      0.59531701      0.59573336
      1.77537833      5.00138078      0.61667235      0.59784495      1.78141457
      5.03956107      0.58047521      0.60192659      1.81029179      5.12042222
      0.56274223      0.58278007      1.77964510      5.02338473      0.59441240
      0.59558547      1.76805987      5.05134807      0.59664293      0.58137744
      1.78433145      5.07620083      0.59201707      0.57119135      1.80817830
      5.05312687      0.53330387      0.59686036      1.78378320      5.00712082
      0.62805046      0.55794513      1.79836708      5.08367557      0.56493069
      0.56861011      1.77585623      5.02801905      0.58810407      0.59706630
      1.77686402      5.04289216      0.57968998      0.58099441      1.78089894
      5.03350626      0.60267881      0.58231508      1.77849931      5.02159085
      0.62241418      0.57844779      1.76793432      5.03631630      0.59284837
      0.60104485      1.78933925      5.05860023      0.57821720      0.58220613
      1.78823897      5.08403159      0.61844606      0.52035491      1.77919181
      4.97181326      0.63259999      0.61776944      1.78372075      5.03730789
      0.59056871      0.60843402      1.77368898      5.00540536      0.57974959
      0.60761269      1.76798600      5.02223277      0.61299973      0.59924899
      1.77942524      5.05845064      0.59973980      0.56524342      1.76841016
      5.00088256      0.63706362      0.58211251      1.76662451      5.06403338
      0.57637389      0.59179376      1.82919831      5.11241520      0.58605362
      0.51821264      1.77149365      5.01022714      0.61872312      0.59186818
      1.78073209      5.02434865      0.57694304      0.59761485      1.77865350
      5.03426221      0.59708425      0.58694649      1.76738291      4.99475675
      0.61184508      0.61112092      1.78420053      5.02255899      0.58463585
      0.58727957      1.78271079      4.99274274      0.58295851      0.59077146
      1.79922392      5.07825036      0.56250534      0.58558426      1.76782997
      5.00262689      0.60578294      0.60423043      1.78126718      5.04587253
      0.57946359      0.60672472      1.78481637      5.07882984      0.58999373
      0.58081640      1.77828477      4.99218835      0.61025806      0.59117118
      1.75785452      5.08043891      0.58140699      0.60003687      1.78232271
      4.99452765      0.60813779      0.60191166

     SUBSYSTEM
    -----------
      67      68      68      49      67      67      73      67      68      49
      50      55      65      61      65      52      53      70       5       5
     106      46      46      45      95      95      95      23      18      80
      62      80      39      39      39      71      71      76      77      72
      77      10      33      32      46      46      47      10      31       9
      20       1      16      58      58      59      85      85      85      66
      66      71      26      26      27      49      44      44      43      43
      43      86      86      90      77      98      78      75      74      75
     104     104     103      48      53      48      15      19      15      25
      25      25      88      88      88      11      11      16      93      93
      92     108     110      89      59      59      59     113     113     113
      45      44      45      17      17       2     107     107     107     100
      99     100      57      76      76      32      32      28     114     114
     114       8      12      12      38      38      38      64      64      64
     112     109     111      74      73      74     115     101      99      55
      58      55      77      77      82      94      94      93      65      65
      45      66      63      66      92      92      92      50      29      50
     110     113     110      57      35      57      30      34      51     103
     103     116      63      63      84      41      21      46      90      90
      90      94     115      95       7      29       7      89      89      89
      37      37      37     105     105       4      37      37      40      97
      97      97      56      56      51      91      91      69      69      69
      69       3      24       3      99      79      99      54      54      53
      22      21      22      96      96     100      91     109      91       8
       8       8      86      86      65       6     108       6      29      26
      30      84      84      83      33      33      34      60      42      81
      31      31      31      87      87     102      14      13      14      36
      31      36

     MULLIKEN POPULATIONS
    ----------------------
      1.27008905      2.85226954      1.19986488      2.66839903      1.75607070
      4.85724439      1.47815574      3.63285192      0.89314267      0.87157428
      0.92093252      0.92140072      0.60771994      0.71774675      0.71637659
      0.72516265      1.77491090      5.01484415      0.62059212      0.56372613
      1.77315413      5.02907116      0.57480334      0.58246533      1.77441838
      5.03667097      0.59314437      0.60400956      1.78857137      5.04386534
      0.59093446      0.58856981      1.78633597      5.07827857      0.60515735
      0.57401761      1.88872462      5.49710201      0.55003935      1.77757224
      5.03257518      0.58625508      0.59523789      1.78529044      5.01918202
      0.61038908      0.58261728      1.76877582      5.01990876      0.58889671
      0.59407367      1.77991869      5.07235380      0.57390716      0.58017145
      1.78567232      5.07888562      0.57421905      0.58333347      1.78691331
      5.05690586      0.59556301      0.56981834      1.78138652      5.00646279
      0.58323639      0.61780918      1.77463709      5.05428089      0.59127522
      0.57561793      1.75931358      5.02747180      0.63455373      0.56764171
      1.78775505      5.03642735      0.58746264      0.60203361      1.77915638
      5.02504011      0.58939645      0.60886777      1.77676524      5.02352974
      0.58689241      0.59530373      1.78443557      5.00665045      0.61029619
      0.59323519      1.77557083      5.05224312      0.57586392      0.60916143
      1.78177390      5.09863166      0.58747709      0.57045381      1.74647264
      5.00226594      0.60916361      0.62698864      1.77567193      5.08937154
      0.59992659      0.56801289      1.77361540      5.01663579      0.59738510
      0.59249260      1.77922955      5.06491196      0.58712360      0.57152579
      1.77856870      5.04941208      0.59625188      0.59765011      1.77710073
      5.04274357      0.61004377      0.58070736      1.78576593      5.04210264
      0.58422538      0.59897498      1.77546318      5.05097458      0.58063415
      0.61569059      1.78153584      5.04390174      0.57791921      0.59358082
      1.77803083      5.04024178      0.58944195      0.58987311      1.77047443
      4.99643011      0.63257606      0.58969145      1.76555592      5.01233388
      0.61406965      0.60001528      1.77267800      5.03508891      0.59881184
      0.58031430      1.78365985      5.00811114      0.59854178      0.59998499
      1.78139541      5.07246193      0.58585932      0.58652010      1.77948964
      5.05436136      0.59845627      0.58741018      1.77328574      5.02582503
      0.59159881      0.59383955      1.77493168      5.01681772      0.61186180
      0.59182149      1.78017240      5.06244215      0.59042889      0.58501040
      1.77235733      5.00586680      0.61461554      0.59449829      1.77012076
      5.03376637      0.59662274      0.58884665      1.77407441      5.04283874
      0.60927974      0.59802551      1.77826454      5.04781011      0.57783283
      0.58443008      1.76459742      5.01048391      0.64545824      0.57155294
      1.77515081      5.02607024      0.59359057      0.59890528      1.76064469
      5.01431400      0.63883283      0.57858445      1.77408672      4.97219071
      0.63441571      0.58862272      1.79326229      5.02076862      0.59162073
      0.59405793      1.77443480      5.01151494      0.59491244      0.59487517
      1.77605359      5.00160089      0.61702231      0.59708592      1.78257097
      5.03818675      0.58032439      0.60199244      1.81147565      5.12350390
      0.56051714      0.58307084      1.78066801      5.02396118      0.59405937
      0.59493513      1.76343438      5.04899510      0.59944760      0.58342751
      1.78744268      5.07616623      0.59195252      0.57102653      1.80681726
      5.05066504      0.53566804      0.59690844      1.78575409      5.00708832
      0.62631217      0.55705966      1.79522792      5.07989377      0.56733814
      0.56892907      1.77642305      5.02874054      0.58656624      0.59695471
      1.77691126      5.04144305      0.57955512      0.58056340      1.78219507
      5.03120170      0.60412827      0.58215763      1.77715565      5.02167151
      0.62231761      0.57908496      1.76859385      5.03663322      0.59317527
      0.60036898      1.78720187      5.05891594      0.57768089      0.58392914
      1.78343346      5.08084750      0.61927758      0.52288777      1.78827419
      4.96319023      0.63138955      0.61901940      1.78817864      5.03690586
      0.58921985      0.60909569      1.77017544      5.00355487      0.58032591
      0.60886997      1.76591655      5.02321926      0.61214542      0.59987694
      1.77810440      5.05935877      0.59975360      0.56579473      1.77139282
      5.00158578      0.63553921      0.58029689      1.76548422      5.06170161
      0.57802231      0.59343077      1.82929554      5.11030134      0.58674406
      0.51660336      1.77599680      5.01040665      0.61715939      0.59192678
      1.78451540      5.02570142      0.57653790      0.59698582      1.77515895
      5.03076196      0.59965549      0.58748447      1.76736128      4.99517720
      0.61122559      0.61061005      1.78174777      5.02243502      0.58378074
      0.58886489      1.78440294      4.99386332      0.58325474      0.58916643
      1.79784269      5.07565885      0.56382792      0.58649708      1.76605376
      5.00496660      0.60485156      0.60457897      1.78239815      5.04676646
      0.57807377      0.60648711      1.78549109      5.08242143      0.58758114
      0.57975199      1.78329631      4.99080329      0.60794130      0.59039127
      1.75337895      5.08155582      0.58138238      0.60094352      1.78225410
      4.99665130      0.60785756      0.60163958

     SUBSYSTEM
    -----------
      67      68      68      49      67      67      73      67      68      49
      50      55      65      61      65      52      53      70       5       5
     106      46      46      45      95      95      95      23      18      80
      62      80      39      39      39      71      71      76      77      72
      77      10      33      32      46      46      47      10      31       9
      20       1      16      58      58      59      85      85      85      66
      66      71      26      26      27      49      44      44      43      43
      43      86      86      90      77      98      78      75      74      75
     104     104     103      48      53      48      15      19      15      25
      25      25      88      88      88      11      11      16      93      93
      92     108     110      89      59      59      59     113     113     113
      45      44      45      17      17       2     107     107     107     100
      99     100      57      76      76      32      32      28     114     114
     114       8      12      12      38      38      38      64      64      64
     112     109     111      74      73      74     115     101      99      55
      58      55      77      77      82      94      94      93      65      65
      45      66      63      66      92      92      92      50      29      50
     110     113     110      57      35      57      30      34      51     103
     103     116      63      63      84      41      21      46      90      90
      90      94     115      95       7      29       7      89      89      89
      37      37      37     105     105       4      37      37      40      97
      97      97      56      56      51      91      91      69      69      69
      69       3      24       3      99      79      99      54      54      53
      22      21      22      96      96     100      91     109      91       8
       8       8      86      86      65       6     108       6      29      26
      30      84      84      83      33      33      34      60      42      81
      31      31      31      87      87     102      14      13      14      36
      31      36

     MULLIKEN POPULATIONS
    ----------------------
      1.26847090      2.85216305      1.19970101      2.66809249      1.75143414
      4.85943886      1.47544647      3.63204820      0.89419149      0.87113074
      0.92028437      0.92247981      0.60751104      0.71938257      0.71698094
      0.72434202      1.77739149      5.01550336      0.61951813      0.56274576
      1.77367007      5.02314813      0.57471242      0.58175559      1.77288237
      5.03852940      0.59342563      0.60377947      1.78916656      5.04464583
      0.59008165      0.58760120      1.78717462      5.07925443      0.60575575
      0.57394444      1.88981647      5.50171607      0.55041676      1.77644462
      5.03257393      0.58584978      0.59503164      1.78382769      5.01898600
      0.61011967      0.58419831      1.76938496      5.02098564      0.58804934
      0.59284306      1.78054527      5.07198274      0.57388401      0.57961913
      1.78883122      5.07831947      0.57419784      0.58364649      1.79321637
      5.05805050      0.59575273      0.56874920      1.78087069      5.00717568
      0.58269059      0.61630060      1.76862992      5.05118157      0.59260222
      0.57696205      1.75327234      5.03038625      0.63500022      0.56992324
      1.79017840      5.03656506      0.58721670      0.60040886      1.78238450
      5.02376453      0.58915904      0.60827062      1.77871594      5.02005840
      0.58664656      0.59561441      1.78590857      5.00663165      0.60965476
      0.59255316      1.77387152      5.05085919      0.57777055      0.60976976
      1.78440175      5.09909133      0.58685161      0.56957078      1.74455914
      5.00535591      0.60934375      0.62542110      1.77694029      5.08957319
      0.59991694      0.56759750      1.77133944      5.01750792      0.59771145
      0.59365072      1.77904669      5.06762324      0.58520694      0.56930875
      1.77993124      5.05649786      0.59501615      0.59516647      1.78006605
      5.04035240      0.60983392      0.58206014      1.78968143      5.03867430
      0.58362574      0.59870110      1.77248041      5.05316970      0.58015175
      0.61581069      1.78421258      5.04256907      0.57761767      0.59328856
      1.77771557      5.04320729      0.58734904      0.58946023      1.77156597
      4.99778831      0.63184527      0.59023041      1.76447158      5.01251852
      0.61350765      0.59968332      1.77493931      5.03162064      0.59935342
      0.58037637      1.78666978      5.00749263      0.59665112      0.59965811
      1.78387333      5.07236299      0.58613432      0.58509342      1.78165781
      5.05196894      0.59717625      0.58791763      1.77285873      5.02847122
      0.59095906      0.59303020      1.77490143      5.01896527      0.61107567
      0.59079749      1.78027265      5.06249418      0.59036508      0.58476348
      1.77224204      5.00978864      0.61416665      0.59304934      1.76878634
      5.03318459      0.59717937      0.59168410      1.77476954      5.04662779
      0.60661895      0.59644215      1.78170941      5.04765919      0.57687793
      0.58322290      1.76310770      5.01107752      0.64515506      0.57258774
      1.77787260      5.02362202      0.59385329      0.59844900      1.76075293
      5.01493664      0.63897049      0.57885873      1.77709363      4.97055272
      0.63277591      0.58823944      1.79651085      5.01897428      0.59027044
      0.59397744      1.77381152      5.01692415      0.59425421      0.59367200
      1.77681837      5.00177803      0.61676004      0.59627526      1.78428003
      5.03665333      0.58012091      0.60193598      1.81208214      5.12553664
      0.55828934      0.58344846      1.78213466      5.02400471      0.59352383
      0.59422129      1.76114438      5.04544957      0.60182971      0.58498452
      1.79110874      5.07559332      0.59173929      0.57052719      1.80611738
      5.04879340      0.53774563      0.59645558      1.78839024      5.00725883
      0.62438771      0.55606631      1.79364325      5.07668187      0.56933911
      0.56863853      1.77759456      5.02907555      0.58494847      0.59664698
      1.77787405      5.03921695      0.57937406      0.57990956      1.78411507
      5.02900923      0.60516501      0.58192721      1.77690015      5.02206874
      0.62171149      0.57939212      1.76977709      5.03644434      0.59350668
      0.59983747      1.78638024      5.05877161      0.57672366      0.58523396
      1.77895537      5.07833526      0.61984061      0.52555446      1.79529134
      4.95618110      0.63054630      0.62027804      1.79254001      5.03681462
      0.58802189      0.60933209      1.76834171      5.00096127      0.58060136
      0.60976266      1.76520377      5.02331161      0.61134854      0.60022910
      1.77806233      5.05958014      0.59924634      0.56611177      1.77394746
      5.00225897      0.63415352      0.57873036      1.76568068      5.05809842
      0.57959001      0.59500432      1.82887893      5.10736705      0.58759046
      0.51537169      1.78022246      5.00986135      0.61580732      0.59203561
      1.78876020      5.02573665      0.57588705      0.59642225      1.77293795
      5.02705438      0.60175832      0.58785957      1.76786133      4.99491653
      0.61070369      0.60991151      1.78055879      5.02163388      0.58275129
      0.59020405      1.78687173      4.99599985      0.58329926      0.58760267
      1.79646567      5.07279479      0.56523570      0.58726669      1.76545296
      5.00605908      0.60389519      0.60461768      1.78442174      5.04742854
      0.57637371      0.60600435      1.78704351      5.08628546      0.58500554
      0.57828305      1.78820680      4.98900862      0.60583321      0.58958300
      1.75071786      5.08220041      0.58128896      0.60160726      1.78220047
      4.99885861      0.60708192      0.60133671

     SUBSYSTEM
    -----------
      67      68      68      49      67      67      73      67      68      49
      50      55      65      61      65      52      53      70       5       5
     106      46      46      45      95      95      95      23      18      80
      62      80      39      39      39      71      71      76      77      72
      77      10      33      32      46      46      47      10      31       9
      20       1      16      58      58      59      85      85      85      66
      66      71      26      26      27      49      44      44      43      43
      43      86      86      90      77      98      78      75      74      75
     104     104     103      48      53      48      15      19      15      25
      25      25      88      88      88      11      11      16      93      93
      92     108     110      89      59      59      59     113     113     113
      45      44      45      17      17       2     107     107     107     100
      99     100      57      76      76      32      32      28     114     114
     114       8      12      12      38      38      38      64      64      64
     112     109     111      74      73      74     115     101      99      55
      58      55      77      77      82      94      94      93      65      65
      45      66      63      66      92      92      92      50      29      50
     110     113     110      57      35      57      30      34      51     103
     103     116      63      63      84      41      21      46      90      90
      90      94     115      95       7      29       7      89      89      89
      37      37      37     105     105       4      37      37      40      97
      97      97      56      56      51      91      91      69      69      69
      69       3      24       3      99      79      99      54      54      53
      22      21      22      96      96     100      91     109      91       8
       8       8      86      86      65       6     108       6      29      26
      30      84      84      83      33      33      34      60      42      81
      31      31      31      87      87     102      14      13      14      36
      31      36

     MULLIKEN POPULATIONS
    ----------------------
      1.26664335      2.85185343      1.19959601      2.66718189      1.74708354
      4.86185137      1.47307271      3.63134588      0.89533525      0.87088822
      0.91991182      0.92402871      0.60723870      0.72097762      0.71764149
      0.72353121      1.77954059      5.01591679      0.61847846      0.56200584
      1.77541029      5.01717974      0.57448535      0.58085265      1.77284710
      5.03914445      0.59328302      0.60370999      1.79082660      5.04486171
      0.58929314      0.58611683      1.78926939      5.08029509      0.60617556
      0.57328286      1.89048298      5.50619365      0.55021202      1.77690999
      5.03238829      0.58515008      0.59435019      1.78399357      5.01741071
      0.60965202      0.58537723      1.77151268      5.02147435      0.58687631
      0.59128051      1.78200715      5.07083190      0.57374818      0.57894876
      1.79217904      5.07690399      0.57433235      0.58377416      1.79943418
      5.05853384      0.59540681      0.56803230      1.78123861      5.00838994
      0.58161433      0.61415757      1.76509568      5.04853899      0.59340973
      0.57752919      1.74918641      5.03321505      0.63499800      0.57169041
      1.79288380      5.03642640      0.58696791      0.59845121      1.78552211
      5.02246774      0.58905842      0.60755773      1.78115730      5.01629757
      0.58684269      0.59600262      1.78711925      5.00679921      0.60899457
      0.59173184      1.77517317      5.04748398      0.57853390      0.61060607
      1.78733486      5.09928025      0.58625465      0.56874141      1.74465556
      5.00637309      0.60952598      0.62384436      1.77970561      5.08880276
      0.59995269      0.56676326      1.77122926      5.01676571      0.59743732
      0.59428597      1.77986735      5.06962362      0.58304683      0.56710658
      1.78017925      5.06340233      0.59355520      0.59264625      1.78275812
      5.03846275      0.60961508      0.58351281      1.79326303      5.03524323
      0.58322656      0.59843063      1.77114761      5.05543625      0.57926623
      0.61555291      1.78708210      5.04056964      0.57732299      0.59299441
      1.77768404      5.04564302      0.58527260      0.58905260      1.77326546
      4.99762119      0.63122764      0.59042658      1.76470611      5.01221406
      0.61297201      0.59915348      1.77731469      5.02819315      0.59996531
      0.58042103      1.78891494      5.00739922      0.59488971      0.59943397
      1.78702002      5.07195956      0.58613949      0.58369442      1.78399761
      5.04964598      0.59611815      0.58827921      1.77328603      5.03040525
      0.58999873      0.59200849      1.77546204      5.02065644      0.61002565
      0.58980908      1.78156633      5.06228994      0.59006349      0.58403874
      1.77275811      5.01255005      0.61341263      0.59161103      1.76945846
      5.03107576      0.59767958      0.59377852      1.77587910      5.05013276
      0.60411196      0.59476877      1.78510170      5.04658877      0.57622466
      0.58189893      1.76316619      5.01047976      0.64478309      0.57316829
      1.78045396      5.02092754      0.59421404      0.59822508      1.76256735
      5.01397093      0.63939306      0.57883360      1.77992408      4.96908168
      0.63130820      0.58780476      1.79932123      5.01751704      0.58883437
      0.59401717      1.77417426      5.02165127      0.59336326      0.59212241
      1.77751928      5.00199355      0.61588129      0.59545796      1.78636117
      5.03508061      0.57991618      0.60179178      1.81192569      5.12658728
      0.55618477      0.58389527      1.78388768      5.02357622      0.59284060
      0.59347575      1.76155945      5.04061400      0.60370816      0.58585359
      1.79496748      5.07466644      0.59134102      0.56968259      1.80628092
      5.04741993      0.53941167      0.59547137      1.79139608      5.00781088
      0.62239007      0.55504961      1.79391041      5.07409837      0.57080544
      0.56763879      1.77921404      5.02911485      0.58332526      0.59617133
      1.77960138      5.03633776      0.57922584      0.57911718      1.78643774
      5.02709458      0.60580262      0.58171094      1.77770047      5.02277598
      0.62064720      0.57936360      1.77133556      5.03515894      0.59401341
      0.59929623      1.78699013      5.05799431      0.57535449      0.58611646
      1.77451222      5.08115796      0.61825196      0.52650611      1.79974923
      4.95173639      0.62989483      0.62117910      1.79641575      5.03730286
      0.58704837      0.60902592      1.76845621      4.99770528      0.58048712
      0.61020487      1.76594363      5.02252130      0.61063791      0.60027155
      1.77929642      5.05900683      0.59826301      0.56624783      1.77582297
      5.00297004      0.63298754      0.57749195      1.76725717      5.05328779
      0.58106958      0.59638691      1.82782511      5.10397165      0.58859131
      0.51453598      1.78380812      5.00870407      0.61474589      0.59215794
      1.79309306      5.02451142      0.57494429      0.59606515      1.77246576
      5.02340012      0.60319965      0.58793945      1.76883657      4.99402181
      0.61029679      0.60908285      1.78073838      5.02023985      0.58156313
      0.59129264      1.79014038      4.99862674      0.58302422      0.58613346
      1.79529039      5.06989804      0.56664829      0.58780070      1.76606498
      5.00598726      0.60290858      0.60424856      1.78699700      5.04799165
      0.57439211      0.60533331      1.78919967      5.09036107      0.58241453
      0.57649547      1.79261339      4.98704157      0.60408859      0.58875057
      1.75025230      5.08224709      0.58112051      0.60186622      1.78220394
      5.00084385      0.60594905      0.60105853

     SUBSYSTEM
    -----------
      68      69      69      49      68      68      74      68      69      49
      50      55      65      61      65      52      53      71       5       5
     107      46      46      45      96      96      96      23      18      81
      62      81      39      39      39      72      72      77      78      73
      78      10      33      32      46      46      47      10      31       9
      20       1      16      58      58      59      86      86      86      67
      67      72      26      26      27      49      44      44      43      43
      43      87      87      91      78      99      79      76      75      76
     105     105     104      48      53      48      15      19      15      25
      25      25      89      89      89      11      11      16      94      94
      93     109     111      90      59      59      59     114     114     114
      45      44      45      17      17       2     108     108     108     101
     100     101      57      77      77      32      32      28     115     115
     115       8      12      12      38      38      38      64      64      64
     113     110     112      75      74      75     100     102     100      55
      58      55      78      78      83      95      95      94      65      65
      45      67      63      67      93      93      93      50      29      50
     111     114     111      57      35      57      30      34      51     104
     104     117      63      63      85      41      21      46      91      91
      91      95     116      96       7      29       7      90      90      90
      37      37      37     106     106       4      37      37      40      98
      98      98      56      56      51      92      92      70      70      66
      70       3      24       3     100      80     100      54      54      53
      22      21      22      97      97     101      92     110      92       8
       8       8      87      87      65       6     109       6      29      26
      30      85      85      84      33      33      34      60      42      82
      31      31      31      88      88     103      14      13      14      36
      31      36

     MULLIKEN POPULATIONS
    ----------------------
      1.26461781      2.85131777      1.19945533      2.66574417      1.74350736
      4.86445694      1.47120345      3.63077746      0.89652317      0.87091609
      0.91977846      0.92604141      0.60683991      0.72248295      0.71829567
      0.72266729      1.78117924      5.01611683      0.61751238      0.56159290
      1.77818124      5.01189916      0.57420190      0.57977283      1.77426753
      5.03848653      0.59279032      0.60384369      1.79336596      5.04450241
      0.58867008      0.58423476      1.79227310      5.08103625      0.60643523
      0.57265086      1.89062885      5.51018895      0.54961669      1.77886440
      5.03200788      0.58422777      0.59331718      1.78567006      5.01447747
      0.60899415      0.58621953      1.77487170      5.02154695      0.58546745
      0.58948575      1.78415079      5.06898420      0.57356477      0.57819462
      1.79531908      5.07458605      0.57474375      0.58374659      1.80516440
      5.05821292      0.59438882      0.56777854      1.78219985      5.01002223
      0.58037339      0.61147655      1.76447737      5.04650340      0.59362281
      0.57711674      1.74771694      5.03546308      0.63442112      0.57278529
      1.79558855      5.03605352      0.58678513      0.59629772      1.78831295
      5.02127346      0.58910811      0.60681772      1.78382214      5.01250995
      0.58757714      0.59652305      1.78790728      5.00731560      0.60828474
      0.59080744      1.77913903      5.04221765      0.57841297      0.61177317
      1.79030744      5.09917754      0.58563693      0.56812211      1.74677088
      5.00536550      0.60968536      0.62229240      1.78364033      5.08702294
      0.60014516      0.56565593      1.77326877      5.01441665      0.59661171
      0.59445603      1.78153471      5.07091328      0.58074492      0.56501254
      1.77928018      5.07018025      0.59167606      0.59030622      1.78494061
      5.03724707      0.60943112      0.58494717      1.79611007      5.03202125
      0.58315733      0.59814823      1.77163274      5.05778803      0.57792732
      0.61482923      1.78984546      5.03801576      0.57714851      0.59271659
      1.77787501      5.04746837      0.58334551      0.58868629      1.77534990
      4.99609360      0.63072934      0.59035164      1.76630087      5.01152947
      0.61246213      0.59835795      1.77956907      5.02511579      0.60060826
      0.58049522      1.79021229      5.00799788      0.59335735      0.59927780
      1.79050727      5.07123995      0.58595851      0.58245912      1.78628704
      5.04762348      0.59534955      0.58850188      1.77451216      5.03184429
      0.58872063      0.59074916      1.77646512      5.02187110      0.60880876
      0.58893331      1.78384550      5.06184989      0.58957428      0.58289714
      1.77376942      5.01412156      0.61240300      0.59017840      1.77198738
      5.02755592      0.59823235      0.59506407      1.77725572      5.05332178
      0.60181523      0.59309804      1.78811311      5.04464945      0.57604528
      0.58052565      1.76481543      5.00869035      0.64428327      0.57333640
      1.78266103      5.01820691      0.59464963      0.59829331      1.76588432
      5.01146310      0.64014810      0.57857769      1.78233403      4.96803743
      0.62998144      0.58735978      1.80140836      5.01650761      0.58743173
      0.59416304      1.77538397      5.02543182      0.59231515      0.59028798
      1.77799071      5.00232421      0.61444646      0.59467193      1.78859066
      5.03357721      0.57979085      0.60159265      1.81089381      5.12678621
      0.55435301      0.58437214      1.78573250      5.02274955      0.59211700
      0.59271902      1.76463750      5.03459483      0.60506449      0.58607117
      1.79863758      5.07348252      0.59081878      0.56853183      1.80735940
      5.04635275      0.54070310      0.59403129      1.79446742      5.00884957
      0.62041450      0.55410891      1.79605141      5.07215361      0.57172719
      0.56598715      1.78110944      5.02907020      0.58181859      0.59543499
      1.78186459      5.03296955      0.57913112      0.57835046      1.78887161
      5.02556159      0.60611370      0.58164065      1.77938925      5.02382685
      0.61919622      0.57903728      1.77314264      5.03355346      0.59454887
      0.59895366      1.78893141      5.05644903      0.57365800      0.58667549
      1.77141526      5.08446172      0.61603040      0.52682774      1.80137783
      4.95046842      0.62927133      0.62148104      1.79945310      5.03854046
      0.58634020      0.60814723      1.76755162      4.99814360      0.57992866
      0.60895360      1.76805982      5.02100166      0.60993524      0.60004927
      1.78160535      5.05760321      0.59686820      0.56637839      1.77687210
      5.00377089      0.63209597      0.57660649      1.77005389      5.04737793
      0.58247924      0.59761881      1.82610068      5.10039366      0.58965871
      0.51419336      1.78646888      5.00708417      0.61401909      0.59222102
      1.79714589      5.02225327      0.57369367      0.59589906      1.77397170
      5.02007557      0.60389509      0.58767750      1.77020456      4.99267429
      0.61016410      0.60795196      1.78221505      5.01843404      0.58026046
      0.59214042      1.79393629      5.00132405      0.58245307      0.58489869
      1.79451937      5.06714325      0.56801582      0.58803676      1.76766879
      5.00478054      0.60198837      0.60362547      1.78970145      5.04845756
      0.57233517      0.60457345      1.79164392      5.09458683      0.57992251
      0.57449280      1.79617229      4.98510502      0.60274344      0.58797389
      1.75205552      5.08165698      0.58078564      0.60178940      1.78228539
      5.00264942      0.60429774      0.60090045

     SUBSYSTEM
    -----------
      68      69      69      49      68      68      74      68      69      49
      50      55      65      61      65      52      53      71       5       5
     107      46      66      45      96      96      96      23      18      81
      62      81      39      39      39      72      72      77      78      73
      78      10      33      32      46      46      47      10      31       9
      20       1      16      58      58      59      86      86      86      67
      67      72      26      26      27      49      44      44      43      43
      43      87      87      91      78      99      79      76      75      76
     105     105     104      48      53      48      15      19      15      25
      25      25      89      89      89      11      11      16      94      94
      93     109     111      90      59      59      59     114     114     114
      45      44      45      17      17       2     108     108     108     101
     100     101      57      77      77      32      32      28     115     115
     115       8      12      12      38      38      38      64      64      64
     113     110     112      75      74      75     100     102     100      55
      58      55      78      78      83      95      95      94      65      65
      45      67      63      67      93      93      93      50      29      50
     111     114     111      57      35      57      30      34      51     104
     104     117      63      63      85      41      21      46      91      91
      91      95     116      95      29      29       7      90      90      90
      37      37      37     106     106       4      37      37      40      98
      98      98      56      56      51      92      92      70      70      66
      70       3      24       3     100      80     100      54      54      53
      22      21      22      97      97     101      92     110      92       8
       8       8      87      87      65       6     109       6      29      26
      30      85      85      84      33      33      34      60      42      82
      31      31      31      88      88     103      14      13      14      36
      31      36

     MULLIKEN POPULATIONS
    ----------------------
      1.26243438      2.85062848      1.19918051      2.66386588      1.74098915
      4.86671494      1.46996770      3.63038158      0.89772901      0.87121664
      0.91987813      0.92841573      0.60666487      0.72374910      0.71899302
      0.72175309      1.78219962      5.01635415      0.61661607      0.56189492
      1.78167952      5.00792394      0.57388126      0.57863281      1.77688491
      5.03663687      0.59205908      0.60426921      1.79654285      5.04385422
      0.58818927      0.58197198      1.79586104      5.08171649      0.60667586
      0.57163892      1.89023440      5.51339444      0.54875547      1.78200819
      5.03148501      0.58326972      0.59206064      1.78852892      5.01042023
      0.60815618      0.58679773      1.77902922      5.02135726      0.58394597
      0.58763827      1.78673311      5.06655824      0.57334334      0.57744786
      1.79790469      5.07133876      0.57550036      0.58362800      1.80993944
      5.05701493      0.59274014      0.56802207      1.78341217      5.01216565
      0.57909466      0.60844081      1.76677737      5.04521002      0.59325144
      0.57577164      1.74900251      5.03688206      0.63332217      0.57319926
      1.79800460      5.03559419      0.58673465      0.59402634      1.79054868
      5.02020535      0.58937466      0.60613923      1.78643560      5.00892795
      0.58887326      0.59718601      1.78813766      5.00822653      0.60753489
      0.58990176      1.78503779      5.03555244      0.57761303      0.61341218
      1.79305797      5.09871704      0.58512113      0.56776429      1.75062721
      5.00252079      0.60989440      0.62085446      1.78827189      5.08435775
      0.60052219      0.56446159      1.77711119      5.01061933      0.59539338
      0.59433647      1.78386492      5.07191494      0.57820785      0.56314691
      1.77732153      5.07678988      0.58940805      0.58824892      1.78643254
      5.03671196      0.60934805      0.58630206      1.79794000      5.02923369
      0.58344288      0.59785749      1.77381200      5.06020363      0.57622625
      0.61368960      1.79223604      5.03504207      0.57714527      0.59250357
      1.77820408      5.04869056      0.58166224      0.58839689      1.77753357
      4.99347214      0.63029978      0.59007733      1.76910635      5.01056714
      0.61201627      0.59732418      1.78150559      5.02265166      0.60125247
      0.58061963      1.79046455      5.00933030      0.59212218      0.59920977
      1.79395370      5.07028340      0.58562172      0.58155315      1.78831824
      5.04604699      0.59491156      0.58864385      1.77635677      5.03289122
      0.58719054      0.58938131      1.77771162      5.02259447      0.60752630
      0.58828636      1.78677246      5.06121177      0.58901448      0.58143429
      1.77507494      5.01449334      0.61121788      0.58877329      1.77597819
      5.02291752      0.59888043      0.59565184      1.77874969      5.05625929
      0.59970223      0.59148862      1.79046203      5.04202669      0.57639512
      0.57917558      1.76784727      5.00568200      0.64381006      0.57322777
      1.78430895      5.01562958      0.59516976      0.59869286      1.77029863
      5.00761569      0.64127683      0.57821541      1.78410761      4.96757296
      0.62883313      0.58693863      1.80254270      5.01599919      0.58612965
      0.59446540      1.77559731      5.02731736      0.59171145      0.58972611
      1.77809515      5.00281771      0.61257323      0.59395442      1.79074385
      5.03223640      0.57979473      0.60139324      1.80896435      5.12625041
      0.55291810      0.58492175      1.78747029      5.02165013      0.59144075
      0.59198453      1.76991124      5.02763045      0.60600104      0.58584374
      1.80179647      5.07215214      0.59020852      0.56715194      1.80923426
      5.04545079      0.54173477      0.59224983      1.79730752      5.01031370
      0.61858986      0.55334706      1.79981663      5.07098133      0.57209595
      0.56383992      1.78304929      5.02894640      0.58049571      0.59459132
      1.78439253      5.02930641      0.57917865      0.57769487      1.79112077
      5.02449068      0.60622130      0.58179148      1.78169796      5.02522073
      0.61743180      0.57855318      1.77498793      5.03171188      0.59513485
      0.59882071      1.79190501      5.05407126      0.57178935      0.58705770
      1.76993253      5.08785876      0.61326797      0.52639346      1.80007430
      4.95260877      0.62860616      0.62110180      1.80135976      5.04048526
      0.58596538      0.60679118      1.76873595      4.99809246      0.57893205
      0.60733197      1.77125199      5.01881467      0.60949955      0.59957715
      1.78463666      5.05536631      0.59522414      0.56670835      1.77703544
      5.00463271      0.63151634      0.57612265      1.77521166      5.03801356
      0.58430136      0.59933901      1.82378252      5.09697887      0.59070554
      0.51428824      1.78798353      5.00513590      0.61362816      0.59222618
      1.80051475      5.01910478      0.57220247      0.59609033      1.77734053
      5.01745663      0.60386991      0.58710393      1.77182596      4.99097524
      0.61000366      0.60697668      1.78473782      5.01642004      0.57894372
      0.59282022      1.79773126      5.00391880      0.58165344      0.58403915
      1.79432183      5.06467468      0.56928287      0.58798835      1.76992115
      5.00267023      0.60120150      0.60286910      1.79214848      5.04891344
      0.57033609      0.60378322      1.79405296      5.09887074      0.57760057
      0.57240225      1.79857944      4.98344381      0.60186800      0.58725371
      1.75585958      5.08038677      0.58040840      0.60149641      1.78231026
      5.00426888      0.60223362      0.60094869

     SUBSYSTEM
    -----------
      67      68      68      48      67      67      73      67      68      48
      49      54      64      60      64      51      52      70       5       5
     107      45      65      44      95      95      95      22      17      80
      61      80      38      38      38      71      71      71      77      72
      77      10      32      31      45      45      46      10      30       9
      19       1      37      57      57      58      85      85      85      66
      66      71      25      25      26      48      43      43      42      42
      42      86      86      90      77      98      78      75      74      75
     105     105     104      47      52      47      14      18      14      24
      24      24      88      88      88      11      11      15      93      93
      92     109     111      89      58      58      58     113     113     113
      44      43      44      16      16       2     108     108     108     101
     100     101      56      76      76      31      31      27     114     114
     114      12      12      12      37      37      37      63      63      63
     112     110     112      74      73      74     115     102     100      54
      57      54      77      77      82      94      94      93      64      64
      44      66      62      66      92      92      92      49      28      49
     111     113     111      56      34      56      29      33      50     104
     104     117      63      62      84      40      20      45      90      90
      90      94     114      94       7      28       7      89      89      89
      36      36      36     106     106       4      36      36      39      97
      97      97      55      55      50      91      91      69      69      69
      69       3      23       3     100      79      99      53      53      52
      21      20      21     101      96     101      91     110      91       8
       8       8      86      86      64       6     109       6      28      25
      29      84      84      83      32      32      33      59      41      81
      30      30      30      87      87     103      13     116      13      30
      30      35

     MULLIKEN POPULATIONS
    ----------------------
      1.26010638      2.84979797      1.19869300      2.66170130      1.73979069
      4.86847388      1.46944155      3.63015459      0.89895852      0.87190196
      0.92013942      0.93114139      0.60658068      0.72491374      0.71953676
      0.72079630      1.78258216      5.01630496      0.61583827      0.56260138
      1.78551989      5.00556378      0.57367735      0.57753156      1.78029170
      5.03377882      0.59123720      0.60506595      1.79998593      5.04299079
      0.58799771      0.57951602      1.79958332      5.08238224      0.60692505
      0.57036826      1.88933236      5.51552913      0.54780144      1.78592243
      5.03088967      0.58243284      0.59074381      1.79209756      5.00559342
      0.60718140      0.58720675      1.78349756      5.02106341      0.58247481
      0.58587155      1.78946454      5.06382372      0.57322891      0.57679244
      1.79966318      5.06716922      0.57663007      0.58350603      1.81327829
      5.05489761      0.59062932      0.56880498      1.78453330      5.01486999
      0.57786076      0.60529196      1.77158342      5.04476990      0.59246126
      0.57368779      1.75266972      5.03735546      0.63196087      0.57314030
      1.79986230      5.03517369      0.58680013      0.59188159      1.79211938
      5.01933398      0.58982927      0.60557244      1.78872794      5.00569963
      0.59066724      0.59803159      1.78775048      5.00958565      0.60674518
      0.58906876      1.79195948      5.02813668      0.57638586      0.61563023
      1.79536863      5.09783615      0.58477509      0.56774678      1.75573662
      4.99817078      0.61022950      0.61967350      1.79305341      5.08098884
      0.60113693      0.56335759      1.78218821      5.00574278      0.59397908
      0.59410931      1.78648820      5.07234251      0.57581811      0.56162484
      1.77448689      5.08303259      0.58691249      0.58659255      1.78715245
      5.03677745      0.60938770      0.58752073      1.79858603      5.02702588
      0.58410165      0.59757296      1.77733945      5.06266588      0.57435181
      0.61223711      1.79403801      5.03180537      0.57739397      0.59236316
      1.77855616      5.04931091      0.58032665      0.58825640      1.77949981
      4.99003405      0.62991181      0.58966973      1.77282630      5.00942169
      0.61169714      0.59613955      1.78296003      5.02089972      0.60196492
      0.58083331      1.78966081      5.01129519      0.59126064      0.59927916
      1.79698356      5.06923901      0.58517975      0.58107253      1.78991931
      5.04495808      0.59484272      0.58875069      1.77857686      5.03367246
      0.58553055      0.58800526      1.77901938      5.02294245      0.60626052
      0.58785252      1.78994610      5.06044749      0.58848414      0.57978477
      1.77644628      5.01364365      0.60995954      0.58745345      1.78091004
      5.01749953      0.59965753      0.59572695      1.78015356      5.05880498
      0.59795654      0.59004015      1.79191979      5.03894605      0.57732043
      0.57795506      1.77190764      5.00160889      0.64348292      0.57300111
      1.78528572      5.01333249      0.59576791      0.59942720      1.77529724
      5.00283610      0.64272946      0.57787086      1.78507140      4.96774331
      0.62789526      0.58662852      1.80258417      5.01602899      0.58502354
      0.59490753      1.77635300      5.02822413      0.59108899      0.58891869
      1.77774374      5.00339805      0.61051870      0.59335460      1.79262419
      5.03108825      0.57998530      0.60123394      1.80625706      5.12520372
      0.55194528      0.58545556      1.78891228      5.02040413      0.59090588
      0.59133459      1.77662890      5.02009154      0.60674240      0.58540665
      1.80420423      5.07078874      0.58954584      0.56565836      1.81162055
      5.04454904      0.54271056      0.59030409      1.79971673      5.01222361
      0.61692305      0.55272602      1.80469855      5.07066409      0.57203526
      0.56149173      1.78482687      5.02880151      0.57940288      0.59375828
      1.78689674      5.02553158      0.57940225      0.57726960      1.79293300
      5.02393245      0.60622722      0.58219574      1.78430896      5.02684825
      0.61561959      0.57797603      1.77666139      5.02971581      0.59581914
      0.59893315      1.79547613      5.05088598      0.56994362      0.58741340
      1.77004809      5.09098710      0.61010402      0.52532125      1.79588061
      4.95799692      0.62793918      0.62014476      1.80197550      5.04303083
      0.58593990      0.60507130      1.77186092      4.99761575      0.57761065
      0.60542446      1.77514333      5.01617476      0.60935038      0.59895973
      1.78798389      5.05229735      0.59351667      0.56740181      1.77633599
      5.00545153      0.63128579      0.57609925      1.78075040      5.02811946
      0.58624412      0.60096390      1.82102331      5.09403833      0.59166019
      0.51471067      1.78820087      5.00300906      0.61358629      0.59220998
      1.80286644      5.01534397      0.57058296      0.59667305      1.78210899
      5.01593717      0.60326952      0.58636501      1.77355074      4.98905571
      0.60996455      0.60614500      1.78793036      5.01441911      0.57774048
      0.59342696      1.80087280      5.00644010      0.58072636      0.58366682
      1.79479528      5.06265163      0.57042803      0.58766241      1.77242819
      4.99998217      0.60060492      0.60208868      1.79400886      5.04946572
      0.56851260      0.60299360      1.79610159      5.10299337      0.57558864
      0.57036456      1.79956903      4.98230608      0.60146565      0.58666256
      1.76114873      5.07837681      0.58020024      0.60118906      1.78205359
      5.00580584      0.59996446      0.60122360

     SUBSYSTEM
    -----------
      67      68      68      48      67      67      73      67      68      48
      49      54      64      60      64      51      52      70       5       5
     106      45      65      44      95      95      95      22      17      80
      61      80      38      38      38      71      71      71      77      72
      77      10      32      31      45      45      46      10      30       9
      19       1      37      57      57      58      85      85      85      66
      66      71      25      25      26      48      43      43      42      42
      42      86      86      90      77      98      78      75      74      75
     104     104     103      47      52      47      14      18      14      24
      24      24      88      88      88      11      11      15      93      93
      92     108     110      89      58      58      58     112     112     112
      44      43      44      16      16       2     107     107     107     100
      99     100      56      76      76      31      31      27     113     113
     113      12      12      12      37      37      37      63      63      63
     111     109     111      74      73      74     114     101      99      54
      57      54      77      77      82      94      94      93      64      64
      44      66      62      66      92      92      92      49      28      49
     110     112     110      56      34      56      29      33      50     103
     103     116      63      62      84      40      20      45      90      90
      90      94     113      94       7      28       7      89      89      89
      36      36      36     105     105       4      36      36      39      97
      97      97      55      55      50      91      91      69      69      65
      69       3      23       3      99      79      99      53      53      52
      21      20      21     100      96     100      91     109      91       8
       8       8      86      86      64       6     108       6      28      25
      29      84      84      83      32      32      33      59      41      81
      30      30      30      87      87     102      13     115      13      30
      30      35

     MULLIKEN POPULATIONS
    ----------------------
      1.25765142      2.84886709      1.19794009      2.65943214      1.73993992
      4.86966698      1.46965327      3.63009947      0.90021117      0.87302806
      0.92048945      0.93414122      0.60660729      0.72604674      0.71988805
      0.71964902      1.78237492      5.01591142      0.61520277      0.56368525
      1.78931567      5.00486962      0.57369175      0.57657847      1.78401623
      5.03016621      0.59048461      0.60627162      1.80334274      5.04208942
      0.58812955      0.57703149      1.80299738      5.08308478      0.60715768
      0.56899135      1.88800254      5.51625821      0.54697511      1.79013414
      5.03026041      0.58184697      0.58953079      1.79585538      5.00041317
      0.60612081      0.58757845      1.78779799      5.02079174      0.58116890
      0.58433504      1.79209613      5.06101955      0.57326304      0.57630509
      1.80040890      5.06214848      0.57806721      0.58356441      1.81479153
      5.05192879      0.58831640      0.57010511      1.78530497      5.01810241
      0.57678524      0.60220447      1.77818653      5.04522253      0.59147368
      0.57119215      1.75809540      5.03687420      0.63062139      0.57292237
      1.80096462      5.03493196      0.58698564      0.59002146      1.79298361
      5.01866053      0.59044168      0.60518572      1.79047093      5.00291611
      0.59283916      0.59906057      1.78674682      5.01134627      0.60594267
      0.58839787      1.79904527      5.02069282      0.57503897      0.61831172
      1.79708703      5.09650964      0.58462343      0.56811926      1.76150216
      4.99277272      0.61077690      0.61884989      1.79747284      5.07715810
      0.60195446      0.56251518      1.78782053      5.00026817      0.59258031
      0.59397245      1.78909223      5.07229319      0.57375973      0.56051472
      1.77107207      5.08868779      0.58437814      0.58540898      1.78710642
      5.03721950      0.60962392      0.58859807      1.79800368      5.02545955
      0.58512444      0.59734242      1.78173497      5.06508497      0.57254592
      0.61062744      1.79510434      5.02848927      0.57793922      0.59230699
      1.77882956      5.04939346      0.57942228      0.58829916      1.78095570
      4.98602587      0.62951958      0.58927029      1.77708337      5.00817877
      0.61155622      0.59491077      1.78381821      5.01977607      0.60278904
      0.58114948      1.78789039      5.01370143      0.59082213      0.59953189
      1.79928117      5.06825591      0.58469301      0.58106396      1.79096522
      5.04429603      0.59513860      0.58888546      1.78090498      5.03430329
      0.58384936      0.58676036      1.78019020      5.02295090      0.60519938
      0.58761052      1.79296071      5.05961375      0.58809636      0.57807505
      1.77767642      5.01158699      0.60875058      0.58627076      1.78627125
      5.01167605      0.60049419      0.59550109      1.78130916      5.06092699
      0.59662102      0.58882586      1.79234979      5.03568188      0.57881392
      0.57698844      1.77656429      4.99678035      0.64333796      0.57283097
      1.78555126      5.01139912      0.59643949      0.60046940      1.78036973
      4.99869175      0.64460481      0.57754749      1.78511983      4.96857294
      0.62716022      0.58650365      1.80148465      5.01656665      0.58420865
      0.59548154      1.77758060      5.02821243      0.59049980      0.58785955
      1.77696063      5.00402266      0.60850708      0.59288404      1.79409178
      5.03011097      0.58039068      0.60114655      1.80298508      5.12378377
      0.55144451      0.58597301      1.78990727      5.01914711      0.59061841
      0.59081652      1.78393512      5.01243635      0.60746145      0.58504405
      1.80570779      5.06948860      0.58889987      0.56420781      1.81414250
      5.04342694      0.54387393      0.58840707      1.80152694      5.01443625
      0.61545588      0.55224566      1.81007226      5.07124419      0.57167831
      0.55928454      1.78626897      5.02868233      0.57859962      0.59301077
      1.78910796      5.02180784      0.57982493      0.57716108      1.79412533
      5.02385978      0.60623311      0.58284310      1.78693442      5.02858604
      0.61391929      0.57739604      1.77514751      5.02841487      0.59755460
      0.59916318      1.79918169      5.04700845      0.56829228      0.58786641
      1.77149797      5.09339409      0.60700188      0.52380287      1.78899458
      4.96607234      0.62742917      0.61887966      1.80126299      5.04586345
      0.58627155      0.60324325      1.77655713      4.99679983      0.57614308
      0.60338014      1.77930255      5.01327722      0.60953242      0.59830800
      1.79127925      5.04867245      0.59191936      0.56857321      1.77488742
      5.00613216      0.63140903      0.57655016      1.78608986      5.01793502
      0.58863881      0.60250398      1.81802370      5.09187286      0.59244638
      0.51531898      1.78706061      5.00090489      0.61389564      0.59223933
      1.80396033      5.01133601      0.56899952      0.59763214      1.78760748
      5.01582997      0.60231639      0.58565675      1.77524925      4.98707373
      0.61005172      0.60552034      1.79136702      5.01266466      0.57675475
      0.59400977      1.80275516      5.00898704      0.57980722      0.58381245
      1.79592214      5.06118891      0.57148065      0.58712534      1.77478856
      4.99695159      0.60030263      0.60151142      1.79502315      5.05018033
      0.56697809      0.60224266      1.79752398      5.10675516      0.57395969
      0.56852084      1.79892923      4.98195423      0.60151731      0.58629853
      1.76728906      5.07557095      0.58035453      0.60109739      1.78129259
      5.00749348      0.59767364      0.60170086

     SUBSYSTEM
    -----------
      67      68      68      48      67      67      73      67      68      48
      49      54      64      60      64      51      52      70       5       5
     106      45      65      44      95      95      95      22      17      80
      61      80      38      38      38      71      71      71      77      72
      77      10      32      31      45      45      46      10      35       9
      19       1      37      57      57      58      85      85      85      66
      66      71      25      25      26      48      43      43      42      42
      42      86      86      90      77      98      78      75      74      75
     104     104     103      47      52      47      14      18      14      24
      24      24      88      88      88      11      11      15      93      93
      92     108     110      89      58      58      58     112     112     112
      44      43      44      16      16       2     107     107     107     100
      99     100      56      76      76      31      31      27     113     113
     113       8      12      12      37      38      37      63      63      63
     111     109     111      74      73      74     114     101      99      54
      57      54      77      77      82      94      94      93      64      64
      44      66      62      66      92      92      92      49      28      49
     110     112     110      56      34      56      29      33      50     103
     103     116      63      62      84      40      20      45      90      90
      90      94     113      94       7      28       7      89      89      89
      36      36      36     105     105       4      36      36      39      97
      97      97      55      55      50      91      91      69      69      65
      69       3      23       3      99      79      99      53      53      52
      21      20      21     100      96     100      91     109      91       8
       8       8      86      86      64       6     108       6      28      25
      29      84      84      83      32      32      33      59      41      81
      30      30      30      87      87     102      13     115      13      30
      30      35

     MULLIKEN POPULATIONS
    ----------------------
      1.25509422      2.84786780      1.19691186      2.65729385      1.74126931
      4.87040390      1.47053242      3.63021748      0.90139854      0.87452754
      0.92090826      0.93719723      0.60673417      0.72708448      0.71998365
      0.71857026      1.78168643      5.01510376      0.61475745      0.56510071
      1.79271963      5.00562968      0.57396189      0.57587896      1.78760604
      5.02611321      0.58992802      0.60785387      1.80630446      5.04134708
      0.58854907      0.57467135      1.80571578      5.08382524      0.60734571
      0.56767679      1.88638155      5.51542865      0.54643934      1.79416092
      5.02962658      0.58162738      0.58856357      1.79934491      4.99545223
      0.60496999      0.58796063      1.79151764      5.02063584      0.58012529
      0.58312232      1.79443185      5.05830245      0.57349231      0.57606312
      1.80007265      5.05653987      0.57981823      0.58378569      1.81424446
      5.04828681      0.58613500      0.57183845      1.78558575      5.02170717
      0.57584574      0.59943414      1.78572884      5.04645100      0.59056471
      0.56864259      1.76460586      5.03530964      0.62969126      0.57284418
      1.80121109      5.03499735      0.58726311      0.58856922      1.79316995
      5.01816182      0.59116989      0.60503497      1.79149781      5.00066639
      0.59520548      0.60023776      1.78520542      5.01342469      0.60515692
      0.58794543      1.80561924      5.01403899      0.57372345      0.62118558
      1.79812233      5.09473569      0.58468977      0.56890522      1.76731055
      4.98687129      0.61154255      0.61847254      1.80111132      5.07311631
      0.60291225      0.56206712      1.79334860      4.99477020      0.59136319
      0.59405555      1.79140343      5.07190347      0.57212476      0.55987415
      1.76743728      5.09345740      0.58205390      0.58475896      1.78639658
      5.03773492      0.61011557      0.58952787      1.79626764      5.02451588
      0.58647387      0.59723267      1.78649782      5.06733329      0.57099337
      0.60902474      1.79536707      5.02532341      0.57879783      0.59232618
      1.77894449      5.04901703      0.57900436      0.58856412      1.78171226
      4.98179502      0.62909626      0.58892060      1.78146721      5.00686296
      0.61166114      0.59374695      1.78405574      5.01920882      0.60374804
      0.58158639      1.78534452      5.01628936      0.59082112      0.60000365
      1.80063458      5.06744306      0.58421881      0.58152630      1.79137881
      5.04389811      0.59578743      0.58912178      1.78307206      5.03485985
      0.58230056      0.58577002      1.78107883      5.02273856      0.60433359
      0.58759561      1.79547198      5.05882791      0.58785362      0.57645093
      1.77861421      5.00845063      0.60769871      0.58527497      1.79158407
      5.00567575      0.60135976      0.59521256      1.78209064      5.06257137
      0.59572962      0.58791468      1.79172670      5.03250790      0.58083390
      0.57638939      1.78133608      4.99148235      0.64349326      0.57289005
      1.78514047      5.00986288      0.59716982      0.60177866      1.78496110
      4.99450417      0.64655515      0.57743421      1.78422204      4.97002819
      0.62665545      0.58657995      1.79930714      5.01754209      0.58374831
      0.59616865      1.77916948      5.02739806      0.58998797      0.58656653
      1.77586675      5.00465186      0.60673043      0.59255435      1.79507212
      5.02924053      0.58099791      0.60116475      1.79946613      5.12218574
      0.55133335      0.58640768      1.79036504      5.01802878      0.59062924
      0.59047542      1.79103235      5.00511447      0.60830515      0.58494640
      1.80626745      5.06844684      0.58831624      0.56291072      1.81644463
      5.04188592      0.54539181      0.58674231      1.80262627      5.01676547
      0.61420844      0.55189437      1.81533667      5.07266370      0.57113175
      0.55751210      1.78724812      5.02861006      0.57812350      0.59242031
      1.79079974      5.01827082      0.58043634      0.57745825      1.79459745
      5.02417109      0.60636326      0.58366927      1.78933476      5.03026728
      0.61247955      0.57686581      1.77360184      5.02679231      0.59938082
      0.59966686      1.80258039      5.04264432      0.56698087      0.58850510
      1.77402159      5.09486371      0.60396453      0.52222977      1.77982122
      4.97591255      0.62729174      0.61769609      1.79936572      5.04870600
      0.58690741      0.60149921      1.78229377      4.99574940      0.57470978
      0.60138049      1.78331271      5.01032184      0.61003967      0.59773457
      1.79422095      5.04467894      0.59057601      0.57021996      1.77286752
      5.00655027      0.63192311      0.57744139      1.79083757      5.00814072
      0.59117535      0.60401812      1.81500433      5.09078617      0.59300892
      0.51592306      1.78460754      4.99904977      0.61455694      0.59241019
      1.80366669      5.00748141      0.56763802      0.59892100      1.79315088
      5.01724643      0.60124403      0.58513671      1.77681182      4.98515288
      0.61026752      0.60515587      1.79462070      5.01131381      0.57607355
      0.59463659      1.80297342      5.01161589      0.57900823      0.58442712
      1.79758120      5.06037327      0.57249204      0.58647311      1.77675566
      4.99405111      0.60019772      0.60109533      1.79503463      5.05114846
      0.56576745      0.60157560      1.79812606      5.10997987      0.57273709
      0.56699388      1.79652868      4.98263650      0.60200397      0.58625927
      1.77362871      5.07191603      0.58103687      0.60139942      1.77986580
      5.00943683      0.59561681      0.60234715

     SUBSYSTEM
    -----------
      67      68      68      48      67      67      73      67      68      48
      49      54      64      60      64      51      52      70       5       5
     106      45      65      44      95      95      95      22      17      80
      61      80      38      38      38      71      71      71      77      72
      77      10      32      31      45      45      46      10      35       9
      19       1      37      57      57      58      85      85      85      66
      66      71      25      25      26      48      43      43      42      42
      42      86      86      90      77      98      78      75      74      75
     104     104     103      47      52      47      14      18      14      24
      24      24      88      88      88      11      11      15      93      93
      92     108     110      89      58      58      58     112     112     112
      44      43      44      16      16       2     107     107     107     100
      99     100      56      76      76      31      31      27     113     113
     113       8      12      12      37      38      37      63      63      63
     111     109     111      74      73      74     114     101      99      54
      57      54      77      77      82      94      94      93      64      64
      44      66      62      66      92      92      92      49      28      49
     110     112     110      56      34      56      29      33      50     103
     103     116      63      62      84      40      20      45      90      90
      90      94     113      94       7      28       7      89      89      89
      36      36      36     105     105       4      36      36      39      97
      97      97      55      55      50      91      91      69      69      65
      69       3      23       3      99      79      99      53      53      52
      21      20      21     100      96     100      91     109      91       8
       8       8      86      86      64       6     108       6      28      25
      29      84      84      83      32      32      33      59      41      81
      30      30      30      87      87     102      13     115      13      30
      30      35

     MULLIKEN POPULATIONS
    ----------------------
      1.25245544      2.84686322      1.19562622      2.65552072      1.74344471
      4.87084465      1.47195508      3.63051744      0.90249182      0.87637046
      0.92131654      0.94009813      0.60697835      0.72803211      0.71980789
      0.71764660      1.78066998      5.01383579      0.61453132      0.56680085
      1.79544096      5.00739248      0.57450016      0.57552741      1.79067495
      5.02195996      0.58968522      0.60968299      1.80861318      5.04088573
      0.58922760      0.57258039      1.80740107      5.08440795      0.60751295
      0.56672829      1.88453775      5.51289142      0.54678063      1.79762723
      5.02916065      0.58167212      0.58781831      1.80214036      4.99104291
      0.60395368      0.58846652      1.79433544      5.02064200      0.57937287
      0.58233244      1.79635582      5.05577602      0.57389118      0.57614077
      1.79872153      5.05089799      0.58165823      0.58419221      1.81160421
      5.04426921      0.58438415      0.57391928      1.78542693      5.02577430
      0.57472235      0.59705080      1.79337203      5.04825229      0.58985145
      0.56640014      1.77163704      5.03254640      0.62942122      0.57308294
      1.80061705      5.03554642      0.58742254      0.58766337      1.79276322
      5.01780172      0.59198169      0.60514104      1.79170501      4.99899680
      0.59762921      0.60148692      1.78326369      5.01565676      0.60445174
      0.58775460      1.81117857      5.00895143      0.57256643      0.62380292
      1.79845015      5.09255523      0.58498472      0.57009006      1.77258727
      4.98095266      0.61268784      0.61846929      1.80370702      5.06925719
      0.60378136      0.56205574      1.79899149      4.98923848      0.59073833
      0.59403699      1.79319061      5.07126749      0.57099301      0.55974018
      1.76401417      5.09712299      0.58009020      0.58465737      1.78520046
      5.03797807      0.61089961      0.59036014      1.79356684      5.02410935
      0.58804041      0.59733097      1.79111880      5.06905156      0.56991845
      0.60767107      1.79483830      5.02256566      0.57992638      0.59242129
      1.77886157      5.04828467      0.57906635      0.58910581      1.78169153
      4.97770580      0.62858842      0.58872030      1.78550086      5.00511054
      0.61199164      0.59322886      1.78369632      5.01898292      0.60487521
      0.58216984      1.78235248      5.01892810      0.59119804      0.60054095
      1.80097118      5.06691059      0.58379833      0.58234783      1.79112025
      5.04347834      0.59665979      0.58971762      1.78485279      5.03543508
      0.58096372      0.58516891      1.78157343      5.02239406      0.60370407
      0.58779953      1.79506547      5.05485540      0.58925890      0.57627783
      1.77914569      5.00442541      0.60701877      0.58451904      1.79646100
      4.99974448      0.60215528      0.59503677      1.78241873      5.06368017
      0.59525526      0.58740217      1.79020910      5.02988257      0.58329471
      0.57597695      1.78577727      4.98603303      0.64400265      0.57332949
      1.78411857      5.00855103      0.59810565      0.60334906      1.78864722
      4.99067523      0.64838185      0.57758458      1.78245618      4.97207589
      0.62627633      0.58690275      1.79628882      5.01905953      0.58331829
      0.59701268      1.78095431      5.02591524      0.58961541      0.58512222
      1.77466415      5.00531365      0.60533182      0.59231538      1.79556386
      5.02844361      0.58175424      0.60125831      1.79604853      5.12055291
      0.55148470      0.58673629      1.79024768      5.01712290      0.59095210
      0.59040793      1.79722747      4.99830573      0.60953712      0.58530123
      1.80591958      5.06785178      0.58783857      0.56188969      1.81845192
      5.04095511      0.54766469      0.58590469      1.80287387      5.01865761
      0.61331905      0.55194216      1.81999506      5.07470981      0.57051361
      0.55637062      1.78769424      5.02858772      0.57792953      0.59208851
      1.79199361      5.01698976      0.58139358      0.57857531      1.79434912
      5.02479913      0.60669468      0.58451907      1.79131199      5.03159804
      0.61143167      0.57648167      1.77225983      5.02469191      0.60127708
      0.60043976      1.80532910      5.03811226      0.56604517      0.58938196
      1.77732195      5.09512939      0.60115432      0.52094668      1.76913394
      4.98664393      0.62748475      0.61682033      1.79657020      5.05121403
      0.58778906      0.60004292      1.78845372      4.99459900      0.57346671
      0.59960695      1.78682272      5.00753825      0.61082187      0.59730083
      1.79658416      5.04037777      0.58959160      0.57220583      1.77048792
      5.00649566      0.63291126      0.57873727      1.79465231      4.99921874
      0.59373918      0.60554278      1.81215193      5.09094144      0.59332516
      0.51646367      1.78104361      4.99773233      0.61536941      0.59281081
      1.80197908      5.00418090      0.56668214      0.60049485      1.79818849
      5.02003749      0.60028674      0.58479077      1.77815725      4.98340110
      0.61058720      0.60508884      1.79730221      5.01038311      0.57580361
      0.59540664      1.80141339      5.01419581      0.57847104      0.58536716
      1.79822840      5.05764177      0.57406365      0.58707938      1.77814216
      4.99161055      0.60020613      0.60090816      1.79398747      5.05245291
      0.56488077      0.60103202      1.79777072      5.11245514      0.57200551
      0.56588063      1.79239634      4.98469197      0.60299370      0.58633129
      1.77335224      5.07237787      0.58285619      0.60093602      1.77782372
      5.01324599      0.59386849      0.60359403

     SUBSYSTEM
    -----------
      67      68      68      48      67      67      73      67      68      48
      49      54      64      60      64      51      52      70       5       5
     106      45      65      44      95      95      95      22      17      80
      61      80      38      38      38      71      71      71      77      72
      77      10      32      31      45      45      46      10      35       9
      19       1      37      57      57      58      85      85      85      66
      66      71      25      25      26      48      43      43      42      42
      42      86      86      90      77      98      78      75      74      75
     104     104     103      47      52      47      14      18      14      24
      24      24      88      88      88      11      11      15      93      93
      92     108     110      89      58      58      58     112     112     112
      44      43      44      16      16       2     107     107     107     100
      99     100      56      76      76      31      31      27     113     113
     113       8      12      12      37      38      37      63      63      63
     111     109     111      74      73      74     114     101      99      54
      57      54      77      77      82      94      94      93      64      64
      44      66      62      66      92      92      92      49      28      49
     110     112     110      56      34      56      29      33      50     103
     103     116      63      62      84      40      20      45      90      90
      90      94     113      94       7      28       7      89      89      89
      36      36      36     105     105       4      36      36      39      97
      97      97      55      55      50      91      91      69      69      65
      69       3      23       3      99      79      99      53      53      52
      21      20      21     100      96     100      91     109      91       8
       8       8      86      86      64       6     108       6      28      25
      29      84      84      83      32      32      33      59      41      81
      30      30      30      87      87     102      13     115      13      30
      30      35

     MULLIKEN POPULATIONS
    ----------------------
      1.24975106      2.84591758      1.19413313      2.65432899      1.74607032
      4.87120381      1.47374777      3.63101503      0.90346655      0.87840883
      0.92154367      0.94286279      0.60732518      0.72885984      0.71934661
      0.71693256      1.77952310      5.01215938      0.61450557      0.56868600
      1.79726231      5.00958243      0.57532733      0.57553846      1.79291911
      5.01802383      0.58980199      0.61162938      1.81010657      5.04090445
      0.58999622      0.57084264      1.80790468      5.08500025      0.60754744
      0.56611810      1.88279582      5.50915457      0.54745748      1.80015649
      5.02873642      0.58208705      0.58745897      1.80401930      4.98793822
      0.60285169      0.58902080      1.79603555      5.02082846      0.57897719
      0.58198054      1.79782046      5.05348803      0.57445801      0.57651939
      1.79641766      5.04544862      0.58368938      0.58488452      1.80706826
      5.04017659      0.58340083      0.57621498      1.78477252      5.02967464
      0.57378751      0.59527026      1.80037092      5.05024064      0.58947425
      0.56470136      1.77870658      5.02850003      0.62997211      0.57367996
      1.79924755      5.03648124      0.58763568      0.58728230      1.79189694
      5.01757946      0.59278844      0.60551466      1.79108176      4.99799915
      0.59981579      0.60280513      1.78112711      5.01791495      0.60382924
      0.58780938      1.81534743      5.00603004      0.57162988      0.62576865
      1.79813438      5.09015777      0.58563398      0.57141356      1.77690157
      4.97563374      0.61396397      0.61887228      1.80506583      5.06573535
      0.60456875      0.56254567      1.80354623      4.98471548      0.59046307
      0.59430574      1.79430073      5.07049066      0.57041520      0.56005286
      1.76127720      5.09959900      0.57858517      0.58494247      1.78375112
      5.03764466      0.61201023      0.59113219      1.79018649      5.02408165
      0.58977834      0.59767350      1.79523864      5.07015856      0.56931189
      0.60658936      1.79360399      5.02045608      0.58125892      0.59257828
      1.77862016      5.04742450      0.57945619      0.58984978      1.78093892
      4.97416462      0.62802318      0.58866416      1.78895815      5.00331236
      0.61254967      0.59290965      1.78282986      5.01887625      0.60617287
      0.58288871      1.77923879      5.02115066      0.59189293      0.60131762
      1.80031158      5.06665549      0.58347176      0.58350988      1.79024901
      5.04291737      0.59777802      0.59053775      1.78607454      5.03610542
      0.57997680      0.58498380      1.78160737      5.02199469      0.60337839
      0.58816064      1.79399677      5.05119045      0.59072794      0.57636586
      1.77927928      5.00000986      0.60663330      0.58392285      1.80058415
      4.99414981      0.60272901      0.59513494      1.78227400      5.06422835
      0.59519130      0.58729785      1.78793995      5.02769272      0.58603658
      0.57615126      1.78954698      4.98090180      0.64477483      0.57414014
      1.78268705      5.00754631      0.59907688      0.60503570      1.79113368
      4.98760804      0.64986632      0.57798170      1.77997620      4.97450488
      0.62608384      0.58744117      1.79263717      5.02057529      0.58333150
      0.59799160      1.78276208      5.02406398      0.58943147      0.58352346
      1.77355460      5.00599112      0.60439981      0.59219357      1.79558371
      5.02758166      0.58262784      0.60148662      1.79306917      5.11904133
      0.55174438      0.58692479      1.78960474      5.01655200      0.59164506
      0.59052282      1.80211864      4.99260088      0.61090053      0.58602340
      1.80477717      5.06793160      0.58750090      0.56125295      1.81981185
      5.03944771      0.55024745      0.58548948      1.80233248      5.02033434
      0.61262405      0.55211664      1.82370891      5.07707616      0.56985105
      0.55594478      1.78813999      5.03057266      0.57672879      0.59122169
      1.79239787      5.01591001      0.58252144      0.58012006      1.79341615
      5.02553255      0.60733402      0.58532096      1.79269307      5.03216025
      0.61099207      0.57602489      1.77136765      5.02206318      0.60312117
      0.60143873      1.80718901      5.03381061      0.56551636      0.59043025
      1.78111429      5.09405672      0.59877846      0.52009789      1.75791572
      4.99669480      0.62823295      0.61667982      1.79328643      5.05308050
      0.58879750      0.59903581      1.79442127      4.99350436      0.57245200
      0.59823497      1.78955316      5.00512011      0.61177182      0.59708538
      1.79822598      5.03617109      0.58902207      0.57443095      1.76805851
      5.00597641      0.63422961      0.58033488      1.79731870      4.99163981
      0.59618929      0.60705050      1.80968264      5.09261052      0.59336686
      0.51666980      1.77666628      4.99706391      0.61647358      0.59351096
      1.79906100      5.00202741      0.56615709      0.60224101      1.80290579
      5.02283700      0.59975554      0.58479065      1.77920796      4.98181599
      0.61104497      0.60535522      1.79916761      5.01007703      0.57575571
      0.59626566      1.79828050      5.01633257      0.57830816      0.58651025
      1.79913045      5.05570067      0.57550292      0.58762252      1.77883581
      4.98987022      0.60030588      0.60095212      1.79191044      5.05407272
      0.56435131      0.60068034      1.79645271      5.11420581      0.57162114
      0.56528344      1.78665510      4.98783930      0.60436592      0.58697686
      1.77275886      5.07199230      0.58501845      0.60105982      1.77530733
      5.01697244      0.59267167      0.60474416

     SUBSYSTEM
    -----------
      66      67      67      47      66      66      72      66      67      47
      48      52      63      59      63      45      46      69       6       6
     105      44      64      44      93      93      93      21      18      79
      60      79      37      37      37      70      70      70      76      71
      76      11      31      30      44      44      45      11      29      10
      19       2      36      56      56      57      83      83      83      65
      65      70      23      23      24      47      42      42      41      39
      41      84      84      88      96      96      77      74      73      74
     103     103     102      46      50      46      15       1      15      22
      22      22      86      86      86      12      12      16      91      91
      90     107     109      87      57      57      57     111     111     111
      43      42      43      17      17       3     106     106     106      98
      98      99      55      75      75      30      30      26     112     112
     112      13      13      13      36      36      36      62      62      62
     110     108     110      73      77      73     113     100      98      52
      56      52      76      76      81      91      92      91      63      63
      43      65      61      65      90      90      90      48      27      48
     109     109     109      54      33      55      28      32      49     102
     102     115      62      61      82      44      20      44      88      88
      88      97     112      97       8      27       8      87      87      87
      35      35      35     104     104       5      35      35      38      95
      95      95      53      53      49      89      89      68      68      68
      68       4      22       4      98      78      97      51      51      50
      20      20      20     114      94      99      89     108      89       9
       9       9      84      84      63       7     107       7      28      28
      28      82      82      82      31      31      32      58      40      80
      25      25      25      85      85     101      14     114      14      29
      29      34

     MULLIKEN POPULATIONS
    ----------------------
      1.24700387      2.84511187      1.19248458      2.65388570      1.74876245
      4.87166900      1.47570642      3.63172766      0.90424844      0.88057958
      0.92167772      0.94511849      0.60770530      0.72959262      0.71861249
      0.71651399      1.77843278      5.01009639      0.61468898      0.57069405
      1.79804475      5.01162426      0.57642001      0.57592291      1.79414540
      5.01466889      0.59023794      0.61351233      1.81067482      5.04147045
      0.59075674      0.56953116      1.80715058      5.08566087      0.60734675
      0.56594701      1.88134899      5.50447267      0.54843619      1.80151547
      5.02838150      0.58277771      0.58751278      1.80479601      4.98653008
      0.60168077      0.58963369      1.79650030      5.02116084      0.57898118
      0.58208865      1.79880288      5.05142571      0.57520673      0.57718784
      1.79335789      5.04064931      0.58583096      0.58587616      1.80111008
      5.03630952      0.58335871      0.57858725      1.78368254      5.03315413
      0.57304246      0.59416674      1.80544321      5.05302951      0.58938698
      0.56322638      1.78536570      5.02319887      0.63138325      0.57460646
      1.79727238      5.03778970      0.58788510      0.58735552      1.79072265
      5.01746233      0.59354425      0.60614358      1.78970085      4.99773818
      0.60158654      0.60411790      1.77901531      5.02001565      0.60328348
      0.58812695      1.81784956      5.00567795      0.57096560      0.62673631
      1.79724646      5.08754053      0.58647446      0.57305613      1.77993749
      4.97137715      0.61527479      0.61957196      1.80513089      5.06278867
      0.60520599      0.56351751      1.80665585      4.98153103      0.59062333
      0.59484618      1.79464024      5.06961738      0.57039876      0.56077609
      1.75959167      5.10056339      0.57776765      0.58546821      1.78227344
      5.03623532      0.61338511      0.59206684      1.78648108      5.02417539
      0.59163607      0.59828210      1.79855390      5.07052723      0.56919218
      0.60576209      1.79179075      5.01906553      0.58280395      0.59281479
      1.77822455      5.04641584      0.58027278      0.59082767      1.77959114
      4.97152288      0.62743291      0.58876935      1.79159231      5.00153953
      0.61324844      0.59278987      1.78159261      5.01866106      0.60762371
      0.58371987      1.77640535      5.02267581      0.59278844      0.60231967
      1.79876353      5.06641864      0.58340476      0.58494265      1.78887349
      5.04209612      0.59903628      0.59159822      1.78662863      5.03691317
      0.57940870      0.58524441      1.78115354      5.02155836      0.60341224
      0.58865950      1.79239876      5.04814088      0.59212894      0.57671577
      1.77905283      4.99586212      0.60652384      0.58352576      1.80373157
      4.98954550      0.60303761      0.59562934      1.78169393      5.06421932
      0.59546495      0.58760636      1.78522931      5.02602933      0.58895270
      0.57685968      1.79238105      4.97650182      0.64568650      0.57527675
      1.78104779      5.00672579      0.60009837      0.60674282      1.79224148
      4.98558974      0.65085539      0.57859411      1.77706106      4.97711543
      0.62601103      0.58816215      1.78875395      5.02202609      0.58373067
      0.59891900      1.78438375      5.02209323      0.58944999      0.58193833
      1.77271243      5.00672989      0.60397249      0.59217332      1.79517792
      5.02655399      0.58358195      0.60189061      1.79080080      5.11779921
      0.55198149      0.58695532      1.78852514      5.01629709      0.59267522
      0.59084660      1.80540671      4.98826609      0.61230081      0.58705468
      1.80300508      5.06883520      0.58731919      0.56107174      1.82044929
      5.03732455      0.55300375      0.58548449      1.80102292      5.02162668
      0.61213317      0.55245363      1.82627334      5.07937448      0.56918770
      0.55620655      1.78798419      5.03248375      0.57589512      0.59063543
      1.79199910      5.01493787      0.58374474      0.58199219      1.79189981
      5.02624454      0.60828420      0.58599856      1.79343193      5.03219632
      0.61101817      0.57574455      1.77111446      5.01884297      0.60486380
      0.60259233      1.80800956      5.03010000      0.56543031      0.59154135
      1.78509545      5.09165951      0.59691965      0.51982561      1.74758116
      5.00491358      0.62932495      0.61725541      1.78999388      5.05411526
      0.58980088      0.59853421      1.79965550      4.99263364      0.57177025
      0.59722543      1.79131514      5.00324359      0.61274625      0.59713854
      1.79904750      5.03233903      0.58896149      0.57670105      1.76589499
      5.00495720      0.63577087      0.58210645      1.79871649      4.98573374
      0.59839771      0.60855412      1.80777098      5.09581989      0.59314866
      0.51644901      1.77193965      4.99709429      0.61780703      0.59453273
      1.79515175      5.00106118      0.56624811      0.60405295      1.80648043
      5.02594651      0.59958931      0.58499461      1.77994251      4.98050405
      0.61157954      0.60587798      1.80002032      5.01033088      0.57593499
      0.59721308      1.79409169      5.01753008      0.57857304      0.58765508
      1.80021058      5.05441456      0.57685174      0.58814899      1.77878361
      4.98897896      0.60047130      0.60123739      1.78892752      5.05595141
      0.56420528      0.60058829      1.79422539      5.11521012      0.57156493
      0.56525517      1.77971647      4.99187133      0.60600602      0.58820171
      1.77223914      5.07029434      0.58733696      0.60181406      1.77267259
      5.02038761      0.59198171      0.60559377

     SUBSYSTEM
    -----------
      68      75      75      47      69      68      74      69      75      47
      48      52      65      65      70      41      41      62       9      10
     116      49      71      50      99      99      95      19      11      80
      71      79      38      36      38      67      67      67      73      67
      73      13      30      30      54      54      39       8      24       8
      22       5      34      55      55      58      86      86      85      63
      63      68      33      33      20      43      43      43      40      40
      39      90      90      90      73      93      77      79      78      78
     106     106     106      47      47      42      12       2      12      21
      21      21      84      84      84      16      13      16      88      88
      88     109     109      88      58      58      59     112     112     112
      49      44      49      18      16       6     105     104     105     101
     100     101      45      66      72      25      25      25     113     113
     117      17      17      14      35      35      35      64      64      64
     114     114     118      78      77      78     119     107     100      52
      55      52      73      73      72      94      94      94      70      70
      49      63      63      63      87      87      83      48      26      48
     108     112     109      45      38      45      37      37      57     103
     103     111      64      61      85      50      27      50      95      95
      89      98     117      98      14      31      14      89      89      85
      29      29      30     110     110       9      28      29      28      92
      93      92      56      56      53      96      96      76      76      76
      76       4      21       1     100      77     100      46      51      46
      27      27      27     101     101     101      96     115      96      15
      15      15      90      90      70       3     109       3      32      32
      32      81      82      81      36      31      36      60      39      72
      20      20      20      97      91     102       7     120       7      24
      24      23

     MULLIKEN POPULATIONS
    ----------------------
      1.24424386      2.84453249      1.19074023      2.65426725      1.75123168
      4.87251034      1.47762924      3.63269882      0.90478416      0.88274197
      0.92172459      0.94664889      0.60803158      0.73015588      0.71759174
      0.71645884      1.77758592      5.00773608      0.61505137      0.57273962
      1.79771252      5.01297251      0.57784322      0.57665221      1.79424425
      5.01218493      0.59095055      0.61516272      1.81028626      5.04263157
      0.59138474      0.56864973      1.80514220      5.08639052      0.60691217
      0.56629803      1.88035923      5.49962798      0.54960065      1.80157879
      5.02814200      0.58369250      0.58796812      1.80438472      4.98710209
      0.60043937      0.59025337      1.79566875      5.02140608      0.57943350
      0.58283610      1.79928666      5.04936813      0.57620370      0.57822113
      1.78981487      5.03689594      0.58799153      0.58713448      1.79448759
      5.03291517      0.58421467      0.58086873      1.78220564      5.03604174
      0.57248616      0.59377710      1.80894378      5.05517442      0.58958521
      0.56246918      1.79118750      5.01688048      0.63354733      0.57577516
      1.79491216      5.03943174      0.58810739      0.58780669      1.78939282
      5.01735875      0.59419239      0.60705120      1.78771921      4.99822962
      0.60280382      0.60535202      1.77715648      5.02181462      0.60283095
      0.58862571      1.81850534      5.00812177      0.57057100      0.62645152
      1.79592126      5.08477496      0.58749486      0.57495959      1.78150317
      4.96841305      0.61680742      0.62027821      1.80391546      5.06050878
      0.60572545      0.56496468      1.80812739      4.98001010      0.59111341
      0.59556586      1.79417707      5.06862791      0.57096030      0.56186003
      1.75931976      5.10027883      0.57742032      0.58608607      1.78103255
      5.03394679      0.61504353      0.59302358      1.78287587      5.02420455
      0.59349789      0.59908485      1.80080593      5.06999462      0.56953368
      0.60531292      1.78962335      5.01853520      0.58445192      0.59301904
      1.77772254      5.04528437      0.58149544      0.59201194      1.77785964
      4.97007856      0.62683902      0.58899776      1.79325241      4.99992166
      0.61379307      0.59297634      1.78014227      5.01809310      0.60921516
      0.58466289      1.77424685      5.02331367      0.59371431      0.60352025
      1.79653995      5.06609980      0.58363635      0.58652917      1.78714214
      5.04086746      0.60038402      0.59284858      1.78645943      5.03780685
      0.57924567      0.58605301      1.78025299      5.02113338      0.60379946
      0.58924046      1.79046059      5.04593509      0.59331951      0.57733448
      1.77851891      4.99252597      0.60666747      0.58334800      1.80565727
      4.98583049      0.60293667      0.59655465      1.78075785      5.06365828
      0.59601482      0.58831677      1.78242714      5.02484839      0.59187699
      0.57807062      1.79407819      4.97306711      0.64656813      0.57683091
      1.77946454      5.00596048      0.60107939      0.60834713      1.79191323
      4.98481032      0.65129918      0.57934933      1.77410638      4.97976744
      0.62592982      0.58890189      1.78507569      5.02313678      0.58428635
      0.59983827      1.78566067      5.02039324      0.58962459      0.58042843
      1.77222608      5.00754360      0.60408733      0.59224991      1.79443465
      5.02541399      0.58448041      0.60244569      1.78944187      5.11697637
      0.55204146      0.58684560      1.78714044      5.01626865      0.59393244
      0.59145890      1.80689969      4.98537601      0.61365700      0.58836761
      1.80081100      5.07067446      0.58737726      0.56129610      1.82038321
      5.03477305      0.55574760      0.58571016      1.79902565      5.02246342
      0.61186197      0.55294087      1.82760904      5.08128621      0.56856180
      0.55698595      1.78721895      5.03422302      0.57545700      0.59034305
      1.79087061      5.01398389      0.58498585      0.58409042      1.78993144
      5.02686578      0.60951594      0.58647586      1.79347741      5.03173024
      0.61151185      0.57564031      1.77160276      5.01497050      0.60647461
      0.60387996      1.80772294      5.02738617      0.56572620      0.59266687
      1.78894005      5.08819050      0.59566040      0.52005819      1.74405318
      5.00833748      0.63075248      0.61562260      1.78744228      5.05588506
      0.58928936      0.59799873      1.80373509      4.99213066      0.57130396
      0.59660864      1.79196466      5.00175704      0.61361984      0.59768329
      1.79902122      5.02921432      0.58933150      0.57884052      1.76429537
      5.00338709      0.63745054      0.58391872      1.79882036      4.98170508
      0.60022608      0.61009598      1.80659907      5.10046978      0.59273556
      0.51567362      1.76746123      4.99779917      0.61918625      0.59578765
      1.79064588      5.00143286      0.56688713      0.60580769      1.80879079
      5.02873729      0.59983276      0.58531669      1.78033155      4.97944311
      0.61216116      0.60665864      1.79977023      5.01107303      0.57628266
      0.59822734      1.78957131      5.01733519      0.57921656      0.58857006
      1.80139753      5.05371218      0.57803168      0.58866954      1.77800220
      4.98906830      0.60061790      0.60173244      1.78530342      5.05793339
      0.56432965      0.60080724      1.79123580      5.11549809      0.57178782
      0.56581117      1.77226016      4.99634139      0.60778564      0.58988608
      1.77210057      5.06703158      0.58959662      0.60322705      1.77030374
      5.02320796      0.59175230      0.60599189

     SUBSYSTEM
    -----------
      68      75      75      47      69      68      74      69      75      47
      48      52      65      65      70      41      41      62       9      10
     116      49      71      50      99      99      95      19      11      80
      71      79      38      36      38      67      67      67      73      67
      73      13      30      30      54      54      39       8      24       8
      22       5      34      55      55      58      86      86      85      63
      63      68      33      33      20      43      43      43      40      40
      39      90      90      90      73      93      77      79      78      78
     106     106     106      47      47      42      12       2      12      21
      21      21      84      84      84      16      13      16      88      88
      88     109     109      88      58      58      59     112     112     112
      49      44      49      18      16       6     105     104     105     101
     100     101      45      66      72      25      25      25     113     113
     117      17      17      14      35      35      35      64      64      64
     114     114     118      78      77      78     119     107     100      52
      55      52      73      73      72      94      94      94      70      70
      49      63      63      63      87      87      83      48      26      48
     108     112     109      45      38      45      37      37      57     103
     103     111      64      61      85      50      27      50      95      95
      89      98     117      98      14      31      14      89      89      85
      29      29      30     110     110       9      28      29      28      92
      93      92      56      56      53      96      96      76      76      76
      76       4      21       1     100      77     100      46      51      46
      27      27      27     101     101     101      96     115      96      15
      15      15      90      90      70       3     109       3      32      32
      32      81      82      81      36      31      36      60      39      72
      20      20      20      97      91     102       7     120       7      24
      24      23

     MULLIKEN POPULATIONS
    ----------------------
      1.24150482      2.84423956      1.18898237      2.65558415      1.75319381
      4.87352628      1.47931629      3.63384845      0.90512295      0.88480545
      0.92161491      0.94736484      0.60827031      0.73059817      0.71631168
      0.71681796      1.77713358      5.00516487      0.61554935      0.57476697
      1.79632640      5.01345077      0.57941082      0.57770193      1.79317894
      5.01071223      0.59193105      0.61648964      1.80896144      5.04430029
      0.59185314      0.56820833      1.80202438      5.08749304      0.60628859
      0.56696347      1.87987765      5.49448019      0.55098632      1.80028255
      5.02798083      0.58466108      0.58883136      1.80276877      4.98966550
      0.59918392      0.59087084      1.79367156      5.02169453      0.58033965
      0.58399634      1.79929638      5.04753696      0.57728380      0.57946052
      1.78610382      5.03438962      0.59009405      0.58862667      1.78812465
      5.03008827      0.58580931      0.58285699      1.78036034      5.03817710
      0.57217327      0.59409860      1.81062683      5.05634288      0.59000450
      0.56245159      1.79577663      5.00998175      0.63623006      0.57712052
      1.79240205      5.04129294      0.58829997      0.58851716      1.78810494
      5.01733198      0.59468568      0.60807744      1.78536697      4.99941570
      0.60338441      0.60643782      1.77574585      5.02318981      0.60244756
      0.58925489      1.81719911      5.01318558      0.57049463      0.62492993
      1.79435493      5.08202691      0.58862503      0.57698058      1.78157058
      4.96692970      0.61822113      0.62109156      1.80156224      5.05909584
      0.60606520      0.56677086      1.80785474      4.98015939      0.59188371
      0.59648572      1.79296503      5.06753122      0.57203479      0.56322118
      1.76058811      5.09872549      0.57751919      0.58673337      1.78021951
      5.03081012      0.61692170      0.59403424      1.77979282      5.02393799
      0.59523375      0.60003068      1.80183476      5.06860252      0.57025257
      0.60526585      1.78731927      5.01871054      0.58612656      0.59328412
      1.77719771      5.04410430      0.58299748      0.59337297      1.77597918
      4.96996734      0.62626952      0.58933671      1.79383866      4.99852406
      0.61431704      0.59327448      1.77866451      5.01700454      0.61088949
      0.58569196      1.77308720      5.02298758      0.59452866      0.60483403
      1.79389816      5.06560445      0.58419394      0.58815504      1.78527246
      5.03927313      0.60162502      0.59434079      1.78560925      5.03879181
      0.57953421      0.58725490      1.77898747      5.02069924      0.60454637
      0.58987371      1.78839774      5.04463103      0.59428700      0.57815122
      1.77775685      4.99046785      0.60705290      0.58334591      1.80621066
      4.98319223      0.60244486      0.59792367      1.77959117      5.06259149
      0.59674587      0.58938943      1.77989034      5.02405881      0.59461342
      0.57967867      1.79455137      4.97085312      0.64734579      0.57859400
      1.77817207      5.00516912      0.60201557      0.60977800      1.79019086
      4.98524008      0.65121302      0.58026370      1.77148830      4.98206741
      0.62579744      0.58971671      1.78202194      5.02386767      0.58496605
      0.60052562      1.78644355      5.01919152      0.58999508      0.57914576
      1.77210828      5.00842590      0.60472110      0.59242273      1.79341125
      5.02411712      0.58531509      0.60321405      1.78909695      5.11663694
      0.55189523      0.58659647      1.78563918      5.01643237      0.59537403
      0.59219422      1.80653782      4.98405214      0.61488108      0.58982142
      1.79842385      5.07324080      0.58758444      0.56196997      1.81962573
      5.03195186      0.55828276      0.58620723      1.79648133      5.02279385
      0.61173842      0.55362413      1.82770510      5.08252967      0.56802801
      0.55811370      1.78588880      5.03565916      0.57540435      0.59040074
      1.78915590      5.01290104      0.58625978      0.58626601      1.78765335
      5.02737820      0.61099790      0.58669541      1.79279673      5.03076154
      0.61243878      0.57578720      1.77284095      5.01043863      0.60798073
      0.60525457      1.80633156      5.02595048      0.56631229      0.59378341
      1.79228050      5.08396577      0.59499853      0.52082105      1.74358455
      5.00914191      0.63148623      0.61435638      1.78555882      5.05693589
      0.58859327      0.59788082      1.80562313      4.99341800      0.57095934
      0.59592657      1.79150272      5.00072199      0.61429694      0.59865769
      1.79814582      5.02697689      0.59008519      0.58080504      1.76352922
      5.00127733      0.63911979      0.58563348      1.79768789      4.97956551
      0.60166741      0.61167660      1.80632492      5.10623114      0.59218562
      0.51437400      1.76381844      4.99886462      0.62050152      0.59721639
      1.78602369      5.00315130      0.56802850      0.60734166      1.80978750
      5.03065045      0.60050604      0.58570425      1.78039014      4.97866575
      0.61276393      0.60759028      1.79842307      5.01220376      0.57670651
      0.59932547      1.78543343      5.01540782      0.58009272      0.58919518
      1.80255845      5.05325070      0.57915596      0.58927659      1.77653204
      4.99006250      0.60075762      0.60246839      1.78133278      5.05984081
      0.56477347      0.60137592      1.78772886      5.11516292      0.57222372
      0.56689203      1.76518152      5.00059228      0.60947519      0.59189688
      1.77242204      5.06220964      0.59171614      0.60528636      1.76849917
      5.02521470      0.59190584      0.60586983

     SUBSYSTEM
    -----------
      68      75      75      47      69      68      74      69      75      47
      48      52      65      65      70      41      41      62       9      10
     116      49      71      50      99      99      95      19      11      80
      71      79      38      36      38      67      67      67      73      67
      73      13      30      30      54      54      39       8      24       8
      22       5      34      55      55      58      86      86      85      63
      63      68      33      33      20      43      43      43      40      40
      39      90      90      90      73      93      77      79      78      78
     106     106     106      47      47      42      12       2      12      21
      21      21      84      84      84      16      13      16      88      88
      88     109     109      88      58      58      59     112     112     112
      49      44      49      18      16       6     105     104     105     101
     100     101      45      66      72      25      25      25     113     113
     117      17      17      14      35      35      35      64      64      64
     114     114     118      78      77      78     119     107     100      52
      55      52      73      73      72      94      94      94      70      70
      49      63      63      63      87      87      83      48      26      48
     108     112     109      45      38      45      37      37      57     103
     103     111      64      61      85      50      27      50      95      95
      89      98     117      98      14      31      14      89      89      85
      29      29      30     110     110       9      28      29      28      92
      93      92      56      56      53      96      96      76      76      76
      76       4      21       1     100      77     100      46      51      46
      27      27      27     101     101     101      96     115      96      15
      15      15      90      90      70       3     109       3      32      32
      32      81      82      81      36      31      36      60      39      72
      20      20      20      97      91     102       7     120       7      24
      24      23

     MULLIKEN POPULATIONS
    ----------------------
      1.23882641      2.84427721      1.18729082      2.65783801      1.75449130
      4.87466404      1.48061205      3.63511071      0.90530477      0.88659767
      0.92131215      0.94721250      0.60837503      0.73087727      0.71482361
      0.71759233      1.77719091      5.00246718      0.61610473      0.57677340
      1.79403861      5.01302499      0.58102094      0.57892438      1.79093025
      5.00998809      0.59372558      0.61728403      1.80676427      5.04617951
      0.59209954      0.56832089      1.79797273      5.08873419      0.60549968
      0.56808372      1.88076220      5.49754225      0.55142519      1.79771381
      5.02797087      0.58563743      0.59005472      1.79997270      4.99382528
      0.59784980      0.59177246      1.79070862      5.02199946      0.58162170
      0.58551719      1.79884148      5.04596251      0.57836687      0.58084216
      1.78258376      5.03317553      0.59209422      0.59021102      1.78299310
      5.02811252      0.58775549      0.58415520      1.77818599      5.03952930
      0.57201556      0.59516530      1.81030001      5.05609184      0.59082371
      0.56325811      1.79878908      5.00303269      0.63906622      0.57869808
      1.78999283      5.04328827      0.58843312      0.58932388      1.78703646
      5.01738977      0.59496610      0.60911266      1.78288428      5.00097527
      0.60384556      0.60696881      1.77492467      5.02404224      0.60211703
      0.58995698      1.81398294      5.02063917      0.57046645      0.62242028
      1.79276187      5.07940776      0.58977635      0.57900453      1.78024625
      4.96684391      0.61945872      0.62197774      1.79827427      5.05853435
      0.60630005      0.56881638      1.80588048      4.98201299      0.59284093
      0.59745401      1.79112064      5.06629692      0.57353960      0.56479197
      1.76323773      5.09571801      0.57835750      0.58735612      1.77993055
      5.02683930      0.61914782      0.59506605      1.77762900      5.02321293
      0.59671308      0.60100123      1.80154541      5.06647048      0.57122298
      0.60571998      1.78514602      5.01944575      0.58774524      0.59354475
      1.77671220      5.04281985      0.58473139      0.59489563      1.77420604
      4.97123855      0.62566035      0.58975080      1.79329064      4.99719089
      0.61491456      0.59379767      1.77733826      5.01525011      0.61245826
      0.58692481      1.77317790      5.02189913      0.59479238      0.60620137
      1.79110602      5.06486892      0.58506989      0.58973162      1.78349902
      5.03730986      0.60267852      0.59594954      1.78416956      5.03975893
      0.58025669      0.58878471      1.77749493      5.02021535      0.60557200
      0.59056976      1.78643701      5.04417647      0.59495084      0.57916385
      1.77686209      4.98995274      0.60757951      0.58355324      1.80528043
      4.98158482      0.60187081      0.59977010      1.77834175      5.06105746
      0.59762078      0.59074168      1.77790716      5.02347231      0.59707484
      0.58154070      1.79378886      4.96994743      0.64793906      0.58046691
      1.77737354      5.00412086      0.60290740      0.61098863      1.78723026
      4.98672801      0.65072890      0.58132557      1.76959437      4.98377124
      0.62553843      0.59051966      1.77995576      5.02413118      0.58562081
      0.60086331      1.78666559      5.01869507      0.59052414      0.57819711
      1.77231019      5.00928775      0.60580631      0.59270329      1.79220118
      5.02275092      0.58604205      0.60414137      1.78978640      5.11670704
      0.55156908      0.58626942      1.78421146      5.01667754      0.59684044
      0.59303717      1.80435558      4.98432917      0.61584030      0.59131790
      1.79610460      5.07632539      0.58783782      0.56301109      1.81830771
      5.02987840      0.55985196      0.58681130      1.79360748      5.02268129
      0.61168727      0.55446103      1.82640095      5.08207142      0.56873272
      0.55947288      1.78413245      5.03678713      0.57566446      0.59070719
      1.78707252      5.01156722      0.58752382      0.58842256      1.78520096
      5.02775102      0.61271833      0.58665742      1.79141974      5.02946536
      0.61372375      0.57616903      1.77473546      5.00529761      0.60936057
      0.60679013      1.80386203      5.02568705      0.56703955      0.59522607
      1.79485072      5.07985093      0.59513100      0.52131059      1.74665328
      5.00708231      0.63127813      0.61346441      1.78441495      5.05748806
      0.58773603      0.59810292      1.80591834      4.99534498      0.57080738
      0.59547356      1.79003543      5.00030147      0.61483720      0.59984730
      1.79654739      5.02600041      0.59121969      0.58209569      1.76377452
      4.99864641      0.64066279      0.58715408      1.79547822      4.97923809
      0.60264597      0.61330534      1.80241513      5.10545720      0.59386498
      0.51441690      1.76152623      4.99994623      0.62160543      0.59871431
      1.78176931      5.00590696      0.56948619      0.60860690      1.80946232
      5.03133539      0.60165349      0.58604788      1.78015504      4.97814494
      0.61333707      0.60860904      1.79607633      5.01359339      0.57716067
      0.60050111      1.78216975      5.01181781      0.58123431      0.58935178
      1.80360936      5.05288535      0.58013745      0.59002317      1.77448338
      4.99178373      0.60090648      0.60345169      1.77745157      5.06151340
      0.56537938      0.60223748      1.78403672      5.11432390      0.57279886
      0.56834703      1.75949066      5.00401801      0.61088177      0.59381677
      1.77289869      5.05569308      0.59399523      0.60827277      1.76734758
      5.02622684      0.59250317      0.60525342

     SUBSYSTEM
    -----------
      68      75      75      47      69      68      74      69      75      47
      48      52      65      65      70      41      41      62       9      10
     116      49      71      50      99      99      95      19      11      80
      71      79      38      36      38      67      67      67      73      67
      73      13      30      13      54      54      39       8      24       8
      22       5      34      55      55      58      86      86      85      63
      63      68      33      33      20      43      43      43      40      40
      39      90      90      90      73      93      77      79      78      78
     106     106     106      47      47      42      12       2      12      21
      21      21      84      84      84      16      13      16      88      88
      88     109      88      88      58      58      59     112     112     112
      49      44      49      18      16       6     105     104     105     101
     100     101      45      66      72      25      25      25     113     113
     117      17      17      14      35      35      35      64      64      64
     114     114     118      78      77      78     119     107     100      52
      55      55      73      73      72      94      94      94      70      70
      49      63      63      63      87      87      83      48      26      48
     108     112     109      45      38      45      37      37      57     103
     103     111      64      61      85      50      27      50      95      95
      89      98     117      98      14      31      14      89      89      85
      29      29      30     110     110       9      28      29      28      92
      93      92      56      56      53      96      96      76      76      76
      76       4      21       1     100      77     100      46      51      46
      27      27      27     101     101     101      96     115      96      15
      15      15      90      90      70       3     109       3      32      32
      32      81      82      81      36      31      36      60      39      72
      20      20      20      97      91     102       7     120       7      24
      24      23

     MULLIKEN POPULATIONS
    ----------------------
      1.23625615      2.84466588      1.18573113      2.66093693      1.75503474
      4.87583507      1.48140494      3.63638851      0.90535295      0.88804561
      0.92086467      0.94623728      0.60827297      0.73100906      0.71310255
      0.71877535      1.77784086      4.99978291      0.61668048      0.57864173
      1.79104789      5.01155679      0.58266904      0.58028340      1.78773559
      5.01017291      0.59567273      0.61783007      1.80390337      5.04824263
      0.59219770      0.56873132      1.79328844      5.09008385      0.60463129
      0.56956813      1.88200933      5.50043320      0.55208122      1.79407422
      5.02819610      0.58650631      0.59154376      1.79620834      4.99936159
      0.59666400      0.59264857      1.78707129      5.02222019      0.58320233
      0.58735738      1.79793591      5.04468872      0.57939613      0.58230969
      1.77960780      5.03309339      0.59386022      0.59185162      1.77970498
      5.02696360      0.58982612      0.58490696      1.77576725      5.04003893
      0.57214828      0.59681683      1.80799382      5.05471447      0.59182676
      0.56472645      1.79996586      4.99665783      0.64189700      0.58034036
      1.78791021      5.04525968      0.58851453      0.59009407      1.78633962
      5.01748917      0.59501502      0.61007267      1.78059488      5.00276587
      0.60368469      0.60731258      1.77477046      5.02432332      0.60182540
      0.59067088      1.80896772      5.02947380      0.57082604      0.61928649
      1.79134644      5.07695445      0.59090543      0.58095064      1.77777229
      4.96784135      0.62061207      0.62286523      1.79434468      5.05868403
      0.60649586      0.57098214      1.80230789      4.98514636      0.59397080
      0.59862533      1.78880562      5.06480296      0.57543733      0.56653487
      1.76704204      5.09142697      0.57978506      0.58800718      1.78026733
      5.02237233      0.62141218      0.59616926      1.77668173      5.02185910
      0.59786023      0.60191339      1.79994704      5.06387163      0.57243773
      0.60654932      1.78336143      5.02050123      0.58923177      0.59374911
      1.77634400      5.04138495      0.58659441      0.59655339      1.77274531
      4.97362703      0.62514227      0.59018927      1.79174237      4.99625672
      0.61543077      0.59434774      1.77635149      5.01285037      0.61399086
      0.58810642      1.77447315      5.01987948      0.59480447      0.60763271
      1.78845696      5.06401889      0.58615552      0.59109357      1.78205657
      5.03498879      0.60342259      0.59762175      1.78230083      5.04057071
      0.58129325      0.59058355      1.77595741      5.01962613      0.60685778
      0.59124597      1.78481425      5.04446924      0.59531463      0.58020022
      1.77594022      4.99098506      0.60824035      0.58394070      1.80293121
      4.98130481      0.60111454      0.60199315      1.77718688      5.05914983
      0.59851257      0.59231744      1.77667808      5.02287818      0.59915724
      0.58356387      1.79187877      4.97033240      0.64827006      0.58236002
      1.77723657      5.00275334      0.60367555      0.61194124      1.78332385
      4.98909440      0.65001490      0.58243246      1.76871495      4.98469008
      0.62507374      0.59127962      1.77910327      5.02386461      0.58611142
      0.60085305      1.78635363      5.01907473      0.59119009      0.57752030
      1.77275288      5.00993319      0.60734301      0.59307855      1.79090529
      5.02137880      0.58666964      0.60514389      1.79151579      5.11718652
      0.55099228      0.58586761      1.78303277      5.01684626      0.59829487
      0.59388638      1.80046654      4.98601226      0.61663127      0.59284183
      1.79408035      5.07948887      0.58817777      0.56430805      1.81631530
      5.02810186      0.56113595      0.58753155      1.79066169      5.02208954
      0.61164529      0.55545520      1.82401018      5.08091922      0.56953277
      0.56076275      1.78210826      5.03750361      0.57619426      0.59125026
      1.78490016      5.00991689      0.58869313      0.59044690      1.78276123
      5.02812555      0.61447030      0.58636146      1.78941365      5.02795454
      0.61524809      0.57685848      1.77713116      4.99975267      0.61071160
      0.60834228      1.80050278      5.02677575      0.56794325      0.59653419
      1.79624966      5.07575291      0.59580452      0.52234155      1.75294010
      5.00239798      0.63007363      0.61307763      1.78399661      5.05776886
      0.58675111      0.59858705      1.80460058      4.99788768      0.57083732
      0.59523133      1.78773510      5.00033866      0.61522904      0.60123783
      1.79428988      5.02583624      0.59257669      0.58325237      1.76509424
      4.99556366      0.64196978      0.58842856      1.79241004      4.98033387
      0.60330708      0.61498699      1.79986369      5.10501932      0.59550097
      0.51408845      1.76090192      5.00064492      0.62235807      0.60019915
      1.77836649      5.00943682      0.57101839      0.60945658      1.80785032
      5.03075143      0.60313929      0.58632158      1.77969814      4.97782279
      0.61387126      0.60961057      1.79290123      5.01502077      0.57764339
      0.60182042      1.77997831      5.00709470      0.58234257      0.58916913
      1.80443817      5.05230945      0.58111939      0.59086155      1.77205400
      4.99395351      0.60110622      0.60462879      1.77406163      5.06257606
      0.56613887      0.60340022      1.78050861      5.11298847      0.57345664
      0.57010335      1.75598314      5.00598256      0.61175285      0.59554908
      1.77337534      5.04856550      0.59607837      0.61185398      1.76682802
      5.02639147      0.59334966      0.60425581

     SUBSYSTEM
    -----------
      68      75      75      47      69      68      74      69      75      47
      48      52      65      65      70      41      41      62       9      10
     115      49      71      50      98      98      94      19      11      80
      71      79      38      36      38      67      67      67      73      67
      73      13      30      13      54      54      39       8      24       8
      22       5      34      55      55      58      86      86      85      63
      63      68      33      33      20      43      43      43      40      40
      39      90      90      90      73      92      77      79      78      78
     105     105     105      47      47      42      12       2      12      21
      21      21      84      84      84      16      13      16      88      88
      88     108      88      88      58      58      59     111     111     111
      49      44      49      18      16       6     104     103     104     100
      99     100      45      66      72      25      25      25     112     112
     116      17      17      14      35      35      35      64      64      64
     113     113     117      78      77      78     118     106      99      52
      55      55      73      73      72      93      93      93      70      70
      49      63      63      63      87      87      83      48      26      48
     107     111     108      45      38      45      37      37      57     102
     102     110      64      61      85      50      27      50      94      94
      89      97     116      97      14      31      14      89      89      85
      29      29      30     109     109       9      28      29      28      91
      92      91      56      56      53      95      95      76      76      76
      76       4      21       1      99      77      99      46      51      46
      27      27      27     100     100     100      95     114      95      15
      15      15      90      90      70       3     108       3      32      32
      32      81      82      81      36      31      36      60      39      72
      20      20      20      96      96     101       7     119       7      24
      24      23

     MULLIKEN POPULATIONS
    ----------------------
      1.23385179      2.84540895      1.18436486      2.66475034      1.75477908
      4.87689830      1.48163402      3.63756836      0.90525263      0.88916132
      0.92041179      0.94450749      0.60792364      0.73099847      0.71113804
      0.72033790      1.77909586      4.99718596      0.61723725      0.58034452
      1.78766457      5.00904328      0.58435195      0.58157476      1.78386503
      5.01101666      0.59768180      0.61826230      1.80062488      5.05023627
      0.59217490      0.56935802      1.78837451      5.09150010      0.60372616
      0.57127765      1.88340552      5.50287409      0.55294054      1.78971334
      5.02883186      0.58715402      0.59306168      1.79175919      5.00572324
      0.59566387      0.59350118      1.78669795      5.02273145      0.58407080
      0.58917979      1.79637181      5.04141249      0.58039649      0.58346130
      1.77749320      5.03383050      0.59532354      0.59344500      1.77847181
      5.02685923      0.59182820      0.58511925      1.77329675      5.03968632
      0.57255791      0.59889636      1.80379713      5.05240040      0.59302360
      0.56678679      1.79916109      4.99138357      0.64452807      0.58204961
      1.78637228      5.04707772      0.58852523      0.59068295      1.78611361
      5.01749539      0.59480281      0.61101425      1.77876594      5.00443006
      0.60300040      0.60749412      1.77529203      5.02403295      0.60155553
      0.59134327      1.80251783      5.03860962      0.57162986      0.61606117
      1.79031260      5.07473784      0.59192648      0.58271198      1.77456097
      4.96958786      0.62174292      0.62357997      1.79025413      5.05964759
      0.60683684      0.57259520      1.79740857      4.98914672      0.59522017
      0.60001314      1.78623554      5.06289931      0.57769057      0.56840590
      1.77156622      5.08589483      0.58188571      0.58876120      1.78123374
      5.01766734      0.62359998      0.59734063      1.77712215      5.01978293
      0.59865337      0.60266681      1.79713230      5.06108883      0.57384831
      0.60772166      1.78224172      5.02178758      0.59041026      0.59367392
      1.77616614      5.03970739      0.58851202      0.59831703      1.77174636
      4.97662013      0.62466591      0.59089126      1.78934925      4.99574444
      0.61590470      0.59490217      1.77584524      5.00980575      0.61543534
      0.58917639      1.77684179      5.01705529      0.59457773      0.60912182
      1.78621075      5.06315775      0.58734355      0.59211159      1.78115780
      5.03235471      0.60381301      0.59921368      1.78028521      5.04122522
      0.58209681      0.59266669      1.77458806      5.01887168      0.60831428
      0.59185172      1.78372345      5.04532334      0.59537638      0.58113799
      1.77511839      4.99332593      0.60899414      0.58449733      1.79931097
      4.98231414      0.60034109      0.60451283      1.77630557      5.05695808
      0.59935880      0.59400395      1.77632444      5.02207394      0.60080978
      0.58562951      1.78900324      4.97182852      0.64840367      0.58413599
      1.77783700      5.00101594      0.60430424      0.61260839      1.77887185
      4.99205665      0.64927664      0.58346409      1.76903476      4.98482723
      0.62444406      0.59169904      1.77954518      5.02306496      0.58629581
      0.60057491      1.78558531      5.02030764      0.59197413      0.57708756
      1.77337604      5.01011867      0.60924190      0.59355298      1.78963658
      5.02002505      0.58728410      0.60609204      1.79418796      5.11793579
      0.55018264      0.58543753      1.78226224      5.01681870      0.59963459
      0.59468453      1.79509724      4.98869284      0.61730895      0.59455721
      1.79257950      5.08234891      0.58858997      0.56566911      1.81360228
      5.02683603      0.56227053      0.58833981      1.78797275      5.02109796
      0.61151891      0.55650114      1.82067691      5.07926351      0.57039550
      0.56184847      1.78001505      5.03772774      0.57692714      0.59199769
      1.78293831      5.00788995      0.58969791      0.59224369      1.78052728
      5.02859716      0.61609676      0.58581688      1.78692932      5.02640650
      0.61687412      0.57784132      1.77981363      4.99409274      0.61204425
      0.60985475      1.79648529      5.02895839      0.56895697      0.59768544
      1.79624393      5.07193669      0.59698389      0.52400745      1.76127724
      4.99561813      0.62830863      0.61340097      1.78426789      5.05795692
      0.58570809      0.59918589      1.80173568      5.00081758      0.57111881
      0.59528557      1.78483865      5.00048505      0.61566219      0.60277145
      1.79160331      5.02625789      0.59403737      0.58433993      1.76740558
      4.99212049      0.64298974      0.58946804      1.78877815      4.98228361
      0.60366955      0.61690967      1.79890867      5.10494740      0.59699502
      0.51326542      1.76201276      5.00066299      0.62270398      0.60161248
      1.77617180      5.01330602      0.57247029      0.60985574      1.80500266
      5.02907865      0.60488856      0.58647978      1.77912261      4.97760323
      0.61436660      0.61049445      1.78916450      5.01629467      0.57815220
      0.60328975      1.77871863      5.00202114      0.58337946      0.58873464
      1.80497409      5.05140578      0.58216181      0.59167653      1.76953081
      4.99619448      0.60138036      0.60594743      1.77201935      5.06171629
      0.56726754      0.60524520      1.77752478      5.11120605      0.57412752
      0.57200713      1.75510883      5.00612169      0.61197014      0.59695150
      1.77358324      5.04147016      0.59799316      0.61587624      1.76679476
      5.02588210      0.59434044      0.60306865

     SUBSYSTEM
    -----------
      67      74      74      47      68      67      73      68      74      47
      48      51      64      64      69      41      41      61       9      10
     114      49      70      50      97      97      93      19      11      79
      70      78      38      36      38      66      66      66      72      66
      72      13      30      13      53      53      39       8      24       8
      22       5      34      54      54      57      85      85      84      62
      62      67      33      33      20      43      43      43      40      40
      39      89      89      89      72      91      76      78      77      77
     104     104     104      47      47      42      12       2      12      21
      21      21      83      83      83      16      13      16      87      87
      87     107      87      87      57      57      58     110     110     110
      49      44      49      18      16       6     103     102     103      99
      98      99      45      65      71      25      25      25     111     111
     115      17      17      14      35      35      35      63      63      63
     112     112     116      77      76      77     117     105      98      51
      54      54      72      72      71      92      92      92      69      69
      49      62      62      62      86      86      82      48      26      48
     106     110     107      45      38      45      37      37      56     101
     101     109      63      60      84      50      27      50      93      93
      88      96     115      96      14      31      14      88      88      84
      29      29      30     108     108       9      28      29      28      90
      91      90      55      55      52      94      94      75      75      75
      75       4      21       1      98      76      98      46      46      46
      27      27      27      99      99      99      94     113      94      15
      15      15      89      89      69       3     107       3      32      32
      32      80      81      80      36      31      36      59      39      71
      20      20      20      95      95     100       7     118       7      24
      24      23

     MULLIKEN POPULATIONS
    ----------------------
      1.23165801      2.84645505      1.18324017      2.66903483      1.75377602
      4.87794092      1.48129001      3.63853760      0.90512488      0.88981283
      0.92001922      0.94217937      0.60730809      0.73082668      0.70905713
      0.72214472      1.78089505      4.99470093      0.61773672      0.58190355
      1.78423357      5.00540289      0.58595005      0.58286939      1.77969994
      5.01216306      0.59963125      0.61874114      1.79723651      5.05187848
      0.59214776      0.57003787      1.78367380      5.09277938      0.60291812
      0.57305513      1.88471339      5.50452494      0.55396024      1.78500659
      5.02961409      0.58766293      0.59458296      1.78701347      5.01222713
      0.59494425      0.59428407      1.78611414      5.02285586      0.58504877
      0.59112603      1.79454838      5.03868671      0.58130239      0.58461166
      1.77648884      5.03503598      0.59641587      0.59484715      1.77908740
      5.02790961      0.59374762      0.58491567      1.77108705      5.03846257
      0.57314689      0.60121086      1.79795134      5.04946789      0.59448118
      0.56929190      1.79636756      4.98746078      0.64699799      0.58386608
      1.78558785      5.04876823      0.58856902      0.59100022      1.78645862
      5.01749915      0.59435784      0.61170760      1.77761667      5.00564614
      0.60190832      0.60754924      1.77642792      5.02321182      0.60130962
      0.59192284      1.79528658      5.04704842      0.57273042      0.61319952
      1.78983808      5.07285358      0.59270369      0.58420804      1.77105846
      4.97132771      0.62288640      0.62438640      1.78634401      5.06061340
      0.60727192      0.57414837      1.79161333      4.99350071      0.59650383
      0.60163730      1.78370574      5.06055305      0.58011368      0.57034020
      1.77630451      5.07917911      0.58472246      0.58972712      1.78277545
      5.01300723      0.62558004      0.59857087      1.77896265      5.01699631
      0.59906978      0.60321466      1.79331975      5.05844139      0.57538759
      0.60915717      1.78189389      5.02289774      0.59136067      0.59343117
      1.77624927      5.03768777      0.59040908      0.60016236      1.77139638
      4.97983864      0.62437077      0.59152806      1.78634628      4.99561251
      0.61639202      0.59546084      1.77591400      5.00618137      0.61673423
      0.59007845      1.78000768      5.01354117      0.59421098      0.61071728
      1.78460247      5.06238293      0.58849122      0.59268402      1.78096086
      5.02947142      0.60373451      0.60064572      1.77830614      5.04140965
      0.58303097      0.59481736      1.77358361      5.01783122      0.60986759
      0.59238982      1.78329827      5.04650513      0.59510400      0.58191939
      1.77454374      4.99653561      0.60976799      0.58520162      1.79471324
      4.98442380      0.59972651      0.60718622      1.77586255      5.05456491
      0.60008402      0.59571722      1.77688773      5.02080705      0.60207273
      0.58765153      1.78545168      4.97411919      0.64837868      0.58574116
      1.77920005      4.99908536      0.60464808      0.61291946      1.77750310
      4.99136157      0.65039368      0.58323235      1.77049519      4.98404395
      0.62366193      0.59204034      1.78120531      5.02173762      0.58619995
      0.60008020      1.78449285      5.02227172      0.59279509      0.57687877
      1.77416554      5.00971223      0.61130097      0.59410637      1.78855077
      5.01879352      0.58774901      0.60693048      1.79760619      5.11877787
      0.54921802      0.58503384      1.78202639      5.01652029      0.60077930
      0.59533980      1.78871366      4.99219782      0.61787546      0.59622360
      1.79178445      5.08455638      0.58898199      0.56699148      1.81011994
      5.02630005      0.56340351      0.58920273      1.78586685      5.01973019
      0.61123850      0.55753021      1.81656957      5.07729394      0.57128885
      0.56272243      1.77808119      5.03743522      0.57779582      0.59284738
      1.78143948      5.00532282      0.59051616      0.59389553      1.77870284
      5.02921282      0.61743239      0.58506242      1.78419238      5.02495070
      0.61843855      0.57909430      1.78257016      4.98877944      0.61349704
      0.61097199      1.79214949      5.03183379      0.56999860      0.59863657
      1.79472455      5.06858648      0.59853716      0.52646447      1.77017832
      4.98776639      0.62612688      0.61475389      1.78519662      5.05813109
      0.58461698      0.59983815      1.79756548      5.00407406      0.57164921
      0.59556701      1.78172884      5.00062740      0.61602930      0.60436775
      1.78882155      5.02696871      0.59544190      0.58540271      1.76957325
      4.99079918      0.64296113      0.58932400      1.78502360      4.98468658
      0.60386378      0.61882178      1.79963358      5.10529687      0.59830319
      0.51186476      1.76466582      4.99977413      0.62271080      0.60297311
      1.77541293      5.01708003      0.57371100      0.60979078      1.80102320
      5.02672373      0.60677679      0.58650572      1.77858993      4.97749130
      0.61454684      0.61127911      1.78520926      5.01721736      0.57868427
      0.60489086      1.77814032      4.99738252      0.58433249      0.58819607
      1.80514945      5.05010949      0.58324812      0.59244470      1.76726155
      4.99808626      0.60181806      0.60735367      1.77115567      5.05997071
      0.56832405      0.60717162      1.77543917      5.10904923      0.57473180
      0.57389175      1.75686038      5.00429785      0.61155302      0.59803738
      1.77342348      5.03483773      0.59985072      0.62006936      1.76712946
      5.02492705      0.59535870      0.60186417

     SUBSYSTEM
    -----------
      68      75      75      48      69      68      74      69      75      48
      49      52      65      65      70      42      42      62      10      11
     115      50      71      51      98      98      94      21      12      80
      71      79      39      39      39      67      67      67      73      67
      73      14      31      14      54      54      40       9      26       9
      24       6      35      55      55      58      86      86      85      63
      63      68      34      34      22      44      44      44      41      41
      40      90      90      90      73      92      77      79      78      78
     105     105     105      48      48      43      13       2      13      23
      23      23      84      84      84      17      14      17      88      88
      88     108      88      88      58      58      59     111     111     111
      50      45      50      20      17       7     104     103     104     100
      99     100      46      66      72      27      27      27     112     112
     116      18      18      15      36      36      36      64      64      64
     113     113     117      78      77      78     118     106      99      52
      55      55      73      73      72      93      93      93      70      70
      50      63      63      63      87      87      83      49      32      49
     107     111     108      46      39      46      38      38      57     102
     102     110      64      61      85      51      28      51      94      94
      89      97     116      97      15      32      15      89      89      85
      30      30      31     109     109      10      29      30      29      91
      92      91      56      56      53      95      95      95      76      76
      76       5      23       1      97      77      99      47      47      47
      28      28      28     100     100     100      95     114      95      16
       3      19      90      90      70       4     108       4      33      33
      33      82      82      81      37      32      37      60      40      72
      22      22      22      96      96     101       8     119       8      26
      26      25

     MULLIKEN POPULATIONS
    ----------------------
      1.22971855      2.84773424      1.18240914      2.67357325      1.75211211
      4.87893923      1.48039442      3.63914257      0.90504577      0.88998717
      0.91966195      0.93943698      0.60648752      0.73051992      0.70693963
      0.72413334      1.78313038      4.99241615      0.61809991      0.58334064
      1.78114870      5.00068979      0.58738743      0.58408458      1.77570944
      5.01318759      0.60140096      0.61939795      1.79409759      5.05297391
      0.59215074      0.57058148      1.77965650      5.09370566      0.60223181
      0.57472899      1.88570570      5.50504925      0.55505287      1.78045745
      5.03043762      0.58802757      0.59592630      1.78247983      5.01829133
      0.59444879      0.59492082      1.78550867      5.02238857      0.58609200
      0.59305870      1.79269059      5.03667457      0.58206943      0.58565367
      1.77668709      5.03623686      0.59718710      0.59601449      1.78118838
      5.03004058      0.59556969      0.58444844      1.76950702      5.03634754
      0.57382507      0.60353105      1.79086656      5.04620573      0.59622387
      0.57212308      1.79182054      4.98537515      0.64903476      0.58579420
      1.78568112      5.05009627      0.58850074      0.59087851      1.78738306
      5.01752878      0.59369982      0.61207592      1.77728322      5.00618013
      0.60056087      0.60751799      1.77805904      5.02196121      0.60108699
      0.59235721      1.78814680      5.05384421      0.57395939      0.61097979
      1.79001360      5.07128385      0.59326331      0.58534649      1.76785780
      4.97261922      0.62407783      0.62509475      1.78311258      5.06121431
      0.60777859      0.57552671      1.78551741      4.99765761      0.59770756
      0.60345035      1.78151603      5.05766875      0.58258106      0.57227452
      1.78079289      5.07150966      0.58822152      0.59094253      1.78477994
      5.00868316      0.62723686      0.59983594      1.78203267      5.01359529
      0.59914848      0.60355058      1.78884536      5.05612462      0.57696768
      0.61081863      1.78238704      5.02365071      0.59205661      0.59299771
      1.77665573      5.03524416      0.59218970      0.60208882      1.77179684
      4.98273559      0.62423776      0.59207102      1.78306097      4.99584652
      0.61693764      0.59594051      1.77658008      5.00208472      0.61784898
      0.59078477      1.78364096      5.00960621      0.59375814      0.61240143
      1.78382540      5.06171577      0.58946351      0.59276069      1.78149654
      5.02627199      0.60337492      0.60186235      1.77663652      5.04102203
      0.58398847      0.59688811      1.77313386      5.01648643      0.61139780
      0.59280555      1.78364371      5.04806113      0.59455482      0.58228346
      1.77437159      5.00005461      0.61052204      0.58594828      1.78959321
      4.98734866      0.59934646      0.60986022      1.77598372      5.05202474
      0.60067373      0.59735605      1.77841805      5.01921678      0.60305644
      0.58926382      1.78164916      4.97694527      0.64801067      0.58716367
      1.78116459      4.99687184      0.60481135      0.61303386      1.77613998
      4.99126081      0.65140805      0.58283834      1.77294088      4.98241798
      0.62272292      0.59240114      1.78389247      5.01996349      0.58581962
      0.59944935      1.78323052      5.02473401      0.59363539      0.57681368
      1.77511620      5.00869010      0.61328775      0.59470898      1.78779855
      5.01771872      0.58802251      0.60756847      1.80148956      5.11958180
      0.54815920      0.58471377      1.78240266      5.01591291      0.60165674
      0.59578848      1.78193402      4.99607547      0.61831051      0.59779525
      1.79182136      5.08589632      0.58929309      0.56811995      1.80585831
      5.02663178      0.56471413      0.59006008      1.78465596      5.01811685
      0.61067657      0.55841051      1.81190604      5.07529527      0.57214611
      0.56341758      1.77653351      5.03662283      0.57866414      0.59374616
      1.78143096      5.00102895      0.59094560      0.59563699      1.77750351
      5.03004558      0.61834310      0.58404721      1.78150085      5.02367306
      0.61981378      0.58051472      1.78511649      4.98400001      0.61497824
      0.61191113      1.78791526      5.03482901      0.57100759      0.59939162
      1.79171687      5.06574268      0.60044225      0.52975771      1.77828239
      4.97994562      0.62380995      0.61709886      1.78674880      5.05832527
      0.58352930      0.60041510      1.79244523      5.00740158      0.57246331
      0.59610608      1.77880693      5.00052487      0.61639665      0.60591133
      1.78635043      5.02762524      0.59662596      0.58645121      1.77230132
      4.98947325      0.64258125      0.58897130      1.78162487      4.98706296
      0.60395701      0.62057195      1.80196858      5.10622050      0.59937782
      0.50987687      1.76849506      4.99789675      0.62249349      0.60431121
      1.77615449      5.02029070      0.57467033      0.60936205      1.79609790
      5.02418431      0.60868413      0.58641305      1.77821359      4.97729725
      0.61463702      0.61179176      1.78143947      5.01761671      0.57919719
      0.60657173      1.77813491      4.99375064      0.58514732      0.58765503
      1.80491775      5.04847321      0.58435531      0.59309173      1.76563471
      4.99916638      0.60237691      0.60870988      1.77163323      5.05733440
      0.56921826      0.60907882      1.77452108      5.10659976      0.57522170
      0.57560294      1.76084447      5.00052913      0.61071273      0.59893030
      1.77305403      5.02886182      0.60172272      0.62407725      1.76782191
      5.02374781      0.59621032      0.60080298

     SUBSYSTEM
    -----------
      68      75      75      48      69      68      74      69      75      48
      49      52      65      65      70      42      42      62      10      11
     115      50      71      51      98      98      94      21      12      80
      71      79      39      39      39      67      67      67      73      67
      73      14      31      14      54      54      40       9      26       9
      24       6      35      55      55      58      86      86      85      63
      63      68      34      34      22      44      44      44      41      41
      40      90      90      90      73      92      77      79      78      78
     105     105     105      48      48      43      13       2      13      23
      23      23      84      84      84      17      14      17      88      88
      88     108      88      88      58      58      59     111     111     111
      50      45      50      20      17       7     104     103     104     100
      99     100      46      66      72      27      27      27     112     112
     116      18      18      15      36      36      36      64      64      64
     113     113     117      78      77      78     118     106      99      52
      55      55      73      73      72      93      93      93      70      70
      50      63      63      63      87      87      83      49      32      49
     107     111     108      46      39      46      38      38      57     102
     102     110      64      61      85      51      28      51      94      94
      89      97     116      97      15      32      15      89      89      85
      30      30      31     109     109      10      29      30      29      91
      92      91      56      56      53      95      95      95      76      76
      76       5      23       1      97      77      99      47      47      47
      28      28      28     100     100     100      95     114      95      16
       3      19      90      90      70       4     108       4      33      33
      33      82      82      81      37      32      37      60      40      72
      22      22      22      96      96     101       8     119       8      26
      26      25

     MULLIKEN POPULATIONS
    ----------------------
      1.22807781      2.84916949      1.18190452      2.67810198      1.74995643
      4.87989295      1.47901566      3.63929777      0.90507918      0.88967573
      0.91938201      0.93648543      0.60552738      0.73005488      0.70491133
      0.72623759      1.78562367      4.99035803      0.61828848      0.58471619
      1.77880190      4.99524706      0.58846631      0.58528378      1.77239592
      5.01366500      0.60288736      0.62030642      1.79154162      5.05333546
      0.59221370      0.57085132      1.77676493      5.09417914      0.60160250
      0.57618178      1.88619048      5.50417516      0.55609029      1.77659206
      5.03114129      0.58821898      0.59695141      1.77874201      5.02354212
      0.59400396      0.59523818      1.78509655      5.02119244      0.58712950
      0.59482097      1.79106692      5.03538171      0.58264850      0.58651662
      1.77808238      5.03720440      0.59764937      0.59679242      1.78448815
      5.03294851      0.59712482      0.58387751      1.76892264      5.03348363
      0.57439056      0.60559012      1.78315876      5.04284934      0.59823573
      0.57510619      1.78596587      4.98513487      0.65055437      0.58788603
      1.78669367      5.05095050      0.58833937      0.59027270      1.78880276
      5.01758801      0.59289708      0.61210072      1.77774818      5.00575101
      0.59918155      0.60764533      1.78001328      5.02041115      0.60088083
      0.59263469      1.78207071      5.05837524      0.57506174      0.60943319
      1.79086971      5.07004612      0.59355868      0.58610257      1.76552611
      4.97300820      0.62531633      0.62560696      1.78102093      5.06115743
      0.60827368      0.57665141      1.77983078      5.00104163      0.59871222
      0.60536455      1.77991215      5.05410682      0.58486288      0.57448406
      1.78464010      5.06319504      0.59221156      0.59241887      1.78708118
      5.00499031      0.62845547      0.60110267      1.78599330      5.00976051
      0.59898006      0.60370618      1.78419005      5.05428491      0.57851121
      0.61254362      1.78368799      5.02394319      0.59250635      0.59236935
      1.77742381      5.03233509      0.59380395      0.60407255      1.77296312
      4.98474235      0.62426168      0.59255529      1.77986964      4.99635872
      0.61753626      0.59630445      1.77778548      4.99767207      0.61876061
      0.59130299      1.78737683      5.00555562      0.59331082      0.61410505
      1.78400992      5.06110167      0.59015614      0.59234564      1.78274651
      5.02288998      0.60277058      0.60281507      1.77554917      5.04007647
      0.58485081      0.59867154      1.77335635      5.01481158      0.61275739
      0.59314248      1.78469815      5.04950692      0.59383122      0.58230402
      1.77469473      5.00316124      0.61122666      0.58678962      1.78452108
      4.99069106      0.59925021      0.61230303      1.77674792      5.04940905
      0.60111972      0.59882433      1.78081823      5.01691913      0.60381891
      0.59052913      1.77805254      4.97981156      0.64732987      0.58840999
      1.78352996      4.99445065      0.60482959      0.61301015      1.77487161
      4.99186404      0.65217885      0.58235424      1.77611278      4.98006835
      0.62170471      0.59286311      1.78732759      5.01795761      0.58513199
      0.59875665      1.78195756      5.02742145      0.59445736      0.57681635
      1.77621162      5.00719719      0.61496714      0.59528399      1.78750405
      5.01681451      0.58807624      0.60793051      1.80549796      5.12028027
      0.54706583      0.58452264      1.78340128      5.01497550      0.60223529
      0.59599734      1.77544024      4.99911897      0.61859333      0.59911497
      1.79304957      5.08848505      0.58892756      0.56753595      1.80090692
      5.02785032      0.56634186      0.59083722      1.78453853      5.01637353
      0.60978408      0.55906725      1.80695120      5.07354713      0.57292439
      0.56397796      1.77556230      5.03528881      0.57946442      0.59461188
      1.78227194      4.99636167      0.59110789      0.59710513      1.77709091
      5.03112574      0.61865686      0.58281215      1.77919621      5.02260997
      0.62085753      0.58197648      1.78721614      4.97997359      0.61649901
      0.61267627      1.78427075      5.03742888      0.57186370      0.59993685
      1.78743451      5.06336234      0.60257342      0.53388129      1.78466137
      4.97319881      0.62157131      0.62006887      1.78881712      5.05857157
      0.58278179      0.60060459      1.78688712      5.01057863      0.57355430
      0.59685851      1.77647359      4.99998483      0.61678607      0.60729619
      1.78460160      5.02790221      0.59743203      0.58747138      1.77529258
      4.98822769      0.64194062      0.58849551      1.77904745      4.98895469
      0.60394427      0.62208374      1.80567899      5.10782038      0.60020723
      0.50739842      1.77306145      4.99515606      0.62217664      0.60556845
      1.77832362      5.02257712      0.57530056      0.60868766      1.79055986
      5.02196770      0.61042782      0.58621575      1.77811538      4.97694583
      0.61461132      0.61199001      1.77825190      5.01722965      0.57965828
      0.60837378      1.77888629      4.99144621      0.58573209      0.58693234
      1.80425697      5.04662869      0.58545664      0.59352147      1.76490698
      4.99884340      0.60299753      0.61029752      1.77344886      5.05385395
      0.56990038      0.61093529      1.77493685      5.10293725      0.57600179
      0.57746738      1.76645976      4.99499053      0.60970122      0.59981727
      1.77283427      5.02356415      0.60367409      0.62744940      1.76895697
      5.02251043      0.59657813      0.60001659

     SUBSYSTEM
    -----------
      69      76      76      49      70      69      75      70      76      49
      50      53      66      66      71      43      43      63      10      11
     116      51      72      52      99      99      95      21      12      81
      72      80      40      40      40      68      68      68      74      68
      74      14      32      14      55      55      41       9      26       9
      24       6      36      56      56      59      87      87      86      64
      64      69      35      35      22      45      45      45      42      42
      41      91      91      91      74      93      78      80      79      79
     106     106     106      49      49      44      13       2      13      23
      23      23      85      85      85      17      14      17      89      89
      89     109      89      89      59      59      60     112     112     112
      51      46      51      20      17       7     105     104     105     101
     100     101      47      67      73      27      27      27     113     113
     117      18      18      15      37      37      37      65      65      65
     114     114     118      79      78      79     119     107     100      53
      56      56      74      74      73      94      94      94      71      71
      51      64      64      64      88      88      84      50      28      50
     108     112     109      47      40      47      39      39      58     103
     103     111      65      62      86      52      29      52      95      95
      90      98     117      98      15      33      15      90      90      86
      31      31      32     110     110      10      30      31      30      92
      93      92      57      57      54      96      96      96      77      77
      77       5      23       1      98      78     100      48      48      48
      29      29      29     101     101     101      96     115      96      16
       3      19      91      91      71       4     109       4      34      34
      34      83      83      82      38      33      38      61      41      73
      22      22      22      97      97     102       8     120       8      26
      26      25

     MULLIKEN POPULATIONS
    ----------------------
      1.22676180      2.85067031      1.18174009      2.68234939      1.74755184
      4.88071364      1.47724518      3.63895996      0.90526524      0.88899808
      0.91921683      0.93354807      0.60451777      0.72948011      0.70306133
      0.72832649      1.78816786      4.98856866      0.61825216      0.58608079
      1.77750676      4.98935050      0.58920781      0.58619931      1.77023795
      5.01333195      0.60393173      0.62144924      1.78983886      5.05291129
      0.59234593      0.57070657      1.77531013      5.09412568      0.60094883
      0.57731077      1.88601176      5.50169246      0.55700872      1.77391527
      5.03162456      0.58815195      0.59751453      1.77626113      5.02747933
      0.59360392      0.59520765      1.78503507      5.01915738      0.58814978
      0.59632317      1.78996149      5.03473789      0.58299541      0.58709940
      1.78049507      5.03773121      0.59769880      0.59730178      1.78879155
      5.03598906      0.59829770      0.58331607      1.76947669      5.02992521
      0.57488592      0.60724334      1.77562067      5.03952776      0.60046300
      0.57799459      1.77951134      4.98651757      0.65150158      0.59007681
      1.78855830      5.05131096      0.58811720      0.58915847      1.79057761
      5.01776797      0.59197025      0.61177991      1.77901647      5.00470021
      0.59782465      0.60774236      1.78209466      5.01875443      0.60068926
      0.59269124      1.77788779      5.06045368      0.57574322      0.60841148
      1.79236186      5.06915708      0.59359048      0.58643995      1.76452761
      4.97214943      0.62655135      0.62588177      1.78039380      5.06027955
      0.60871274      0.57741287      1.77529912      5.00317031      0.59934387
      0.60725687      1.77918864      5.04988969      0.58693088      0.57656082
      1.78755757      5.05462519      0.59640614      0.59417336      1.78945870
      5.00216095      0.62919156      0.60233371      1.79039725      5.00577420
      0.59865720      0.60371896      1.77998950      5.05312454      0.57977617
      0.61404255      1.78567097      5.02377534      0.59271754      0.59156128
      1.77854810      5.02895139      0.59518377      0.60613846      1.77483981
      4.98552073      0.62443270      0.59290160      1.77717468      4.99706831
      0.61817567      0.59646088      1.77940820      4.99319882      0.61944501
      0.59163731      1.79085310      5.00169766      0.59292830      0.61577882
      1.78517840      5.06040878      0.59053564      0.59150923      1.78461338
      5.01953490      0.60200848      0.60340343      1.77522489      5.03851726
      0.58552661      0.60014303      1.77432100      5.01291836      0.61390209
      0.59322396      1.78637599      5.05073894      0.59298967      0.58190338
      1.77556913      5.00530137      0.61158716      0.58798769      1.78011158
      4.99405926      0.59934177      0.61430251      1.77816164      5.04677501
      0.60143294      0.60006647      1.78379300      5.01280840      0.60477068
      0.59119746      1.77517305      4.98236603      0.64629997      0.58936682
      1.78717791      4.99034533      0.60479745      0.61328372      1.77382649
      4.99332008      0.65258903      0.58170875      1.77970287      4.97719651
      0.62069244      0.59346134      1.79114563      5.01590922      0.58415524
      0.59811428      1.78082516      5.03007463      0.59521669      0.57680651
      1.77737605      5.00543320      0.61611648      0.59583520      1.78772733
      5.01607258      0.58790147      0.60799801      1.80925067      5.12074260
      0.54603556      0.58449243      1.78497491      5.01377337      0.60251174
      0.59589948      1.77020125      5.00155574      0.61856557      0.60008438
      1.79493297      5.09029719      0.58835030      0.56653622      1.79552848
      5.02988267      0.56828470      0.59142584      1.78556450      5.01464429
      0.60855326      0.55948547      1.80203598      5.07227155      0.57351552
      0.56446902      1.77531165      5.03348284      0.58012038      0.59535759
      1.78396498      4.99177597      0.59083107      0.59837333      1.78063105
      5.02761592      0.61942751      0.58309229      1.77760389      5.02174400
      0.62148903      0.58333026      1.78872249      4.97702773      0.61794872
      0.61316561      1.78169255      5.03916738      0.57248459      0.60018820
      1.78227791      5.06126135      0.60483104      0.53869548      1.78886275
      4.96828648      0.61956598      0.62313621      1.79124799      5.05900342
      0.58214766      0.60048452      1.78152146      5.01330111      0.57486935
      0.59770566      1.77506708      4.99890699      0.61721155      0.60838088
      1.78389750      5.02752761      0.59773273      0.58846866      1.77825140
      4.98720128      0.64102229      0.58801875      1.77767711      4.99006116
      0.60380425      0.62322837      1.81039131      5.11031311      0.60083057
      0.50462455      1.77788726      4.99175153      0.62192034      0.60664575
      1.78169976      5.02369189      0.57564788      0.60786109      1.78488003
      5.02028253      0.61181999      0.58607623      1.77838120      4.97641859
      0.61444601      0.61184021      1.77607408      5.01607190      0.57991842
      0.61009187      1.78063950      4.99022534      0.58596475      0.58627568
      1.80316817      5.04475078      0.58651390      0.59364878      1.76530774
      4.99714388      0.60378915      0.61163552      1.77646152      5.04971048
      0.57035588      0.61266485      1.77674117      5.09921075      0.57662323
      0.57894359      1.77303494      4.98799214      0.60880400      0.60082362
      1.77310744      5.01869092      0.60577168      0.62994327      1.77060215
      5.02124517      0.59647240      0.59955157

     SUBSYSTEM
    -----------
      68      75      75      49      69      68      74      69      75      49
      50      53      65      65      70      43      43      43      10      11
     114      51      71      52      99      99      95      21      12      80
      71      79      40      40      40      67      67      67      73      67
      73      14      32      14      55      55      41       9      26       9
      24       6      36      56      56      59      86      86      85      63
      63      68      35      35      22      45      45      45      42      42
      41      90      90      90      73      93      77      79      78      78
     104     104     104      49      49      44      13       2      13      23
      23      23      84      84      84      17      14      17      88      88
      88     107      88      88      59      60      60     110     110     110
      51      46      51      20      17       7     103     103     103     101
     100     101      47      66      72      27      27      27     111     111
     115      18      18      15      37      37      37      64      64      64
     112     112     116      78      77      78     117     105     100      53
      56      56      73      73      72      94      94      94      70      70
      70      63      63      63      87      87      83      50      28      50
     106     110     107      47      40      47      39      39      58     102
     102     109      64      62      85      52      29      52      95      95
      89      98     115      98      33      33      15      89      89      85
      31      31      32     108     108      10      30      31      30      92
      93      92      57      57      54      96      96      96      76      76
      76       5      23       1      98      77     100      48      48      48
      29      29      29     118     101     101      96     113      96      16
       3      19      90      90      70       4     107       4      34      34
      34      81      82      81      38      33      38      61      41      72
      22      22      22      97      91     114       8     118       8      26
      26      25

     MULLIKEN POPULATIONS
    ----------------------
      1.22578996      2.85215203      1.18191011      2.68605005      1.74522321
      4.88124236      1.47519523      3.63813625      0.90561681      0.88805487
      0.91922036      0.93084279      0.60352707      0.72885063      0.70147339
      0.73030969      1.79054777      4.98706852      0.61797474      0.58746910
      1.77744663      4.98350697      0.58957373      0.58678305      1.76949949
      5.01182602      0.60452565      0.62298477      1.78913292      5.05174073
      0.59255887      0.57007687      1.77540356      5.09354386      0.60026111
      0.57801212      1.88507265      5.49746862      0.55777224      1.77280186
      5.03179052      0.58777053      0.59754213      1.77537970      5.02989339
      0.59314828      0.59477525      1.78539981      5.01630930      0.58911677
      0.59751435      1.78960131      5.03459470      0.58307861      0.58733995
      1.78362764      5.03775186      0.59758034      0.59740213      1.79391872
      5.03855016      0.59884508      0.58290546      1.77113104      5.02593800
      0.57522200      0.60844601      1.76921391      5.03658446      0.60246804
      0.58056036      1.77335987      4.98905747      0.65182646      0.59221872
      1.79107615      5.05119880      0.58786871      0.58762875      1.79250504
      5.01811566      0.59097011      0.61117966      1.78091498      5.00320539
      0.59666986      0.60786933      1.78409366      5.01717222      0.60047386
      0.59254292      1.77603496      5.06030185      0.57577706      0.60773707
      1.79435449      5.06854514      0.59341044      0.58640679      1.76514263
      4.96986340      0.62773113      0.62590771      1.78134142      5.05858176
      0.60904379      0.57778429      1.77255275      5.00363228      0.59949018
      0.60900452      1.77949156      5.04499073      0.58872621      0.57848272
      1.78937248      5.04625774      0.60045624      0.59620625      1.79170570
      5.00052256      0.62936214      0.60336832      1.79475865      5.00197107
      0.59826576      0.60362478      1.77679188      5.05235920      0.58071978
      0.61526643      1.78812629      5.02320043      0.59276323      0.59057894
      1.77999167      5.02519082      0.59636014      0.60818898      1.77726678
      4.98494009      0.62471550      0.59308386      1.77532713      4.99783213
      0.61877951      0.59638708      1.78126768      4.98897072      0.61991379
      0.59179562      1.79368397      4.99796818      0.59265978      0.61764300
      1.78724357      5.05960229      0.59055576      0.59034539      1.78694593
      5.01653714      0.60112246      0.60361082      1.77577393      5.03640149
      0.58593503      0.60124881      1.77593522      5.01072243      0.61486911
      0.59319676      1.78849478      5.05162825      0.59211396      0.58114917
      1.77704332      5.00628772      0.61177149      0.58905765      1.77690500
      4.99715303      0.59949293      0.61562529      1.78015937      5.04419348
      0.60163936      0.60104559      1.78724947      5.00805906      0.60577225
      0.59138950      1.77344626      4.98423415      0.64493619      0.58996936
      1.79053436      4.98612269      0.60483636      0.61364729      1.77310817
      4.99564762      0.65254027      0.58089743      1.78338092      4.97404284
      0.61976423      0.59421050      1.79494265      5.01398075      0.58298588
      0.59759911      1.77996761      5.03247108      0.59588160      0.57669795
      1.77848811      5.00360226      0.61663375      0.59633636      1.78845870
      5.01554361      0.58751574      0.60772058      1.81242454      5.12096723
      0.54513167      0.58460090      1.78697889      5.01229021      0.60254740
      0.59555991      1.76698651      5.00299335      0.61810432      0.60055660
      1.79723347      5.09141141      0.58756365      0.56513627      1.79017185
      5.03249761      0.57043860      0.59171475      1.78761966      5.01306970
      0.60704657      0.55972054      1.79757277      5.07161224      0.57379514
      0.56487555      1.77582910      5.03120119      0.58063846      0.59597099
      1.78632911      4.98725162      0.59043046      0.59945581      1.78454600
      5.02448617      0.61960164      0.58335420      1.77697578      5.02106052
      0.62164488      0.58445152      1.78952749      4.97530935      0.61926414
      0.61334448      1.77984887      5.04063253      0.57284336      0.60003700
      1.77683782      5.05917977      0.60706024      0.54393069      1.79081508
      4.96558818      0.61794410      0.62576131      1.79376907      5.05979043
      0.58167430      0.60001035      1.77706023      5.01538286      0.57620806
      0.59850393      1.77479435      4.99725091      0.61768233      0.60906767
      1.78440312      5.02637723      0.59744161      0.58944675      1.78091113
      4.98651264      0.63990402      0.58756820      1.77772391      4.99025487
      0.60350261      0.62392178      1.81562883      5.11382091      0.60135722
      0.50184018      1.78252398      4.98801024      0.62175226      0.60743435
      1.78593338      5.02360364      0.57561437      0.60706898      1.77975065
      5.01935774      0.61268135      0.58583246      1.77903335      4.97570842
      0.61413764      0.61137485      1.77521024      5.01412424      0.57996216
      0.61156741      1.78358086      4.98977383      0.58577081      0.58569129
      1.80168896      5.04303321      0.58748277      0.59339223      1.76683467
      4.99409599      0.60471355      0.61267118      1.78038767      5.04510683
      0.57062012      0.61425122      1.77973598      5.09548356      0.57716217
      0.58006523      1.77989351      4.97995720      0.60826370      0.60204001
      1.77408140      5.01416651      0.60807614      0.63132533      1.77275712
      5.02003395      0.59579637      0.59940772

     SUBSYSTEM
    -----------
      68      75      75      49      69      68      74      69      75      49
      50      53      65      65      70      43      43      43      10      11
     114      51      71      52      99      99      95      21      12      80
      71      79      40      40      40      67      67      67      73      67
      73      14      32      14      55      55      41       9      26       9
      24       6      36      56      56      59      86      86      85      63
      63      68      35      35      22      45      45      45      42      42
      41      90      90      90      73      93      77      79      78      78
     104     104     104      49      49      44      13       2      13      23
      23      23      84      84      84      17      14      17      88      88
      88     107      88      88      59      60      60     110     110     110
      51      46      51      20      17       7     103     103     103     101
     100     101      47      66      72      27      27      27     111     111
     115      18      18      15      37      37      37      64      64      64
     112     112     116      78      77      78     117     105     100      53
      56      56      73      73      72      94      94      94      70      70
      70      63      63      63      87      87      83      50      28      50
     106     110     107      47      40      47      39      39      58     102
     102     109      64      62      85      52      29      52      95      95
      89      98     115      98      33      33      15      89      89      85
      31      31      32     108     108      10      30      31      30      92
      93      92      57      57      54      96      96      96      76      76
      76       5      23       1      98      77     100      48      48      48
      29      29      29     118     101     101      96     113      96      16
       3      19      90      90      70       4     107       4      34      34
      34      81      82      81      38      33      38      61      41      72
      22      22      22      97      91     114       8     118       8      26
      26      25

     MULLIKEN POPULATIONS
    ----------------------
      1.22517234      2.85354222      1.18239413      2.68896833      1.74335016
      4.88126094      1.47299276      3.63689318      0.90613227      0.88696130
      0.91942289      0.92855950      0.60260823      0.72819603      0.70021818
      0.73210813      1.79257380      4.98586996      0.61745196      0.58889194
      1.77864522      4.97829699      0.58955703      0.58702680      1.77030371
      5.00912980      0.60469471      0.62477076      1.78942111      5.04997012
      0.59286143      0.56896650      1.77692688      5.09251149      0.59953693
      0.57828774      1.88334211      5.49143633      0.55839549      1.77343325
      5.03158523      0.58707659      0.59703005      1.77622868      5.03078066
      0.59253271      0.59393063      1.78616494      5.01279557      0.59000650
      0.59839216      1.79010102      5.03480678      0.58288751      0.58720468
      1.78710214      5.03726935      0.59739775      0.59712159      1.79954211
      5.04022811      0.59858790      0.58277800      1.77363044      5.02182008
      0.57544395      0.60923495      1.76472789      5.03374635      0.60427782
      0.58251436      1.76846788      4.99220008      0.65148438      0.59408197
      1.79394283      5.05068310      0.58766788      0.58583338      1.79436509
      5.01866707      0.58994309      0.61039770      1.78321316      5.00158456
      0.59581384      0.60804171      1.78580531      5.01578276      0.60020328
      0.59226792      1.77645697      5.05845626      0.57505728      0.60731490
      1.79667289      5.06816700      0.59298262      0.58611002      1.76741250
      4.96614678      0.62882991      0.62572272      1.78372720      5.05620576
      0.60924384      0.57781468      1.77197475      5.00215201      0.59915347
      0.61050474      1.78084810      5.03943678      0.59023937      0.58025179
      1.79001427      5.03849411      0.60411756      0.59845645      1.79359319
      5.00019497      0.62899167      0.60414576      1.79862852      4.99869652
      0.59786179      0.60344359      1.77510922      5.05187940      0.58123374
      0.61604047      1.79079466      5.02232824      0.59271137      0.58943641
      1.78166372      5.02117413      0.59734785      0.61018936      1.78000020
      4.98311303      0.62504255      0.59308160      1.77460630      4.99863741
      0.61926956      0.59605216      1.78316583      4.98534610      0.62016069
      0.59176064      1.79568346      4.99499618      0.59252992      0.61926269
      1.78998133      5.05872169      0.59022158      0.58897820      1.78952041
      5.01411660      0.60021541      0.60348239      1.77719688      5.03381983
      0.58603581      0.60197925      1.77806180      5.00825872      0.61566455
      0.59313492      1.79083265      5.05214890      0.59128382      0.58007580
      1.77905720      5.00605626      0.61171671      0.58992971      1.77524873
      4.99975979      0.59953631      0.61616221      1.78260710      5.04174097
      0.60178324      0.60174637      1.79086989      5.00297475      0.60692763
      0.59109515      1.77315819      4.98511509      0.64329024      0.59019706
      1.79333686      4.98239615      0.60477731      0.61401647      1.77277734
      4.99877238      0.65199243      0.57993584      1.78681826      4.97086674
      0.61898224      0.59510661      1.79833584      5.01236323      0.58170151
      0.59725369      1.77950246      5.03443472      0.59642529      0.57642044
      1.77940460      5.00181816      0.61653715      0.59677341      1.78960553
      5.01528529      0.58694870      0.60710703      1.81474281      5.12086737
      0.54446940      0.58483195      1.78922321      5.01058442      0.60239221
      0.59504591      1.76629706      5.00326450      0.61711473      0.60041503
      1.79969168      5.09197268      0.58655669      0.56337259      1.78542653
      5.03534720      0.57262707      0.59155090      1.79046022      5.01178336
      0.60536768      0.55986724      1.79404538      5.07160902      0.57361984
      0.56509727      1.77708867      5.02849718      0.58102598      0.59644328
      1.78916069      4.98309905      0.58993464      0.60041071      1.78837752
      5.02182357      0.61931729      0.58367824      1.77743162      5.02055294
      0.62132692      0.58525968      1.78958492      4.97483210      0.62038620
      0.61322378      1.77967055      5.04100444      0.57276178      0.59957035
      1.77183398      5.05683372      0.60905358      0.54922850      1.79068943
      4.96508826      0.61686070      0.62755570      1.79604621      5.06109046
      0.58141048      0.59919938      1.77416961      5.01669180      0.57735823
      0.59907894      1.77569801      4.99504044      0.61821210      0.60930353
      1.78606471      5.02437588      0.59664115      0.59043180      1.78304290
      4.98617219      0.63869362      0.58720866      1.77916730      4.98959098
      0.60301794      0.62413635      1.82093851      5.11860714      0.60171319
      0.49930665      1.78654260      4.98421299      0.62175465      0.60782365
      1.79056812      5.02245759      0.57516767      0.60643051      1.77592743
      5.01920960      0.61282775      0.58530970      1.78003137      4.97482475
      0.61370650      0.61067485      1.77579233      5.01141720      0.57978854
      0.61274290      1.78760212      4.98985248      0.58515295      0.58524839
      1.79989835      5.04167056      0.58830443      0.59268832      1.76928970
      4.98983170      0.60580546      0.61341122      1.78485315      5.04027028
      0.57076491      0.61568893      1.78360442      5.09183215      0.57770416
      0.58088573      1.78640638      4.97144723      0.60816328      0.60345489
      1.77568648      5.01005505      0.61062207      0.63158165      1.77524337
      5.01887781      0.59461750      0.59960352

     SUBSYSTEM
    -----------
      68      75      75      49      69      68      74      69      75      49
      50      53      65      65      70      43      43      43      10      11
     114      51      71      52      99      99      95      21      12      80
      71      79      40      40      40      67      67      67      73      67
      73      14      32      14      55      55      41       9      26       9
      24       6      36      56      56      59      86      86      85      63
      63      68      35      35      22      45      45      45      42      42
      41      90      90      90      73      93      77      79      78      78
     104     104     104      49      49      44      13       2      13      23
      23      23      84      84      84      17      14      17      88      88
      88     107      88      88      59      60      60     110     110     110
      51      46      51      20      17       7     103     103     103     101
     100     101      47      66      72      27      27      27     111     111
     115      18      18      15      37      37      37      64      64      64
     112     112     116      78      77      78     117     105     100      53
      56      56      73      73      72      94      94      94      70      70
      70      63      63      63      87      87      83      50      28      50
     106     110     107      47      40      47      39      39      58     102
     102     109      64      62      85      52      29      52      95      95
      89      98     115      98      33      33      15      89      89      85
      31      31      32     108     108      10      30      31      30      92
      93      92      57      57      54      96      96      95      76      76
      76       5      23       1      98      77     100      48      48      48
      29      29      29     118     101     101      96     113      96      16
       3      19      90      90      70       4     107       4      34      34
      34      81      82      81      38      33      38      61      41      72
      22      22      22      97      91     114       8     118       8      26
      26      25

     MULLIKEN POPULATIONS
    ----------------------
      1.22491272      2.85478200      1.18315987      2.69091235      1.74231084
      4.88054733      1.47077513      3.63535397      0.90678255      0.88583823
      0.91985335      0.92685760      0.60177717      0.72751708      0.69932049
      0.73367054      1.79410149      4.98495745      0.61670898      0.59033894
      1.78095092      4.97419171      0.58919366      0.58700222      1.77253312
      5.00540608      0.60438640      0.62682068      1.79056495      5.04783480
      0.59327312      0.56744216      1.77956431      5.09118041      0.59880068
      0.57820160      1.88084646      5.48361639      0.55900838      1.77576555
      5.03101551      0.58612475      0.59605577      1.77864547      5.03010117
      0.59191192      0.59276225      1.78722321      5.00883249      0.59081523
      0.59900311      1.79142997      5.03525704      0.58245276      0.58669733
      1.79054518      5.03666456      0.59729958      0.59658471      1.80513766
      5.04096166      0.59744883      0.58302916      1.77660339      5.01782071
      0.57568207      0.60974181      1.76276704      5.03104985      0.60573282
      0.58365393      1.76561519      4.99538236      0.65050774      0.59547607
      1.79681722      5.04992176      0.58755498      0.58394110      1.79594818
      5.01941127      0.58894177      0.60956585      1.78563528      5.00017872
      0.59529115      0.60825628      1.78706409      5.01466331      0.59987036
      0.59193867      1.77874457      5.05563039      0.57358662      0.60710876
      1.79910011      5.06792619      0.59235530      0.58564962      1.77113949
      4.96118015      0.62984472      0.62540751      1.78720631      5.05339551
      0.60931902      0.57760698      1.77362534      4.99866354      0.59837474
      0.61174378      1.78315753      5.03332049      0.59152995      0.58187957
      1.78951436      5.03163710      0.60717062      0.60092349      1.79494384
      5.00122067      0.62815614      0.60454614      1.80164441      4.99622473
      0.59749890      0.60318338      1.77258204      5.05450888      0.58078983
      0.61597324      1.79339664      5.02127526      0.59262261      0.58817330
      1.78344167      5.01706104      0.59817647      0.61209213      1.78273719
      4.98029698      0.62531989      0.59291598      1.77512009      4.99939414
      0.61964445      0.59542344      1.78490037      4.98265277      0.62019783
      0.59154152      1.79667700      4.99301844      0.59260960      0.62033136
      1.79304287      5.05773690      0.58974588      0.58746651      1.79211077
      5.01250996      0.59936002      0.60302718      1.77938078      5.03087548
      0.58583783      0.60236920      1.78051841      5.00560878      0.61630196
      0.59309935      1.79317346      5.05243472      0.59047650      0.57867341
      1.78138035      5.00428233      0.61166619      0.59069564      1.77519450
      5.00159835      0.59956746      0.61594679      1.78531499      5.03947228
      0.60192244      0.60219510      1.79427996      4.99791118      0.60831338
      0.59041091      1.77439182      4.98485295      0.64143883      0.59007619
      1.79532315      4.97939436      0.60461855      0.61443896      1.77283638
      5.00253744      0.65097693      0.57886198      1.78971640      4.96794503
      0.61837433      0.59611823      1.80099730      5.01121813      0.58038287
      0.59709483      1.77953174      5.03584145      0.59682570      0.57591288
      1.78000766      5.00007065      0.61594863      0.59715095      1.79099938
      5.01529138      0.58629100      0.60624073      1.81601642      5.12034467
      0.54416641      0.58516218      1.79150244      5.00882561      0.60207119
      0.59438422      1.76821617      5.00241597      0.61564768      0.59962645
      1.80204902      5.09211728      0.58537999      0.56130473      1.78188313
      5.03804317      0.57462052      0.59088391      1.79376559      5.01087430
      0.60364812      0.56003093      1.79192683      5.07213059      0.57296385
      0.56496254      1.77898316      5.02545003      0.58132712      0.59678168
      1.79219756      4.97957086      0.58936869      0.60134134      1.79173283
      5.01957591      0.61873602      0.58416928      1.77894018      5.02023856
      0.62060908      0.58572193      1.78892641      4.97554016      0.62121190
      0.61284496      1.78118004      5.04035791      0.57220245      0.59878084
      1.76798719      5.05393258      0.61060202      0.55423344      1.78878070
      4.96645567      0.61645884      0.62835964      1.79776026      5.06297966
      0.58138607      0.59812440      1.77335377      5.01720516      0.57814714
      0.59925536      1.77765809      4.99235447      0.61881027      0.60910125
      1.78865568      5.02157318      0.59543744      0.59149410      1.78449433
      4.98616957      0.63747656      0.58698459      1.78175935      4.98828124
      0.60234431      0.62391671      1.82570416      5.12582585      0.60153990
      0.49683636      1.78959823      4.98074678      0.62195531      0.60763458
      1.79513603      5.02072204      0.57417673      0.60593516      1.77305714
      5.02129102      0.61153614      0.58449337      1.78129548      4.97384172
      0.61317538      0.60982230      1.77776145      5.00811551      0.57945386
      0.61356668      1.79223784      4.99040459      0.58411402      0.58513399
      1.79791321      5.04081246      0.58891580      0.59152926      1.77234402
      4.98454314      0.60710099      0.61396972      1.78944995      5.03543188
      0.57086159      0.61698485      1.78793951      5.08828249      0.57834901
      0.58152725      1.79200468      4.96318849      0.60854646      0.60493092
      1.77758523      5.00651829      0.61347574      0.63088701      1.77773783
      5.01775617      0.59310752      0.60017237

     SUBSYSTEM
    -----------
      68      75      75      49      69      68      74      69      75      49
      50      53      65      65      70      43      43      43      10      11
     114      51      71      52      99      99      95      22      12      80
      71      79      40      40      40      67      67      67      73      67
      73      14      33      14      55      55      41       9      27       9
      25       6      17      56      56      59      86      86      85      63
      63      68      36      36      23      45      45      45      42      42
      41      90      90      90      73      93      77      79      78      78
     104     104     104      49      49      44      13       2      13      24
      24      24      84      84      84      18      14      18      88      88
      88     107      88      88      59      60      60     110     110     110
      51      46      51      21      18       7     103     103     103     101
     100     101      47      66      72      28      28      28     111     111
     115      19      19      15      37      37      37      64      64      64
     112     112     116      78      77      78     117     105     100      53
      56      56      73      73      72      94      94      94      70      70
      70      63      63      63      87      87      83      50      29      50
     106     110     107      47      40      47      39      39      58     102
     102     109      64      62      85      52      30      52      95      95
      89      98     115      98      34      34      15      89      89      85
      32      32      33     108     108      10      31      32      31      92
      93      92      57      57      54      96      96      95      76      76
      76       5      24       1      98      77     100      48      48      48
      30      30      30     118     101     101      96     113      96      16
       3      20      90      90      70       4     107       4      35      35
      35      81      82      81      38      34      38      61      41      72
      23      23      23      97      91     114       8     118       8      27
      27      26

     MULLIKEN POPULATIONS
    ----------------------
      1.22500253      2.85582339      1.18416662      2.69175945      1.74239554
      4.87891788      1.46867659      3.63365643      0.90753902      0.88484112
      0.92051738      0.92582679      0.60102245      0.72684556      0.69875735
      0.73494391      1.79503703      4.98426720      0.61579920      0.59182580
      1.78407556      4.97151339      0.58858413      0.58679880      1.77583690
      5.00076948      0.60386574      0.62909166      1.79233098      5.04564225
      0.59381983      0.56560502      1.78286883      5.08972828      0.59809265
      0.57787186      1.87769902      5.47407738      0.55964310      1.77953922
      5.03014070      0.58504426      0.59474551      1.78234409      5.02816956
      0.59119055      0.59137183      1.78844411      5.00468455      0.59151380
      0.59943382      1.79342556      5.03587731      0.58183441      0.58586076
      1.79355122      5.03559657      0.59725228      0.59578425      1.81004154
      5.04093410      0.59550312      0.58371637      1.77972631      5.01418007
      0.57596337      0.61008671      1.76358555      5.02863207      0.60667822
      0.58394661      1.76523968      4.99819401      0.64904287      0.59625995
      1.79939185      5.04918593      0.58761885      0.58194554      1.79710155
      5.02038355      0.58798444      0.60875792      1.78788593      4.99924252
      0.59512606      0.60850024      1.78775667      5.01382973      0.59955861
      0.59160387      1.78235424      5.05251651      0.57144590      0.60712772
      1.80142566      5.06776827      0.59154278      0.58511204      1.77593542
      4.95534068      0.63076590      0.62504828      1.79131084      5.05044674
      0.60925775      0.57730124      1.77721703      4.99325662      0.59732332
      0.61279652      1.78620371      5.02679752      0.59268095      0.58342275
      1.78801362      5.02588597      0.60950941      0.60355687      1.79565414
      5.00354190      0.62692427      0.60446422      1.80357805      4.99480527
      0.59712749      0.60285417      1.77221618      5.05715668      0.57983903
      0.61533667      1.79567552      5.02020113      0.59254912      0.58678717
      1.78518443      5.01300716      0.59892309      0.61383525      1.78516400
      4.97679797      0.62546394      0.59261398      1.77681632      5.00009593
      0.61983709      0.59456276      1.78630715      4.98118117      0.62006684
      0.59107388      1.79658461      4.99214667      0.59278275      0.62099422
      1.79607900      5.05699867      0.58897097      0.58603360      1.79449333
      5.01186301      0.59861287      0.60229397      1.78211339      5.02766208
      0.58538907      0.60251367      1.78309045      5.00283747      0.61685631
      0.59313869      1.79524521      5.05240812      0.58982529      0.57712537
      1.78392681      5.00150076      0.61134954      0.59118111      1.77667620
      5.00281870      0.59936538      0.61498126      1.78747218      5.03881218
      0.60136353      0.60196229      1.79713540      4.99334768      0.60991176
      0.58942862      1.77700211      4.98344060      0.63950655      0.58969716
      1.79632468      4.97736602      0.60438279      0.61484960      1.77324963
      5.00678236      0.64954709      0.57770488      1.79181225      4.96548598
      0.61796461      0.59724676      1.80267811      5.01062538      0.57915585
      0.59711221      1.78013339      5.03661503      0.59703380      0.57515521
      1.78019905      4.99807780      0.61533493      0.59745162      1.79248397
      5.01567618      0.58554843      0.60513192      1.81615455      5.11931258
      0.54433339      0.58555572      1.79357109      5.00705441      0.60169029
      0.59372048      1.77241440      5.00078925      0.61374464      0.59831394
      1.80407938      5.09199078      0.58404876      0.55908147      1.77993574
      5.04019905      0.57634768      0.58969555      1.79721381      5.01053196
      0.60208409      0.56043307      1.79159177      5.07304978      0.57164588
      0.56441604      1.78133762      5.02215814      0.58161223      0.59700812
      1.79516025      4.97685231      0.58881553      0.60224922      1.79436352
      5.01774149      0.61799029      0.58476343      1.78134521      5.02018149
      0.61956978      0.58585648      1.78763169      4.97719993      0.62178279
      0.61226081      1.78410849      5.03880148      0.57124908      0.59782538
      1.76586300      5.05018637      0.61157538      0.55868247      1.78542665
      4.96924457      0.61686123      0.62814821      1.79868118      5.06537294
      0.58159695      0.59692256      1.77483088      5.01694562      0.57848052
      0.59897105      1.78043322      4.98935000      0.61948037      0.60849168
      1.79183413      5.01805393      0.59399114      0.59274621      1.78519084
      4.98647668      0.63632086      0.58692453      1.78509802      4.98669801
      0.60147643      0.62331086      1.82982504      5.13460922      0.60110748
      0.49492349      1.79139650      4.97782474      0.62229896      0.60698521
      1.79911790      5.01857581      0.57277833      0.60567792      1.77251054
      5.02414724      0.60942577      0.58301649      1.78273139      4.97291120
      0.61251927      0.60889425      1.78085134      5.00441850      0.57905615
      0.61411339      1.79677783      4.99144012      0.58286564      0.58549301
      1.79587560      5.04055356      0.58927788      0.58995585      1.77566355
      4.97860380      0.60856554      0.61437818      1.79378604      5.03079747
      0.57100239      0.61811932      1.79232130      5.08481468      0.57916654
      0.58206096      1.79619583      4.95588292      0.60935159      0.60638090
      1.77936408      5.00386212      0.61658181      0.62945575      1.77989469
      5.01673653      0.59145432      0.60105470

     SUBSYSTEM
    -----------
      68      75      75      49      69      68      74      69      75      49
      50      53      65      65      70      43      43      43      10      11
     114      51      71      52      99      99      95      22      12      80
      71      79      40      40      40      67      67      67      73      67
      73      14      33      14      55      55      41       9      27       9
      25       6      17      56      56      59      86      86      85      63
      63      68      36      36      23      45      45      45      42      42
      41      90      90      90      73      93      77      79      78      78
     104     104     104      49      49      44      13       2      13      24
      24      24      84      84      84      18      14      18      88      88
      88     107      88      88      59      60      60     110     110     110
      51      46      51      21      18       7     103     103     103     101
     100     101      47      66      72      28      28      28     111     111
     115      19      19      15      37      37      37      64      64      64
     112     112     116      78      77      78     117     105     100      53
      56      56      73      73      72      94      94      94      70      70
      70      63      63      63      87      87      83      50      29      50
     106     110     107      47      40      47      39      39      58     102
     102     109      64      62      85      52      30      52      95      95
      89      98     115      98      34      34      15      89      89      85
      32      32      33     108     108      10      31      32      31      92
      93      92      57      57      54      96      96      95      76      76
      76       5      24       1      98      77     100      48      48      48
      30      30      30     118     101     101      96     113      96      16
       3      20      90      90      70       4     107       4      35      35
      35      81      82      81      38      34      38      61      41      72
      23      23      23      97      91     114       8     118       8      27
      27      26

     MULLIKEN POPULATIONS
    ----------------------
      1.22543665      2.85664097      1.18538152      2.69146939      1.74373490
      4.87632711      1.46683541      3.63195389      0.90831389      0.88402575
      0.92141901      0.92554667      0.60034255      0.72617300      0.69847597
      0.73592331      1.79537695      4.98383314      0.61475028      0.59323230
      1.78764978      4.97039985      0.58781989      0.58652770      1.77977542
      4.99555753      0.60326584      0.63151627      1.79444769      5.04376455
      0.59445975      0.56356567      1.78635418      5.08832649      0.59743921
      0.57743632      1.87406195      5.46291318      0.56041192      1.78433017
      5.02905517      0.58397344      0.59328372      1.78688128      5.02527729
      0.59045067      0.58990273      1.78971574      5.00058730      0.59208139
      0.59978134      1.79583797      5.03660302      0.58111508      0.58479079
      1.79580480      5.03407134      0.59725997      0.59479366      1.81361578
      5.04055047      0.59293817      0.58470573      1.78276193      5.01097519
      0.57631840      0.61042036      1.76703377      5.02666603      0.60712333
      0.58347064      1.76736341      5.00036771      0.64734003      0.59644501
      1.80137228      5.04856054      0.58782017      0.58018434      1.79770107
      5.02149507      0.58710138      0.60814498      1.78969031      4.99898353
      0.59526105      0.60874227      1.78784676      5.01325140      0.59919587
      0.59140114      1.78678372      5.04970338      0.56881179      0.60728796
      1.80344648      5.06761074      0.59060347      0.58458312      1.78128162
      4.94911469      0.63158477      0.62475167      1.79554151      5.04764363
      0.60904730      0.57703256      1.78222097      4.98630542      0.59617003
      0.61372795      1.78969215      5.02009136      0.59382001      0.58490894
      1.78574093      5.02123051      0.61114984      0.60632683      1.79569151
      5.00692273      0.62542489      0.60385369      1.80430564      4.99447076
      0.59677521      0.60251279      1.77407041      5.05980458      0.57839680
      0.61413733      1.79740687      5.01922591      0.59255352      0.58530203
      1.78675831      5.00915537      0.59965669      0.61537182      1.78701046
      4.97290752      0.62538938      0.59222182      1.77948182      5.00075139
      0.61985861      0.59354269      1.78726076      4.98109165      0.61980957
      0.59033708      1.79541290      4.99235728      0.59304100      0.62125733
      1.79873871      5.05671850      0.58793460      0.58479593      1.79646587
      5.01219415      0.59802963      0.60134031      1.78511867      5.02426936
      0.58477383      0.60253618      1.78556389      5.00002052      0.61739519
      0.59329531      1.79684693      5.05214087      0.58934909      0.57554766
      1.78648736      4.99783038      0.61079802      0.59138390      1.77942638
      5.00344194      0.59890552      0.61341369      1.78942897      5.03830712
      0.60093514      0.60165793      1.79915605      4.98970416      0.61166298
      0.58829324      1.78066179      4.98104031      0.63762894      0.58917658
      1.79625260      4.97646466      0.60408817      0.61522453      1.77393732
      5.01127263      0.64783613      0.57650311      1.79293085      4.96373661
      0.61774654      0.59839507      1.80323242      5.01060357      0.57813831
      0.59728293      1.78132079      5.03667460      0.59710475      0.57411650
      1.78008007      4.99594062      0.61460011      0.59770485      1.79389461
      5.01643747      0.58477741      0.60385598      1.81517003      5.11773373
      0.54504244      0.58598453      1.79522666      5.00540107      0.60131561
      0.59314626      1.77823704      4.99885626      0.61157874      0.59665693
      1.80561476      5.09179058      0.58263129      0.55683677      1.77966275
      5.04153336      0.57782806      0.58809433      1.80048250      5.01057315
      0.60072026      0.56097038      1.79316627      5.07422728      0.56967233
      0.56344563      1.78393110      5.01872871      0.58194952      0.59717214
      1.79778088      4.97505240      0.58829303      0.60316927      1.79611761
      5.01623705      0.61721049      0.58542544      1.78438912      5.02038543
      0.61839554      0.58570858      1.78584910      4.97954214      0.62211679
      0.61153981      1.78801531      5.03653220      0.57004747      0.59683032
      1.76576955      5.04534163      0.61194485      0.56246244      1.78093856
      4.97295955      0.61814021      0.62707068      1.79872375      5.06802267
      0.58200643      0.59574663      1.77849362      5.01603699      0.57839698
      0.59826028      1.78370002      4.98623193      0.62019002      0.60756655
      1.79524068      5.01399783      0.59247102      0.59422345      1.78511537
      4.98699488      0.63530109      0.58708552      1.78870434      4.98526677
      0.60040309      0.62240576      1.83311940      5.14493866      0.60041212
      0.49356360      1.79176104      4.97574449      0.62273074      0.60595596
      1.80211158      5.01635661      0.57104695      0.60563917      1.77423870
      5.02790657      0.60661206      0.58087147      1.78421709      4.97213133
      0.61180793      0.60795772      1.78466249      5.00061309      0.57873627
      0.61444610      1.80049578      4.99309791      0.58155714      0.58640257
      1.79394356      5.04097508      0.58936835      0.58800154      1.77893036
      4.97239816      0.61012524      0.61471537      1.79752945      5.02654448
      0.57122015      0.61910531      1.79634900      5.08136578      0.58018628
      0.58260693      1.79859743      4.95019884      0.61048855      0.60768506
      1.78067679      5.00220708      0.61982381      0.62761465      1.78143697
      5.01587373      0.58986787      0.60215684

     SUBSYSTEM
    -----------
      70      77      77      49      71      70      76      71      77      49
      50      54      67      67      72      43      43      64      10      11
     116      51      73      52     101     101      97      22      12      82
      73      81      40      40      40      69      69      69      75      69
      75      14      33      14      56      56      41       9      27       9
      25       6      17      57      57      60      88      88      87      65
      65      70      36      36      23      45      45      45      42      42
      41      92      92      92      75      95      79      81      80      80
     106     106     106      49      49      44      13       2      13      24
      24      24      86      86      86      18      14      18      90      90
      90     109      90      90      60      61      61     112     112     112
      51      46      51      21      18       7     105     105     105     103
     102     103      47      68      74      28      28      28     113     113
     117      19      19      15      37      37      37      66      66      66
     114     114     118      80      79      80     119     107     102      54
      57      57      75      75      74      96      96      96      72      72
      72      65      65      65      89      89      85      50      29      50
     108     112     109      47      40      47      39      39      59     104
     104     111      66      63      87      52      30      52      97      97
      91     100     117     100      34      34      15      91      91      87
      32      32      33     110     110      10      31      32      31      94
      95      94      58      58      55      98      98      97      78      78
      78       5      24       1     100      79     102      48      48      48
      30      30      30     120     103     103      98     115      98      16
       3      20      92      92      72       4     109       4      35      35
      35      83      84      83      38      34      38      62      41      53
      23      23      23      99      93     116       8     120       8      27
      27      26

     MULLIKEN POPULATIONS
    ----------------------
      1.22619899      2.85721981      1.18677238      2.69007284      1.74626435
      4.87289193      1.46537903      3.63038963      0.90897480      0.88350808
      0.92254302      0.92611546      0.59970744      0.72550362      0.69831762
      0.73662030      1.79516151      4.98366036      0.61360766      0.59448819
      1.79126378      4.97075618      0.58704586      0.58631721      1.78388115
      4.99022494      0.60264332      0.63400393      1.79664077      5.04258193
      0.59515406      0.56138855      1.78959279      5.08721516      0.59664309
      0.57712575      1.87013820      5.45023664      0.56145131      1.78962665
      5.02787605      0.58303217      0.59186002      1.79178035      5.02182016
      0.58976951      0.58847038      1.79096823      4.99670361      0.59253017
      0.60013815      1.79839298      5.03734701      0.58042174      0.58358417
      1.79708306      5.03211162      0.59727934      0.59370682      1.81532825
      5.04012986      0.58999610      0.58588555      1.78558173      5.00814446
      0.57670217      0.61092858      1.77263460      5.02536737      0.60723273
      0.58237668      1.77166157      5.00173193      0.64572711      0.59615269
      1.80255853      5.04814643      0.58821734      0.57878506      1.79767704
      5.02265740      0.58632973      0.60785444      1.79155969      4.99812687
      0.59531113      0.60994752      1.78738223      5.01292266      0.59882284
      0.59129493      1.79163547      5.04777650      0.56579269      0.60741422
      1.80496964      5.06729319      0.58955779      0.58429411      1.78662731
      4.94312064      0.63223626      0.62456587      1.79943356      5.04519898
      0.60869044      0.57691557      1.78790587      4.97815790      0.59544182
      0.61454834      1.79328925      5.01341761      0.59509931      0.58633563
      1.78297425      5.01735389      0.61229134      0.60927550      1.79512425
      5.01114312      0.62406511      0.60278638      1.80382235      4.99514430
      0.59647869      0.60221198      1.77786233      5.06242516      0.57664586
      0.61250713      1.79842050      5.01844708      0.59271461      0.58374933
      1.78804748      5.00560185      0.60046548      0.61668281      1.78808592
      4.96884966      0.62507356      0.59179538      1.78278359      5.00136954
      0.61974681      0.59246767      1.78768266      4.98238844      0.61948436
      0.58933274      1.79325639      4.99346975      0.59340204      0.62120513
      1.80075086      5.05708421      0.58668929      0.58380992      1.79786058
      5.01339447      0.59764913      0.60025000      1.78809205      5.02076336
      0.58411327      0.60258900      1.78774373      4.99724947      0.61800557
      0.59355886      1.79784779      5.05177018      0.58899631      0.57405246
      1.78886860      4.99342915      0.61026556      0.59106551      1.78309164
      5.00352428      0.59817007      0.61140974      1.79100585      5.03788774
      0.60067514      0.60141434      1.80021166      4.98648184      0.61355980
      0.58772195      1.78493532      4.97799798      0.63587875      0.58863718
      1.79510570      4.97677160      0.60376469      0.61552777      1.77481847
      5.01578893      0.64597608      0.57526564      1.79298738      4.96288381
      0.61767419      0.59948017      1.80263055      5.01113558      0.57749295
      0.59748822      1.78305214      5.03604963      0.59705438      0.57276324
      1.77976755      4.99357489      0.61393018      0.59796097      1.79510214
      5.01753916      0.58402086      0.60248332      1.81320194      5.11572377
      0.54623923      0.58639256      1.79630872      5.00397145      0.60098897
      0.59278925      1.78488519      4.99716527      0.60933321      0.59483626
      1.80654319      5.09175347      0.58121153      0.55473923      1.78082460
      5.04190803      0.57921255      0.58624253      1.80331459      5.01091710
      0.59958896      0.56166390      1.79648121      5.07563944      0.56709291
      0.56213905      1.78653564      5.01531072      0.58261292      0.59710122
      1.79983913      4.97424472      0.58770479      0.60411806      1.79697514
      5.01519042      0.61641597      0.58589450      1.78779583      5.02089425
      0.61715415      0.58534864      1.78377776      4.98227430      0.62224540
      0.61076288      1.79238404      5.03378344      0.56883247      0.59582975
      1.76771374      5.03917182      0.61183338      0.56560000      1.77558610
      4.97711783      0.62030976      0.62540303      1.79796410      5.07055502
      0.58252612      0.59476628      1.78391401      5.01457851      0.57808670
      0.59730957      1.78709766      4.98323715      0.62085877      0.60647488
      1.79562875      5.01229508      0.59088540      0.59575971      1.78432220
      4.98767242      0.63444982      0.58748278      1.79150117      4.98521480
      0.59888528      0.62134426      1.83551755      5.15665933      0.59954056
      0.49269382      1.79062658      4.97478338      0.62317015      0.60473203
      1.80386245      5.01460765      0.56885316      0.60592449      1.77781866
      5.03263679      0.60356869      0.57805013      1.78564453      4.97164746
      0.61105099      0.60705822      1.78870436      4.99688780      0.57871854
      0.61469495      1.80285092      4.99568536      0.58017592      0.58786832
      1.79226576      5.04213700      0.58919834      0.58571527      1.78188796
      4.96636176      0.61164632      0.61503356      1.80043726      5.02283682
      0.57149566      0.61995680      1.79967476      5.07759435      0.58137290
      0.58328080      1.79895806      4.94668924      0.61183458      0.60875731
      1.78139139      5.00140339      0.62301309      0.62570246      1.78225068
      5.01521267      0.58856974      0.60328473

     SUBSYSTEM
    -----------
      69      76      76      49      70      69      75      70      76      49
      50      55      67      67      71      43      43      43       9      10
     114      71      72      52      99      99      95      22      11      81
      72      80      40      40      40      68      68      68      74      68
      74      13      33      13      57      57      41       8      27       8
      25       5      16      58      58      61      87      87      86      65
      65      69      36      36      23      45      45      45      42      42
      41      91      91      90      74      93      78      80      79      79
     104     104     104      44      49      44      12      16      12      24
      24      24      85      85      85      17      13      17      89      89
      89     107      89      89      61      62      62     110     110     110
      51      46      51      20      17       6     103     103     103     101
     100     101      47      47      73      28      28      29     111     110
     115      18      18      14      37      37      37      66      66      66
     112     112     116      79      78      79     117     105     100      55
      58      58      74      54      73      94      94      94      71      71
      71      65      65      65      88      88      84      50      29      50
     106     110     107      47      40      47      39      39      60     102
     102     109      66      64      86      52      30      52      95      95
      90      98     115      98      34      34      14      90      90      86
      32      32      33     108     108       9      31      32      31      92
      93      92      59      59      56      96      96      95      77      77
      77       4      24       1      98      78     100      48      48      48
      30      30      21     118     101     101      96     113     113      15
       2      19      91      91      71       3     107       3      35      35
      35      83      83      82      38      34      38      63      41      53
      23      23      23      97      97     114       7     118       7      27
      27      26

     MULLIKEN POPULATIONS
    ----------------------
      1.22727813      2.85756454      1.18832298      2.68771361      1.74972343
      4.86883942      1.46441160      3.62905653      0.90947354      0.88330551
      0.92385688      0.92739474      0.59915882      0.72480837      0.69823320
      0.73704418      1.79446407      4.98373214      0.61243674      0.59555537
      1.79455117      4.97236525      0.58630691      0.58621797      1.78770896
      4.98523791      0.60213487      0.63630738      1.79863792      5.04238334
      0.59581569      0.55922000      1.79218601      5.08634577      0.59590754
      0.57695440      1.86617001      5.43620982      0.56278556      1.79488989
      5.02665384      0.58235696      0.59065717      1.79658903      5.01826536
      0.58917019      0.58718809      1.79218432      4.99320219      0.59282176
      0.60057095      1.80086237      5.03805969      0.57977049      0.58234506
      1.79724969      5.02971249      0.59733326      0.59262269      1.81486788
      5.03991321      0.58705166      0.58699781      1.78813941      5.00555850
      0.57712768      0.61166122      1.77970847      5.02489980      0.60701006
      0.58099601      1.77761708      5.00226138      0.64445618      0.59550283
      1.80286486      5.04810955      0.58870760      0.57782897      1.79702694
      5.02387446      0.58565849      0.60791183      1.79252026      4.99816828
      0.59547332      0.61108092      1.78643442      5.01266674      0.59847395
      0.59145556      1.79650085      5.04713487      0.56259261      0.60738078
      1.80588708      5.06686951      0.58849578      0.58416256      1.79144107
      4.93796003      0.63265926      0.62451794      1.80261489      5.04331832
      0.60813323      0.57702443      1.79363191      4.96973984      0.59494358
      0.61529865      1.79667972      5.00712758      0.59653657      0.58774765
      1.78014318      5.01411726      0.61295420      0.61222631      1.79403815
      5.01565662      0.62266556      0.60125051      1.80223492      4.99670737
      0.59620526      0.60201569      1.78309533      5.06510850      0.57481163
      0.61056108      1.79863081      5.01802770      0.59300241      0.58217589
      1.78899247      5.00249697      0.60137326      0.61769693      1.78831398
      4.96486835      0.62446302      0.59142874      1.78634246      5.00202342
      0.61952169      0.59139644      1.78755278      4.98496272      0.61914528
      0.58805902      1.79037030      4.99555081      0.59382333      0.62067665
      1.80192839      5.05811093      0.58531357      0.58314827      1.79855058
      5.01524223      0.59751118      0.59912172      1.79076663      5.01731042
      0.58348547      0.60277179      1.78946882      4.99463817      0.61870122
      0.59395197      1.79816386      5.05136100      0.58877501      0.57278552
      1.79089208      4.98839568      0.60961944      0.59055037      1.78724572
      5.00309021      0.59713059      0.60923090      1.79209887      5.03758609
      0.60056547      0.60124920      1.80029037      4.98458163      0.61540752
      0.58727593      1.78932834      4.97467008      0.63438397      0.58820720
      1.79210123      4.97956660      0.60313551      0.61557857      1.77580098
      5.02004330      0.64412224      0.57403825      1.79197904      4.96291189
      0.61774280      0.60051369      1.80093622      5.01207050      0.57726937
      0.59778678      1.78517020      5.03470818      0.59693843      0.57122651
      1.77943510      4.99110081      0.61343163      0.59817319      1.79601164
      5.01889943      0.58330965      0.60110671      1.81045440      5.11331918
      0.54792506      0.58677567      1.79673101      5.00292317      0.60078145
      0.59264600      1.79156403      4.99619950      0.60716156      0.59302385
      1.80682485      5.09216539      0.57985770      0.55290577      1.78297181
      5.04121863      0.58064867      0.58442861      1.80550431      5.01142377
      0.59877802      0.56244503      1.80105610      5.07717529      0.56412849
      0.56083422      1.78891694      5.01197472      0.58347829      0.59704171
      1.80110454      4.97406097      0.58727620      0.60512661      1.79688234
      5.01438469      0.61580305      0.58633743      1.79126622      5.02163229
      0.61605820      0.58482876      1.78165481      4.98511449      0.62220665
      0.60994457      1.79669459      5.03078909      0.56775549      0.59505378
      1.77147385      5.03163649      0.61134476      0.56820890      1.76964980
      4.98122457      0.62327792      0.62354132      1.79660935      5.07251750
      0.58312084      0.59408692      1.79049952      5.01285594      0.57770273
      0.59625232      1.79029219      4.98071747      0.62139132      0.60526538
      1.79582417      5.01058317      0.58951224      0.59724618      1.78292202
      4.98849977      0.63375125      0.58811242      1.79377376      4.98613155
      0.59705936      0.62012405      1.83708959      5.16972455      0.59840557
      0.49222709      1.78805874      4.97522038      0.62360310      0.60344278
      1.80420434      5.01328742      0.56665469      0.60630089      1.78266291
      5.03842920      0.60032715      0.57493804      1.78690265      4.97156816
      0.61027802      0.60625915      1.79257151      4.99369290      0.57896187
      0.61484356      1.80352874      4.99884236      0.57903415      0.58968265
      1.79095427      5.04405719      0.58874857      0.58322388      1.78432678
      4.96090456      0.61302805      0.61536313      1.80235059      5.01975352
      0.57187592      0.62066199      1.80205634      5.07371372      0.58272633
      0.58415123      1.79717053      4.94566685      0.61329657      0.60958760
      1.78163467      5.00109293      0.62587210      0.62399536      1.78242000
      5.01478385      0.58761868      0.60430392

     SUBSYSTEM
    -----------
      69      76      76      49      70      69      75      70      76      49
      50      55      67      67      71      43      43      43       9      10
     114      71      72      52      99      99      95      22      11      81
      72      80      40      40      40      68      68      68      74      68
      74      13      33      13      57      57      41       8      27       8
      25       5      16      58      58      61      87      87      86      65
      65      69      36      36      23      45      45      45      42      42
      41      91      91      90      74      93      78      80      79      79
     104     104     104      44      49      44      12      16      12      24
      24      24      85      85      85      17      13      17      89      89
      89     107      89      89      61      62      62     110     110     110
      51      46      51      20      17       6     103     103     103     101
     100     101      47      47      73      28      28      29     111     110
     115      18      18      14      37      37      37      66      66      66
     112     112     116      79      78      79     117     105     100      55
      58      58      74      54      73      94      94      94      71      71
      71      65      65      65      88      88      84      50      29      50
     106     110     107      47      40      47      39      39      60     102
     102     109      66      64      86      52      30      52      95      95
      90      98     115      98      34      34      14      90      90      86
      32      32      33     108     108       9      31      32      31      92
      93      92      59      59      56      96      96      95      77      77
      77       4      24       1      98      78     100      48      48      48
      30      30      21     118     101     101      96     113     113      15
       2      19      91      91      71       3     107       3      35      35
      35      83      83      82      38      34      38      63      41      53
      23      23      23      97      97     114       7     118       7      27
      27      26

     MULLIKEN POPULATIONS
    ----------------------
      1.22865436      2.85769823      1.19001719      2.68459560      1.75373974
      4.86447549      1.46400728      3.62802196      0.90972174      0.88344680
      0.92528300      0.92927774      0.59872010      0.72407717      0.69810955
      0.73722621      1.79338403      4.98405840      0.61128214      0.59642286
      1.79719249      4.97496055      0.58565704      0.58625527      1.79087198
      4.98107030      0.60178142      0.63821742      1.80018817      5.04326429
      0.59636104      0.55718526      1.79385467      5.08567907      0.59523591
      0.57704311      1.86239066      5.42102589      0.56441203      1.79963728
      5.02543083      0.58200994      0.58980655      1.80090805      5.01507226
      0.58869583      0.58612149      1.79335221      4.99020009      0.59296420
      0.60112274      1.80306587      5.03866324      0.57918725      0.58115265
      1.79627802      5.02697354      0.59742546      0.59163293      1.81216072
      5.03994590      0.58446446      0.58787711      1.79039945      5.00304053
      0.57757583      0.61269732      1.78746101      5.02525919      0.60662839
      0.57963941      1.78459237      5.00192910      0.64373735      0.59460679
      1.80226573      5.04847203      0.58927869      0.57738058      1.79577844
      5.02513361      0.58508467      0.60833082      1.79245263      4.99916999
      0.59564201      0.61199815      1.78514415      5.01238753      0.59818680
      0.59191346      1.80095929      5.04818664      0.55937685      0.60702816
      1.80613226      5.06637596      0.58744712      0.58419296      1.79528284
      4.93423295      0.63277055      0.62453514      1.80480550      5.04215624
      0.60734901      0.57739068      1.79877328      4.96184937      0.59473683
      0.61591842      1.79958606      5.00151734      0.59814223      0.58913105
      1.77768383      5.01131611      0.61325842      0.61505290      1.79258243
      5.02002578      0.62133351      0.59936540      1.79972670      4.99893372
      0.59596490      0.60199272      1.78914049      5.06776228      0.57309539
      0.60856741      1.79801784      5.01810302      0.59340614      0.58064064
      1.78956053      4.99993512      0.60239418      0.61839850      1.78772740
      4.96125653      0.62355542      0.59119307      1.78977873      5.00280917
      0.61920082      0.59034513      1.78689199      4.98856225      0.61883447
      0.58657073      1.78700924      4.99811739      0.59428473      0.61995605
      1.80218724      5.05969493      0.58391739      0.58284946      1.79848041
      5.01753015      0.59753856      0.59804482      1.79291746      5.01408927
      0.58297151      0.60316674      1.79061379      4.99228037      0.61950324
      0.59446171      1.79780060      5.05105807      0.58868758      0.57179548
      1.79244247      4.98297130      0.60894628      0.58990666      1.79143000
      5.00221798      0.59580834      0.60707310      1.79264500      5.03737849
      0.60058393      0.60120996      1.79944835      4.98404521      0.61710385
      0.58703950      1.79337539      4.97146862      0.63318844      0.58799022
      1.78832310      4.98339254      0.60253765      0.61555052      1.77681211
      5.02379379      0.64238846      0.57284225      1.79002160      4.96371998
      0.61791936      0.60150901      1.79833869      5.01330327      0.57748243
      0.59812973      1.78746198      5.03274347      0.59680489      0.56962050
      1.77922345      4.98871821      0.61318008      0.59833520      1.79655741
      5.02041772      0.58266507      0.59981544      1.80723804      5.11067616
      0.54997907      0.58710273      1.79646622      5.00235891      0.60073391
      0.59273269      1.79758930      4.99631827      0.60516447      0.59131482
      1.80646650      5.09328444      0.57864224      0.55145769      1.78563245
      5.03965639      0.58226021      0.58287374      1.80690484      5.01195321
      0.59830735      0.56326493      1.80628323      5.07879010      0.56100465
      0.55983565      1.79088472      5.00882439      0.58457829      0.59702566
      1.80149457      4.97471177      0.58682859      0.60611473      1.79586862
      5.01385409      0.61545573      0.58672495      1.79453917      5.02252304
      0.61520638      0.58419710      1.77972212      4.98780135      0.62203712
      0.60911270      1.80051252      5.02778790      0.56691795      0.59450950
      1.77661947      5.02279729      0.61067180      0.57044340      1.76355813
      4.98474886      0.62682494      0.62188836      1.79494896      5.07352248
      0.58372484      0.59378480      1.79754862      5.01107814      0.57743388
      0.59527756      1.79297139      4.97898412      0.62168581      0.60402553
      1.79592774      5.00905563      0.58843081      0.59851510      1.78105567
      4.98942516      0.63326862      0.58890782      1.79522715      4.98828955
      0.59492627      0.61879794      1.83807007      5.18383219      0.59708217
      0.49178363      1.78426730      4.97726448      0.62395398      0.60224692
      1.80312700      5.01254731      0.56466786      0.60671319      1.78814399
      5.04503466      0.59718711      0.57179095      1.78789559      4.97201023
      0.60947562      0.60559779      1.79589265      4.99131083      0.57945112
      0.61491521      1.80254347      5.00228061      0.57825961      0.59161434
      1.79007756      5.04675330      0.58801544      0.58064409      1.78608753
      4.95644205      0.61415325      0.61570926      1.80320946      5.01735265
      0.57237076      0.62122388      1.80334189      5.06977713      0.58417731
      0.58525551      1.79329798      4.94713306      0.61481740      0.61025206
      1.78170235      5.00081481      0.62815031      0.62265382      1.78218935
      5.01454984      0.58704898      0.60504976

     SUBSYSTEM
    -----------
      69      76      76      49      70      69      75      70      76      49
      50      55      67      67      71      43      43      43       9      10
     114      71      72      52      99      99      95      22      11      81
      72      80      40      40      40      68      68      68      74      68
      74      13      33      13      57      57      41       8      27       8
      25       5      16      58      58      61      87      87      86      65
      65      69      36      36      23      45      45      45      42      42
      41      91      91      90      74      93      78      80      79      79
     104     104     104      44      49      44      12      16      12      24
      24      24      85      85      85      17      13      17      89      89
      89     107      89      89      61      62      62     110     110     110
      51      46      51      20      17       6     103     103     103     101
     100     101      47      47      73      28      28      29     111     110
     115      18      18      14      37      37      37      66      66      66
     112     112     116      79      78      79     117     105     100      55
      58      58      74      54      73      94      94      94      71      71
      71      65      65      65      88      88      84      50      29      50
     106     110     107      47      40      47      39      39      60     102
     102     109      66      64      86      52      30      52      95      95
      90      98     115      98      34      34      14      90      90      86
      32      32      33     108     108       9      31      32      31      92
      93      92      59      59      56      96      96      95      77      77
      77       4      24       1      98      78     100      48      48      48
      30      30      21     118     101     101      96     113     113      15
       2      19      91      91      71       3     107       3      35      35
      35      83      83      82      38      34      38      63      41      53
      23      23      23      97      97     114       7     118       7      27
      27      26

     MULLIKEN POPULATIONS
    ----------------------
      1.23030161      2.85766757      1.19183874      2.68096280      1.75791738
      4.86012188      1.46419953      3.62731262      0.90961933      0.88394084
      0.92675641      0.93162716      0.59838185      0.72326802      0.69783263
      0.73724082      1.79202895      4.98466695      0.61020176      0.59708981
      1.79882190      4.97851289      0.58523189      0.58624928      1.79306346
      4.97815007      0.60156673      0.63955921      1.80109697      5.04530693
      0.59673158      0.55535289      1.79442403      5.08511913      0.59466943
      0.57746366      1.85897674      5.40484497      0.56638206      1.80347620
      5.02422153      0.58197724      0.58940674      1.80440632      5.01259069
      0.58829582      0.58542531      1.79444461      4.98784477      0.59295445
      0.60180320      1.80486973      5.03908745      0.57867413      0.58007235
      1.79424893      5.02414742      0.59750414      0.59084582      1.80740276
      5.04014085      0.58254494      0.58843029      1.79230573      5.00047808
      0.57805187      0.61404926      1.79517619      5.02656969      0.60610192
      0.57843253      1.79188523      5.00067324      0.64370634      0.59358357
      1.80080654      5.04919259      0.58994958      0.57744265      1.79398470
      5.02641437      0.58460608      0.60910720      1.79135119      5.00116222
      0.59568328      0.61256693      1.78369551      5.01205372      0.59804375
      0.59254251      1.80456751      5.05129169      0.55630898      0.60617450
      1.80568180      5.06587453      0.58645100      0.58437705      1.79781121
      4.93236982      0.63251650      0.62455553      1.80582029      5.04183409
      0.60633886      0.57801277      1.80280142      4.95515709      0.59497212
      0.61633859      1.80179125      4.99684428      0.59987941      0.59035847
      1.77597224      5.00847890      0.61348430      0.61761602      1.79084855
      5.02350835      0.62039235      0.59771852      1.79654356      5.00154169
      0.59577818      0.60220742      1.79533556      5.07020369      0.57172398
      0.60674362      1.79663228      5.01879254      0.59390775      0.57920028
      1.78974631      4.99795873      0.60352619      0.61882943      1.78643043
      4.95828508      0.62248217      0.59115787      1.79275991      5.00386942
      0.61873350      0.58929969      1.78575469      4.99282192      0.61857948
      0.58497408      1.78352537      5.00086440      0.59474398      0.61916283
      1.80154095      5.06165825      0.58260095      0.58291832      1.79764247
      5.02000427      0.59768541      0.59711104      1.79438590      5.01131168
      0.58265280      0.60378592      1.79110782      4.99032416      0.62040738
      0.59502432      1.79682933      5.05101207      0.58869565      0.57112551
      1.79348058      4.97764605      0.60823403      0.58919802      1.79517125
      5.00103465      0.59417123      0.60518113      1.79262284      5.03720005
      0.60070829      0.60136117      1.79781082      4.98471796      0.61857446
      0.58711684      1.79667429      4.96877663      0.63228899      0.58806188
      1.78408351      4.98798428      0.60200838      0.61542042      1.77779480
      5.02688760      0.64087990      0.57166931      1.78734851      4.96512425
      0.61814114      0.60248141      1.79511193      5.01466747      0.57812373
      0.59848412      1.78968732      5.03035965      0.59669403      0.56804727
      1.77920182      4.98669278      0.61322976      0.59845089      1.79669458
      5.02201060      0.58209674      0.59868161      1.80392836      5.10797730
      0.55223464      0.58732268      1.79554874      5.00234406      0.60087084
      0.59303165      1.80245460      4.99783806      0.60326099      0.58971675
      1.80548961      5.09501487      0.57772957      0.55054293      1.78840327
      5.03730309      0.58412606      0.58172387      1.80742170      5.01237022
      0.59816020      0.56410621      1.81156905      5.08042023      0.55791099
      0.55939437      1.79229454      5.00593816      0.58592806      0.59708908
      1.80095438      4.97607602      0.58632609      0.60707187      1.79398460
      5.01363775      0.61543559      0.58708075      1.79737556      5.02343808
      0.61464707      0.58354042      1.77821234      4.99016745      0.62176307
      0.60822663      1.80350842      5.02511661      0.56641919      0.59415147
      1.78258450      5.01287562      0.61000720      0.57248370      1.75804582
      4.98711488      0.63057647      0.62071510      1.79329138      5.07337217
      0.58440155      0.59373490      1.80439062      5.00942933      0.57739899
      0.59453252      1.79488202      4.97836806      0.62162911      0.60287217
      1.79547709      5.00727420      0.58809235      0.59981785      1.77890553
      4.99043278      0.63297262      0.58981820      1.79563816      4.99183298
      0.59252048      0.61743800      1.83868911      5.19875318      0.59563461
      0.49129971      1.77958692      4.98089488      0.62417762      0.60131653
      1.80075055      5.01253590      0.56307689      0.60710491      1.79370419
      5.05198120      0.59439550      0.56881562      1.78853770      4.97306595
      0.60864417      0.60507712      1.79840896      4.99004190      0.58015395
      0.61472729      1.80018140      5.00549901      0.57792669      0.59348514
      1.78964171      5.05017563      0.58704600      0.57807891      1.78966828
      4.95007012      0.61446488      0.61719178      1.80303779      5.01563693
      0.57296362      0.62169893      1.80348527      5.06593162      0.58563432
      0.58655157      1.78761422      4.95075964      0.61633768      0.61090585
      1.78189639      5.00016474      0.62964821      0.62175090      1.78187296
      5.01443352      0.58682530      0.60541240

     SUBSYSTEM
    -----------
      69      76      76      49      70      69      75      70      76      49
      50      55      67      67      71      43      43      43       9      10
     114      71      72      52      99      99      95      22      11      81
      72      80      40      40      40      68      68      68      74      68
      74      13      33      13      57      57      41       8      27       8
      25       5      16      58      58      61      87      87      86      65
      65      69      36      36      23      45      45      45      42      42
      41      91      91      90      74      93      98      80      79      79
     104     104     104      44      49      44      12      16      12      24
      24      24      85      85      85      17      13      17      89      89
      89     107      89      89      61      62      62     110     110     110
      51      46      51      20      17       6     103     103     103     101
     100     101      47      47      73      28      28      29     111     110
     115      18      18      14      37      37      37      66      66      66
     112     112     116      79      78      79     117     105     100      55
      58      58      74      54      73      94      94      94      71      71
      71      65      65      65      88      88      84      50      29      50
     106     110     107      47      40      47      39      39      60     102
     102     109      66      64      86      52      30      52      95      95
      90      98     115      98      34      34      14      90      90      86
      32      32      33     108     108       9      31      32      31      92
      93      92      59      59      56      96      96      95      77      77
      77       4      24       1      98      78     100      48      48      48
      30      30      21     118     101     101      96     113     113      15
       2      19      91      91      71       3     107       3      35      35
      35      83      83      82      38      34      38      63      41      53
      23      23      23      97      97     114       7     118       7      27
      27      26

     MULLIKEN POPULATIONS
    ----------------------
      1.23218879      2.85752477      1.19376446      2.67709309      1.76189342
      4.85598495      1.46497519      3.62691903      0.90911730      0.88475419
      0.92818132      0.93425732      0.59813211      0.72239777      0.69732474
      0.73714943      1.79050446      4.98558916      0.60924050      0.59758200
      1.79937975      4.98246483      0.58490970      0.58637641      1.79406820
      4.97683213      0.60147317      0.64016673      1.80120932      5.04838712
      0.59689838      0.55381768      1.79382515      5.08455927      0.59426668
      0.57825322      1.85603495      5.38787696      0.56865734      1.80612430
      5.02303154      0.58216544      0.58954395      1.80687903      5.01101627
      0.58795006      0.58498135      1.79537008      4.98617630      0.59291177
      0.60263089      1.80616302      5.03925153      0.57826085      0.57916704
      1.79133530      5.02158978      0.59759847      0.59027702      1.80106914
      5.04033894      0.58148378      0.58862026      1.79375319      4.99782143
      0.57854067      0.61575029      1.80213658      5.02842375      0.60550797
      0.57769782      1.79882492      4.99864032      0.64428956      0.59247683
      1.79859944      5.05020955      0.59066803      0.57801142      1.79173625
      5.02774177      0.58420722      0.61016019      1.78928897      5.00405124
      0.59552818      0.61273658      1.78225131      5.01156750      0.59801203
      0.59343933      1.80688745      5.05657972      0.55356752      0.60476296
      1.80455450      5.06540477      0.58552150      0.58473924      1.79881085
      4.93264529      0.63185431      0.62450818      1.80557617      5.04246995
      0.60525434      0.57870609      1.80537794      4.95041144      0.59541673
      0.61647809      1.80312854      4.99332775      0.60167194      0.59150149
      1.77536402      5.00544306      0.61351603      0.61984809      1.78906761
      5.02626009      0.61962114      0.59602134      1.79298756      5.00427679
      0.59564042      0.60266583      1.80109610      5.07231449      0.57077296
      0.60522703      1.79458932      5.02017400      0.59448274      0.57791080
      1.78958550      4.99665417      0.60473071      0.61897479      1.78461165
      4.95637867      0.62124057      0.59133975      1.79500314      5.00528952
      0.61811367      0.58824231      1.78423610      4.99737312      0.61840011
      0.58333948      1.78034182      5.00367212      0.59508809      0.61822894
      1.80007012      5.06373957      0.58151918      0.58331762      1.79698532
      5.02060376      0.59847840      0.59682776      1.79509450      5.00921445
      0.58246566      0.60477853      1.79091661      4.98883739      0.62140152
      0.59564120      1.79536642      5.05131638      0.58878193      0.57081493
      1.79397486      4.97284517      0.60763641      0.58853128      1.79803615
      4.99976626      0.59237369      0.60361980      1.79207750      5.03707206
      0.60088223      0.60168014      1.79557870      4.98641393      0.61971416
      0.58752704      1.79894040      4.96707807      0.63157462      0.58834267
      1.77979823      4.99317477      0.60155621      0.61494359      1.77866833
      5.02914102      0.63962588      0.57058090      1.78427965      4.96682054
      0.61836628      0.60346910      1.79160228      5.01599764      0.57914262
      0.59879198      1.79160951      5.02780964      0.59663959      0.56664133
      1.77936089      4.98531689      0.61360413      0.59851463      1.79638238
      5.02359634      0.58162147      0.59777806      1.80092841      5.10540156
      0.55448159      0.58740715      1.79406441      5.00288249      0.60119922
      0.59351329      1.80754235      4.99758743      0.60275752      0.58829461
      1.80409267      5.09814962      0.57672520      0.55012658      1.79100103
      5.03436582      0.58610710      0.58110879      1.80701235      5.01258503
      0.59833564      0.56493298      1.81643246      5.08194300      0.55502305
      0.55961087      1.79306099      5.00339265      0.58754144      0.59723397
      1.79951940      4.97808515      0.58569344      0.60795054      1.79134256
      5.01387952      0.61571891      0.58738516      1.79958296      5.02430795
      0.61440640      0.58289140      1.77727697      4.99200522      0.62142237
      0.60736592      1.80543808      5.02305562      0.56627808      0.59403628
      1.78875303      5.00234114      0.60948966      0.57442053      1.75415604
      4.98767803      0.63403228      0.62015180      1.79185672      5.07210711
      0.58487644      0.59409826      1.81045676      5.00805069      0.57764226
      0.59408494      1.79581611      4.97892763      0.62121085      0.60185410
      1.79506015      5.00594720      0.58809215      0.60063491      1.77667302
      4.99138936      0.63299169      0.59061814      1.79489106      4.99689017
      0.58985878      0.61602748      1.83927249      5.21430996      0.59409217
      0.49065743      1.77447640      4.98587710      0.62424142      0.60075432
      1.79730953      5.01340301      0.56202954      0.60739608      1.79886124
      5.05861028      0.59213098      0.56619873      1.78874401      4.97472954
      0.60778030      0.60476360      1.79990799      4.98988056      0.58095126
      0.61447470      1.79696140      5.00812949      0.57802561      0.59498435
      1.78960116      5.05423261      0.58583367      0.57567764      1.79198939
      4.94556828      0.61442363      0.61875669      1.80194921      5.01460848
      0.57367967      0.62205736      1.80250446      5.06223926      0.58701261
      0.58808370      1.78065060      4.95597725      0.61772960      0.61168948
      1.78238150      4.99905366      0.63020212      0.62129336      1.78173910
      5.01428245      0.58686791      0.60540985

     SUBSYSTEM
    -----------
      69      74      70      52      69      73      74      69      70      52
      48      53      66      61      66      50      51      49       5       5
     106      67      67      43      94      94      94      22      17      62
      62      81      39      39      39      77      72      77      78      73
      78      10      33      10      44      44      45      10      31      10
      19       1      15      57      57      58      84      84      84      72
      68      72      25      25      26      47      42      47      41      41
      41      85      85      89      78      97      79      76      75      76
     104     108     103      51      51      46      14      18      14      24
      24      24      87      87      87      11      11      15      92      92
      91     111      92      88      58      58      58     114     114     114
      43      42      43      16      16       2     110     110     107     100
      99     100      55      55      77      32      32      28     115     115
     115       9      12       9      38      39      38      65      65      65
     112     113     112      75      75      75      99     102      99      53
      57      53      78      56      60      93      93      92      66      66
      66      68      68      68      91      91      91      48      29      48
     114     114     111      55      35      55      30      34      49     103
     103     117      83      64      83      43      20      44      89      93
      89      98      99      98      29      29       8      88      88      88
      37      37      37     105     105       4      40      37      40      96
      96      96      54      54      49      90      90      89      71      67
      71       3      23      23      80      80     101      52      56      52
      21      20      22     100      95     100     109     109     109       9
       6       9      85      85      66       7     111       7      30      25
      30      83      83      82      33      34      34      63      63      59
      31      27      31      86      86     106      13     116      13      36
      31      36

     MULLIKEN POPULATIONS
    ----------------------
      1.23427468      2.85734371      1.19576332      2.67326822      1.76538815
      4.85218354      1.46627196      3.62680618      0.90815946      0.88588199
      0.92944994      0.93695770      0.59793755      0.72148199      0.69653163
      0.73703477      1.78892170      4.98689654      0.60838901      0.59791573
      1.79879144      4.98668999      0.58466667      0.58656630      1.79377848
      4.97736592      0.60138433      0.64000072      1.80044872      5.05229628
      0.59684250      0.55262510      1.79209716      5.08392737      0.59403879
      0.57943045      1.85550206      5.36801253      0.57158482      1.80739440
      5.02181470      0.58255031      0.59018161      1.80820116      5.01088502
      0.58774644      0.58470965      1.79602747      4.98537531      0.59283821
      0.60358263      1.80687231      5.03922838      0.57790132      0.57843838
      1.78778942      5.01970207      0.59768702      0.58995434      1.79386664
      5.04039233      0.58133601      0.58843401      1.79461022      4.99509243
      0.57911511      0.61775874      1.80779598      5.03047334      0.60490889
      0.57752017      1.80479413      4.99610153      0.64530384      0.59130677
      1.79582152      5.05143778      0.59143531      0.57897338      1.78915859
      5.02915281      0.58383285      0.61139627      1.78644829      5.00779953
      0.59500373      0.61249277      1.78098273      5.01092254      0.59808357
      0.59453219      1.80757037      5.06391998      0.55131646      0.60280441
      1.80282570      5.06505817      0.58470383      0.58520428      1.79819230
      4.93511806      0.63078999      0.62434174      1.80405498      5.04404346
      0.60407193      0.57953426      1.80628569      4.94811999      0.59596569
      0.61623779      1.80351802      4.99115989      0.60344342      0.59244547
      1.77604748      5.00208104      0.61341796      0.62161493      1.78736948
      5.02819204      0.61907413      0.59439223      1.78939301      5.00691538
      0.59553234      0.60332155      1.80592583      5.07392548      0.57028953
      0.60407608      1.79206785      5.02229089      0.59508390      0.57679522
      1.78912400      4.99603959      0.60596081      0.61887217      1.78248678
      4.95590027      0.61992225      0.59165419      1.79631233      5.00718566
      0.61729133      0.58715114      1.78245695      5.00173391      0.61827594
      0.58171668      1.77781037      5.00625320      0.59528448      0.61724523
      1.79791427      5.06570344      0.58078938      0.58397746      1.79571796
      5.02110610      0.59920414      0.59674085      1.79499678      5.00787874
      0.58251331      0.60600863      1.79007133      4.98789524      0.62245786
      0.59625441      1.79356906      5.05202766      0.58891859      0.57087507
      1.79395436      4.96911290      0.60716848      0.58798006      1.79967775
      4.99880868      0.59043006      0.60247539      1.79108802      5.03699656
      0.60106064      0.60215087      1.79298029      4.98886759      0.62046018
      0.58825272      1.79994626      4.96655872      0.63096845      0.58887687
      1.77583847      4.99849977      0.60107661      0.61432541      1.77936160
      5.03056066      0.63862014      0.56958290      1.78119686      4.96847558
      0.61855029      0.60447764      1.78819273      5.01713351      0.58043867
      0.59900213      1.79304990      5.02543623      0.59664084      0.56549329
      1.77961923      4.98477332      0.61430473      0.59857077      1.79559415
      5.02514424      0.58123592      0.59714400      1.79861803      5.10309293
      0.55653729      0.58730392      1.79213977      5.00391535      0.60171797
      0.59412719      1.81057098      4.99869181      0.60241086      0.58707917
      1.80230473      5.10181619      0.57605643      0.55030142      1.79327387
      5.03138798      0.58768002      0.58111785      1.80569521      5.01257877
      0.59879829      0.56572695      1.82055450      5.08323191      0.55238939
      0.56045272      1.79316135      5.00126297      0.58937870      0.59746802
      1.79728288      4.98055972      0.58495169      0.60871025      1.78810637
      5.01463195      0.61626780      0.58765321      1.80100972      5.02508658
      0.61446137      0.58228002      1.77701984      4.99329917      0.62099464
      0.60651362      1.80617451      5.02192307      0.56651925      0.59402229
      1.79448757      4.99171034      0.60926662      0.57642774      1.75302475
      4.98591288      0.63674658      0.62004510      1.79071864      5.06981862
      0.58525161      0.59485164      1.81531058      5.00707292      0.57813660
      0.59394839      1.79566668      4.98070927      0.62041631      0.60100020
      1.79460088      5.00543178      0.58845969      0.60074915      1.77460571
      4.99242740      0.63304385      0.59138342      1.79291986      5.00330712
      0.58710989      0.61463072      1.84014643      5.23045102      0.59254028
      0.49014404      1.76951533      4.99186532      0.62403819      0.60046323
      1.79312839      5.01524891      0.56158251      0.60755265      1.80320944
      5.06425989      0.59048881      0.56407677      1.78848321      4.97706408
      0.60686626      0.60458479      1.80029884      4.99086953      0.58173308
      0.61413488      1.79344621      5.00974556      0.57845513      0.59604008
      1.78987819      5.05881607      0.58436934      0.57354734      1.79282477
      4.94335126      0.61414597      0.62017655      1.80010768      5.01413267
      0.57453402      0.62237215      1.80052736      5.05884957      0.58824253
      0.58976202      1.77316304      4.96190160      0.61901680      0.61263501
      1.78311050      4.99768246      0.62957556      0.62109401      1.78196867
      5.01417937      0.58707853      0.60496535

     SUBSYSTEM
    -----------
      69      74      70      52      69      73      74      69      70      52
      48      53      66      61      66      50      51      49       5       5
     106      67      67      43      94      94      94      22      17      62
      62      81      39      39      39      77      72      77      78      73
      78      10      33      10      44      44      45      10      31      10
      19       1      15      57      57      58      84      84      84      72
      68      72      25      25      26      47      42      47      41      41
      41      85      85      89      78      97      79      76      75      76
     104     108     103      51      51      46      14      18      14      24
      24      24      87      87      87      11      11      15      92      92
      91     111      92      88      58      58      58     114     114     114
      43      42      43      16      16       2     110     110     107     100
      99     100      55      55      77      32      32      28     115     115
     115       9      12       9      38      39      38      65      65      65
     112     113     112      75      75      75      99     102      99      53
      57      53      78      56      60      93      93      92      66      66
      66      68      68      68      91      91      91      48      29      48
     114     114     111      55      35      55      30      34      49     103
     103     117      83      64      83      43      20      44      89      93
      89      98      99      98      29      29       8      88      88      88
      37      37      37     105     105       4      40      37      40      96
      96      96      54      54      49      90      90      89      71      67
      71       3      23      23      80      80     101      52      56      52
      21      20      22     100      95     100     109     109     109       9
       6       9      85      85      66       7     111       7      30      25
      30      83      83      82      33      34      34      63      63      59
      31      27      31      86      86     106      13     116      13      31
      31      36

     MULLIKEN POPULATIONS
    ----------------------
      1.23652330      2.85719907      1.19779735      2.66974369      1.76821168
      4.84874267      1.46798582      3.62693547      0.90673654      0.88722715
      0.93049105      0.93954582      0.59775052      0.72052365      0.69541822
      0.73698258      1.78739249      4.98863136      0.60764893      0.59811417
      1.79706494      4.99108127      0.58447446      0.58680085      1.79218090
      4.97977066      0.60120268      0.63917115      1.79881770      5.05670242
      0.59663595      0.55176721      1.78936382      5.08309841      0.59407247
      0.58100891      1.85513313      5.34783797      0.57488673      1.80725951
      5.02075110      0.58301250      0.59124150      1.80841675      5.01271123
      0.58739315      0.58445938      1.79629893      4.98552757      0.59278959
      0.60461885      1.80692222      5.03910779      0.57759119      0.57790867
      1.78393456      5.01887441      0.59773131      0.58984284      1.78664789
      5.04033005      0.58192423      0.58787134      1.79477922      4.99246377
      0.57971142      0.62003869      1.81176255      5.03236459      0.60435456
      0.57787538      1.80927385      4.99344220      0.64646763      0.59010157
      1.79271763      5.05279477      0.59227437      0.58010972      1.78639589
      5.03066660      0.58345549      0.61272340      1.78305474      5.01221604
      0.59406478      0.61189510      1.78003016      5.01011987      0.59824240
      0.59574674      1.80642303      5.07283603      0.54968851      0.60047102
      1.80062543      5.06497042      0.58405269      0.58561574      1.79597766
      4.93956110      0.62942167      0.62409090      1.80134276      5.04646928
      0.60292048      0.58040643      1.80542966      4.94853630      0.59655811
      0.61558776      1.80293160      4.99040500      0.60509735      0.59315404
      1.77796774      4.99819842      0.61334569      0.62298307      1.78585958
      5.02935927      0.61864372      0.59297225      1.78609617      5.00923908
      0.59542090      0.60411411      1.80939127      5.07453109      0.57029510
      0.60352750      1.78929084      5.02509809      0.59567206      0.57585475
      1.78841903      4.99607613      0.60714332      0.61860070      1.78027489
      4.95707144      0.61865168      0.59198973      1.79655065      5.00953058
      0.61624819      0.58603314      1.78059169      5.00590722      0.61817340
      0.58014247      1.77757529      5.00709708      0.59500174      0.61662617
      1.79525486      5.06738970      0.58045798      0.58482267      1.79394281
      5.02127222      0.60000075      0.59651336      1.79411833      5.00733709
      0.58280771      0.60744565      1.78866016      4.98754542      0.62352628
      0.59683072      1.79163237      5.05318068      0.58905050      0.57124601
      1.79347247      4.96690977      0.60677939      0.58765384      1.79985693
      4.99861178      0.58836931      0.60177535      1.78976288      5.03696206
      0.60120805      0.60276132      1.79025963      4.99181658      0.62080260
      0.58920353      1.79957737      4.96744216      0.63037269      0.58959476
      1.77497046      5.00123480      0.60040724      0.61375597      1.77978924
      5.03124704      0.63786246      0.56867659      1.77849731      4.96980760
      0.61861990      0.60548294      1.78526384      5.01794030      0.58186758
      0.59907488      1.79390655      5.02360832      0.59667738      0.56463274
      1.77987499      4.98510371      0.61531267      0.59864998      1.79432350
      5.02666113      0.58091803      0.59679990      1.79731456      5.10117642
      0.55824783      0.58694659      1.78994154      5.00536998      0.60233580
      0.59482868      1.81133494      5.00125978      0.60189651      0.58611350
      1.80027143      5.10556985      0.57572231      0.55108479      1.79566656
      5.02747132      0.58914905      0.58183724      1.80355073      5.01240197
      0.59947547      0.56648920      1.82376300      5.08418789      0.54997865
      0.56178118      1.79263705      4.99963015      0.59134612      0.59779483
      1.79444698      4.98345313      0.58383357      0.60943533      1.78453277
      5.01588579      0.61697744      0.58788860      1.80153865      5.02576545
      0.61474421      0.58179040      1.77743863      4.99407651      0.62049087
      0.60569632      1.80564512      5.02180438      0.56726328      0.59394146
      1.79929406      4.98181539      0.60931918      0.57836250      1.75535418
      4.98154800      0.63836556      0.62033106      1.78986285      5.06684759
      0.58554094      0.59598099      1.81864623      5.00644200      0.57881972
      0.59409996      1.79440289      4.98353374      0.61933323      0.60037362
      1.79386939      5.00570652      0.58919673      0.60040664      1.77296794
      4.99363559      0.63278829      0.59212186      1.78977337      5.01089175
      0.58436169      0.61328907      1.84168678      5.24733457      0.59057419
      0.48931857      1.76517855      4.99799528      0.62368210      0.60060159
      1.78859664      5.01808639      0.56169224      0.60758422      1.80642043
      5.06846294      0.58949371      0.56246087      1.78777407      4.98014036
      0.60589829      0.60437613      1.79955048      4.99284545      0.58246678
      0.61378841      1.79010871      5.01022113      0.57910089      0.59658210
      1.79037176      5.06389797      0.58259620      0.57179953      1.79214155
      4.94355189      0.61374536      0.62126574      1.79774769      5.01410157
      0.57549336      0.62267482      1.79774940      5.05580160      0.58930085
      0.59152370      1.76605845      4.96752521      0.62022130      0.61371079
      1.78376194      4.99640284      0.62813806      0.62131659      1.78255005
      5.01407057      0.58749408      0.60414313

     SUBSYSTEM
    -----------
      69      74      70      52      69      73      74      69      70      52
      48      53      66      61      66      50      51      49       5       5
     106      67      67      43      94      94      94      22      17      62
      62      81      39      39      39      77      72      77      78      73
      78      10      33      10      44      44      45      10      31      10
      19       1      15      57      57      58      84      84      84      72
      68      72      25      25      26      47      42      47      41      41
      41      85      85      89      78      97      79      76      75      76
     104     108     103      51      51      46      14      18      14      24
      24      24      87      87      87      11      11      15      92      92
      91     111      92      88      58      58      58     114     114     114
      43      42      43      16      16       2     110     110     107     100
      99     100      55      55      77      32      32      28     115     115
     115       9      12       9      38      39      38      65      65      65
     112     113     112      75      74      75     101     102      99      53
      57      53      78      56      60      93      93      92      66      66
      66      68      64      68      91      91      91      48      29      48
     114     114     111      55      35      55      30      34      49     103
     103     117      83      64      83      43      20      44      89      93
      89      98      99      98      29      29       8      88      88      88
      37      37      37     105     105       4      40      37      40      96
      96      96      54      54      49      90      90      89      71      71
      71       3      23      23      80      80     101      52      56      52
      21      20      22     100      95     100     109     109     109       9
       6       9      85      85      66       7     111       7      30      25
      30      83      83      82      33      34      34      63      63      59
      31      27      31      86      86     106      13     116      13      31
      31      36

     MULLIKEN POPULATIONS
    ----------------------
      1.23888590      2.85716810      1.19982458      2.66675859      1.77024678
      4.84563599      1.46997281      3.62724353      0.90486131      0.88872241
      0.93121238      0.94178936      0.59753051      0.71954622      0.69408510
      0.73704618      1.78602452      4.99080013      0.60697364      0.59819175
      1.79430854      4.99563298      0.58430224      0.58704411      1.78935673
      4.98375550      0.60094581      0.63791086      1.79640475      5.06116383
      0.59633406      0.55128914      1.78587120      5.08203160      0.59439106
      0.58292399      1.85457898      5.32776934      0.57840173      1.80573478
      5.01979228      0.58355906      0.59265800      1.80753618      5.01602063
      0.58715896      0.58425901      1.79610387      4.98667080      0.59278487
      0.60567812      1.80626337      5.03907620      0.57730759      0.57757054
      1.78013078      5.01937011      0.59769298      0.58988490      1.78022361
      5.04037864      0.58292951      0.58693568      1.79422044      4.99007011
      0.58037899      0.62247600      1.81379496      5.03385839      0.60381818
      0.57868596      1.81187802      4.99116939      0.64743235      0.58889996
      1.78953941      5.05400878      0.59318147      0.58139663      1.78363790
      5.03229385      0.58302323      0.61400463      1.77937522      5.01705855
      0.59276581      0.61107873      1.77949683      5.00917196      0.59846185
      0.59700375      1.80346437      5.08248486      0.54880139      0.59803899
      1.79809945      5.06516652      0.58351099      0.58600206      1.79234142
      4.94565213      0.62788362      0.62370882      1.79761603      5.04949174
      0.60189953      0.58132289      1.80280701      4.95146171      0.59715196
      0.61473953      1.80140911      4.99101516      0.60656237      0.59360061
      1.78092417      4.99386845      0.61337575      0.62394957      1.78460947
      5.02992114      0.61831892      0.59180980      1.78342358      5.01109089
      0.59525036      0.60493907      1.81127570      5.07443056      0.57068227
      0.60334278      1.78651510      5.02848103      0.59619632      0.57505989
      1.78754707      4.99671579      0.60818930      0.61821304      1.77818105
      4.95989262      0.61747704      0.59232800      1.79567626      5.01241101
      0.61502682      0.58494071      1.77881007      5.00956172      0.61801144
      0.57860936      1.77827692      5.00762288      0.59442555      0.61600342
      1.79230937      5.06874656      0.58054045      0.58571349      1.79185807
      5.02121143      0.60055433      0.59645652      1.79255534      5.00757366
      0.58331581      0.60898496      1.78683013      4.98777566      0.62452511
      0.59734237      1.78974749      5.05467521      0.58915532      0.57189307
      1.79258817      4.96647410      0.60654499      0.58759087      1.79843180
      4.99946540      0.58637241      0.60154381      1.78825587      5.03702625
      0.60126764      0.60343688      1.78764346      4.99501210      0.62072497
      0.59030300      1.79779414      4.96966671      0.62974312      0.59051479
      1.77491981      5.00355328      0.59971754      0.61296969      1.77986559
      5.03139513      0.63729260      0.56790098      1.77651124      4.97054799
      0.61854070      0.60648424      1.78314575      5.01830084      0.58329718
      0.59897625      1.79413741      5.02261018      0.59672112      0.56412339
      1.78004914      4.98618539      0.61656062      0.59876931      1.79259454
      5.02815432      0.58066553      0.59672579      1.79714345      5.09902349
      0.55992670      0.58631738      1.78765627      5.00712775      0.60298704
      0.59554237      1.80974403      5.00515480      0.60117078      0.58539127
      1.79815404      5.10880995      0.57573564      0.55241611      1.79725929
      5.02380060      0.59046004      0.58307035      1.80071268      5.01205028
      0.60033363      0.56729982      1.82597326      5.08466701      0.54784992
      0.56336251      1.79157176      4.99850590      0.59339359      0.59821889
      1.79122723      4.98645335      0.58259705      0.61000613      1.78098736
      5.01756544      0.61768720      0.58803625      1.80110641      5.02634900
      0.61518287      0.58149138      1.77843979      4.99444669      0.61990855
      0.60493286      1.80388790      5.02291349      0.56835697      0.59384665
      1.80276103      4.97335191      0.60960753      0.58025839      1.76092019
      4.97476109      0.63884051      0.62112468      1.78921972      5.06355425
      0.58583418      0.59741618      1.82028309      5.00624885      0.57958984
      0.59447617      1.79211320      4.98717777      0.61805636      0.59996696
      1.79265290      5.00683639      0.59028364      0.59977880      1.77192346
      4.99482911      0.63237644      0.59271162      1.78559895      5.01932969
      0.58175339      0.61201511      1.84399612      5.26455640      0.58862132
      0.48831084      1.76205898      5.00400566      0.62291977      0.60084118
      1.78415967      5.02188464      0.56226456      0.60741801      1.80822155
      5.07093376      0.58906619      0.56138988      1.78662975      4.98376787
      0.60487370      0.60420915      1.79772730      4.99564670      0.58311449
      0.61347480      1.78646654      5.01067848      0.57966204      0.59691114
      1.79091227      5.06896582      0.58076743      0.57046150      1.79007180
      4.94590386      0.61339995      0.62195915      1.79512888      5.01431288
      0.57657735      0.62300323      1.79444372      5.05310069      0.59017336
      0.59329323      1.76029471      4.97212863      0.62101214      0.61486266
      1.78402166      4.99580684      0.62613078      0.62171017      1.78339440
      5.01394620      0.58803251      0.60313346

     SUBSYSTEM
    -----------
      70      75      71      54      70      74      75      70      71      54
      50      55      66      62      67      52      53      51       4       5
     107      67      68      45      95      95      95      21      17      63
      63      82      38      33      39      78      78      78      79      79
      79      11      32      10      46      46      47      10      36      10
      19       1      15      59      58      59      85      85      85      73
      73      73      24      24      25      49      49      49      43      43
      43      86      86      90      80      98      80      77      76      77
     109     109     108      53      53      48      14      18      14      23
      23      23      88      92      88      11      11      15      93      93
      92     113      93      89      59      59      59     119     119     116
      44      44      45      16      16       2     112     112     111     101
     100     101      56      56      78      31      31      27     117     117
     117       8      12       8      37      38      37      66      66      66
     114     110     115      76      76      76     100     104     100      55
      58      55      79      57      61      94      94      93      67      67
      67      69      69      69      92      97      92      50      28      50
     116     116     113      56      34      56      29      29      51     105
     105     119      84      65      84      41      20      42      90      94
      90      99     100     100      28      28       7      89      89      89
      36      36      37     106     106       4      40      36      40     103
      98     102      51      51      51      91      91      90      72      68
      72       3      22      22      81      81     100      54      57      54
      20      20      21      96      96     101      91     110     110       5
       9       8      86      86      67       6     113      26      28      24
      29      84      84      83      33      33      33      64      64      60
      30      30      30      87      87     107      13     118      13      35
      30      35

     MULLIKEN POPULATIONS
    ----------------------
      1.24130728      2.85730828      1.20179278      2.66447009      1.77143546
      4.84282961      1.47207407      3.62773223      0.90259748      0.89034021
      0.93159245      0.94362279      0.59721627      0.71857741      0.69249354
      0.73729322      1.78492944      4.99336227      0.60631274      0.59814991
      1.79072107      5.00030144      0.58414800      0.58727561      1.78554784
      4.98897647      0.60057607      0.63641243      1.79339832      5.06520583
      0.59605444      0.55116160      1.78196493      5.08068516      0.59499644
      0.58508226      1.85349633      5.30786910      0.58201451      1.80297172
      5.01903437      0.58416184      0.59429239      1.80573221      5.02046244
      0.58709257      0.58407376      1.79542262      4.98869638      0.59285429
      0.60669448      1.80487158      5.03931782      0.57705709      0.57742828
      1.77676647      5.02134202      0.59747943      0.58995633      1.77516399
      5.04092477      0.58404637      0.58566293      1.79303894      4.98818588
      0.58115426      0.62472556      1.81377682      5.03479649      0.60335629
      0.57982899      1.81235582      4.98986229      0.64789948      0.58773412
      1.78659556      5.05485049      0.59417693      0.58268251      1.78108599
      5.03400488      0.58251815      0.61511378      1.77573968      5.02201366
      0.59103871      0.61004366      1.77944192      5.00810501      0.59873213
      0.59818972      1.79897863      5.09176068      0.54871001      0.59585737
      1.79543996      5.06572355      0.58302000      0.58630929      1.78757175
      4.95280920      0.62634975      0.62322786      1.79316602      5.05275068
      0.60112550      0.58224588      1.79854637      4.95647029      0.59786305
      0.61381250      1.79906424      4.99286698      0.60776309      0.59376920
      1.78454809      4.98920929      0.61360955      0.62459773      1.78366663
      5.03006641      0.61800464      0.59097187      1.78165393      5.01234164
      0.59498118      0.60567968      1.81141689      5.07372762      0.57135483
      0.60347675      1.78399217      5.03220020      0.59665661      0.57437871
      1.78653136      4.99733509      0.60885506      0.61781877      1.77640695
      4.96416814      0.61645526      0.59260969      1.79371966      5.01578433
      0.61373719      0.58392142      1.77728602      5.01267052      0.61773938
      0.57712983      1.77982191      5.00784149      0.59357460      0.61541161
      1.78932847      5.06982243      0.58095118      0.58650078      1.78966576
      5.02084770      0.60082857      0.59652149      1.79045486      5.00846554
      0.58398416      0.61054110      1.78478210      4.98855507      0.62535329
      0.59774367      1.78811798      5.05638997      0.58917330      0.57272815
      1.79139759      4.96791395      0.60643768      0.58780384      1.79541064
      5.00161381      0.58460013      0.60174777      1.78673162      5.03719655
      0.60119544      0.60413702      1.78534904      4.99824801      0.62027138
      0.59140153      1.79468207      4.97313827      0.62902416      0.59158358
      1.77564113      5.00537652      0.59905816      0.61194610      1.77951998
      5.03125791      0.63688522      0.56725909      1.77547147      4.97055299
      0.61827504      0.60746627      1.78209134      5.01816554      0.58457891
      0.59866686      1.79377380      5.02267582      0.59675203      0.56392611
      1.78010622      4.98776107      0.61793546      0.59892316      1.79047930
      5.02962032      0.58047764      0.59687504      1.79824433      5.09727017
      0.56115828      0.58540888      1.78547985      5.00904362      0.60354709
      0.59622894      1.80585487      5.01016650      0.60022711      0.58496969
      1.79613481      5.11105329      0.57611971      0.55419271      1.79782742
      5.02064544      0.59164291      0.58474865      1.79739729      5.01158852
      0.60128976      0.56820797      1.82716324      5.08460015      0.54603862
      0.56498995      1.79009370      4.99786328      0.59544722      0.59875152
      1.78791530      4.98938384      0.58123188      0.61039737      1.77788176
      5.01943398      0.61823776      0.58810183      1.79972233      5.02694286
      0.61560548      0.58146918      1.77984806      4.99457746      0.61926951
      0.60422449      1.80102058      5.02509160      0.56977978      0.59371485
      1.80461981      4.96690437      0.61003449      0.58217484      1.76862997
      4.96621972      0.63835545      0.62269162      1.78875481      5.06026427
      0.58616437      0.59907607      1.82012824      5.00648542      0.58039958
      0.59503031      1.78897468      4.99125440      0.61674191      0.59981039
      1.79086212      5.00879292      0.59160379      0.59900089      1.77161185
      4.99594512      0.63171940      0.59313314      1.78064883      5.02820682
      0.57939561      0.61083432      1.84714864      5.28221390      0.58667882
      0.48720605      1.76050588      5.00939380      0.62172836      0.60105045
      1.78025937      5.02643469      0.56317195      0.60705047      1.80840017
      5.07163606      0.58912622      0.56086911      1.78514438      4.98784174
      0.60378284      0.60399730      1.79705157      4.99782395      0.58391875
      0.61291984      1.78343103      5.01045025      0.58023376      0.59686033
      1.79135626      5.07371184      0.57900494      0.56954769      1.78691537
      4.94994246      0.61320390      0.62225615      1.79253480      5.01458952
      0.57775697      0.62336100      1.79100111      5.05081893      0.59084420
      0.59475943      1.75662768      4.97512210      0.62126655      0.61592928
      1.78366869      4.99635680      0.62382031      0.62203978      1.78440706
      5.01376785      0.58862448      0.60212827

     SUBSYSTEM
    -----------
      69      74      70      53      69      73      74      69      70      53
      49      54      65      61      66      51      52      50       4       5
     106      66      67      44      94      94      94      21      17      62
      62      81      37      32      38      77      77      77      78      78
      78      11      31      10      45      45      46      10      35      10
      19       1      15      58      57      58      84      84      84      72
      72      72      24      24      25      48      48      48      42      42
      42      85      85      89      79      97      79      76      75      76
     108     108     107      52      52      47      14      18      14      23
      23      23      87      91      87      11      11      15      92      92
      91     112      92      88      58      58      58     118     118     115
      43      43      44      16      16       2     111     111     110     100
      99     100      55      55      77      30      30      26     116     116
     116       8      12       8      36      37      36      65      65      65
     113     109     114      75      75      75      99     103      99      54
      57      54      78      56      60      93      93      92      66      66
      66      68      68      68      91      96      91      49      27      49
     115     115     112      55      33      55      28      28      50     104
     104     118      83      64      83      40      20      41      89      93
      89      98      99      98      27      27       7      88      88      88
      35      35      36     105     105       4      39      35      39     102
      97     101      50      50      50      90      90      89      71      67
      71       3      22      22      80      80      99      53      56      53
      20      20      21      95      95     100     109     109     109       5
       9       8      85      85      66       6     112       6      27      24
      28      83      83      82      32      32      32      63      63      59
      29      29      29      86      86     106      13     117      13      34
      29      34

     MULLIKEN POPULATIONS
    ----------------------
      1.24374661      2.85767934      1.20365838      2.66299197      1.77176513
      4.84035134      1.47413322      3.62826652      0.90002585      0.89190405
      0.93160714      0.94484408      0.59678776      0.71768285      0.69072671
      0.73775378      1.78418921      4.99620944      0.60562519      0.59801343
      1.78659165      5.00499873      0.58400786      0.58746718      1.78113600
      4.99496907      0.60006252      0.63484700      1.79006809      5.06835179
      0.59595879      0.55131800      1.77806260      5.07896564      0.59589969
      0.58736305      1.85159179      5.28836757      0.58558782      1.79915063
      5.01783446      0.58456175      0.59590824      1.80330436      5.02561715
      0.58717170      0.58384156      1.79432775      4.99141149      0.59298868
      0.60756502      1.80280097      5.04016195      0.57674237      0.57747053
      1.77417485      5.02466152      0.59704900      0.59000155      1.77172296
      5.04241547      0.58502653      0.58413897      1.79140666      4.98676400
      0.58198502      0.62680790      1.81172541      5.03517636      0.60298503
      0.58121254      1.81056821      4.98987958      0.64770075      0.58666601
      1.78421668      5.05513112      0.59519335      0.58383053      1.77897801
      5.03592143      0.58188423      0.61581297      1.77248470      5.02670704
      0.58884222      0.60894248      1.77987803      5.00697032      0.59901465
      0.59920869      1.79354079      5.09950238      0.54935559      0.59422272
      1.79284446      5.06664428      0.58255169      0.58648150      1.78209649
      4.96045644      0.62497409      0.62264014      1.78843564      5.05597046
      0.60056459      0.58303552      1.79295171      4.96309140      0.59853542
      0.61300755      1.79608081      4.99573802      0.60864259      0.59367165
      1.78840865      4.98451098      0.61405065      0.62499017      1.78306634
      5.03002548      0.61767269      0.59042631      1.78098839      5.01292456
      0.59452735      0.60624915      1.80975108      5.07260653      0.57225528
      0.60386287      1.78251762      5.03539555      0.59697102      0.57385106
      1.78554266      4.99845569      0.60921701      0.61738092      1.77514020
      4.96950759      0.61563572      0.59276069      1.79079876      5.01955558
      0.61249552      0.58305250      1.77616389      5.01490709      0.61730688
      0.57569162      1.78202931      5.00789227      0.59245196      0.61481261
      1.78656460      5.07061987      0.58167276      0.58701917      1.79052423
      5.01800764      0.60085038      0.59705140      1.78801991      5.00984154
      0.58472816      0.61201072      1.78272303      4.98971272      0.62604752
      0.59798635      1.78692336      5.05813072      0.58911269      0.57361991
      1.79001503      4.97111151      0.60644117      0.58825499      1.79094713
      5.00512615      0.58319461      0.60237452      1.78537467      5.03750412
      0.60096331      0.60476010      1.78357821      5.00133385      0.61949956
      0.59232905      1.79044075      4.97760623      0.62820169      0.59276199
      1.77702030      5.00682750      0.59852698      0.61050062      1.77871880
      5.03111737      0.63658845      0.56676743      1.77547165      4.96975667
      0.61780850      0.60846451      1.78221320      5.01746005      0.58561751
      0.59822708      1.79288460      5.02388231      0.59675613      0.56402888
      1.78007329      4.98958082      0.61926365      0.59904815      1.78810656
      5.03098172      0.58034929      0.59713022      1.80052792      5.09587547
      0.56196377      0.58427190      1.78361507      5.01100720      0.60395112
      0.59676606      1.79989831      5.01603011      0.59909498      0.58492968
      1.79439038      5.11189240      0.57684555      0.55627663      1.79719007
      5.01816031      0.59279189      0.58681877      1.79388509      5.01105448
      0.60231414      0.56921718      1.82736547      5.08402077      0.54448153
      0.56649449      1.78838177      4.99770148      0.59739796      0.59933766
      1.78482845      4.99211379      0.57968293      0.61058562      1.77565319
      5.02133689      0.61843703      0.58796474      1.79745374      5.02762071
      0.61599525      0.58172796      1.78144333      4.99471036      0.61855292
      0.60356306      1.79721620      5.02803809      0.57148286      0.59374408
      1.80473452      4.96291814      0.61053536      0.58413528      1.77704279
      4.95680750      0.63726672      0.62524940      1.78851660      5.05718822
      0.58656734      0.60082184      1.81819189      5.00721983      0.58118832
      0.59569798      1.78527089      4.99538228      0.61553257      0.59986629
      1.78854401      5.01123783      0.59309912      0.59829822      1.77206566
      4.99686678      0.63087952      0.59336292      1.77529352      5.03711081
      0.57734769      0.60970106      1.85109796      5.30058128      0.58467546
      0.48612108      1.76069863      5.01391031      0.62026010      0.60086724
      1.77732164      5.03141948      0.56427000      0.60643500      1.80684414
      5.07078007      0.58958432      0.56081677      1.78344134      4.99217504
      0.60262661      0.60372215      1.79555185      5.00043940      0.58456542
      0.61246858      1.78097631      5.01004604      0.58070933      0.59657892
      1.79154221      5.07776169      0.57731268      0.56924835      1.78306976
      4.95502450      0.61326444      0.62218282      1.79026235      5.01486417
      0.57887280      0.62370075      1.78776019      5.04884755      0.59128462
      0.59602817      1.75552605      4.97633092      0.62085323      0.61665689
      1.78271226      4.99822008      0.62139430      0.62211917      1.78558578
      5.01356586      0.58918654      0.60123171

     SUBSYSTEM
    -----------
      69      74      70      53      69      73      74      69      70      53
      49      54      65      61      66      51      52      50       4       5
     106      66      67      44      94      94      94      21      17      62
      62      81      37      32      38      77      77      77      78      78
      78      11      31      10      45      45      46      10      35      10
      19       1      15      58      57      58      84      84      84      72
      72      72      24      24      25      48      48      48      42      42
      42      85      85      89      79      97      79      76      75      76
     108     108     107      52      52      47      14      18      14      23
      23      23      87      91      87      11      11      15      92      92
      91     112      92      88      58      58      58     118     118     115
      43      43      44      16      16       2     111     111     110     100
      99     100      55      55      77      30      30      26     116     116
     116       8      12       8      36      37      36      65      65      65
     113     109     114      75      75      75      99     103      99      54
      57      54      78      56      60      93      93      92      66      66
      66      68      68      68      91      96      91      49      27      49
     115     115     112      55      33      55      28      28      50     104
     104     118      83      64      83      40      20      41      89      93
      89      98      99      98      27      27       7      88      88      88
      35      35      36     105     105       4      39      35      39     102
      97     101      50      50      50      90      90      89      71      67
      71       3      22       3      80      80      99      53      56      53
      20      20      21      95      95     100     109     109     109       5
       9       8      85      85      66       6     112       6      27      24
      28      83      83      82      32      32      32      63      63      59
      29      29      29      86      86     106      13     117      13      34
      29      34

     MULLIKEN POPULATIONS
    ----------------------
      1.24614990      2.85826136      1.20535215      2.66226468      1.77126767
      4.83830181      1.47600485      3.62886277      0.89735640      0.89322339
      0.93131275      0.94549510      0.59619474      0.71695116      0.68887224
      0.73839073      1.78389195      4.99934759      0.60480867      0.59768471
      1.78225893      5.00951377      0.58406485      0.58754591      1.77659869
      5.00113527      0.59929788      0.63349470      1.78680681      5.07043298
      0.59595919      0.55154427      1.77466801      5.07692977      0.59699044
      0.58952993      1.84862000      5.26912435      0.58907591      1.79472983
      5.01701540      0.58494714      0.59750036      1.80062514      5.03090707
      0.58748173      0.58346474      1.79291586      4.99436368      0.59346601
      0.60813873      1.80020178      5.04184714      0.57611634      0.57770812
      1.77262788      5.02907763      0.59633699      0.58993699      1.77383143
      5.04259042      0.58635761      0.58294736      1.78963007      4.98583638
      0.58278947      0.62857072      1.80742095      5.03538798      0.60323710
      0.58206853      1.80653569      4.99162946      0.64683162      0.58571044
      1.78268102      5.05463840      0.59626995      0.58468566      1.77756546
      5.03820322      0.58102000      0.61572649      1.76992373      5.03066466
      0.58617192      0.60800233      1.78079722      5.00597001      0.59924257
      0.59984165      1.78787907      5.10447197      0.55069082      0.59350033
      1.79053265      5.06798602      0.58200377      0.58644250      1.77643947
      4.96795320      0.62380105      0.62197313      1.78386127      5.05854383
      0.60033422      0.58378092      1.78646777      4.97061594      0.59920006
      0.61241389      1.79274277      4.99950622      0.60892214      0.59344368
      1.79202297      4.97993186      0.61478767      0.62526451      1.78279597
      5.02978320      0.61713294      0.59032042      1.78151851      5.01290105
      0.59381438      0.60654129      1.80634396      5.07141662      0.57331168
      0.60437081      1.78604109      5.03522658      0.59731929      0.57286828
      1.78464191      4.99979521      0.60947676      0.61686162      1.77453243
      4.97536774      0.61506045      0.59268591      1.78712015      5.02357615
      0.61141639      0.58241506      1.77557205      5.01645812      0.61674514
      0.57414989      1.78457920      5.00771198      0.59124088      0.61430425
      1.78427125      5.07110375      0.58257650      0.58721146      1.79136883
      5.01502512      0.60065261      0.59754795      1.78547601      5.01141308
      0.58552226      0.61330491      1.78086818      4.99108311      0.62659719
      0.59804417      1.78633217      5.05978713      0.58885965      0.57443560
      1.78856779      4.97572241      0.60653428      0.58891022      1.78539956
      5.01055018      0.58228530      0.60332050      1.78438474      5.03804996
      0.60042637      0.60523018      1.78251564      5.00411726      0.61842117
      0.59296104      1.78540708      4.98273274      0.62723160      0.59401070
      1.77878411      5.00777267      0.59822128      0.60886364      1.77750046
      5.03127707      0.63631412      0.56638942      1.77647593      4.96820459
      0.61721950      0.60944474      1.78349616      5.01605127      0.58588737
      0.59761500      1.79159775      5.02627110      0.59674389      0.56427094
      1.77974182      4.98969662      0.62005690      0.59919945      1.78258886
      5.03576362      0.58033804      0.59695481      1.80377725      5.09485806
      0.56238577      0.58293578      1.78219151      5.01271376      0.60411521
      0.59730786      1.79231900      5.02240136      0.59787325      0.58527119
      1.79307356      5.11111730      0.57785518      0.55849315      1.79528816
      5.01645740      0.59399733      0.58919280      1.79053898      5.01058089
      0.60326928      0.57025273      1.82669362      5.08338129      0.54325702
      0.56694885      1.78658690      4.99779015      0.59929974      0.59999789
      1.78226745      4.99456040      0.57789224      0.61054486      1.77463139
      5.02317461      0.61808876      0.58754578      1.79447920      5.02857018
      0.61616657      0.58225026      1.78299990      4.99516429      0.61766159
      0.60290235      1.79284847      5.03116329      0.57337600      0.59374054
      1.80308461      4.96154496      0.61107039      0.58624286      1.78491894
      4.94765134      0.63585976      0.62861608      1.78862427      5.05440777
      0.58705280      0.60250172      1.81457230      5.00846981      0.58183131
      0.59657454      1.78137159      4.99925318      0.61441841      0.60013076
      1.78593942      5.01374433      0.59468735      0.59775081      1.77325231
      4.99764923      0.62970133      0.59344830      1.77015321      5.04549082
      0.57563696      0.60841072      1.85562467      5.31963024      0.58275504
      0.48525160      1.76252767      5.01727742      0.61847110      0.60051372
      1.77566583      5.03628954      0.56541227      0.60573339      1.80351187
      5.06870428      0.59040612      0.56123098      1.78169614      4.99665931
      0.60139304      0.60323923      1.79337726      5.00323795      0.58510567
      0.61216355      1.77906950      5.00992706      0.58096723      0.59622333
      1.79139764      5.08100563      0.57590588      0.56928668      1.77896712
      4.96048087      0.61367340      0.62175757      1.78850501      5.01483550
      0.57986268      0.62417959      1.78508359      5.04707052      0.59153371
      0.59703486      1.75696694      4.97545756      0.61996435      0.61715644
      1.78139625      5.00115332      0.61915894      0.62169720      1.78703191
      5.01327336      0.58958663      0.60049312

     SUBSYSTEM
    -----------
      68      73      69      52      68      72      73      68      69      52
      48      53      64      60      65      50      51      49       4       5
     105      65      66      43      93      93      93      21      17      61
      61      80      37      32      38      76      76      76      77      77
      77      11      31      10      44      44      45      10      35      10
      19       1      15      57      56      57      83      83      83      71
      71      71      24      24      25      47      47      47      41      41
      41      84      84      88      78      96      78      75      74      75
     107     107     106      51      51      46      14      18      18      23
      23      23      86      90      86      11      11      15      91      91
      90     111      91      87      57      57      57     117     117     114
      42      42      43      16      16       2     110     110     109      99
      98      99      54      54      76      30      30      26     115     115
     115       8      12       8      36      37      36      64      64      64
     112     108     113      74      74      74      98     102      98      53
      56      53      77      55      59      92      92      91      65      65
      65      67      67      67      90      95      90      48      27      48
     114     114     111      54      33      54      28      28      49     103
     103     117      82      63      82      40      20      44      88      92
      88      97      98      97      27      27       7      87      87      87
      35      35      36     104     104       4      39      35      39     101
      96     100      49      49      49      89      89      88      70      66
      70       3      22       3      79      79      98      52      55      52
      20      20      21      94      94      99     108     108     108       5
       9       8      84      84      65       6     111       6      27      24
      28      82      82      81      32      32      32      62      62      58
      29      29      29      85      85     105      13     116      13      34
      29      34

     MULLIKEN POPULATIONS
    ----------------------
      1.24898347      2.85871273      1.20685904      2.66234659      1.76998856
      4.83669229      1.47773031      3.62965094      0.89452055      0.89439192
      0.93071533      0.94535325      0.59546646      0.71616946      0.68701282
      0.73906915      1.78402579      5.00260094      0.60382642      0.59724191
      1.77816621      5.01383220      0.58406936      0.58748762      1.77247280
      5.00690101      0.59825225      0.63247117      1.78392531      5.07110677
      0.59612106      0.55186788      1.77220593      5.07444633      0.59820741
      0.59149541      1.84438899      5.24990289      0.59240397      1.79015568
      5.01654312      0.58539609      0.59894299      1.79813773      5.03580866
      0.58794003      0.58292805      1.79140912      4.99738739      0.59395959
      0.60842126      1.79721703      5.04412620      0.57554497      0.57801033
      1.77227317      5.03418075      0.59534086      0.58967019      1.77739669
      5.04333779      0.58761715      0.58171474      1.78804070      4.98536868
      0.58352266      0.62984763      1.80155518      5.03533062      0.60370873
      0.58301806      1.80043255      4.99523856      0.64531686      0.58502574
      1.78219043      5.05329334      0.59735454      0.58513607      1.77686245
      5.04047463      0.57997995      0.61527444      1.76838684      5.03366471
      0.58312857      0.60711426      1.78207089      5.00506280      0.59940024
      0.60016256      1.78290620      5.10620196      0.55244747      0.59345248
      1.78867890      5.06967143      0.58137532      0.58613986      1.77117841
      4.97475356      0.62282572      0.62121137      1.77996276      5.06023285
      0.60034952      0.58436497      1.77968594      4.97826368      0.59977706
      0.61213137      1.78933750      5.00364158      0.60883706      0.59296094
      1.79501886      4.97601840      0.61559186      0.62541547      1.78284435
      5.02970543      0.61643516      0.59046452      1.78314682      5.01228991
      0.59288617      0.60655076      1.80136082      5.07040863      0.57445397
      0.60508097      1.78975303      5.03494972      0.59761921      0.57200095
      1.78394889      5.00148706      0.60932308      0.61631120      1.77467082
      4.98113276      0.61465310      0.59243018      1.78301115      5.02776075
      0.61056041      0.58195400      1.77554719      5.01735868      0.61597757
      0.57259692      1.78718900      5.00753041      0.58998594      0.61377249
      1.78269822      5.07121214      0.58354764      0.58700655      1.79214811
      5.01199443      0.60033626      0.59793963      1.78309048      5.01297226
      0.58625587      0.61431258      1.77942470      4.99261076      0.62695363
      0.59789530      1.78638891      5.06103768      0.58853830      0.57511563
      1.78719844      4.98127786      0.60666724      0.58966690      1.77919406
      5.01682401      0.58189170      0.60447504      1.78388347      5.03873319
      0.59971415      0.60544565      1.78228872      5.00641292      0.61717834
      0.59310477      1.78003114      4.98802801      0.62612911      0.59529829
      1.78065692      5.00834115      0.59809851      0.60716483      1.77594208
      5.03186640      0.63599988      0.56615527      1.77833116      4.96601973
      0.61656537      0.61041821      1.78578771      5.01419081      0.58589321
      0.59697556      1.79003617      5.02965117      0.59666781      0.56465264
      1.77943540      4.99015572      0.62042106      0.59922972      1.77752368
      5.04014928      0.58019279      0.59683195      1.80764700      5.09417582
      0.56253855      0.58150183      1.78137353      5.01420227      0.60409029
      0.59753026      1.78377382      5.02875299      0.59670427      0.58599181
      1.79230477      5.10877262      0.57905742      0.56066589      1.79221020
      5.01546463      0.59540550      0.59175149      1.78772393      5.01020933
      0.60406473      0.57124098      1.82511243      5.08237057      0.54231657
      0.56724755      1.78494987      4.99820623      0.60090560      0.60060325
      1.78045337      4.99662569      0.57593022      0.61025741      1.77492367
      5.02485027      0.61715268      0.58682866      1.79102565      5.02980518
      0.61616822      0.58297728      1.78426339      4.99608401      0.61665814
      0.60225097      1.78836354      5.03416458      0.57537694      0.59381834
      1.79978192      4.96272385      0.61157679      0.58858806      1.79144165
      4.93971537      0.63436977      0.63234821      1.78920284      5.05195511
      0.58761988      0.60395522      1.80947559      5.01019753      0.58252256
      0.59752996      1.77765559      5.00256288      0.61352545      0.60047528
      1.78339425      5.01591180      0.59611958      0.59749678      1.77501779
      4.99829190      0.62824271      0.59340554      1.76555249      5.05313791
      0.57410375      0.60709763      1.86050231      5.33956016      0.58080534
      0.48483477      1.76572888      5.01947223      0.61651479      0.59996323
      1.77555989      5.04068119      0.56648680      0.60482281      1.79854035
      5.06599529      0.59142312      0.56206882      1.78007506      5.00113069
      0.60003662      0.60255668      1.79075788      5.00611562      0.58547402
      0.61200475      1.77783829      5.01032029      0.58095541      0.59586935
      1.79084652      5.08328749      0.57485874      0.56962042      1.77501960
      4.96572412      0.61439812      0.62106286      1.78746516      5.01454916
      0.58073816      0.62454286      1.78332936      5.04556561      0.59149825
      0.59766662      1.76067345      4.97263525      0.61874775      0.61742612
      1.78014303      5.00473712      0.61723310      0.62055154      1.78887205
      5.01282767      0.58969390      0.59998593

     SUBSYSTEM
    -----------
      67      72      68      51      67      71      72      67      68      51
      47      52      63      59      64      49      50      48       3       4
     105      64      65      42      92      92      92      20      16      60
      60      79      36      31      37      75      75      75      76      76
      76      10      30       9      43      43      44       9      34       9
      18      18      14      56      55      56      82      82      82      70
      70      70      23      23      24      46      46      46      40      40
      40      83      83      87      77      95      77      74      73      74
     107     107     106      50      50      45      13      17      17      22
      22      22      85      89      85      10      10      10      90      90
      89     111      90      86      56      56      56     117     117     114
      41      41      42      15      15       1     110     110     109      98
      97      98      53      53      75      29      29      25     115     115
     115       7      11       7      35      36      35      63      63      63
     112     108     113      73      73      73      97     101      97      52
      55      52      76      54      58      91      91      90      64      64
      64      66      66      66      89      94      89      47      26      47
     114     114     111      53      32      53      27      27      48     103
     103     117      81      62      81      39      19      43      87      91
      87      96      97      96      26      26       6      86      86      86
      34      34      35     104     104       3      38      34      38     100
      95      99      48      48      48      88      88      87      69      65
      69       2      21       2      78      78      97      51      54      51
      19      19      20      93      93      98     108     108     108       4
       8       7      83      83      64       5     111       5      26      23
      27      81      81      80      31      31      31      61      61      57
      28      28      28      84      84     102      12     116      12      33
      28      33

     MULLIKEN POPULATIONS
    ----------------------
      1.25171647      2.85939847      1.20817905      2.66318579      1.76805024
      4.83566585      1.47905771      3.63037518      0.89167304      0.89538733
      0.92990638      0.94450961      0.59461769      0.71556371      0.68527862
      0.73984570      1.78453408      5.00588676      0.60264959      0.59669673
      1.77472883      5.01785619      0.58397221      0.58722723      1.76927608
      5.01181640      0.59686406      0.63181860      1.78171468      5.07032613
      0.59642747      0.55217858      1.77102083      5.07148516      0.59947595
      0.59313322      1.83878398      5.23061524      0.59559339      1.78594686
      5.01640754      0.58584473      0.60014391      1.79628072      5.03990364
      0.58846562      0.58218910      1.78997523      5.00017848      0.59444412
      0.60836748      1.79411786      5.04691805      0.57501807      0.57828806
      1.77310543      5.03948639      0.59409668      0.58916694      1.78192161
      5.04448992      0.58880704      0.58066681      1.78691796      4.98532782
      0.58410320      0.63055607      1.79460297      5.03520615      0.60442592
      0.58402096      1.79263481      5.00056270      0.64332801      0.58472466
      1.78278927      5.05107068      0.59845118      0.58513707      1.77689228
      5.04268649      0.57878218      0.61450106      1.76809054      5.03554265
      0.57980712      0.60628974      1.78355698      5.00434493      0.59945352
      0.60014479      1.77930205      5.10457268      0.55437287      0.59394691
      1.78741932      5.07160539      0.58062916      0.58556170      1.76687088
      4.98043195      0.62196156      0.62031836      1.77717557      5.06091984
      0.60050432      0.58471470      1.77330658      4.98528472      0.60019790
      0.61211172      1.78620999      5.00778073      0.60838308      0.59222267
      1.79707218      4.97317734      0.61629649      0.62546218      1.78313493
      5.02990422      0.61556503      0.59080896      1.78562840      5.01124186
      0.59179130      0.60629317      1.79513455      5.06983390      0.57565366
      0.60597067      1.79328576      5.03465765      0.59783505      0.57130082
      1.78351498      5.00346966      0.60872682      0.61570042      1.77554125
      4.98622983      0.61441083      0.59199064      1.77886684      5.03193473
      0.60993443      0.58164661      1.77605472      5.01775803      0.61502727
      0.57105117      1.78956004      5.00750781      0.58876582      0.61314649
      1.78203887      5.07084608      0.58446897      0.58639749      1.79284216
      5.00904647      0.59999985      0.59813661      1.78111627      5.01431163
      0.58683937      0.61496054      1.77852122      4.99412041      0.62707569
      0.59752289      1.78709329      5.06174067      0.58817186      0.57558892
      1.78603607      4.98720528      0.60676857      0.59044112      1.77291581
      5.02343233      0.58195229      0.60569349      1.78396206      5.03954488
      0.59884250      0.60533860      1.78294324      5.00811380      0.61584484
      0.59264434      1.77484622      4.99289190      0.62487930      0.59665097
      1.78233731      5.00867855      0.59815837      0.60551355      1.77419247
      5.03299359      0.63557312      0.56605571      1.78079515      4.96340632
      0.61592141      0.61137978      1.78880734      5.01203424      0.58569976
      0.59640217      1.78835278      5.03376387      0.59652145      0.56508318
      1.77915560      4.99098363      0.62025482      0.59909454      1.77341989
      5.04388917      0.57977561      0.59666804      1.81173739      5.09379827
      0.56246300      0.58004484      1.78122211      5.01539655      0.60386045
      0.59740332      1.77514467      5.03456244      0.59563006      0.58697215
      1.79215800      5.10529613      0.58034855      0.56261197      1.78824440
      5.01498052      0.59711508      0.59434285      1.78577155      5.00998847
      0.60461830      0.57207913      1.82269415      5.08112512      0.54165375
      0.56749567      1.78365278      4.99884099      0.60214772      0.60108116
      1.77952905      4.99835413      0.57378893      0.60972422      1.77641892
      5.02640801      0.61563107      0.58583882      1.78741291      5.03136540
      0.61595651      0.58380914      1.78503718      4.99764065      0.61551023
      0.60159475      1.78428432      5.03659953      0.57734470      0.59394431
      1.79507406      4.96612352      0.61200786      0.59121284      1.79623712
      4.93369414      0.63298183      0.63583023      1.78963358      5.05050212
      0.58804761      0.60508337      1.80325811      5.01235323      0.58329527
      0.59853002      1.77447790      5.00511549      0.61284455      0.60083159
      1.78123287      5.01742751      0.59722696      0.59755147      1.77714203
      4.99883457      0.62656830      0.59327538      1.76193888      5.05977152
      0.57262483      0.60570413      1.86542886      5.36020012      0.57882931
      0.48517300      1.76989186      5.02059359      0.61454104      0.59923353
      1.77706717      5.04416118      0.56740552      0.60375409      1.79222419
      5.06315456      0.59255277      0.56330604      1.77872949      5.00545688
      0.59853454      0.60166233      1.78795130      5.00892338      0.58569808
      0.61195266      1.77767756      5.01116110      0.58050797      0.59549243
      1.78986982      5.08455492      0.57421935      0.57015063      1.77158100
      4.97031967      0.61534279      0.62015611      1.78723663      5.01400804
      0.58140710      0.62471740      1.78272987      5.04434456      0.59116844
      0.59787524      1.76612483      4.96815270      0.61741814      0.61752061
      1.77935950      5.00854594      0.61566653      0.61857950      1.79117995
      5.01221517      0.58940857      0.59971162

     SUBSYSTEM
    -----------
      67      72      68      51      67      71      72      67      68      51
      47      52      63      59      64      49      50      48       3       4
     105      64      65      42      92      92      92      20      16      60
      60      79      36      31      37      75      75      75      76      76
      76      10      30       9      43      43      44       9      33       9
      18      18      14      56      55      56      82      82      82      70
      70      70      23      23      24      46      46      46      40      40
      40      83      83      87      77      95      77      74      73      74
     107     107     106      50      50      45      13      17      17      22
      22      22      85      89      85      10      10      10      90      90
      89     111      90      86      56      56      56     117     117     114
      41      41      42      15      15       1     110     110     109      98
      97      98      53      53      75      29      29      25     115     115
     115       7      11       7      35      36      35      63      63      63
     112     108     113      73      73      73      97     101      97      52
      55      52      76      54      58      91      91      90      64      64
      64      66      66      66      89      94      89      47      26      47
     114     114     111      53      32      53      27      27      48     103
     103     117      81      62      81      39      19      43      87      91
      87      96      97      96      26      26       6      86      86      86
      34      34      35     104     104       3      38      34      38     100
      95      99      48      48      48      88      88      87      69      65
      69       2      21       2      78      78      97      51      54      51
      19      19      20      93      93      98     108     108     108       4
       8       7      83      83      64       5     111       5      26      23
      27      81      81      80      31      31      31      61      61      57
      28      28      28      84      84     102      12     116      12      33
      28      33

     MULLIKEN POPULATIONS
    ----------------------
      1.25431475      2.86027686      1.20929688      2.66462179      1.76561700
      4.83520253      1.47995295      3.63098757      0.88893079      0.89620757
      0.92896618      0.94306813      0.59372201      0.71517578      0.68377816
      0.74060957      1.78530528      5.00915776      0.60126580      0.59606670
      1.77231575      5.02156070      0.58366808      0.58669017      1.76740598
      5.01557899      0.59510906      0.63151127      1.78035790      5.06821415
      0.59684503      0.55238574      1.77129347      5.06810488      0.60070389
      0.59436881      1.83177424      5.21125691      0.59874846      1.78262262
      5.01655644      0.58620461      0.60101881      1.79541191      5.04292348
      0.58895994      0.58123267      1.78873344      5.00255885      0.59487458
      0.60795784      1.79122323      5.05007097      0.57448702      0.57843756
      1.77496758      5.04451872      0.59267417      0.58843572      1.78692850
      5.04581259      0.58987082      0.57997330      1.78641076      4.98568877
      0.58448948      0.63068684      1.78720673      5.03514537      0.60536136
      0.58502021      1.78376396      5.00721143      0.64104465      0.58485232
      1.78435557      5.04804650      0.59958710      0.58471266      1.77759154
      5.04481409      0.57746317      0.61348435      1.76910485      5.03633127
      0.57633722      0.60553045      1.78508377      5.00391678      0.59936660
      0.59979448      1.77735057      5.10002092      0.55623516      0.59486522
      1.78682735      5.07365635      0.57973928      0.58472643      1.76396567
      4.98472069      0.62110247      0.61924344      1.77578347      5.06068542
      0.60065495      0.58478243      1.76804917      4.99103602      0.60037256
      0.61221966      1.78370542      5.01164685      0.60752913      0.59118664
      1.79795267      4.97178574      0.61670621      0.62540679      1.78354708
      5.03046188      0.61453864      0.59129072      1.78859507      5.00997213
      0.59060541      0.60581703      1.78817653      5.06984244      0.57687233
      0.60698735      1.79632363      5.03445621      0.59791577      0.57078786
      1.78335072      5.00570120      0.60769133      0.61498208      1.77702076
      4.99025927      0.61427608      0.59142652      1.77513122      5.03590698
      0.60948758      0.58143026      1.77699433      5.01787080      0.61393513
      0.56954911      1.79143560      5.00781774      0.58763066      0.61233531
      1.78237989      5.06990286      0.58526087      0.58543935      1.79344510
      5.00637240      0.59970877      0.59806086      1.77976684      5.01528731
      0.58720972      0.61517720      1.77821977      4.99553187      0.62695874
      0.59693022      1.78835930      5.06182480      0.58780201      0.57581850
      1.78518383      4.99295225      0.60676791      0.59113738      1.76719844
      5.02983330      0.58233010      0.60680194      1.78464086      5.04048430
      0.59783693      0.60487389      1.78440364      5.00920701      0.61448296
      0.59152085      1.77047242      4.99695854      0.62342405      0.59788018
      1.78355232      5.00896190      0.59837125      0.60400970      1.77244151
      5.03464267      0.63499265      0.56604565      1.78356029      4.96062002
      0.61535798      0.61232074      1.79218554      5.00978928      0.58538775
      0.59598339      1.78671512      5.03826021      0.59630631      0.56548140
      1.77885805      4.99220513      0.61952324      0.59876539      1.77070126
      5.04678923      0.57897970      0.59637342      1.81564401      5.09367748
      0.56224609      0.57862653      1.78171430      5.01624567      0.60343562
      0.59694408      1.76746501      5.03940819      0.59455112      0.58793834
      1.79261355      5.10071119      0.58160330      0.56425241      1.78388212
      5.01469374      0.59915237      0.59678620      1.78491114      5.00995924
      0.60488392      0.57268133      1.81955980      5.07979879      0.54125988
      0.56780999      1.78283799      4.99957377      0.60298842      0.60137340
      1.77952376      4.99986639      0.57148652      0.60895299      1.77881886
      5.02792961      0.61361574      0.58465827      1.78401009      5.03324485
      0.61549818      0.58460958      1.78518218      4.99993231      0.61420266
      0.60091332      1.78112640      5.03814440      0.57910836      0.59405349
      1.78935977      4.97115372      0.61230533      0.59410891      1.79924063
      4.92996706      0.63182686      0.63846952      1.79055289      5.04953959
      0.58855399      0.60575824      1.79643063      5.01478852      0.58416549
      0.59951755      1.77212547      5.00686156      0.61232488      0.60107562
      1.77963250      5.01816757      0.59788707      0.59791598      1.77937458
      4.99932630      0.62474750      0.59311663      1.75965202      5.06518520
      0.57109884      0.60419456      1.87009447      5.38103652      0.57684944
      0.48662287      1.77451777      5.02082803      0.61268660      0.59833735
      1.78003547      5.04642426      0.56811963      0.60261605      1.78506670
      5.06055292      0.59371845      0.56489563      1.77777220      5.00953438
      0.59687192      0.60057178      1.78524434      5.01154286      0.58580607
      0.61193060      1.77898221      5.01215606      0.57953197      0.59511945
      1.78850232      5.08481599      0.57399947      0.57077519      1.76892069
      4.97387831      0.61643504      0.61913867      1.78781129      5.01324477
      0.58181758      0.62464101      1.78337987      5.04346504      0.59055156
      0.59763254      1.77263998      4.96247501      0.61619114      0.61748945
      1.77925874      5.01228848      0.61444710      0.61580162      1.79387710
      5.01144371      0.58870709      0.59969033

     SUBSYSTEM
    -----------
      71      78      78      48      72      71      77      71      78      48
      55      54      68      68      73      43      43      57       7       7
     117      73      74      50     102     102      97      18       8      93
      74      75      38      38      38      69      70      70      76      76
      76      10      30      10      40      57      44       9      24       6
      21      21      14      62      59      62      88      88      88      70
      66      70      33      27      19      44      45      45      41      42
      41      92      92      91      81     100      81      85      82      83
     109     108     108      48      48      48      13      13      13      20
      20      20      87      87      87      15      10      15      90      90
      89     111      96      90      63      63      63     119      95     119
      50      46      46      17      15       4     107     107     107     104
     104     104      52      47      53      25      25      26     120     119
     120      12      16      11      35      35      35      67      67      67
     115     115     121      82      82      82     103     110     103      54
      59      59      80      58      58      96      96      96      73      72
      73      66      66      66      89      89      89      49      26      49
     114     114     114      23      39      52      37      37      56     106
     106     118      88      65      88      51      51      51      97      97
      91     101     101     101      26      26      11      91      91      91
      30      30      30     112     112       3      34      29      28      94
      95      94      60      61      56      98      98      97      79      79
      79       2      20       2      84      84     103      53      53      53
      27      22      18     122     105     104     116     116     116      12
       1      12      92      92      73       6     111       2      32      32
      32      86      86      86      36      31      36      64      64      52
      19      19      24      99      93     113       8     123       5      24
      24      23

     MULLIKEN POPULATIONS
    ----------------------
      1.25659403      2.86002823      1.20927364      2.66683568      1.76294185
      4.83547733      1.48059811      3.63177072      0.88756334      0.89686029
      0.92817627      0.94114999      0.59282935      0.71495471      0.68253023
      0.74123493      1.78619334      5.01238985      0.59970145      0.59536667
      1.77117455      5.02494219      0.58310362      0.58582112      1.76706391
      5.01805535      0.59302246      0.63148333      1.77990838      5.06503780
      0.59733739      0.55243496      1.77298622      5.06440634      0.60186279
      0.59520017      1.82346727      5.19213102      0.60199078      1.78062329
      5.01689032      0.58639251      0.60150705      1.79573914      5.04475443
      0.58932973      0.58009797      1.78772648      5.00447244      0.59520448
      0.60721309      1.78884354      5.05338770      0.57388400      0.57836698
      1.77757519      5.04887246      0.59119253      0.58750591      1.79197949
      5.04711568      0.59068080      0.57973164      1.78652007      4.98644184
      0.58470978      0.63027240      1.78014739      5.03519968      0.60640606
      0.58591000      1.77468293      5.01456566      0.63862091      0.58532896
      1.78662753      5.04440083      0.60079891      0.58394278      1.77882170
      5.04682278      0.57607013      0.61235168      1.77130962      5.03623426
      0.57289836      0.60486203      1.78647192      5.00385264      0.59908146
      0.59918650      1.77690990      5.09340428      0.55785759      0.59615632
      1.78690882      5.07569292      0.57868985      0.58367187      1.76272843
      4.98752348      0.62014700      0.61796505      1.77585849      5.05973943
      0.60070225      0.58457417      1.76452353      4.99499411      0.60029800
      0.61226488      1.78210407      5.01502459      0.60625523      0.58982489
      1.79752976      4.97215410      0.61665744      0.62522646      1.78394817
      5.03147671      0.61334283      0.59181895      1.79162479      5.00872658
      0.58939227      0.60520047      1.78117571      5.07044270      0.57801758
      0.60803933      1.79862308      5.03450868      0.59778514      0.57041557
      1.78339314      5.00816387      0.60644511      0.61432687      1.77888847
      4.99305963      0.61418544      0.59081546      1.77224593      5.03950206
      0.60913042      0.58119855      1.77823138      5.01799208      0.61275433
      0.56813013      1.79261586      5.00861724      0.58659188      0.61126570
      1.78366724      5.06833237      0.58586249      0.58427036      1.79394023
      5.00420480      0.59951265      0.59766310      1.77918251      5.01582190
      0.58731287      0.61492762      1.77849921      4.99680127      0.62662556
      0.59614351      1.79001708      5.06125645      0.58749402      0.57583297
      1.78470598      4.99809494      0.60658704      0.59167385      1.76262366
      5.03551892      0.58285197      0.60764234      1.78586265      5.04155043
      0.59673730      0.60405466      1.78645954      5.00978557      0.61315409
      0.58974903      1.76744776      4.99979699      0.62174254      0.59889620
      1.78408631      5.00936387      0.59870950      0.60273410      1.77089576
      5.03670771      0.63423825      0.56607642      1.78628303      4.95794730
      0.61493800      0.61321806      1.79550918      5.00765664      0.58506619
      0.59580865      1.78530789      5.04276085      0.59601284      0.56576586
      1.77848024      4.99379624      0.61827704      0.59823012      1.76963583
      5.04874862      0.57772351      0.59590826      1.81900293      5.09371499
      0.56197475      0.57728550      1.78277160      5.01684822      0.60286161
      0.59605109      1.76175032      5.04298591      0.59328389      0.58856400
      1.79360791      5.09531834      0.58270154      0.56553520      1.77976448
      5.01426042      0.60146860      0.59886798      1.78522221      5.01016430
      0.60486848      0.57300199      1.81591887      5.07852758      0.54111731
      0.56826474      1.78260045      5.00033341      0.60339242      0.60142371
      1.78034055      5.00129844      0.56908230      0.60799308      1.78174481
      5.02950936      0.61125200      0.58336615      1.78118107      5.03536703
      0.61479609      0.58524315      1.78462388      5.00295300      0.61274491
      0.60021202      1.77929973      5.03864126      0.58049583      0.59406600
      1.78319378      4.97703797      0.61238310      0.59718861      1.80053273
      4.92863209      0.63100162      0.63984757      1.79178751      5.04924483
      0.58915106      0.60594467      1.78965399      5.01728205      0.58506808
      0.60039934      1.77076478      5.00780177      0.61191355      0.60112334
      1.77861861      5.01837305      0.59795948      0.59845648      1.78147068
      4.99979746      0.62287429      0.59298211      1.75887600      5.06926313
      0.56946165      0.60256008      1.87420007      5.40119722      0.57491251
      0.48951782      1.77908005      5.02041519      0.61103946      0.59729108
      1.78410407      5.04736602      0.56860047      0.60152769      1.77778769
      5.05836712      0.59484392      0.56669768      1.77726766      5.01328869
      0.59505320      0.59932162      1.78313268      5.01180213      0.58648571
      0.61277505      1.78195571      5.01297868      0.57798648      0.59478114
      1.78683403      5.08410690      0.57417627      0.57140896      1.76728328
      4.97616126      0.61752149      0.61808689      1.78908021      5.01232195
      0.58195866      0.62426834      1.78518938      5.04288301      0.58970740
      0.59698186      1.77944800      4.95623541      0.61523201      0.61735847
      1.77977210      5.01593841      0.61353744      0.61234404      1.79672307
      5.01056619      0.58765270      0.59994026

     SUBSYSTEM
    -----------
      71      78      78      48      72      71      77      71      78      48
      55      54      68      68      73      43      43      57       7       7
     117      73      74      50     102     102      97      18       8      93
      74      75      38      38      38      69      70      70      76      76
      76      10      29      10      40      57      44       9      24       6
      21      21      14      62      59      62      88      88      88      70
      66      70      32      27      19      44      45      45      41      42
      41      92      92      91      81     100      81      85      82      83
     109     108     108      48      48      48      13      13      13      20
      20      20      87      87      87      15      11      15      90      90
      89     111      96      90      63      63      63     119      95     119
      50      46      46      17      15       4     107     107     107     104
     104     104      52      47      53      25      25      26     120     119
     120      12      16      11      35      35      35      67      67      67
     115     115     121      82      82      82     103     110     103      54
      59      59      80      58      58      96      96      96      73      72
      73      66      66      66      89      89      89      49      26      49
     114     114     114      23      39      52      37      37      56     106
     106     118      88      65      88      51      51      51      97      97
      91     101     101     101      26      26      11      91      91      91
      29      29      29     112     112       3      34      28      33      94
      95      94      60      61      56      98      98      97      79      79
      79       2      20       2      84      84     103      53      53      53
      27      22      18     122     105     104     116     116     116      12
       1      12      92      92      73       6     111       2      31      31
      31      86      86      86      36      30      36      64      64      52
      19      19      24      99      93     113       8     123       5      24
      24      23

     MULLIKEN POPULATIONS
    ----------------------
      1.25867505      2.85997134      1.20908249      2.66915332      1.76033784
      4.83615449      1.48084874      3.63232984      0.88639164      0.89732760
      0.92742119      0.93885695      0.59198454      0.71497908      0.68171995
      0.74171564      1.78704082      5.01555767      0.59801429      0.59460906
      1.77139558      5.02801894      0.58224180      0.58462198      1.76823015
      5.01927169      0.59069584      0.63165882      1.78030621      5.06116105
      0.59785952      0.55231718      1.77586143      5.06056891      0.60300314
      0.59567302      1.81416020      5.17373958      0.60544279      1.78024382
      5.01731215      0.58635671      0.60158990      1.79728802      5.04541415
      0.58956205      0.57882586      1.78693311      5.00597784      0.59539666
      0.60617825      1.78721975      5.05667384      0.57313267      0.57801468
      1.78061656      5.05241587      0.58970897      0.58625189      1.79666598
      5.04835417      0.59107672      0.57993011      1.78712750      4.98750569
      0.58482759      0.62946676      1.77554051      5.03382100      0.60718393
      0.58719062      1.76643202      5.02191215      0.63612120      0.58592959
      1.78927442      5.04044656      0.60206154      0.58292686      1.78040548
      5.04871769      0.57468283      0.61122198      1.77442823      5.03561877
      0.56969798      0.60424606      1.78755975      5.00419547      0.59862880
      0.59834032      1.77758430      5.08581083      0.55916934      0.59777750
      1.78759273      5.07756620      0.57752108      0.58244666      1.76319203
      4.98889896      0.61901333      0.61654423      1.77726461      5.05831783
      0.60061388      0.58414384      1.76316418      4.99694213      0.59979260
      0.61210363      1.78157965      5.01781461      0.60456925      0.58809498
      1.79583058      4.97475269      0.61579223      0.62482006      1.78422405
      5.03327818      0.61223081      0.59205627      1.79431334      5.00772572
      0.58823159      0.60452187      1.77493858      5.07154342      0.57900263
      0.60896826      1.79998689      5.03490986      0.59739828      0.57018367
      1.78362505      5.01088170      0.60467217      0.61353142      1.78086808
      4.99471926      0.61403197      0.59026128      1.77060195      5.04265599
      0.60884705      0.58065176      1.77956902      5.01829429      0.61153788
      0.56688670      1.79297397      5.01002207      0.58565474      0.60987800
      1.78570422      5.06618435      0.58628793      0.58303451      1.79429523
      5.00282203      0.59945440      0.59687352      1.77940448      5.01589756
      0.58712669      0.61420747      1.77928150      4.99796734      0.62604974
      0.59519090      1.79465288      5.05901024      0.58713754      0.57572457
      1.78456476      5.00215849      0.60613448      0.59229147      1.75963294
      5.03962215      0.58332219      0.60802874      1.78750247      5.04275386
      0.59561451      0.60291163      1.78800067      5.01033553      0.61196168
      0.58733814      1.76615477      5.00111291      0.61984426      0.59962268
      1.78389487      5.01029529      0.59888100      0.60160408      1.76973656
      5.03899293      0.63333233      0.56613026      1.78861362      4.95567947
      0.61470927      0.61403866      1.79845592      5.00611331      0.58444347
      0.59585665      1.78431454      5.04689553      0.59565233      0.56585234
      1.77798373      4.99566406      0.61664154      0.59748455      1.77026435
      5.04970960      0.57604772      0.59530326      1.82151862      5.09374859
      0.56177983      0.57605794      1.78422152      5.01722757      0.60212475
      0.59485726      1.75881285      5.04517028      0.59163818      0.58853427
      1.79504166      5.08944167      0.58354241      0.56643024      1.77656131
      5.01334589      0.60389336      0.60041951      1.78662213      5.01065975
      0.60463325      0.57302045      1.81211294      5.07737743      0.54120511
      0.56883069      1.78299070      5.00117522      0.60321414      0.60121548
      1.78167128      5.00165711      0.56719050      0.60661230      1.78478339
      5.03103362      0.60871440      0.58222553      1.77924838      5.03768106
      0.61386294      0.58555400      1.78333647      5.00650356      0.61126344
      0.59954847      1.77902102      5.03819223      0.58133543      0.59395806
      1.77724151      4.98291990      0.61219962      0.60026024      1.80021226
      4.92954192      0.63057953      0.63983247      1.79306127      5.04981941
      0.58984260      0.60566651      1.78368936      5.01960121      0.58587736
      0.60099466      1.77043996      5.00799170      0.61155668      0.60093242
      1.77796499      5.01807899      0.59751710      0.59930431      1.78324169
      5.00033395      0.62099061      0.59287800      1.75959894      5.07193967
      0.56775274      0.60083396      1.87746257      5.41949113      0.57318008
      0.49407569      1.78310546      5.01971609      0.60961208      0.59603710
      1.78877957      5.04715289      0.56882637      0.60054178      1.77126236
      5.05663547      0.59569810      0.56856055      1.77723022      5.01666694
      0.59310725      0.59796921      1.78170350      5.01182720      0.58700049
      0.61346013      1.78633789      5.01348679      0.57602477      0.59461942
      1.78500967      5.08247707      0.57466049      0.57200496      1.76689180
      4.97707185      0.61838888      0.61704570      1.79085000      5.01133986
      0.58183812      0.62358016      1.78795852      5.04278715      0.58867134
      0.59593361      1.78576813      4.95018781      0.61463814      0.61709965
      1.78057584      5.01963203      0.61291872      0.60843683      1.79938069
      5.00970154      0.58634480      0.60047297

     SUBSYSTEM
    -----------
      70      77      77      48      71      70      76      70      77      48
      49      54      67      67      72      43      43      55       7       7
     116      72      73      50     101     101      96      18       8      92
      73      74      38      38      38      68      69      69      75      75
      75      10      29      10      40      56      44       9      24       6
      21      21      14      61      58      61      87      87      87      69
      65      69      32      27      19      44      45      45      41      42
      41      91      91      90      80      99      80      84      81      82
     107     106     106      48      48      48      13      13      13      20
      20      20      86      86      86      15      11      15      89      89
      88     110      95      89      62      62      62     118      94     118
      50      46      50      17      15       4     105     109     105     103
     103     103      52      47      53      25      25      26     119     118
     119      12      16      11      35      35      35      66      66      66
     114     114     120      81      81      81     102     108     102      54
      58      58      79      57      57      95      95      95      72      71
      72      65      65      65      88      88      88      49      26      49
     113     113     113      23      39      52      37      37      55     104
     104     117      87      64      87      51      51      51      96      96
      90     100     100     100      26      26      11      90      90      90
      29      29      29     111     111       3      34      28      33      93
      94      93      59      60      55      97      97      96      78      78
      78       2      20       2      83      83     102      53      53      53
      27      22      18     121     122     103     115     115     115      12
       1      12      91      91      72       6     110       2      31      31
      31      85      85      85      36      30      36      63      63      52
      19      19      24      98      92     112       8     122       5      24
      24      23

     MULLIKEN POPULATIONS
    ----------------------
      1.26051905      2.86009370      1.20873131      2.67129384      1.75815894
      4.83697710      1.48076624      3.63262533      0.88538942      0.89762934
      0.92684347      0.93646718      0.59117331      0.71524644      0.68137053
      0.74198698      1.78773677      5.01873081      0.59622934      0.59374900
      1.77288337      5.03078156      0.58114897      0.58313646      1.77065127
      5.01925537      0.58843769      0.63195171      1.78147417      5.05714435
      0.59844076      0.55179006      1.77955221      5.05683862      0.60405079
      0.59588330      1.80444127      5.15676220      0.60902973      1.78156830
      5.01771971      0.58606674      0.60131221      1.79985878      5.04476824
      0.58964491      0.57782771      1.78629420      5.00715820      0.59541424
      0.60497497      1.78645781      5.05970815      0.57226111      0.57737777
      1.78368224      5.05491127      0.58827950      0.58496284      1.80057518
      5.04956166      0.59100745      0.58056437      1.78812998      4.98893770
      0.58476580      0.62837335      1.77278775      5.03243296      0.60770884
      0.58799360      1.76005984      5.02851298      0.63363514      0.58627347
      1.79192278      5.03644844      0.60340493      0.58182435      1.78214145
      5.05041804      0.57339150      0.61026008      1.77801673      5.03474819
      0.56714168      0.60365658      1.78822655      5.00493259      0.59797511
      0.59737198      1.77903426      5.07816716      0.56007855      0.59966402
      1.78875007      5.07916005      0.57623048      0.58116876      1.76515768
      4.98904656      0.61775981      0.61499243      1.77972487      5.05667247
      0.60034086      0.58360801      1.76409365      4.99680726      0.59890405
      0.61160862      1.78216080      5.02002081      0.60250225      0.58600883
      1.79287345      4.97922885      0.61431519      0.62427024      1.78423350
      5.03550695      0.61110253      0.59218224      1.79633875      5.00713573
      0.58718666      0.60383750      1.77028480      5.07297685      0.57957027
      0.60959598      1.80027427      5.03562609      0.59691518      0.57002055
      1.78392776      5.01381174      0.60268570      0.61242893      1.78266123
      4.99543758      0.61381151      0.58983121      1.77032355      5.04500384
      0.60850951      0.58009045      1.78091660      5.01924297      0.61041921
      0.56550446      1.79246323      5.01210948      0.58472198      0.60818646
      1.78820523      5.06368073      0.58650273      0.58189289      1.79445418
      5.00243123      0.59951186      0.59576677      1.78035363      5.01549564
      0.58666760      0.61309678      1.78041263      4.99903671      0.62531621
      0.59411257      1.79894727      5.05633430      0.58698460      0.57553667
      1.78477993      5.00526193      0.60540047      0.59263338      1.75852486
      5.04246824      0.58373799      0.60794740      1.78939384      5.04410078
      0.59448315      0.60155096      1.78950487      5.01097745      0.61076254
      0.58453173      1.76673359      5.00077290      0.61777425      0.60006277
      1.78287387      5.01155491      0.59908188      0.60079440      1.76912427
      5.04132774      0.63231113      0.56613689      1.79024928      4.95414637
      0.61464868      0.61470827      1.80063428      5.00503349      0.58392645
      0.59619975      1.78392093      5.05044584      0.59520474      0.56558494
      1.77738206      4.99762805      0.61478644      0.59656271      1.77243585
      5.04985884      0.57402549      0.59456502      1.82299362      5.09366141
      0.56176655      0.57489867      1.78597757      5.01692884      0.60142945
      0.59365072      1.75908632      5.04601872      0.58948511      0.58768465
      1.79677702      5.08335229      0.58407041      0.56699580      1.77478359
      5.01168294      0.60628701      0.60137751      1.78888799      5.01149159
      0.60425675      0.57279343      1.81022762      5.07736706      0.54084476
      0.56897849      1.78391546      5.00192556      0.60271749      0.60074071
      1.78338729      5.00238942      0.56531208      0.60517721      1.78765704
      5.03256615      0.60614381      0.58118102      1.77843672      5.04016278
      0.61266441      0.58544098      1.78140860      5.01045995      0.60978936
      0.59891214      1.78026167      5.03681879      0.58159431      0.59375695
      1.77219357      4.98794534      0.61164796      0.60319827      1.79836123
      4.93267550      0.63063113      0.63826266      1.79408835      5.05135267
      0.59060250      0.60503305      1.77927245      5.02147060      0.58638786
      0.60118387      1.77108316      5.00752201      0.61119678      0.60051572
      1.77744599      5.01747175      0.59677527      0.60035556      1.78452024
      5.00087941      0.61920002      0.59288390      1.76163487      5.07321412
      0.56604947      0.59911068      1.87950807      5.43326261      0.57176701
      0.50024054      1.78615555      5.01894011      0.60842735      0.59466875
      1.79349341      5.04605446      0.56877273      0.59978003      1.76641495
      5.05532702      0.59615265      0.57010031      1.77764147      5.01966758
      0.59106827      0.59654692      1.78118628      5.01155247      0.58741936
      0.61386580      1.79150892      5.01368304      0.57386986      0.59480235
      1.78320977      5.07997548      0.57541285      0.57250833      1.76786280
      4.97655126      0.61887625      0.61609137      1.79284449      5.01032686
      0.58154258      0.62262077      1.79134191      5.04319034      0.58752069
      0.59461974      1.79090430      4.94514460      0.61435647      0.61669324
      1.78128712      5.02368420      0.61245810      0.60433348      1.80153050
      5.00909131      0.58487409      0.60118449

     SUBSYSTEM
    -----------
      70      77      77      48      71      70      76      70      77      48
      49      54      67      67      72      43      43      55       7       7
     116      72      73      50     101     101      96      18       8      92
      73      74      38      38      38      68      69      69      75      75
      75      10      29      10      40      56      44       9      24       6
      21      21      14      61      58      61      87      87      87      69
      65      69      32      27      19      44      45      45      41      42
      41      91      91      90      80      99      80      84      81      82
     107     106     106      48      48      48      13      13      13      20
      20      20      86      86      86      15      11      15      89      89
      88     110      95      89      62      62      62     118      93     118
      50      46      50      17      15       4     105     109     105     103
     103     103      52      47      53      25      25      26     119     118
     119      12      16      11      35      35      35      66      66      66
     114     114     120      81      81      81     102     108     102      54
      58      58      79      57      57      95      95      95      72      71
      72      65      65      65      88      88      88      49      26      49
     113     113     113      23      39      52      37      37      55     104
     104     117      87      64      87      51      51      51      96      96
      90     100     100     100      26      26      11      90      90      90
      29      29      29     111     111       3      34      28      33      93
      94      93      59      60      55      97      97      96      78      78
      78       2      20       2      83      83     102      53      53      53
      27      22      18     121     122     103     115     115     115      12
       1      12      91      91      72       6     110       2      31      31
      31      85      85      85      36      30      36      63      63      52
      19      19      24      98      92     112       8     122       5      24
      24      23

     MULLIKEN POPULATIONS
    ----------------------
      1.26209870      2.86037926      1.20824585      2.67300359      1.75673369
      4.83769175      1.48043109      3.63264358      0.88458656      0.89778022
      0.92649877      0.93415939      0.59041444      0.71569876      0.68154942
      0.74199832      1.78818303      5.02187367      0.59440740      0.59283771
      1.77539199      5.03323164      0.57988806      0.58148261      1.77399567
      5.01835263      0.58629669      0.63226920      1.78318022      5.05325939
      0.59895595      0.55116477      1.78360662      5.05343713      0.60500328
      0.59594656      1.79539232      5.14234998      0.61251185      1.78444238
      5.01798811      0.58563190      0.60074959      1.80324000      5.04321265
      0.58950517      0.57706222      1.78577022      5.00814430      0.59523177
      0.60368951      1.78654558      5.06234919      0.57129909      0.57648424
      1.78643406      5.05633291      0.58694283      0.58366703      1.80336330
      5.05097693      0.59038324      0.58142193      1.78940714      4.99055096
      0.58455385      0.62717067      1.77228243      5.03104077      0.60778013
      0.58829985      1.75642609      5.03379762      0.63105359      0.58612760
      1.79425136      5.03273549      0.60476499      0.58077008      1.78385101
      5.05183262      0.57227792      0.60956841      1.78166105      5.03409275
      0.56521005      0.60309938      1.78839340      5.00595659      0.59718390
      0.59638871      1.78111967      5.07117043      0.56054719      0.60165634
      1.79020330      5.08036795      0.57488323      0.57993554      1.76823438
      4.98830192      0.61642123      0.61341993      1.78287544      5.05498679
      0.59987110      0.58309550      1.76711892      4.99473352      0.59772640
      0.61073833      1.78373256      5.02176307      0.60009217      0.58363254
      1.78889828      4.98562851      0.61218674      0.62335943      1.78391219
      5.03799807      0.61009625      0.59213587      1.79749223      5.00704640
      0.58629002      0.60320640      1.76787685      5.07459678      0.57952600
      0.60978208      1.79943564      5.03661284      0.59640029      0.56993050
      1.78421249      5.01698406      0.60056247      0.61097465      1.78403637
      4.99557596      0.61332276      0.58964397      1.77143728      5.04652824
      0.60805632      0.57949813      1.78210117      5.02084621      0.60936136
      0.56428630      1.79108533      5.01475025      0.58383797      0.60630125
      1.79083878      5.06111837      0.58652673      0.58094927      1.79434696
      5.00310013      0.59970978      0.59444913      1.78185813      5.01464758
      0.58598351      0.61169496      1.78171108      5.00006489      0.62440853
      0.59301632      1.80250166      5.05325456      0.58713456      0.57536368
      1.78529607      5.00740897      0.60433698      0.59265356      1.75938251
      5.04382621      0.58400232      0.60756447      1.79135102      5.04557033
      0.59341790      0.60004908      1.79070367      5.01206142      0.60954567
      0.58150683      1.76905190      4.99882513      0.61566598      0.60027012
      1.78108273      5.01312292      0.59932886      0.60031839      1.76913867
      5.04345571      0.63130255      0.56608554      1.79094364      4.95359122
      0.61472240      0.61518953      1.80181729      5.00452860      0.58356739
      0.59675895      1.78421375      5.05313003      0.59468223      0.56498652
      1.77676603      4.99953366      0.61284698      0.59547658      1.77576006
      5.04918647      0.57192343      0.59380048      1.82327647      5.09317625
      0.56206184      0.57392665      1.78759629      5.01643159      0.60070873
      0.59253723      1.76254435      5.04576521      0.58679254      0.58605172
      1.79867493      5.07736585      0.58423514      0.56732601      1.77470026
      5.00925014      0.60846751      0.60171025      1.79171496      5.01270541
      0.60385038      0.57234487      1.80900578      5.07742119      0.54059284
      0.56903118      1.78525844      5.00261747      0.60195467      0.60002535
      1.78519758      5.00370817      0.56350003      0.60379947      1.79012456
      5.03400580      0.60371001      0.58027770      1.77882035      5.04275512
      0.61126474      0.58485895      1.78132187      5.01303431      0.60865183
      0.59729109      1.78280624      5.03468658      0.58132462      0.59349392
      1.76865502      4.99141645      0.61089859      0.60564766      1.79498197
      4.93779099      0.63119725      0.63538046      1.79467533      5.05375026
      0.59136624      0.60419854      1.77700219      5.02276098      0.58639088
      0.60080584      1.77253735      5.00652782      0.61083743      0.59987274
      1.77694175      5.01674853      0.59593157      0.60140106      1.78520314
      5.00139920      0.61760531      0.59302904      1.76466641      5.07317421
      0.56439836      0.59755891      1.88035079      5.44322812      0.57064669
      0.50707413      1.78791200      5.01835265      0.60749278      0.59325257
      1.79773657      5.04448764      0.56841795      0.59923688      1.76398877
      5.05441897      0.59601727      0.57103204      1.77843270      5.02224778
      0.58900522      0.59515591      1.78171701      5.01100310      0.58777167
      0.61389658      1.79665719      5.01388980      0.57171581      0.59542250
      1.78164371      5.07669960      0.57630775      0.57293106      1.77013968
      4.97471616      0.61883727      0.61530922      1.79479799      5.00948594
      0.58108654      0.62135435      1.79494261      5.04408562      0.58633056
      0.59315140      1.79431016      4.94190812      0.61430127      0.61601797
      1.78159110      5.02819543      0.61203220      0.60035152      1.80292820
      5.00890955      0.58340735      0.60196154

     SUBSYSTEM
    -----------
      70      77      77      48      71      70      76      70      77      48
      49      54      67      67      72      43      43      55       7       7
     116      72      73      50     101     101      96      18       8      92
      73      74      38      36      38      68      69      69      75      75
      75      10      29      10      40      56      44       9      24       6
      21      21      14      61      58      61      87      87      87      69
      65      69      32      27      19      44      45      45      41      42
      41      91      91      90      80      99      80      84      81      82
     107     106     106      48      48      48      13      13      13      20
      20      20      86      86      86      15      11      15      89      89
      88     110      95      89      62      62      62     118      93     118
      50      46      50      17      15       4     105     109     105     103
     103     103      52      47      53      25      25      26     119     118
     119      12      16      11      35      35      35      66      66      66
     114     114     120      81      81      81     102     108     102      54
      58      58      79      57      57      95      95      95      72      71
      72      65      65      65      88      88      88      49      26      49
      94     113     113      23      39      52      37      37      55     104
     104     117      87      64      87      51      51      51      96      96
      90     100     100     100      26      26      11      90      90      90
      29      29      29     111     111       3      34      28      33      93
      94      93      59      60      55      97      97      96      78      78
      78       2      20       2      83      83     102      53      53      53
      27      22      18     121     122     103     115     115     115      12
       1      12      91      91      72       6     110       2      31      31
      31      85      85      85      36      30      36      63      63      52
      19      19      24      98      92     112       8     122       5      24
      24      23

     MULLIKEN POPULATIONS
    ----------------------
      1.26340164      2.86078226      1.20765830      2.67405359      1.75629091
      4.83803728      1.47992833      3.63242463      0.88395559      0.89787006
      0.92645472      0.93210704      0.58968138      0.71639866      0.68221981
      0.74172174      1.78833595      5.02499398      0.59260969      0.59187534
      1.77684781      5.03411536      0.57988714      0.58052743      1.77782638
      5.01685985      0.58448172      0.63247717      1.78520682      5.04981986
      0.59936121      0.55056982      1.78758986      5.05061264      0.60581738
      0.59592439      1.78840417      5.13121717      0.61535908      1.78851209
      5.01802859      0.58517699      0.60002630      1.80710317      5.04096780
      0.58914104      0.57666501      1.78535049      5.00903152      0.59475733
      0.60248802      1.78737658      5.06451439      0.57030403      0.57539082
      1.78855312      5.05655476      0.58580604      0.58250844      1.80468882
      5.05256087      0.58951189      0.58238254      1.79088811      4.99214526
      0.58416190      0.62600602      1.77408052      5.02968758      0.60740760
      0.58807524      1.75599002      5.03731439      0.62841457      0.58534579
      1.79599873      5.02957748      0.60607236      0.57989186      1.78542360
      5.05304518      0.57130119      0.60916414      1.78495183      5.03392181
      0.56393297      0.60256942      1.78806454      5.00722479      0.59625458
      0.59543835      1.78389724      5.06526576      0.56047018      0.60360985
      1.79176252      5.08114413      0.57352827      0.57883818      1.77190873
      4.98709851      0.61506697      0.61192022      1.78632781      5.05339507
      0.59919795      0.58271199      1.77175839      4.99104761      0.59643128
      0.60952980      1.78607652      5.02329865      0.59740334      0.58098867
      1.78416332      4.99342469      0.60964157      0.62217209      1.78328559
      5.04061949      0.60928943      0.59182859      1.79768455      5.00746970
      0.58554665      0.60267819      1.76805919      5.07631238      0.57881460
      0.60941324      1.79753240      5.03779349      0.59595223      0.56988156
      1.78439637      5.02039743      0.59841198      0.60912203      1.78481382
      4.99541067      0.61247030      0.58979362      1.77375188      5.04714545
      0.60754026      0.57898008      1.78302814      5.02317110      0.60838950
      0.56323263      1.78894171      5.01783397      0.58299813      0.60431720
      1.79328500      5.05879075      0.58637663      0.58031489      1.79393658
      5.00480405      0.60002809      0.59303121      1.78368478      5.01344694
      0.58513439      0.61012053      1.78298554      5.00115281      0.62341385
      0.59187980      1.80502054      5.04988587      0.58760167      0.57527462
      1.78599298      5.00859912      0.60300309      0.59233513      1.76209612
      5.04352093      0.58420815      0.60699356      1.79320541      5.04714719
      0.59242773      0.59850971      1.79141719      5.01394494      0.60824795
      0.57841639      1.77274660      4.99552575      0.61370844      0.60031102
      1.77866415      5.01491699      0.59962950      0.60018645      1.76982283
      5.04518803      0.63034939      0.56596648      1.79053916      4.95415069
      0.61491141      0.61545001      1.80187263      5.00460478      0.58340434
      0.59747873      1.78519807      5.05480850      0.59414572      0.56401789
      1.77627093      5.00127331      0.61083571      0.59431959      1.77975725
      5.04788756      0.56997083      0.59308538      1.82231795      5.09217676
      0.56275944      0.57315320      1.78885699      5.01582125      0.60002943
      0.59164363      1.76869805      5.04474196      0.58371894      0.58383424
      1.80055860      5.07169812      0.58407244      0.56764230      1.77627777
      5.00617024      0.61030079      0.60149625      1.79476596      5.01430488
      0.60352767      0.57169417      1.80894464      5.07708428      0.54041905
      0.56889555      1.78684437      5.00328673      0.60101946      0.59912135
      1.78682155      5.00576757      0.56178791      0.60254626      1.79202162
      5.03532346      0.60150770      0.57950273      1.78032661      5.04540641
      0.60975214      0.58382932      1.78062719      5.01587285      0.60755943
      0.59584304      1.78630039      5.03194011      0.58063863      0.59327446
      1.76710013      4.99307107      0.60966847      0.60746465      1.79006198
      4.94461969      0.63227831      0.63157862      1.79482685      5.05688273
      0.59204118      0.60306627      1.77716204      5.02335140      0.58582854
      0.59983345      1.77458059      5.00568603      0.61071182      0.59930916
      1.77649273      5.01603187      0.59511902      0.60219931      1.78524823
      5.00189266      0.61626189      0.59333377      1.76828572      5.07195947
      0.56300357      0.59622819      1.87998034      5.44934201      0.56976511
      0.51336054      1.78819380      5.01826953      0.60678189      0.59185125
      1.80109113      5.04280063      0.56780877      0.59888935      1.76434873
      5.05389013      0.59525990      0.57122834      1.77951912      5.02442415
      0.58700366      0.59382938      1.78329593      5.01030945      0.58805890
      0.61349092      1.80099058      5.01442292      0.56980671      0.59649446
      1.78051596      5.07279193      0.57722983      0.57330505      1.77343899
      4.97191477      0.61820182      0.61473162      1.79643550      5.00895356
      0.58053220      0.61980082      1.79836110      5.04541578      0.58520944
      0.59160321      1.79560941      4.94107039      0.61434616      0.61504246
      1.78140841      5.03309907      0.61145810      0.59670582      1.80347938
      5.00930681      0.58208985      0.60265379

     SUBSYSTEM
    -----------
      70      77      77      48      71      70      76      70      77      48
      49      54      67      67      72      43      43      55       7       7
     116      72      73      50     101     101      96      18       8      92
      73      74      38      36      38      68      69      69      75      75
      75      10      29      10      40      56      44       9      24       6
      21      21      14      61      58      61      87      87      87      69
      65      69      32      27      19      44      45      45      41      42
      41      91      91      90      80      99      80      84      81      82
     107     106     106      48      48      44      13      13      13      20
      20      20      86      86      86      15      11      14      89      89
      88     110      95      89      62      62      62     118      93     118
      50      46      50      17      15       4     105     109     105     103
     103     103      52      47      53      25      25      26     119     118
     119      12      16      11      35      35      35      66      66      66
     114     114     120      81      81      81     102     108     102      58
      58      58      79      57      57      95      95      95      72      71
      72      65      65      65      88      88      88      49      26      49
      94     113     113      23      39      52      37      37      55     104
     104     117      87      64      87      51      51      51      96      96
      90     100     119     100      26      26      11      90      90      90
      29      29      29     111     111       3      34      28      33      93
      94      93      59      60      55      97      97      96      78      78
      78       2      20       2      83      83     102      53      53      53
      27      22      18     121     122     103     115     115     115      12
       1      12      91      91      72       6     110       2      31      31
      31      85      85      85      36      30      36      63      63      52
      19      19      24      98      92     112       8     122       5      24
      24      23

     MULLIKEN POPULATIONS
    ----------------------
      1.26443565      2.86122379      1.20701485      2.67428160      1.75692224
      4.83801818      1.47934943      3.63201530      0.88345485      0.89789621
      0.92673963      0.93041194      0.58898611      0.71728394      0.68338020
      0.74118795      1.78818440      5.02808433      0.59088725      0.59090256
      1.77872803      5.03463092      0.57987536      0.57961488      1.78168098
      5.01508613      0.58315410      0.63247381      1.78735207      5.04715652
      0.59959372      0.55004337      1.79147939      5.04793909      0.60670583
      0.59586719      1.78491787      5.12382088      0.61702801      1.79328995
      5.01780609      0.58480496      0.59928448      1.81109050      5.03826476
      0.58855608      0.57675198      1.78507343      5.00996157      0.59402626
      0.60134515      1.78878643      5.06612901      0.56934222      0.57419568
      1.78981894      5.05552949      0.58495571      0.58152569      1.80440996
      5.05460800      0.58833546      0.58320033      1.79249611      4.99343016
      0.58363013      0.62500719      1.77791983      5.02849316      0.60662524
      0.58741903      1.75872549      5.03879184      0.62584107      0.58397192
      1.79698018      5.02718180      0.60725454      0.57928574      1.78671188
      5.05387287      0.57059818      0.60914515      1.78754424      5.03431801
      0.56336851      0.60200885      1.78727243      5.00857667      0.59527967
      0.59461757      1.78741626      5.06079235      0.55985606      0.60528000
      1.79323809      5.08146159      0.57225592      0.57793020      1.77561144
      4.98586587      0.61381758      0.61057993      1.78968297      5.05191477
      0.59837893      0.58257476      1.77734716      4.98628552      0.59517185
      0.60807830      1.78885536      5.02481863      0.59463448      0.57822124
      1.77904711      5.00207463      0.60687196      0.62073412      1.78242040
      5.04312080      0.60875525      0.59128556      1.79692301      5.00831370
      0.58496369      0.60234591      1.77077869      5.07810214      0.57748116
      0.60854742      1.79474535      5.03902646      0.59565408      0.56986981
      1.78440116      5.02397178      0.59632842      0.60692014      1.78489238
      4.99513310      0.61125803      0.59031037      1.77613313      5.04671587
      0.60733963      0.57886515      1.78363521      5.02616544      0.60753368
      0.56234324      1.78620947      5.02120486      0.58220565      0.60235533
      1.79528603      5.05694346      0.58604051      0.58008756      1.79322343
      5.00735462      0.60044638      0.59164235      1.78556304      5.01200620
      0.58421578      0.60852100      1.78404652      5.00240569      0.62234065
      0.59075135      1.80634152      5.04662145      0.58834042      0.57547953
      1.78672702      5.00879654      0.60147921      0.59170404      1.76635947
      5.04146346      0.58443242      0.60645697      1.79480065      5.04872972
      0.59156911      0.59704476      1.79155327      5.01687917      0.60684179
      0.57537140      1.77728392      4.99118127      0.61203111      0.60036122
      1.77582347      5.01678301      0.60001808      0.60039647      1.77114891
      5.04632388      0.62952681      0.56581992      1.78899973      4.95588521
      0.61515180      0.61547322      1.80077800      5.00522889      0.58341509
      0.59831455      1.78678017      5.05545862      0.59357000      0.56276612
      1.77600465      5.00278424      0.60891251      0.59307308      1.78391668
      5.04621367      0.56829709      0.59255408      1.82014750      5.09064737
      0.56389534      0.57259684      1.78962846      5.01535115      0.59929543
      0.59103362      1.77668409      5.04326132      0.58060714      0.58137857
      1.80234730      5.06687494      0.58362453      0.56791353      1.77926673
      5.00272494      0.61159136      0.60094176      1.79771733      5.01624465
      0.60336892      0.57086057      1.81039633      5.07605550      0.54027662
      0.56846626      1.78848987      5.00407127      0.59990679      0.59809838
      1.78799310      5.00855823      0.56023545      0.60153356      1.79321263
      5.03650578      0.59962825      0.57885765      1.78275236      5.04804291
      0.60823576      0.58244127      1.77934283      5.01884610      0.60655476
      0.59469451      1.79032975      5.02873492      0.57969634      0.59318490
      1.76770513      4.99277423      0.60796363      0.60849848      1.78367209
      4.95277440      0.63377826      0.62739432      1.79460052      5.06008442
      0.59253151      0.60203080      1.77973485      5.02349997      0.58460133
      0.59822997      1.77692690      5.00475593      0.61057027      0.59858940
      1.77625588      5.01533276      0.59445797      0.60251112      1.78466574
      5.00238320      0.61521056      0.59379950      1.77205491      5.06976153
      0.56201016      0.59521951      1.87849187      5.45186223      0.56909029
      0.51776279      1.78694513      5.01896085      0.60626782      0.59058476
      1.80328084      5.04129933      0.56699581      0.59867383      1.76743229
      5.05379933      0.59393451      0.57075356      1.78078068      5.02620171
      0.58512664      0.59267108      1.78574885      5.00961252      0.58834424
      0.61266621      1.80394704      5.01561263      0.56827674      0.59786353
      1.77999113      5.06843069      0.57811153      0.57367780      1.77725734
      4.96865982      0.61695971      0.61441383      1.79752770      5.00888722
      0.57988668      0.61801364      1.80125044      5.04710621      0.58415135
      0.59009057      1.79461332      4.94295046      0.61441211      0.61379703
      1.78090454      5.03813476      0.61057490      0.59345795      1.80325460
      5.01039937      0.58098057      0.60313022

     SUBSYSTEM
    -----------
      70      77      77      48      71      70      76      70      77      48
      49      54      67      67      72      43      43      55       7       7
     116      72      73      50     101     101      96      18       8      92
      73      74      38      36      38      68      69      69      75      75
      75      10      29      10      40      56      44       9      24       6
      21      21      14      61      58      61      87      87      87      69
      65      69      32      27      19      44      45      45      41      42
      41      91      91      90      80      99      80      84      81      82
     107     106     106      48      48      44      13      13      13      20
      20      20      86      86      86      15      11      14      89      89
      88     110      95      89      62      62      62     118      93     118
      50      46      50      17      15       4     105     109     105     103
     103     103      52      47      53      25      25      26     119     118
     119      12      16      11      35      35      35      66      66      66
     114     114     120      81      81      81     102     108     102      58
      58      59      79      57      57      95      95      95      72      71
      72      65      65      65      88      88      88      49      26      49
      94     113     113      23      39      52      37      37      55     104
     104     117      87      64      87      51      51      51      96      96
      90     100     119     100      26      26      11      90      90      90
      29      29      29     111     111       3      34      28      33      93
      94      93      59      60      55      97      97      96      78      78
      78       2      20       2      83      83     102      53      53      53
      27      22      18     121     122     103     115     115     115      12
       1      12      91      91      72       6     110       2      31      31
      31      85      85      85      36      30      36      63      63      52
      19      19      24      98      92     112       8     122       5      24
      24      23

     MULLIKEN POPULATIONS
    ----------------------
      1.26522402      2.86156507      1.20634651      2.67357970      1.75852711
      4.83765535      1.47878611      3.63150901      0.88304368      0.89774531
      0.92731820      0.92947050      0.58834218      0.71833584      0.68497671
      0.74040315      1.78774410      5.03114865      0.58929098      0.58996135
      1.78081334      5.03480317      0.57987458      0.57881098      1.78513362
      5.01339955      0.58245541      0.63207369      1.78938990      5.04544508
      0.59959960      0.54968602      1.79457758      5.04614855      0.60731586
      0.59578793      1.78589763      5.12048943      0.61720488      1.79822022
      5.01728023      0.58465082      0.59865259      1.81484783      5.03529119
      0.58782849      0.57738352      1.78498527      5.01110033      0.59305009
      0.60021729      1.79065649      5.06735379      0.56812712      0.57304913
      1.79011028      5.05328879      0.58436491      0.58080739      1.80247291
      5.05695462      0.58713450      0.58373123      1.79416307      4.99436089
      0.58286269      0.62419667      1.78326631      5.02752708      0.60554375
      0.58657510      1.76414274      5.03812291      0.62354815      0.58222596
      1.79708260      5.02566172      0.60823537      0.57904385      1.78767738
      5.05440225      0.57017788      0.60933477      1.78919458      5.03524757
      0.56344961      0.60141113      1.78610453      5.00990834      0.59430811
      0.59399282      1.79151083      5.05805896      0.55881433      0.60651703
      1.79444680      5.08125461      0.57109225      0.57737795      1.77881380
      4.98502762      0.61265724      0.60952034      1.79258934      5.05061150
      0.59745533      0.58273109      1.78316327      4.98116988      0.59416058
      0.60633033      1.79173122      5.02660299      0.59190158      0.57542881
      1.77403642      5.01111842      0.60396057      0.61898227      1.78142619
      5.04523833      0.60854389      0.59056810      1.79529953      5.00943583
      0.58458428      0.60225398      1.77559783      5.07994070      0.57572196
      0.60738390      1.79490174      5.03788280      0.59570792      0.56906847
      1.78413164      5.02743654      0.59463193      0.60438181      1.78424833
      4.99485884      0.60970578      0.59124139      1.77908130      5.04529183
      0.60722052      0.57894558      1.78388908      5.02967098      0.60682651
      0.56161727      1.78311032      5.02458624      0.58154350      0.60056646
      1.79665205      5.05566815      0.58564272      0.58028147      1.79227810
      5.01052507      0.60089201      0.59034488      1.78725495      5.01059441
      0.58329055      0.60696270      1.78470903      5.00386354      0.62125131
      0.58969363      1.80632861      5.04341417      0.58932709      0.57592806
      1.78733172      5.00792014      0.59988238      0.59086709      1.77169415
      5.03775199      0.58475174      0.60615008      1.79602887      5.05025214
      0.59086325      0.59571871      1.79107647      5.02092987      0.60526619
      0.57259835      1.78209127      4.98635200      0.61080732      0.60054269
      1.77147058      5.02113830      0.59998485      0.60032735      1.77304377
      5.04672021      0.62885895      0.56571021      1.78639711      4.95866538
      0.61542158      0.61531352      1.79862805      5.00631663      0.58336198
      0.59888907      1.78876955      5.05513594      0.59298216      0.56131687
      1.77602716      5.00415512      0.60711299      0.59176202      1.78771911
      5.04429041      0.56713385      0.59236206      1.81686814      5.08864839
      0.56547678      0.57226321      1.78973846      5.01482228      0.59878880
      0.59091297      1.78547087      5.04162551      0.57786902      0.57900478
      1.80393969      5.06328452      0.58298728      0.56819867      1.78460183
      4.99788499      0.61195068      0.60049885      1.80030302      5.01850938
      0.60341585      0.56979174      1.81337065      5.07418095      0.54020238
      0.56779165      1.78994111      5.00483113      0.59890729      0.59707570
      1.78850289      5.01182791      0.55899733      0.60065438      1.79359202
      5.03760921      0.59807794      0.57838461      1.78585491      5.05075190
      0.60671425      0.58070540      1.77755088      5.02177457      0.60572720
      0.59391817      1.79449901      5.02526980      0.57858378      0.59328413
      1.77033465      4.99058591      0.60588795      0.60867311      1.77611439
      4.96168300      0.63546514      0.62344662      1.79418069      5.06281608
      0.59276169      0.60120214      1.78428854      5.02327166      0.58286275
      0.59624310      1.77926126      5.00397792      0.61038554      0.59774840
      1.77640288      5.01462608      0.59404743      0.60213703      1.78352915
      5.00297008      0.61451136      0.59430553      1.77557872      5.06687184
      0.56155997      0.59451461      1.87605765      5.45096334      0.56867667
      0.51935390      1.78427584      5.02074409      0.60591876      0.58946528
      1.80415961      5.04015538      0.56608411      0.59853311      1.77278391
      5.05414865      0.59223879      0.56988533      1.78207660      5.02760320
      0.58342949      0.59178071      1.78877947      5.00913628      0.58872177
      0.61140673      1.80523450      5.01757739      0.56724140      0.59932363
      1.78023678      5.06415171      0.57865231      0.57410794      1.78098886
      4.96558570      0.61519905      0.61432750      1.79789977      5.00940013
      0.57920704      0.61604910      1.80333094      5.04902780      0.58314505
      0.58871781      1.79135003      4.94764126      0.61451883      0.61223725
      1.78037612      5.04287372      0.60924348      0.59063534      1.80245842
      5.01227059      0.58008792      0.60323438

     SUBSYSTEM
    -----------
      70      77      77      48      71      70      76      70      77      48
      49      54      67      67      72      43      43      55       7       7
     116      72      73      50     101     101      96      18       8      92
      73      74      38      36      38      68      69      69      75      75
      75      10      29      10      40      56      44       9      24       6
      21      21      14      61      58      61      87      87      87      69
      65      69      32      27      19      44      45      45      41      42
      41      91      91      90      80      99      80      84      81      82
     107     106     106      48      48      44      13      13      13      20
      20      20      86      86      86      15      11      14      89      89
      88     110      95      89      62      62      62     118      93     118
      50      46      50      17      15       4     105     109     105     103
     103     103      52      47      53      25      25      26     119     118
     119      12      16      11      35      35      35      66      66      66
     114     114     120      81      81      81     102     108     102      58
      58      59      79      57      57      95      95      95      72      71
      72      65      65      65      88      88      88      49      26      49
     113     113     113      23      39      52      37      37      55     104
     104     117      87      64      87      51      51      51      96      96
      90     100     119     100      26      26      11      90      90      90
      29      29      29     111     111       3      34      28      33      93
      94      93      59      60      55      97      97      96      78      78
      78       2      20       2      83      83     102      53      53      53
      27      22      18     121     122     103     115     115     115      12
       1      12      91      91      72       6     110       2      31      31
      31      85      85      85      36      30      36      63      63      52
      19      19      24      98      92     112       8     122       5      24
      24      23

     MULLIKEN POPULATIONS
    ----------------------
      1.26578478      2.86165672      1.20573057      2.67194771      1.76084629
      4.83705921      1.47832571      3.63101377      0.88266387      0.89791389
      0.92817308      0.92907979      0.58780565      0.71955774      0.68685387
      0.73935399      1.78704941      5.03421011      0.58788405      0.58907868
      1.78285227      5.03456518      0.58006455      0.57820422      1.78780220
      5.01209173      0.58244625      0.63121321      1.79109531      5.04472728
      0.59934197      0.54961121      1.79663272      5.04517321      0.60768551
      0.59570708      1.79142647      5.12177152      0.61572762      1.80277808
      5.01643304      0.58472015      0.59826438      1.81806902      5.03234296
      0.58692183      0.57859527      1.78506762      5.01256569      0.59178150
      0.59924473      1.79276117      5.06792368      0.56711121      0.57192084
      1.78937721      5.04985854      0.58413601      0.58042411      1.79897765
      5.05912666      0.58623883      0.58398270      1.79571178      4.99480723
      0.58190999      0.62368165      1.78946053      5.02685797      0.60429897
      0.58571306      1.77140921      5.03535078      0.62179404      0.58042810
      1.79626422      5.02502784      0.60903778      0.57916316      1.78517801
      5.05413544      0.56989583      0.61061098      1.78976020      5.03658103
      0.56404609      0.60081152      1.78469818      5.01122405      0.59337431
      0.59351491      1.79576188      5.05743145      0.55749103      0.60726167
      1.79527595      5.08059682      0.57009159      0.57715203      1.78110370
      4.98506019      0.61160634      0.60866111      1.79475235      5.04957478
      0.59643849      0.58320403      1.78849876      4.97633107      0.59353510
      0.60443029      1.79438635      5.02892450      0.58931104      0.57269008
      1.76967151      5.02022228      0.60098708      0.61667682      1.78043638
      5.04676428      0.60868722      0.58973396      1.79539930      5.01559590
      0.58353737      0.60058786      1.78183333      5.08181345      0.57384721
      0.60608883      1.79453925      5.03676986      0.59592007      0.56829815
      1.78361397      5.03094568      0.59306461      0.60166225      1.78292767
      4.99465916      0.60792576      0.59257253      1.78224614      5.04306253
      0.60721107      0.57942973      1.78377730      5.03343626      0.60630432
      0.56107320      1.77999318      5.02799388      0.58086469      0.59896135
      1.79717242      5.05372841      0.58533265      0.58051737      1.79119041
      5.01391318      0.60135583      0.58919739      1.78852912      5.00941157
      0.58246336      0.60558498      1.78484502      5.00564641      0.62015288
      0.58870346      1.80498533      5.04045990      0.59055147      0.57663352
      1.78767124      5.00605954      0.59831057      0.58987053      1.77746510
      5.03259534      0.58522838      0.60633367      1.79683122      5.05169154
      0.59028363      0.59456156      1.79003004      5.02612989      0.60353687
      0.57010620      1.78661955      4.98158581      0.61015134      0.60091102
      1.76729175      5.02519100      0.60008817      0.60045385      1.77539056
      5.04630307      0.62835926      0.56567802      1.78293157      4.96226634
      0.61568936      0.61500793      1.79558681      5.00777285      0.58355982
      0.59947073      1.79090986      5.05392745      0.59245744      0.55978838
      1.77621457      5.00515426      0.60538938      0.59093727      1.79081796
      5.04243809      0.56676085      0.59204330      1.81266632      5.08632131
      0.56743849      0.57214735      1.78919056      5.01449195      0.59841766
      0.59124852      1.79405075      5.04006257      0.57578173      0.57703113
      1.80523375      5.06112923      0.58229231      0.56860597      1.79047655
      4.99344539      0.61152667      0.59995600      1.80230333      5.02101179
      0.60372211      0.56842886      1.81750842      5.07154355      0.54027410
      0.56708088      1.79104294      5.00573715      0.59797952      0.59608123
      1.78825705      5.01568014      0.55791256      0.59998848      1.79307853
      5.03875078      0.59692203      0.57806206      1.78927602      5.05334340
      0.60527546      0.57886678      1.77539377      5.02452352      0.60505244
      0.59358292      1.79839614      5.02169647      0.57751793      0.59358132
      1.77459424      4.98685765      0.60354698      0.60792457      1.76803403
      4.97040113      0.63721219      0.62024167      1.79375124      5.06463177
      0.59271109      0.60063184      1.79015238      5.02284075      0.58080596
      0.59418396      1.78132623      5.00380689      0.61001513      0.59665927
      1.77701417      5.01395065      0.59389686      0.60100292      1.78193384
      5.00363872      0.61408433      0.59496929      1.77850680      5.06355559
      0.56163243      0.59426068      1.87292316      5.44646855      0.56855122
      0.51801122      1.78037466      5.02357473      0.60578988      0.58866384
      1.80365987      5.03926487      0.56536397      0.59849334      1.77972579
      5.05488627      0.59048478      0.56888504      1.78326035      5.02867480
      0.58205118      0.59114150      1.79202347      5.00911556      0.58921487
      0.60978816      1.80482129      5.02018582      0.56679638      0.60068623
      1.78121397      5.05985626      0.57908344      0.57468661      1.78405525
      4.96330681      0.61305605      0.61440542      1.79744321      5.01054187
      0.57855700      0.61401014      1.80440716      5.05101540      0.58221531
      0.58751607      1.78596751      4.95446009      0.61462931      0.61091352
      1.78008502      5.04691525      0.60740658      0.58824709      1.80132765
      5.01481081      0.57945955      0.60293390

     SUBSYSTEM
    -----------
      70      77      77      48      71      70      76      70      77      48
      49      54      67      67      72      43      43      56       7       7
     116      72      73      50     101     101      96      18       8      92
      73      74      38      36      38      68      69      69      75      75
      75      10      29      10      40      56      44       9      24       6
      21      21      14      61      58      61      87      87      87      69
      65      69      32      27      19      44      45      45      41      42
      41      91      91      90      80      99      80      84      81      82
     107     106     106      48      48      44      13      13      13      20
      20      20      86      86      86      15      11      14      89      89
      88     110      95      89      62      62      62     118      93     118
      50      46      50      17      15       4     105     109     105     103
     103     103      52      47      53      25      25      26     119     118
     119      12      16      11      35      35      35      66      66      66
     114     114     120      81      81      81     102     108     102      58
      58      59      79      57      57      95      95      95      72      71
      72      65      65      65      88      88      88      49      26      49
     113     113     113      23      39      52      37      37      55     104
     104     117      87      64      87      51      51      51      96      96
      90     100     119     100      26      26      11      90      90      90
      29      29      29     111     111       3      34      28      33      93
      94      93      59      60      55      97      97      96      78      78
      78       2      20       2      83      83     102      53      53      53
      27      22      18     121     122     103     115     115     115      12
       1      12      91      91      72       6     110       2      31      31
      31      85      85      85      36      30      36      63      63      52
      19      19      24      98      92     112       8     121       5      24
      24      23

     MULLIKEN POPULATIONS
    ----------------------
      1.26618279      2.86138359      1.20522626      2.66949320      1.76355281
      4.83650195      1.47804821      3.63064879      0.88227855      0.89822068
      0.92925715      0.92926743      0.58744266      0.72089088      0.68892884
      0.73809605      1.78613740      5.03725269      0.58672483      0.58833341
      1.78466921      5.03406055      0.58030361      0.57786960      1.78938863
      5.01139010      0.58311520      0.62989363      1.79226372      5.04485769
      0.59895034      0.54984690      1.79749661      5.04491597      0.60780482
      0.59566223      1.80061741      5.12805772      0.61292286      1.80653764
      5.01541089      0.58498138      0.59806489      1.82048467      5.02966866
      0.58586975      0.58036626      1.78522943      5.01438999      0.59046880
      0.59839074      1.79493370      5.06778383      0.56630753      0.57092936
      1.78769058      5.04550418      0.58428671      0.58038852      1.79428179
      5.06072602      0.58585299      0.58385928      1.79692255      4.99485781
      0.58081998      0.62346317      1.79579938      5.02642467      0.60304939
      0.58501663      1.77953102      5.03069380      0.62076754      0.57891027
      1.79455003      5.02519406      0.60964582      0.57967078      1.78237716
      5.05367753      0.57002548      0.61209355      1.78920090      5.03817035
      0.56502598      0.60020804      1.78317331      5.01244107      0.59255606
      0.59322462      1.79956127      5.05932608      0.55615595      0.60742853
      1.79535626      5.07982494      0.56909466      0.57731085      1.78216551
      4.98618427      0.61069570      0.60801178      1.79596481      5.04893888
      0.59538128      0.58392474      1.79281152      4.97249473      0.59322553
      0.60247669      1.79654317      5.03196404      0.58693023      0.57006233
      1.76641404      5.02897890      0.59800357      0.61374515      1.77956086
      5.04748687      0.60922214      0.58890196      1.79473525      5.02164457
      0.58249413      0.59918908      1.78869309      5.08362325      0.57211539
      0.60489797      1.79371019      5.03578957      0.59622660      0.56769954
      1.78283008      5.03437327      0.59175838      0.59882025      1.78103597
      4.99460862      0.60606081      0.59425424      1.78527878      5.04019613
      0.60732987      0.58036398      1.78330579      5.03714786      0.60597874
      0.56078333      1.77719111      5.03128021      0.58011891      0.59759957
      1.79694245      5.05238615      0.58506420      0.58122201      1.79006869
      5.01715595      0.60174450      0.58829879      1.78923073      5.00877261
      0.58175855      0.60445021      1.78436027      5.00778835      0.61905975
      0.58783624      1.80241803      5.03791750      0.59195981      0.57765964
      1.78762694      5.00340911      0.59685866      0.58883990      1.78300532
      5.02639435      0.58590730      0.60715208      1.79714606      5.05287721
      0.58986840      0.59369518      1.78846054      5.03231951      0.60174054
      0.56794085      1.79040833      4.97741548      0.61004875      0.60149118
      1.76370605      5.02861860      0.60032598      0.60070467      1.77801625
      5.04503303      0.62804100      0.56579539      1.77891292      4.96639075
      0.61586911      0.61464735      1.79190538      5.00943386      0.58404287
      0.60004458      1.79294578      5.05201469      0.59198503      0.55835269
      1.77654637      5.00639915      0.60381945      0.59014255      1.79289358
      5.04074905      0.56693022      0.59199276      1.80780090      5.08380295
      0.56970584      0.57224626      1.78802392      5.01448113      0.59823132
      0.59194647      1.80157591      5.03868821      0.57453167      0.57563777
      1.80616532      5.06049375      0.58166170      0.56917871      1.79639173
      4.98987428      0.61017102      0.59939414      1.80354527      5.02357955
      0.60424506      0.56690715      1.82220603      5.06844218      0.54060342
      0.56658005      1.79166885      5.00688426      0.59712056      0.59510817
      1.78720610      5.01986877      0.55701657      0.59953790      1.79162863
      5.04002243      0.59618315      0.57794321      1.79265047      5.05560600
      0.60408797      0.57707633      1.77302808      5.02689730      0.60457651
      0.59372288      1.80165335      5.01814666      0.57672402      0.59405530
      1.77986568      4.98206881      0.60111112      0.60630559      1.76055454
      4.97806142      0.63861951      0.61795756      1.79340961      5.06530197
      0.59235254      0.60039014      1.79658608      5.02254299      0.57870241
      0.59215841      1.78277449      5.00416578      0.60963003      0.59555223
      1.77796621      5.01330379      0.59411750      0.59919506      1.78003941
      5.00442422      0.61388287      0.59575215      1.78059110      5.06008337
      0.56230573      0.59442027      1.86934573      5.43776605      0.56891131
      0.51439204      1.77558143      5.02730375      0.60587411      0.58829223
      1.80187662      5.03868447      0.56488877      0.59857120      1.78747532
      5.05575967      0.58896404      0.56810459      1.78422050      5.02977436
      0.58096051      0.59085615      1.79510777      5.00972365      0.58979442
      0.60793953      1.80290516      5.02317637      0.56697684      0.60179401
      1.78292757      5.05594416      0.57922878      0.57548265      1.78602472
      4.96233275      0.61068896      0.61453433      1.79614842      5.01242022
      0.57794249      0.61194385      1.80437965      5.05292714      0.58135983
      0.58649097      1.77895912      4.96300501      0.61473119      0.60980807
      1.78012617      5.05002590      0.60515345      0.58625531      1.80009052
      5.01790279      0.57907211      0.60226099

     SUBSYSTEM
    -----------
      70      77      77      48      71      70      76      70      77      48
      49      54      67      67      72      43      43      56       7       7
     116      72      73      50     101     101      96      18       8      92
      73      74      38      36      38      68      69      69      75      75
      75      10      29      10      40      56      44       9      28       6
      21      21      14      61      58      61      87      87      87      69
      65      69      32      27      19      44      45      45      41      42
      41      91      91      90      80      99     100      84      81      82
     107     106     106      48      48      44      13      13      13      20
      20      20      86      86      86      15      10      14      89      89
      88     110      95      89      62      62      62     118      93     118
      50      46      50      17      15       4     105     109     105     103
     103     103      52      47      53      25      25      26     119     118
     119      12      16      11      35      35      35      66      66      66
     114     114     120      81      81      81     102     108     102      58
      58      59      79      57      57      95      95      95      72      71
      72      65      65      65      88      88      88      49      26      49
     113     113     113      23      39      52      37      37      55     104
     104     117      87      64      87      51      51      51      96      96
      90     100     119     100      26      26      11      90      90      90
      29      29      29     111     111       3      34      28      33      93
      94      93      59      60      55      97      97      96      78      78
      78       2      20       2      83      83     102      53      53      53
      27      22      18     121     122     103     115     115     115      12
       1      12      91      91      72       6     110       2      31      31
      31      85      85      85      36      30      36      63      63      52
      19      19      24      98      92     112       8     121       5      24
      24      23

     MULLIKEN POPULATIONS
    ----------------------
      1.26646604      2.86060313      1.20487701      2.66637083      1.76629836
      4.83616234      1.47801618      3.63052724      0.88188007      0.89865590
      0.93047864      0.93001600      0.58730701      0.72228156      0.69108071
      0.73667510      1.78506456      5.04026107      0.58585096      0.58779107
      1.78610834      5.03343059      0.58053088      0.57785243      1.78969619
      5.01142759      0.58443128      0.62817449      1.79275105      5.04558089
      0.59851047      0.55042830      1.79712175      5.04528232      0.60771621
      0.59565520      1.81207526      5.13975620      0.60930697      1.80916612
      5.01433588      0.58535858      0.59803043      1.82188892      5.02752532
      0.58471360      0.58261012      1.78534551      5.01669036      0.58926538
      0.59762979      1.79699582      5.06689364      0.56577952      0.57016676
      1.78520974      5.04064229      0.58480129      0.58072275      1.78894272
      5.06132543      0.58607656      0.58334855      1.79755261      4.99476170
      0.57965956      0.62348558      1.80164071      5.02610594      0.60186671
      0.58463646      1.78752691      5.02454959      0.62056006      0.57789609
      1.79204569      5.02600532      0.61011605      0.58049639      1.77954689
      5.05318783      0.57056969      0.61357085      1.78756729      5.03985480
      0.56623731      0.59964431      1.78166346      5.01355519      0.59190012
      0.59310500      1.80232630      5.06382639      0.55500971      0.60702201
      1.79495376      5.07863666      0.56844752      0.57776029      1.78182481
      4.98845539      0.60994648      0.60759725      1.79611324      5.04881201
      0.59436464      0.58478254      1.79571845      4.97025090      0.59315958
      0.60054124      1.79800203      5.03589894      0.58466611      0.56762173
      1.76461365      5.03712409      0.59501130      0.61012414      1.77889135
      5.04729016      0.61015863      0.58818269      1.79336286      5.02704927
      0.58142644      0.59812641      1.79540381      5.08516864      0.57074173
      0.60399883      1.79251821      5.03508941      0.59658979      0.56734550
      1.78180143      5.03766388      0.59070232      0.59599939      1.77872749
      4.99479464      0.60424836      0.59621210      1.78787597      5.03693277
      0.60753047      0.58175163      1.78250472      5.04048872      0.60586415
      0.56080651      1.77503123      5.03434283      0.57923811      0.59647567
      1.79600509      5.05165877      0.58493514      0.58235881      1.78901014
      5.01997966      0.60199895      0.58766497      1.78925785      5.00893767
      0.58119847      0.60358992      1.78322915      5.01032277      0.61801834
      0.58706975      1.79884327      5.03589173      0.59351459      0.57903675
      1.78712181      5.00035842      0.59561371      0.58787641      1.78771296
      5.01969163      0.58676483      0.60866768      1.79696218      5.05372792
      0.58963914      0.59315800      1.78643670      5.03930863      0.59989429
      0.56614692      1.79310420      4.97426695      0.61044853      0.60224754
      1.76110381      5.03113940      0.60066851      0.60099315      1.78072800
      5.04300861      0.62786873      0.56609077      1.77472357      4.97068532
      0.61590923      0.61429352      1.78790758      5.01116108      0.58477414
      0.60059026      1.79466228      5.04966996      0.59156031      0.55713213
      1.77687964      5.00809627      0.60243778      0.58938008      1.79375599
      5.03927794      0.56761541      0.59223534      1.80261368      5.08125527
      0.57214555      0.57251413      1.78632263      5.01482347      0.59825041
      0.59296233      1.80743365      5.03756748      0.57418742      0.57480049
      1.80669583      5.06124552      0.58117855      0.56994344      1.80188079
      4.98748996      0.60786068      0.59887120      1.80393225      5.02611998
      0.60493510      0.56528553      1.82680459      5.06527228      0.54129700
      0.56647431      1.79173121      5.00839484      0.59633844      0.59422446
      1.78538508      5.02408191      0.55636183      0.59929322      1.78928221
      5.04152130      0.59585290      0.57803969      1.79565528      5.05738305
      0.60320361      0.57548479      1.77067361      5.02874161      0.60401725
      0.59423681      1.80401587      5.01510197      0.57619484      0.59461539
      1.78544241      4.97685398      0.59882519      0.60386216      1.75505030
      4.98391806      0.63924620      0.61641583      1.79313907      5.06488983
      0.59170936      0.60048198      1.80285167      5.02256954      0.57674275
      0.59035022      1.78339487      5.00510353      0.60928234      0.59450282
      1.77899551      5.01275842      0.59477872      0.59691334      1.77804198
      5.00529368      0.61384223      0.59663656      1.78260005      5.05888228
      0.56219308      0.59358534      1.86561064      5.42418342      0.56990833
      0.50959406      1.77035898      5.03160121      0.60613815      0.58838994
      1.79899835      5.03850184      0.56481039      0.59868784      1.79528040
      5.05640233      0.58794770      0.56776241      1.78482089      5.03070783
      0.58018552      0.59089589      1.79771646      5.01108291      0.59039905
      0.60596620      1.79983488      5.02622378      0.56775888      0.60256730
      1.78527418      5.05261762      0.57908034      0.57656023      1.78667468
      4.96300501      0.60824803      0.61456220      1.79407219      5.01503926
      0.57740347      0.60991525      1.80322726      5.05458388      0.58057986
      0.58567135      1.77098408      4.97240371      0.61487722      0.60906207
      1.78036470      5.05222563      0.60264283      0.58467718      1.79890404
      5.02145384      0.57889729      0.60126931

     SUBSYSTEM
    -----------
      70      77      77      48      71      70      76      70      77      48
      49      54      67      67      72      43      43      56       7       7
     116      72      73      50     101     101      96      18       8      92
      73      74      38      36      38      68      69      69      75      75
      75      10      29      10      40      56      43       9      28       6
      21      21      14      61      58      61      87      87      87      69
      65      69      32      27      19      44      45      45      41      42
      41      91      91      90      80      99     100      84      81      82
     107     106     106      48      48      44      13      13      13      20
      20      20      86      86      86      15      10      14      89      89
      88     110      95      89      62      62      62     118      93     118
      50      46      50      17      15       4     105     109     105     103
     103     103      52      47      53      25      25      26     119     118
     119      12      16      11      35      35      35      66      66      66
     114     114     120      81      81      81     102     108     102      58
      58      59      79      57      57      95      95      95      72      71
      72      65      65      65      88      88      88      49      26      49
     113     113     113      23      39      52      37      37      55     104
     104     117      87      64      87      51      51      51      96      96
      90     100     119     100      26      26      11      90      90      90
      29      29      29     111     111       3      34      28      33      93
      94      93      59      60      55      97      97      96      78      78
      78       2      20       2      83      83     102      53      53      53
      27      22      18     121     122     103     115     115     115      12
       1      12      91      91      72       6     110       2      31      31
      31      85      85      85      36      30      36      63      63      52
      19      19      24      98      92     112       8     121       5      24
      24      23

     MULLIKEN POPULATIONS
    ----------------------
      1.26667224      2.85923622      1.20469951      2.66273458      1.76877569
      4.83610668      1.47827960      3.63077423      0.88149926      0.89939418
      0.93170312      0.93124559      0.58740853      0.72371725      0.69311734
      0.73506637      1.78392480      5.04323940      0.58525250      0.58744898
      1.78700307      5.03264532      0.58100827      0.57814768      1.78866004
      5.01226921      0.58629106      0.62616896      1.79251036      5.04658806
      0.59804374      0.55136225      1.79555235      5.04616372      0.60748745
      0.59570705      1.82440556      5.15684535      0.60538854      1.81044927
      5.01337826      0.58569182      0.59814426      1.82215401      5.02618666
      0.58348945      0.58515879      1.78531606      5.01970656      0.58825620
      0.59680104      1.79883129      5.06573639      0.56568683      0.56960158
      1.78218473      5.03583755      0.58564315      0.58135936      1.78368974
      5.06070921      0.58702253      0.58213032      1.79735262      4.99473347
      0.57851937      0.62376308      1.80645025      5.02571648      0.60083647
      0.58460297      1.79456723      5.01751825      0.62104474      0.57749995
      1.78893663      5.02723011      0.61049394      0.58157135      1.77706329
      5.05249591      0.57113467      0.61467539      1.78499933      5.04145761
      0.56750003      0.59921589      1.78030407      5.01460788      0.59147494
      0.59301713      1.80362592      5.07066022      0.55446766      0.60595181
      1.79410265      5.07709434      0.56819720      0.57847815      1.78005966
      4.99172873      0.60936520      0.60744512      1.79517590      5.04916085
      0.59351396      0.58569393      1.79700275      4.96998728      0.59326026
      0.59869414      1.79859556      5.04068410      0.58262907      0.56540484
      1.76440746      5.04442326      0.59208801      0.60584811      1.77850140
      5.04617714      0.61148608      0.58763866      1.79135618      5.03148712
      0.58036719      0.59733629      1.80131715      5.08625635      0.56981999
      0.60347387      1.79112100      5.03487226      0.59691191      0.56725663
      1.78057348      5.04078538      0.58986046      0.59335444      1.77618358
      4.99525191      0.60266042      0.59835686      1.78979419      5.03352667
      0.60777291      0.58354780      1.78144502      5.04321856      0.60595522
      0.56114478      1.77377697      5.03707478      0.57816378      0.59556912
      1.79444480      5.05147172      0.58505973      0.58384846      1.78807525
      5.02223629      0.60207670      0.58727070      1.78676118      5.01147921
      0.58083047      0.60266885      1.78149784      5.01324477      0.61699856
      0.58642908      1.79460153      5.03446015      0.59510910      0.58074992
      1.78612564      4.99744743      0.59462880      0.58705852      1.79111234
      5.01303673      0.58781243      0.61082678      1.79631818      5.05422789
      0.58935461      0.59300764      1.78403285      5.04679836      0.59807185
      0.56473564      1.79446776      4.97240469      0.61124528      0.60314868
      1.75978621      5.03251738      0.60109136      0.60124325      1.78329639
      5.04035122      0.62782531      0.56662815      1.77074764      4.97474928
      0.61589989      0.61399141      1.78396899      5.01285320      0.58565639
      0.60106340      1.79590274      5.04721687      0.59121022      0.55620556
      1.78105303      5.00748444      0.60112999      0.58871943      1.79333026
      5.03802912      0.56873727      0.59279915      1.79751108      5.07882318
      0.57457622      0.57286320      1.78422385      5.01551160      0.59845866
      0.59423263      1.81120137      5.03667137      0.57449127      0.57478955
      1.80677568      5.06287670      0.58100444      0.57097195      1.80654450
      4.98647613      0.60469985      0.59838840      1.80344695      5.02864023
      0.60570453      0.56357294      1.83076024      5.06245722      0.54240187
      0.56676658      1.79119419      5.01032617      0.59561898      0.59348047
      1.78291775      5.02798766      0.55598760      0.59925024      1.78617647
      5.04322995      0.59591491      0.57838073      1.79801394      5.05854026
      0.60267442      0.57419598      1.76849771      5.02986214      0.60366874
      0.59522353      1.80528219      5.01289296      0.57598116      0.59518921
      1.79066704      4.97196940      0.59676113      0.60079772      1.75269445
      4.98750519      0.63869434      0.61531211      1.79280715      5.06363902
      0.59090680      0.60088812      1.80833171      5.02304755      0.57504228
      0.58885803      1.78309722      5.00662499      0.60897992      0.59355804
      1.77979624      5.01240655      0.59591071      0.59441336      1.77617111
      5.00617137      0.61388969      0.59758172      1.78353338      5.05780684
      0.56276151      0.59317499      1.86201194      5.40550910      0.57160346
      0.50468271      1.76526173      5.03599325      0.60652275      0.58890973
      1.79528823      5.03872246      0.56522809      0.59884797      1.80248209
      5.05636805      0.58762169      0.56796237      1.78498119      5.03149032
      0.57974705      0.59124867      1.79961377      5.01322152      0.59093411
      0.60398032      1.79602031      5.02903109      0.56906641      0.60302702
      1.78809287      5.04995735      0.57870557      0.57793063      1.78595827
      4.96531251      0.60594232      0.61444349      1.79133380      5.01835074
      0.57663004      0.60831015      1.80100444      5.05577429      0.57996334
      0.58501312      1.76288677      4.98175804      0.61503706      0.60869303
      1.78049479      5.05373965      0.60010322      0.58356181      1.79779741
      5.02525575      0.57899294      0.60015215

     SUBSYSTEM
    -----------
      71      78      78      50      72      71      77      71      78      50
      51      56      69      69      73      44      44      57       8       8
     119      73      74      53     104      82      99      19       9      74
      65      75      39      37      39      70      70      70      76      76
      76      11      31      11      41      58      45      10      25       6
      22      22      15      60      60      63      90      89      89      71
      67      71      34      28      20      45      46      46      42      43
      42      94      94      93      81     102      81      84      82      85
     110     110     109      50      50      45      14      14      10      21
      21      21      88      87      88      16      11      15      92      92
      91     113      98      92      64      64      64     121      96     116
      52      47      52      17      16       4     108     112     108     106
     106     106      54      48      55      26      26      27     122     121
     122      13      16      12      36      36      36      68      68      68
     117     117     123      82      82      82     105     111     105      56
      60      60      80      55      59      98      98      98      73      72
      73      67      67      67      91      91      91      51      27      51
     116     116     116      24      40      54      38      38      62     107
     107     120      89      66      89      53      53      53      99      99
      93     103     103     103      27      27      12      93      93      93
      31      31      31     114     114       7      35      30      29      96
      97      96      61      62      57     100     100      99      79      79
      79       3      21       1      83      83     105      55      55      49
      28      23      19     106     106     106     118     118     118      13
       2      13      94      94      73       3     113       3      33      33
      33      86      86      86      37      32      37      65      65      54
      20      20      25     101      95     115       9      18       5      25
      25      24

     MULLIKEN POPULATIONS
    ----------------------
      1.26684603      2.85725194      1.20469119      2.65882541      1.77075458
      4.83636838      1.47885076      3.63140488      0.88103858      0.90036142
      0.93288996      0.93288219      0.58772102      0.72511160      0.69491635
      0.73336362      1.78281231      5.04605593      0.58496046      0.58736476
      1.78731714      5.03200623      0.58152145      0.57872739      1.78634385
      5.01384402      0.58855572      0.62406659      1.79156111      5.04738482
      0.59773177      0.55265531      1.79293677      5.04746406      0.60720411
      0.59582080      1.83655001      5.17895797      0.60149877      1.81026701
      5.01263151      0.58598117      0.59837140      1.82121604      5.02580121
      0.58227645      0.58784274      1.78499258      5.02330653      0.58750635
      0.59606225      1.80023063      5.06407631      0.56579133      0.56934493
      1.77892821      5.03167549      0.58671242      0.58222837      1.77924489
      5.05887242      0.58832395      0.58059962      1.79616195      4.99507133
      0.57746653      0.62422594      1.80982364      5.02508361      0.59999858
      0.58489171      1.79999925      5.01016386      0.62202425      0.57774883
      1.78548980      5.02857117      0.61085289      0.58278896      1.77529454
      5.05197664      0.57189238      0.61540037      1.78173132      5.04280618
      0.56870369      0.59895383      1.77921983      5.01567346      0.59119635
      0.59296160      1.80334179      5.07893379      0.55442381      0.60468830
      1.79288909      5.07529445      0.56836675      0.57941820      1.77699470
      4.99570347      0.60904999      0.60753642      1.79326234      5.04989427
      0.59289246      0.58658834      1.79659233      4.97181605      0.59345089
      0.59707176      1.79822480      5.04618405      0.58086792      0.56340277
      1.76572500      5.05076421      0.58933300      0.60100747      1.77843782
      5.04420894      0.61315586      0.58735298      1.78875754      5.03481658
      0.57929353      0.59691636      1.80592904      5.08668762      0.56938280
      0.60333500      1.78968457      5.03520656      0.59714494      0.56741998
      1.77922142      5.04373808      0.58918219      0.59100267      1.77362614
      4.99600808      0.60138794      0.60059100      1.79085954      5.03020196
      0.60806907      0.58566227      1.78022744      5.04514483      0.60620189
      0.56182318      1.77358728      5.03936386      0.57686938      0.59485721
      1.79238643      5.05169535      0.58550744      0.58558317      1.78726973
      5.02386524      0.60194631      0.58712109      1.78371789      5.01506222
      0.58060724      0.60199517      1.77927037      5.01645672      0.61601959
      0.58593508      1.79013481      5.03361801      0.59662719      0.58270769
      1.78465234      4.99525180      0.59392009      0.58645931      1.79290142
      5.00695479      0.58903449      0.61351461      1.79526807      5.05434694
      0.58924320      0.59318338      1.78135718      5.05442723      0.59634546
      0.56370172      1.79438838      4.97197893      0.61229317      0.60411299
      1.75991047      5.03258012      0.60159076      0.60142000      1.78549853
      5.03727038      0.62790751      0.56742597      1.76740563      4.97833204
      0.61569081      0.61369557      1.78046887      5.01436430      0.58657086
      0.60146608      1.79658172      5.04502953      0.59087312      0.55566556
      1.78454926      5.00761573      0.60007985      0.58823657      1.79164974
      5.03693401      0.57024639      0.59368803      1.79291766      5.07656393
      0.57683980      0.57318195      1.78191589      5.01650334      0.59882197
      0.59564871      1.81267436      5.03600529      0.57533004      0.57533252
      1.80641676      5.06486220      0.58117591      0.57224583      1.81007106
      4.98691281      0.60087155      0.59790575      1.80209017      5.03098376
      0.60655269      0.56197150      1.83369617      5.06021953      0.54388482
      0.56742261      1.79007903      5.01272185      0.59494425      0.59288769
      1.78001176      5.03125969      0.55592981      0.59939691      1.78258085
      5.04503846      0.59628936      0.57897881      1.79951877      5.05900999
      0.60245082      0.57331914      1.76670745      5.03008553      0.60357099
      0.59663484      1.80534809      5.01178306      0.57610010      0.59569296
      1.79500234      4.96816641      0.59493316      0.59732760      1.75383940
      4.98868086      0.63694453      0.61447545      1.79226229      5.06199757
      0.59003282      0.60154704      1.81256193      5.02401810      0.57366370
      0.58768748      1.78187818      5.00849403      0.60885015      0.59283228
      1.78013887      5.01226985      0.59748906      0.59197822      1.77466954
      5.00695830      0.61393387      0.59853263      1.78336185      5.05686918
      0.56397504      0.59324808      1.85881682      5.38238259      0.57388573
      0.50027953      1.76087630      5.03993261      0.60692959      0.58975103
      1.79109504      5.03935223      0.56616419      0.59905887      1.80856148
      5.05535826      0.58802089      0.56868976      1.78468675      5.03216363
      0.57961339      0.59186667      1.80065161      5.01608001      0.59132027
      0.60207448      1.79184592      5.03148945      0.57080993      0.60319831
      1.79118347      5.04791913      0.57814755      0.57966558      1.78401042
      4.96906598      0.60392945      0.61414810      1.78811868      5.02220461
      0.57597228      0.60689811      1.79786016      5.05638183      0.57952499
      0.58451611      1.75559042      4.99026791      0.61511860      0.60858000
      1.78019107      5.05488613      0.59779578      0.58293162      1.79675950
      5.02923780      0.57937222      0.59902940

     SUBSYSTEM
    -----------
      71      78      78      50      72      71      77      71      78      50
      51      56      69      69      73      44      44      57       8       8
     119      73      74      53     104      82      99      19       9      74
      65      75      39      37      39      70      70      70      76      76
      76      11      31      11      41      58      45      10      25       6
      22      22      15      60      60      63      90      89      89      71
      67      71      34      28      20      45      46      46      42      43
      42      94      94      93      81     102     103      84      82      85
     110     110     109      50      50      45      14      14      10      21
      21      21      88      87      88      16      11      15      92      92
      91     113      98      92      64      64      64     121      96     116
      52      47      52      17      16       4     108     112     108     106
     106     106      54      48      55      26      26      27     122     121
     122      13      16      12      36      36      36      68      68      68
     117     117     123      82      82      82     105     111     105      56
      60      60      80      55      59      98      98      98      73      72
      73      67      67      67      91      91      91      51      51      51
     116     116     116      24      40      54      38      38      62     107
     107     120      89      66      89      53      53      53      99      99
      93     103     103     103      27      27      12      93      93      93
      31      31      31     114     114       7      35      30      29      96
      97      96      61      62      57     100     100      99      79      79
      79       3      21       1      83      83     105      55      55      49
      28      23      19     106     106     106     118     118     118      13
       2      13      94      94      73       3     113       3      33      33
      33      86      86      86      37      32      37      65      65      54
      20      20      25     101      95     115       9      18       5      25
      25      24

     MULLIKEN POPULATIONS
    ----------------------
      1.26700367      2.85466325      1.20482410      2.65487737      1.77207368
      4.83690444      1.47973112      3.63261066      0.88049887      0.90156337
      0.93395830      0.93483000      0.58819504      0.72642917      0.69636912
      0.73158594      1.78186203      5.04859488      0.58493626      0.58753170
      1.78702268      5.03164275      0.58208796      0.57955255      1.78295027
      5.01596343      0.59107118      0.62207463      1.79003824      5.04753808
      0.59765625      0.55427766      1.78952976      5.04906331      0.60694721
      0.59599199      1.84781871      5.20481708      0.59778771      1.80859555
      5.01220767      0.58622142      0.59865823      1.81908974      5.02641763
      0.58116671      0.59047971      1.78433485      5.02734659      0.58706912
      0.59540738      1.80104281      5.06210004      0.56605874      0.56943850
      1.77578783      5.02864496      0.58789028      0.58324145      1.77620758
      5.05617420      0.58974544      0.57880971      1.79393527      4.99603948
      0.57657036      0.62476811      1.81148987      5.02410919      0.59936823
      0.58543208      1.80341823      5.00333996      0.62320515      0.57858296
      1.78204469      5.02970637      0.61124627      0.58402226      1.77456813
      5.05166674      0.57271890      0.61560010      1.77807872      5.04366062
      0.56978024      0.59889738      1.77850972      5.01678973      0.59103597
      0.59287063      1.80167484      5.08739030      0.55493362      0.60351717
      1.79144299      5.07335435      0.56894591      0.58053004      1.77289544
      4.99995292      0.60909586      0.60789679      1.79059070      5.05077543
      0.59260872      0.58741664      1.79456374      4.97566580      0.59368689
      0.59580213      1.79685920      5.05219162      0.57938431      0.56165834
      1.76829662      5.05610507      0.58688276      0.59577193      1.77873440
      5.04152425      0.61508548      0.58737277      1.78560475      5.03705547
      0.57826849      0.59686436      1.80888863      5.08633512      0.56941047
      0.60353659      1.78838449      5.03611399      0.59723228      0.56779986
      1.77784471      5.04653358      0.58860340      0.58902438      1.77129464
      4.99700454      0.60049241      0.60282181      1.79098443      5.02715581
      0.60845737      0.58797025      1.77899403      5.04618063      0.60654743
      0.56279946      1.77449079      5.04110612      0.57537353      0.59431570
      1.78999171      5.05213878      0.58632922      0.58743162      1.78657224
      5.02490163      0.60160949      0.58718312      1.78038188      5.01952551
      0.58050165      0.60152520      1.77671981      5.01983311      0.61510324
      0.58557254      1.78594693      5.03326322      0.59795361      0.58475745
      1.78275944      4.99428123      0.59349368      0.58611448      1.79295534
      5.00187335      0.59042945      0.61656070      1.79391930      5.05413047
      0.58928714      0.59363977      1.77858726      5.06182137      0.59477653
      0.56299731      1.79287246      4.97295345      0.61345929      0.60508638
      1.76145026      5.03124562      0.60220384      0.60153027      1.78714354
      5.03400608      0.62808281      0.56848559      1.76501742      4.98121077
      0.61527729      0.61337633      1.77776814      5.01557400      0.58738626
      0.60177470      1.79667458      5.04347078      0.59053067      0.55554557
      1.78707590      5.00852038      0.59926020      0.58794654      1.78885617
      5.03585227      0.57209167      0.59491575      1.78923661      5.07448450
      0.57878378      0.57333783      1.77961699      5.01768060      0.59931387
      0.59709379      1.81177113      5.03558819      0.57654420      0.57633367
      1.80564743      5.06657262      0.58171986      0.57373001      1.81222991
      4.98870011      0.59670034      0.59739264      1.79994870      5.03311843
      0.60743990      0.56060360      1.83542599      5.05863466      0.54568248
      0.56827203      1.78845822      5.01559257      0.59427971      0.59244811
      1.77695638      5.03364514      0.55619551      0.59969705      1.77889342
      5.04675161      0.59685622      0.57979022      1.80003134      5.05878641
      0.60249019      0.57291194      1.76551259      5.02928701      0.60372729
      0.59838250      1.80420280      5.01188243      0.57654735      0.59611949
      1.79806382      4.96605847      0.59335941      0.59373095      1.75786786
      4.98781932      0.63420065      0.61397189      1.79140458      5.06040084
      0.58921181      0.60234978      1.81522911      5.02545659      0.57261757
      0.58679774      1.77986809      5.01044466      0.60897117      0.59240880
      1.77996398      5.01227074      0.59941531      0.58985474      1.77375301
      5.00753629      0.61388595      0.59944399      1.78216870      5.05599665
      0.56580204      0.59382473      1.85617763      5.35606134      0.57655917
      0.49655986      1.75775501      5.04293452      0.60724707      0.59074355
      1.78683990      5.04035087      0.56757665      0.59931710      1.81312323
      5.05310146      0.58909340      0.56986279      1.78398276      5.03274627
      0.57974191      0.59267883      1.80076845      5.01955994      0.59147766
      0.60031896      1.78759793      5.03365072      0.57287971      0.60317133
      1.79432012      5.04631749      0.57753672      0.58178770      1.78108079
      4.97389460      0.60234266      0.61370177      1.78465373      5.02639624
      0.57546416      0.60571225      1.79402454      5.05634802      0.57928682
      0.58415349      1.74995305      4.99731270      0.61498893      0.60851634
      1.77927116      5.05593494      0.59592740      0.58276973      1.79577565
      5.03330489      0.58004144      0.59802974

     SUBSYSTEM
    -----------
      70      77      77      49      71      70      76      70      77      49
      50      55      68      68      72      44      44      56       8       8
     117      72      73      52     103     103      98      19       9      73
      64      74      39      37      39      69      69      69      75      75
      75      11      31      11      41      57      45      10      25       6
      22      22      15      59      59      62      89      88      88      69
      66      70      34      28      20      45      46      46      42      43
      42      93      93      92      80     101     102      83      81      84
     109     109     108      49      49      45      14      14      10      21
      21      21      87      86      87      16      11      15      91      91
      90     111      97      91      63      63      63     119      95     114
      51      47      51      17      16       4     107     107     107     105
     105     105      53      48      54      26      26      27     120     119
     120      13      16      12      36      36      36      67      67      67
     115     115     121      81      81      81     104     110     104      55
      59      59      79      54      58      97      97      97      72      71
      72      66      66      66      90      90      90      50      50      50
     114     114     114      24      40      53      38      38      61     106
     106     118      88      65      88      52      52      52      98      98
      92     102     102     102      27      27      12      92      92      92
      31      31      31     112     112       7      35      30      29      95
      96      95      60      61      56      99      99      98      78      78
      78       3      21       1      82      82     104      54      54      54
      28      23      19     105     105     105     116     116     116      13
       2      13      93      93      72       3     111       3      33      33
      33      85      85      85      37      32      37      64      64      53
      20      20      25     100      94     113       9      18       5      25
      25      24

     MULLIKEN POPULATIONS
    ----------------------
      1.26714974      2.85154920      1.20505443      2.65112001      1.77263144
      4.83764722      1.48087430      3.63436151      0.87988518      0.90296672
      0.93483092      0.93696095      0.58876710      0.72762051      0.69739202
      0.72980084      1.78121170      5.05070463      0.58513946      0.58792103
      1.78614207      5.03162490      0.58274229      0.58057977      1.77881780
      5.01836085      0.59366750      0.62037159      1.78815837      5.04668547
      0.59785729      0.55617303      1.78569741      5.05080878      0.60677190
      0.59619112      1.85783588      5.23367327      0.59419621      1.80553879
      5.01227607      0.58641771      0.59895147      1.81587479      5.02798017
      0.58024306      0.59289739      1.78338784      5.03153175      0.58696563
      0.59483512      1.80116015      5.06002265      0.56646786      0.56990453
      1.77311498      5.02705739      0.58905155      0.58429688      1.77490873
      5.05322826      0.59109099      0.57683696      1.79076095      4.99775502
      0.57586650      0.62529636      1.81129496      5.02280443      0.59895732
      0.58615305      1.80456574      4.99756584      0.62437372      0.57993270
      1.77898004      5.03033281      0.61169586      0.58513295      1.77506995
      5.05157601      0.57352667      0.61520775      1.77443366      5.04371704
      0.57067457      0.59905763      1.77823917      5.01797527      0.59096549
      0.59267724      1.79912945      5.09458731      0.55596735      0.60269832
      1.78992612      5.07139016      0.56989623      0.58176172      1.76816278
      5.00393519      0.60956563      0.60852268      1.78748130      5.05146079
      0.59273977      0.58815699      1.79111977      4.98119028      0.59394367
      0.59501492      1.79453375      5.05841135      0.57819123      0.56022611
      1.77171818      5.06048466      0.58490230      0.59032067      1.77940326
      5.03830149      0.61718153      0.58771419      1.78196354      5.03830282
      0.57737397      0.59715758      1.80998416      5.08518466      0.56985231
      0.60400927      1.78738358      5.03753556      0.59713220      0.56833352
      1.77655544      5.04915954      0.58806684      0.58746459      1.76943345
      4.99811716      0.59997862      0.60495339      1.79016265      5.02450342
      0.60900877      0.59036346      1.77791120      5.04630700      0.60693206
      0.56400779      1.77638108      5.04220233      0.57374663      0.59394009
      1.78746611      5.05258941      0.58752149      0.58924539      1.78595142
      5.02540052      0.60111193      0.58741023      1.77705465      5.02455614
      0.58048087      0.60119765      1.77407392      5.02322235      0.61425424
      0.58530466      1.78254232      5.03323222      0.59897095      0.58671431
      1.78056026      4.99487014      0.59331898      0.58603747      1.79130974
      4.99804457      0.59202136      0.61980536      1.79241386      5.05363772
      0.58946554      0.59430200      1.77597245      5.06854076      0.59340458
      0.56254746      1.79005448      4.97513474      0.61462555      0.60603768
      1.76419120      5.02854527      0.60299740      0.60162439      1.78809187
      5.03082918      0.62833037      0.56978550      1.76379580      4.98325960
      0.61468156      0.61299647      1.77616088      5.01637577      0.58797822
      0.60197367      1.79620463      5.04283844      0.59018454      0.55584112
      1.78847507      5.01010662      0.59861415      0.58784906      1.78520804
      5.03460530      0.57420935      0.59647835      1.78679104      5.07255046
      0.58028118      0.57320117      1.77756522      5.01888242      0.59989536
      0.59844898      1.80854101      5.03546891      0.57801137      0.57772021
      1.80452685      5.06746424      0.58261649      0.57534955      1.81289927
      4.99170819      0.59249197      0.59681851      1.79718090      5.03505348
      0.60832862      0.55956120      1.83591087      5.05762729      0.54770528
      0.56910926      1.78644956      5.01890457      0.59358510      0.59215106
      1.77408824      5.03495907      0.55675370      0.60010613      1.77559166
      5.04812018      0.59746639      0.58072787      1.79948781      5.05793021
      0.60274690      0.57299405      1.76508317      5.02738544      0.60412587
      0.60036845      1.80195741      5.01308757      0.57730381      0.59647227
      1.79963097      4.96612984      0.59205000      0.59024276      1.76359557
      4.98553393      0.63088499      0.61398017      1.79025833      5.05919205
      0.58854163      0.60314914      1.81615024      5.02729905      0.57188645
      0.58613794      1.77730402      5.01217509      0.60939963      0.59235075
      1.77941512      5.01227509      0.60153252      0.58815711      1.77357277
      5.00780115      0.61368068      0.60027859      1.78014331      5.05503930
      0.56817582      0.59490942      1.85407892      5.32811200      0.57943271
      0.49339800      1.75631819      5.04462051      0.60738894      0.59172098
      1.78300178      5.04161801      0.56934628      0.59959815      1.81590460
      5.04960311      0.59067678      0.57135379      1.78297316      5.03323576
      0.58007332      0.59360467      1.79997633      5.02353288      0.59136593
      0.59875032      1.78347021      5.03567698      0.57515191      0.60306787
      1.79728185      5.04489418      0.57700560      0.58424848      1.77748296
      4.97934485      0.60126175      0.61316163      1.78119776      5.03068901
      0.57511284      0.60475377      1.78980642      5.05571628      0.57924669
      0.58388852      1.74664032      5.00248554      0.61453679      0.60826728
      1.77779234      5.05692351      0.59464573      0.58303289      1.79489462
      5.03733012      0.58097212      0.59724581

     SUBSYSTEM
    -----------
      73      80      80      51      74      73      79      73      80      51
      52      57      70      70      75      46      46      59       8       8
     120      75      76      53     104      84      99      20       9      95
      66      77      41      39      41      71      72      72      78      78
      78      11      32      11      43      59      46      10       6       7
      21      24      15      64      61      64      90      90      90      72
      73      72      35      30      22      47      48      48      44      45
      44      94      94      93      83     102      83      86      84      87
     111     110     110      51      51      47      14      14      10      23
      23      23      89      89      89      16      11      15      92      92
      91     114      98      92      65      65      65     122      97     122
      53      49      53      18      16       4     109     113     109     106
     106      95      55      50      56      28      28      29     123     122
     123      13      17      12      38      38      38      69      69      69
     118     118     124      84      84      84     105     112     105      61
      61      62      82      60      60      98      98      98      75      74
      75      68      68      68      91      91      91      52      52      52
     117     117     117      26      42      55      40      40      58     108
     108     121      90      67      90      54      54      54      99      99
      93     103     103     103      29      29      12      93      93      93
      32      32      32     115     115       3      37      31      36      96
      97      96      62      63      58     100     100      99      81      81
      81       2      23      20      85      85     105      56      56      56
      30      25      20     106     107     106     119     119     119      13
       1      13      94      94      75       2     114       2      34      34
      34      88      88      88      39      33      39      66      66      55
      22      22      27     101      95     116       9      19       5      27
      27      26

     MULLIKEN POPULATIONS
    ----------------------
      1.26726152      2.84802706      1.20532141      2.64776245      1.77237297
      4.83857385      1.48224186      3.63679927      0.87929925      0.90455542
      0.93540126      0.93921635      0.58940224      0.72868622      0.69804142
      0.72770060      1.78097349      5.05223192      0.58551093      0.58851396
      1.78476301      5.03198285      0.58349082      0.58174937      1.77438871
      5.02070092      0.59620761      0.61906919      1.78617560      5.04458400
      0.59834049      0.55827930      1.78188977      5.05251737      0.60668844
      0.59636510      1.86639327      5.26429855      0.59057972      1.80129728
      5.01293465      0.58661159      0.59921359      1.81177755      5.03043729
      0.57951911      0.59489418      1.78227875      5.03550184      0.58718177
      0.59431908      1.80054355      5.05805922      0.56699637      0.57072545
      1.77123071      5.02701667      0.59007714      0.58526161      1.77538180
      5.05073668      0.59224880      0.57477411      1.78686566      5.00019370
      0.57536294      0.62571529      1.80919637      5.02128928      0.59878705
      0.58700846      1.80337000      4.99342635      0.62528178      0.58183685
      1.77665364      5.03020367      0.61220637      0.58598153      1.77680473
      5.05173409      0.57429098      0.61421576      1.77123990      5.04265115
      0.57137561      0.59938796      1.77842554      5.01921681      0.59095710
      0.59234137      1.79638530      5.09918924      0.55741825      0.60241169
      1.78852233      5.06950933      0.57114737      0.58305097      1.76330282
      5.00709942      0.61049592      0.60939687      1.78433342      5.05161714
      0.59329191      0.58879862      1.78660154      4.98789433      0.59421935
      0.59480023      1.79137105      5.06453487      0.57725590      0.55915272
      1.77551292      5.06397695      0.58353506      0.58487372      1.78042246
      5.03473335      0.61935294      0.58838359      1.77797853      5.03863442
      0.57669043      0.59775984      1.80913463      5.08338401      0.57061940
      0.60469396      1.78680618      5.03931722      0.59682416      0.56897059
      1.77546827      5.05157861      0.58752349      0.58632753      1.76823994
      4.99911343      0.59985315      0.60693640      1.78848280      5.02230040
      0.60978711      0.59273747      1.77714117      5.04546922      0.60728320
      0.56539402      1.77904739      5.04261518      0.57208503      0.59370854
      1.78505783      5.05285614      0.58902751      0.59088287      1.78539748
      5.02541927      0.60051391      0.58774187      1.77405999      5.02976024
      0.58052542      0.60089354      1.77156499      5.02637977      0.61351546
      0.58514528      1.78034178      5.03332287      0.59959164      0.58840345
      1.77814627      4.99714317      0.59351625      0.58620369      1.78815494
      4.99556213      0.59390783      0.62301450      1.79091810      5.05291801
      0.58975084      0.59507899      1.77382893      5.07417623      0.59222852
      0.56224073      1.78622275      4.97826506      0.61561361      0.60695388
      1.76776359      5.02464137      0.60403786      0.60177863      1.79065049
      5.02702446      0.62864469      0.57173695      1.76382816      4.98444828
      0.61390064      0.61257266      1.77582531      5.01668347      0.58826553
      0.60205830      1.79523045      5.04330067      0.58984541      0.55654287
      1.78869854      5.01224696      0.59805464      0.58791949      1.78107436
      5.03298699      0.57651977      0.59834938      1.78574235      5.07063550
      0.58133206      0.57271350      1.77599033      5.01991799      0.60053548
      0.59960219      1.80318343      5.03570368      0.57969999      0.57939193
      1.80316783      5.06730852      0.58377284      0.57689871      1.81205502
      4.99571042      0.58858568      0.59618692      1.79401600      5.03682550
      0.60917098      0.55889603      1.83520253      5.05695562      0.54991959
      0.56976482      1.78421193      5.02258780      0.59281866      0.59195678
      1.77176011      5.03511034      0.55755331      0.60055045      1.77314114
      5.04889326      0.59798690      0.58168857      1.79790483      5.05656521
      0.60316268      0.57355395      1.76554295      5.02451805      0.60483201
      0.60223063      1.79884209      5.01510682      0.57831347      0.59681124
      1.79960811      4.96861446      0.59099489      0.58715264      1.76983904
      4.98248326      0.62745315      0.61457788      1.78899089      5.05860037
      0.58814325      0.60366660      1.81525153      5.02947273      0.57146638
      0.58565283      1.77449961      5.01341383      0.61015368      0.59267686
      1.77876730      5.01209600      0.60364103      0.58692326      1.77418867
      5.00770590      0.61326943      0.60100842      1.77755979      5.05373929
      0.57101843      0.59651920      1.85234647      5.29990434      0.58232654
      0.49069535      1.75678394      5.04478662      0.60731712      0.59254564
      1.78006934      5.04295634      0.57132665      0.59985808      1.81674706
      5.04501532      0.59257889      0.57304863      1.78181237      5.03362750
      0.58052403      0.59455556      1.79834880      5.02786429      0.59098373
      0.59738080      1.77964538      5.03765918      0.57747505      0.60306788
      1.79985996      5.04335661      0.57668731      0.58698054      1.77335830
      4.98325681      0.60046709      0.61277095      1.77802391      5.03483496
      0.57488670      0.60400292      1.78559022      5.05468202      0.57934785
      0.58364148      1.74603989      5.00554873      0.61370826      0.60767285
      1.77605820      5.05768816      0.59400814      0.58362443      1.79424690
      5.04113145      0.58208139      0.59674649

     SUBSYSTEM
    -----------
      73      80      80      51      74      73      79      73      80      51
      52      57      70      70      75      46      46      59       8       8
     120      75      76      53     104     104      99      20       9      95
      66      77      41      39      41      71      72      72      78      78
      78      11      32      11      43      59      46      10       6       7
      21      24      15      64      61      64      90      90      90      72
      72      72      35      30      22      47      48      48      44      45
      44      94      94      93      83     102      83      86      84      87
     111     110     110      51      51      47      14      14      10      23
      23      23      89      89      89      16      11      15      92      92
      91     114      98      92      65      65      65     122      97     122
      53      49      53      18      16       4     109     113     109     106
     106      95      55      50      56      28      28      29     123     122
     123      13      17      12      38      38      38      69      69      69
     118     118     124      84      84      84     105     112     105      61
      61      62      82      60      60      98      98      98      75      74
      75      68      68      68      91      91      91      52      52      52
     117     117     117      26      42      55      40      40      58     108
     108     121      90      67      90      54      54      54      99      99
      93     103     103     103      29      29      12      93      93      93
      32      32      32     115     115       3      37      31      36      96
      97      96      62      63      58     100     100      99      81      81
      81       2      23      20      85      85     105      56      56      56
      30      25      20     106     107     106     119     119     119      13
       1      13      94      94      75       2     114       2      34      34
      34      88      88      88      39      33      39      66      66      55
      22      22      27     101      95     116       9      19       5      27
      27      26

     MULLIKEN POPULATIONS
    ----------------------
      1.26733759      2.84426096      1.20557138      2.64499210      1.77127805
      4.83971112      1.48369957      3.63967517      0.87858362      0.90625962
      0.93571068      0.94137965      0.59000140      0.72954408      0.69820652
      0.72576146      1.78119568      5.05302578      0.58604037      0.58929883
      1.78301759      5.03263091      0.58437497      0.58303321      1.77015819
      5.02264543      0.59854980      0.61822942      1.78433456      5.04117222
      0.59911931      0.56048088      1.77858998      5.05393757      0.60671294
      0.59644323      1.87340883      5.29606745      0.58668538      1.79618221
      5.01423522      0.58691480      0.59942290      1.80703193      5.03351154
      0.57909017      0.59653060      1.78117107      5.03887145      0.58762628
      0.59388805      1.79924665      5.05641096      0.56758351      0.57185324
      1.77035814      5.02834621      0.59088589      0.58611994      1.77745018
      5.04936442      0.59309166      0.57280690      1.78260305      5.00325127
      0.57497011      0.62594007      1.80528468      5.01983433      0.59886425
      0.58792562      1.79985134      4.99082821      0.62603608      0.58419515
      1.77533444      5.02917233      0.61273946      0.58647740      1.77959397
      5.05214958      0.57504399      0.61272756      1.76894399      5.04019911
      0.57187014      0.59981849      1.77905179      5.02054416      0.59081863
      0.59192468      1.79414251      5.10044240      0.55904873      0.60260784
      1.78740726      5.06774555      0.57263772      0.58434919      1.75891766
      5.00906512      0.61178907      0.61040445      1.78156692      5.05100947
      0.59417345      0.58936822      1.78147490      4.99512744      0.59447986
      0.59520329      1.78757457      5.07021490      0.57665829      0.55838139
      1.77920937      5.06671369      0.58286563      0.57962192      1.78172995
      5.03103334      0.62146427      0.58937091      1.77393982      5.03809864
      0.57618505      0.59863320      1.80633957      5.08102086      0.57167691
      0.60568841      1.78674332      5.04130737      0.59627680      0.56961514
      1.77467415      5.05368650      0.58694529      0.58562325      1.76785397
      4.99979805      0.60009086      0.60865770      1.78611628      5.02048767
      0.61085400      0.59503796      1.77683473      5.04388865      0.60754220
      0.56691232      1.78217602      5.04226302      0.57057746      0.59366703
      1.78304963      5.05278230      0.59071205      0.59219469      1.78491935
      5.02495162      0.59990176      0.58815365      1.77162387      5.03428769
      0.58071745      0.60042661      1.76947710      5.02924554      0.61283918
      0.58494010      1.77962613      5.03340840      0.59974058      0.58964852
      1.77559486      5.00267683      0.59323128      0.58555679      1.78380543
      4.99428016      0.59608096      0.62616529      1.78955198      5.05183416
      0.59032999      0.59602397      1.77244740      5.07830714      0.59130093
      0.56199798      1.78177152      4.98184571      0.61641531      0.60783785
      1.77170216      5.01979414      0.60535775      0.60210602      1.79227259
      5.02367862      0.62901642      0.57384955      1.76504064      4.98473950
      0.61305824      0.61215232      1.77679120      5.01648932      0.58815549
      0.60207246      1.79385340      5.04490318      0.58950593      0.55759194
      1.78670520      5.01645192      0.59707196      0.58777642      1.77693194
      5.03084346      0.57887247      0.60043988      1.78611279      5.06875299
      0.58185712      0.57181148      1.77509236      5.02063201      0.60116419
      0.60046560      1.79559507      5.03714707      0.58086347      0.58193940
      1.80156711      5.06535548      0.58545746      0.57840105      1.80980563
      5.00054999      0.58518316      0.59547931      1.79073081      5.03842248
      0.61000128      0.55861993      1.83341297      5.05631913      0.55224721
      0.57017497      1.78192394      5.02649492      0.59193692      0.59185641
      1.77028145      5.03406465      0.55847753      0.60104148      1.77191128
      5.04894487      0.59827434      0.58252908      1.79538129      5.05485184
      0.60371394      0.57452596      1.76682928      5.02064871      0.60571035
      0.60415262      1.79519642      5.01748447      0.57953101      0.59718947
      1.79803019      4.97356906      0.59022019      0.58457708      1.77574170
      4.97920122      0.62433706      0.61561842      1.78782697      5.05859470
      0.58803071      0.60384959      1.81256250      5.03192343      0.57132998
      0.58534077      1.77178497      5.01392279      0.61125265      0.59337164
      1.77832432      5.01161732      0.60552036      0.58608418      1.77554948
      5.00724275      0.61267337      0.60161214      1.77479289      5.05188274
      0.57418439      0.59860742      1.85068284      5.27261058      0.58508773
      0.48841557      1.75910350      5.04334835      0.60709763      0.59317688
      1.77848770      5.04413799      0.57331905      0.60002304      1.81561749
      5.03989131      0.59457646      0.57481154      1.78067880      5.03388818
      0.58101033      0.59546822      1.79601381      5.03241777      0.59038601
      0.59618591      1.77644105      5.03953213      0.57970360      0.60322389
      1.80189542      5.04152658      0.57658920      0.58986655      1.76922546
      4.98702187      0.60014660      0.61251260      1.77537129      5.03849266
      0.57485279      0.60341669      1.78178755      5.05350358      0.57953388
      0.58331804      1.74823040      5.00642086      0.61255246      0.60665254
      1.77449022      5.05785864      0.59406857      0.58445382      1.79408959
      5.04497504      0.58326931      0.59619902

     SUBSYSTEM
    -----------
      73      80      80      51      74      73      79      73      80      51
      52      57      70      70      75      46      46      59       8       8
     120      75      76      53     104     104      99      20       9      95
      66      77      41      39      41      71      72      72      78      78
      78      11      32      11      43      59      46      10       6       7
      21      24      15      64      61      64      90      90      90      72
      72      72      35      30      22      47      48      48      44      45
      44      94      94      93      83     102     103      86      84      87
     111     110     110      51      51      47      14      14      10      23
      23      23      89      89      89      16      11      15      92      92
      91     114      98      92      65      65      65     122      97     122
      53      49      53      18      16       4     109     113     109     106
     106      95      55      50      56      28      28      29     123     122
     123      13      17      12      38      38      38      69      69      69
     118     118     124      84      84      84     105     112     105      61
      61      62      82      60      60      98      98      98      75      74
      75      68      68      68      91      91      91      52      52      52
     117     117     117      26      42      55      40      40      58     108
     108     121      90      67      90      54      54      54      99      99
      93     103     103     103      29      29      12      93      93      93
      32      32      32     115     115       3      37      31      36      96
      97      96      62      63      58     100     100      99      81      81
      81       2      23      20      85      85     105      56      56      56
      30      25      20     106     107     106     119     119     119      13
       1      13      94      94      75       2     114       2      34      34
      34      88      88      88      39      33      39      66      66      55
      22      22      27     101      95     116       9      19       5      27
      27      26

     MULLIKEN POPULATIONS
    ----------------------
      1.26734782      2.84039857      1.20574552      2.64295313      1.76935082
      4.84113018      1.48514594      3.64300753      0.87786314      0.90795936
      0.93573882      0.94332829      0.59052050      0.73020199      0.69794472
      0.72402545      1.78186862      5.05305293      0.58667650      0.59023921
      1.78110200      5.03346058      0.58539755      0.58435930      1.76661388
      5.02391344      0.60061257      0.61779427      1.78282552      5.03656632
      0.60009529      0.56272389      1.77626030      5.05491336      0.60676295
      0.59633336      1.87882540      5.32792036      0.58240949      1.79063109
      5.01619519      0.58728332      0.59955099      1.80195790      5.03673941
      0.57884161      0.59781744      1.78019290      5.04125445      0.58833585
      0.59353442      1.79738292      5.05507235      0.56829092      0.57323478
      1.77061683      5.03070396      0.59145059      0.58677119      1.78084187
      5.04958148      0.59353993      0.57100493      1.77836688      5.00667854
      0.57464882      0.62589028      1.79977454      5.01868846      0.59920806
      0.58890303      1.79425494      4.98988123      0.62665587      0.58700917
      1.77514671      5.02723350      0.61327689      0.58654716      1.78315667
      5.05281509      0.57577998      0.61093129      1.76791845      5.03623157
      0.57222928      0.60021854      1.78000784      5.02185919      0.59065461
      0.59140267      1.79193026      5.09927618      0.56054874      0.60302752
      1.78674653      5.06611040      0.57425338      0.58561316      1.75558051
      5.00943818      0.61331736      0.61147190      1.77955493      5.04956699
      0.59532021      0.58979004      1.77632333      5.00223596      0.59472050
      0.59614011      1.78343005      5.07509289      0.57634834      0.55796248
      1.78238464      5.06884407      0.58287589      0.57477600      1.78320830
      5.02739187      0.62344949      0.59065649      1.77027313      5.03665780
      0.57587283      0.59963052      1.80179442      5.07853712      0.57291944
      0.60685467      1.78721130      5.04327635      0.59554767      0.57020102
      1.77424331      5.05537743      0.58633526      0.58530223      1.76829725
      4.99994359      0.60057130      0.61018087      1.78333911      5.01901164
      0.61215304      0.59721441      1.77706897      5.04155192      0.60767579
      0.56854012      1.78545650      5.04124591      0.56932163      0.59378448
      1.78169790      5.05221176      0.59247937      0.59308867      1.78456475
      5.02407419      0.59934130      0.58854472      1.77006501      5.03832869
      0.58084388      0.59986449      1.76802003      5.03165092      0.61222410
      0.58466577      1.78045379      5.03333802      0.59944669      0.59038876
      1.77322311      5.00956589      0.59300755      0.58506830      1.77870724
      4.99397362      0.59858331      0.62907799      1.78850236      5.05049343
      0.59101715      0.59691331      1.77207257      5.08070480      0.59055345
      0.56170361      1.77722625      4.98537151      0.61697668      0.60866931
      1.77554172      5.01440949      0.60692395      0.60264742      1.79288472
      5.02084492      0.62943374      0.57604045      1.76725429      4.98427738
      0.61227265      0.61169158      1.77890894      5.01582245      0.58766548
      0.60205908      1.79219654      5.04746985      0.58923924      0.55890621
      1.78369597      5.02090310      0.59601224      0.58778724      1.77328647
      5.02797177      0.58116330      0.60265005      1.78771077      5.06684808
      0.58191790      0.57055691      1.77498301      5.02083964      0.60178008
      0.60101371      1.78677880      5.03839610      0.58246698      0.58477752
      1.79991975      5.06223838      0.58721131      0.57968684      1.80635855
      5.00590990      0.58251244      0.59474260      1.78768908      5.03998806
      0.61067929      0.55859969      1.83066772      5.05534518      0.55474251
      0.57034135      1.77978046      5.03045302      0.59092219      0.59180153
      1.76988666      5.03188674      0.55945489      0.60151180      1.77205121
      5.04817861      0.59825064      0.58326123      1.79210763      5.05297406
      0.60435939      0.57580640      1.76878293      5.01595559      0.60677169
      0.60605835      1.79144588      5.01973505      0.58083465      0.59766352
      1.79500120      4.98067440      0.58972864      0.58281506      1.78085274
      4.97615060      0.62176520      0.61676759      1.78701498      5.05918180
      0.58811128      0.60361778      1.80819936      5.03449528      0.57154106
      0.58525337      1.76947072      5.01356335      0.61264285      0.59439893
      1.77827037      5.01077789      0.60699542      0.58558317      1.77751549
      5.00647888      0.61190554      0.60209206      1.77228517      5.04930914
      0.57752212      0.60099356      1.84877010      5.24702337      0.58756927
      0.48674835      1.76299892      5.04042847      0.60681037      0.59360623
      1.77853448      5.04483969      0.57521837      0.60006436      1.81255523
      5.03461609      0.59651942      0.57650916      1.77975659      5.03398058
      0.58146285      0.59627370      1.79315463      5.03707343      0.58964472
      0.59512113      1.77439264      5.04105809      0.58160881      0.60348554
      1.80325010      5.03922142      0.57682388      0.59273422      1.76542088
      4.99045206      0.60027530      0.61239094      1.77346250      5.04139441
      0.57505074      0.60286635      1.77880700      5.05249365      0.57966264
      0.58285513      1.75294663      5.00512599      0.61121361      0.60528102
      1.77351019      5.05718975      0.59471099      0.58542039      1.79449194
      5.04822841      0.58433277      0.59592449

     SUBSYSTEM
    -----------
      72      79      79      51      73      72      78      73      79      51
      52      57      70      70      74      46      46      59       8       8
     119      74      75      53     103     103      98      20       9      94
      66      76      41      39      41      71      71      71      77      77
      77      11      32      11      43      59      46      10       6       7
      21      24      15      64      61      64      89      89      89      71
      71      71      35      30      22      47      48      48      44      45
      44      93      93      92      82     101     102      85      83      86
     110     109     109      51      51      47      14      14      14      23
      23      23      88      88      88      16      11      15      91      91
      90     113      97      91      65      65      65     121      96     121
      53      49      53      18      16       4     108     112     108     105
     105      94      55      50      56      28      28      29     122     121
     122      13      17      12      38      38      38      69      69      69
     117     117     123      83      83      83     104     111     104      61
      61      62      81      60      60      97      97      97      74      73
      74      68      68      68      90      90      90      52      52      52
     116     116     116      26      42      55      40      40      58     107
     107     120      89      67      89      54      54      54      98      98
      92     102     102     102      29      29      12      92      92      92
      32      32      32     114     114       3      37      31      36      95
      96      95      62      63      58      99      99      98      80      80
      80       2      23      20      84      84     104      56      56      56
      30      25      20     105     106     105     118     118     118      13
       1      13      93      93      74       2     113       2      34      34
      34      87      87      87      39      33      39      66      66      55
      22      22      27     100      94     115       9      19       5      27
      27      26

     MULLIKEN POPULATIONS
    ----------------------
      1.26726813      2.83659675      1.20578975      2.64173581      1.76664143
      4.84299934      1.48646816      3.64670896      0.87720334      0.90953703
      0.93552361      0.94492596      0.59090077      0.73066525      0.69733064
      0.72256085      1.78291594      5.05238324      0.58738857      0.59127146
      1.77924076      5.03428964      0.58655161      0.58567136      1.76416058
      5.02430631      0.60232846      0.61768023      1.78178242      5.03113027
      0.60113960      0.56486382      1.77522753      5.05532290      0.60680454
      0.59594135      1.88264126      5.35887277      0.57768030      1.78518908
      5.01879976      0.58760276      0.59956516      1.79689279      5.03982445
      0.57877852      0.59873701      1.77943343      5.04245668      0.58927582
      0.59323647      1.79515893      5.05399051      0.56912664      0.57476693
      1.77198749      5.03361893      0.59178554      0.58716174      1.78518760
      5.05140514      0.59364611      0.56949277      1.77454986      5.01023127
      0.57425924      0.62555019      1.79303683      5.01806924      0.59983146
      0.58992086      1.78704229      4.99047816      0.62725048      0.59017345
      1.77604848      5.02451869      0.61379290      0.58617383      1.78717538
      5.05371095      0.57647185      0.60901156      1.76838393      5.03084368
      0.57249868      0.60052402      1.78116552      5.02315227      0.59051585
      0.59073075      1.79078193      5.09446621      0.56205502      0.60404029
      1.78666189      5.06455352      0.57588844      0.58681124      1.75376814
      5.00803358      0.61490152      0.61258254      1.77852877      5.04727182
      0.59674682      0.59002811      1.77179599      5.00859994      0.59488954
      0.59744122      1.77929108      5.07882675      0.57625922      0.55791943
      1.78470184      5.07052586      0.58351439      0.57048097      1.78472161
      5.02405646      0.62520484      0.59216503      1.76749796      5.03434998
      0.57562783      0.60059770      1.79584182      5.07633806      0.57421641
      0.60816833      1.78817686      5.04503988      0.59469055      0.57064966
      1.77420108      5.05651578      0.58572442      0.58532699      1.76997886
      5.00187695      0.60007029      0.60960354      1.78049385      5.01776226
      0.61351683      0.59929547      1.77785805      5.03857204      0.60772807
      0.57022555      1.78850082      5.03925917      0.56872486      0.59404900
      1.78120453      5.05106912      0.59420129      0.59350958      1.78436173
      5.02292498      0.59900328      0.58877236      1.76949714      5.04156559
      0.58093259      0.59922374      1.76734871      5.03349403      0.61165169
      0.58429018      1.78268057      5.03304278      0.59875217      0.59065608
      1.77114620      5.01723454      0.59288276      0.58478602      1.77340232
      4.99434627      0.60134409      0.63162382      1.78790952      5.04900681
      0.59173385      0.59759475      1.77275630      5.08122802      0.58996666
      0.56137933      1.77320374      4.98839983      0.61729630      0.60926537
      1.77888928      5.00901830      0.60853571      0.60342712      1.79249298
      5.01854476      0.62993064      0.57821477      1.77017133      4.98327440
      0.61165833      0.61116905      1.78187272      5.01478174      0.58686664
      0.60206547      1.79042643      5.05070381      0.58909171      0.56036608
      1.77983217      5.02516588      0.59508859      0.58798410      1.77063778
      5.02426661      0.58321458      0.60486558      1.79020045      5.06492845
      0.58159026      0.56905157      1.77568130      5.02041888      0.60233324
      0.60131269      1.77753888      5.03914031      0.58443882      0.58774883
      1.79834852      5.05823840      0.58884308      0.58066536      1.80207195
      5.01156674      0.58066968      0.59389634      1.78525336      5.04161663
      0.61113879      0.55865177      1.82712048      5.05389178      0.55739850
      0.57021242      1.77796892      5.03425122      0.58977723      0.59175085
      1.77064934      5.02859519      0.56056701      0.60194189      1.77351017
      5.04662182      0.59789465      0.58391792      1.78835793      5.05108383
      0.60506956      0.57726361      1.77114961      5.01069414      0.60799074
      0.60792823      1.78804476      5.02146651      0.58208027      0.59820446
      1.79075342      4.98936323      0.58959164      0.58188632      1.78494738
      4.97364528      0.61995233      0.61759067      1.78671190      5.06043341
      0.58828477      0.60288724      1.80240730      5.03703695      0.57213353
      0.58546306      1.76780438      5.01230742      0.61422742      0.59569296
      1.77861216      5.00961985      0.60798707      0.58534943      1.77988282
      5.00551312      0.61106109      0.60240740      1.77048271      5.04589509
      0.58083543      0.60351475      1.84629897      5.22354991      0.58978826
      0.48587338      1.76619705      5.03966228      0.60559142      0.59329601
      1.78026620      5.04480548      0.57693131      0.59998926      1.80772566
      5.02968788      0.59831187      0.57810603      1.77921140      5.03386188
      0.58183972      0.59691594      1.79000171      5.04167969      0.58885369
      0.59414987      1.77411087      5.04179811      0.58294075      0.60380606
      1.80386160      5.03647345      0.57735184      0.59537050      1.76232391
      4.99336951      0.60072914      0.61236768      1.77250821      5.04344912
      0.57532680      0.60222853      1.77698480      5.05192046      0.57963027
      0.58219508      1.75959843      5.00188519      0.60992654      0.60367987
      1.77337348      5.05579401      0.59569259      0.58645898      1.79546540
      5.05077655      0.58515803      0.59589973

     SUBSYSTEM
    -----------
      72      79      79      51      73      72      78      73      79      51
      52      57      70      70      74      46      46      59       8       8
     119      74      75      53     103     103      98      20       9      94
      66      76      41      39      41      71      71      71      77      77
      77      11      11      11      43      59      46      10       6       7
      21      24      15      64      61      64      89      89      89      71
      71      71      35      30      22      47      48      48      44      45
      44      93      93      92      82     101     102      85      83      86
     110     109     109      51      51      47      14      14      14      23
      23      23      88      88      88      16      12      15      91      91
      90     113      97      91      65      65      65     121      96     121
      53      49      53      18      16       4     108     112     108     105
     105      94      55      50      56      28      28      29     122     121
     122      13      17      12      38      38      38      69      69      69
     117     117     123      83      83      83     104     111     104      61
      61      62      81      60      60      97      97      97      74      73
      74      68      68      68      90      90      90      52      52      52
     116     116     116      26      42      55      40      40      58     107
     107     120      89      67      89      54      54      54      98      98
      92     102     102     102      29      29      12      92      92      92
      32      32      32     114     114       3      37      31      36      95
      96      95      62      63      58      99      99      98      80      80
      80       2      23      20      84      84     104      56      56      56
      30      25      20     105     106     105     118     118     118      13
       1      13      93      93      74       2     113       2      34      34
      34      87      87      87      39      33      39      66      66      55
      22      22      27     100      94     115       9      19       5      27
      27      26

     MULLIKEN POPULATIONS
    ----------------------
      1.26707927      2.83300064      1.20565705      2.64137751      1.76323330
      4.84539841      1.48756215      3.65066155      0.87666415      0.91092245
      0.93509013      0.94609332      0.59115447      0.73098452      0.69647245
      0.72138427      1.78418444      5.05107537      0.58818790      0.59239852
      1.77767734      5.03495321      0.58778789      0.58689096      1.76306248
      5.02367335      0.60370983      0.61779250      1.78122674      5.02519187
      0.60220192      0.56688468      1.77562878      5.05516596      0.60675515
      0.59525578      1.88486481      5.38804269      0.57264810      1.78043406
      5.02187883      0.58780394      0.59939768      1.79223755      5.04276913
      0.57859920      0.59927288      1.77890748      5.04244376      0.59040360
      0.59302949      1.79285116      5.05307510      0.57004218      0.57632289
      1.77429849      5.03653000      0.59196564      0.58732878      1.79011451
      5.05470675      0.59333064      0.56836700      1.77145369      5.01361501
      0.57375625      0.62492762      1.78561985      5.01813757      0.60064369
      0.59093941      1.77884845      4.99201878      0.62786572      0.59367300
      1.77784184      5.02123936      0.61417593      0.58551849      1.79134757
      5.05475845      0.57705628      0.60714713      1.77035382      5.02436590
      0.57279047      0.60068372      1.78236971      5.02438827      0.59039406
      0.58996230      1.79045699      5.08701369      0.56345229      0.60555420
      1.78719833      5.06292405      0.57743052      0.58802129      1.75380255
      5.00475408      0.61645638      0.61358293      1.77862745      5.04436752
      0.59821239      0.59009719      1.76851159      5.01363616      0.59492530
      0.59895990      1.77557444      5.08121343      0.57630616      0.55815746
      1.78592601      5.07189066      0.58457933      0.56696782      1.78611443
      5.02121535      0.62667929      0.59381033      1.76607111      5.03130787
      0.57530869      0.60140768      1.78897429      5.07461731      0.57555396
      0.60961424      1.78955008      5.04643732      0.59374814      0.57092875
      1.77454989      5.05701687      0.58513121      0.58562692      1.77192539
      5.00323046      0.59968561      0.60904673      1.77794523      5.01653876
      0.61495745      0.60118257      1.77912949      5.03506056      0.60772754
      0.57202006      1.79108744      5.03679833      0.56877410      0.59436596
      1.78165508      5.04933646      0.59579140      0.59344449      1.78435920
      5.02171148      0.59882105      0.58856738      1.76997721      5.04394391
      0.58091835      0.59843076      1.76752730      5.03469410      0.61114580
      0.58379852      1.78600478      5.03257016      0.59779494      0.59041333
      1.76949938      5.02506482      0.59285885      0.58462682      1.76845241
      4.99495169      0.60428689      0.63376762      1.78783510      5.04741675
      0.59245543      0.59799589      1.77437649      5.07999779      0.58957345
      0.56100621      1.77026907      4.99039722      0.61726237      0.60971540
      1.78081126      5.00822481      0.60833712      0.60273944      1.79119060
      5.01680223      0.63048829      0.58027167      1.77339449      4.98192389
      0.61130501      0.61066796      1.78527797      5.01354301      0.58580379
      0.60216628      1.78872642      5.05414187      0.58909815      0.56188957
      1.77542579      5.02893712      0.59435967      0.58834057      1.76937800
      5.01966873      0.58496018      0.60692831      1.79314568      5.06298302
      0.58099805      0.56744456      1.77711071      5.01935337      0.60286588
      0.60135672      1.76890038      5.03896011      0.58665882      0.59061883
      1.79695086      5.05363656      0.59023766      0.58127779      1.79740681
      5.01721248      0.57955639      0.59301758      1.78372153      5.04331220
      0.61137006      0.55862889      1.82291556      5.05191924      0.56018721
      0.56986859      1.77664916      5.03766305      0.58852621      0.59168193
      1.77253259      5.02436328      0.56175480      0.60236369      1.77607377
      5.04436138      0.59726641      0.58455341      1.78448278      5.04928106
      0.60581272      0.57873170      1.77364862      5.00521670      0.60930932
      0.60971176      1.78537744      5.02241859      0.58300004      0.59888125
      1.78563967      4.99881880      0.58978201      0.58183060      1.78790036
      4.97196207      0.61882064      0.61787955      1.78685817      5.06224419
      0.58861460      0.60174998      1.79558186      5.03937590      0.57315293
      0.58598356      1.76693870      5.01017994      0.61595500      0.59714930
      1.77919794      5.00823054      0.60846629      0.58538124      1.78247137
      5.00466400      0.61019211      0.60230865      1.76975864      5.04154619
      0.58397779      0.60601393      1.84308536      5.20253678      0.59163681
      0.48597442      1.77015986      5.03767857      0.60442417      0.59306262
      1.78347575      5.04387590      0.57846925      0.59981175      1.80144089
      5.02552804      0.59990910      0.57963340      1.77916464      5.03345688
      0.58206616      0.59746689      1.78684960      5.04612118      0.58807371
      0.59318759      1.77600529      5.04129508      0.58355473      0.60417748
      1.80370170      5.03330347      0.57814640      0.59765204      1.76032058
      4.99542400      0.60136809      0.61252728      1.77260468      5.04451827
      0.57553805      0.60157380      1.77654356      5.05198951      0.57932322
      0.58131666      1.76733886      4.99712410      0.60885179      0.60209580
      1.77391834      5.05351230      0.59726492      0.58753357      1.79687121
      5.05266974      0.58559284      0.59609361

     SUBSYSTEM
    -----------
      72      79      79      51      73      72      78      73      79      51
      52      57      70      70      74      46      46      59       8       8
     119      74      75      53     103     103      98      20       9      94
      66      76      41      39      41      71      71      71      77      77
      77      11      11      11      43      59      46      10       6       7
      21      24      15      64      61      64      89      89      89      71
      71      71      35      30      22      47      48      48      44      45
      44      93      93      92      82     101     102      85      83      86
     110     109     109      51      51      47      14      14      14      23
      23      23      88      88      88      16      12      15      91      91
      90     113      97      91      65      65      65     121      96     121
      53      49      53      18      16       4     108     112     108     105
     105      94      55      50      56      28      28      29     122     121
     122      13      17      12      38      38      38      69      69      69
     117     117     123      83      83      83     104     111     104      61
      61      62      81      60      60      97      97      97      74      73
      74      68      68      68      90      90      90      52      52      52
     116     116     116      26      42      55      40      40      58     107
     107     120      89      67      89      54      54      54      98      98
      92     102     102     102      29      29      12      92      92      92
      32      32      32     114     114       3      37      31      36      95
      96      95      62      63      58      99      99      98      80      80
      80       2      23      20      84      84     104      56      56      56
      30      25      20     105     106     105     118     118     118      13
       1      13      93      93      74       2     113       2      34      34
      34      87      87      87      39      33      39      66      66      55
      22      22      27     100      94     115       9      19       5      27
      27      26

     MULLIKEN POPULATIONS
    ----------------------
      1.26676899      2.82973629      1.20531458      2.64186837      1.75928278
      4.84837189      1.48834268      3.65472391      0.87631158      0.91201407
      0.93448632      0.94676730      0.59131617      0.73120653      0.69549723
      0.72050909      1.78551701      5.04930118      0.58905032      0.59358757
      1.77662755      5.03528731      0.58904134      0.58795955      1.76344133
      5.02196879      0.60478987      0.61803098      1.78115324      5.01917872
      0.60318444      0.56872790      1.77736998      5.05452013      0.60659605
      0.59430609      1.88555663      5.41467973      0.56749347      1.77692322
      5.02522587      0.58781679      0.59894446      1.78835202      5.04556849
      0.57806786      0.59940760      1.77858766      5.04133984      0.59165270
      0.59292843      1.79075557      5.05219230      0.57097997      0.57778401
      1.77727384      5.03893432      0.59207081      0.58732375      1.79519000
      5.05913380      0.59255728      0.56769575      1.76928337      5.01658348
      0.57308052      0.62409696      1.77821927      5.01891145      0.60153093
      0.59185798      1.77056140      4.99391059      0.62851308      0.59734025
      1.78023769      5.01771187      0.61449108      0.58458697      1.79540924
      5.05583288      0.57744089      0.60549204      1.77362827      5.01731511
      0.57323530      0.60069546      1.78346285      5.02550868      0.59028935
      0.58917831      1.79047115      5.07830061      0.56470307      0.60744941
      1.78836403      5.06117597      0.57882545      0.58916150      1.75574870
      4.99966087      0.61790837      0.61450130      1.77982885      5.04105218
      0.59960070      0.59004550      1.76701214      5.01701494      0.59471893
      0.60045994      1.77268613      5.08210695      0.57639635      0.55855967
      1.78593399      5.07300781      0.58593575      0.56437484      1.78724785
      5.01899049      0.62784076      0.59549672      1.76623675      5.02783700
      0.57481437      0.60197487      1.78187056      5.07344430      0.57688582
      0.61114010      1.79121307      5.04740927      0.59277124      0.57094832
      1.77524811      5.05685524      0.58460686      0.58613324      1.77378828
      5.00404562      0.59934119      0.60868147      1.77605413      5.01517054
      0.61631406      0.60287697      1.78076557      5.03120337      0.60770907
      0.57395418      1.79303995      5.03422192      0.56923826      0.59477251
      1.78298882      5.04704309      0.59719231      0.59295738      1.78448205
      5.02050427      0.59884796      0.58821452      1.77143530      5.04542768
      0.58079772      0.59749171      1.76852828      5.03521172      0.61073247
      0.58321435      1.79000665      5.03201075      0.59671348      0.58970249
      1.76840125      5.03232121      0.59288052      0.58456519      1.76442350
      4.99536066      0.60725239      0.63550286      1.78826658      5.04575210
      0.59318353      0.59810156      1.77665363      5.07730537      0.58942868
      0.56061789      1.76889053      4.99101197      0.61688245      0.60993773
      1.78161102      5.00815430      0.60806815      0.60227131      1.78913471
      5.01559564      0.63112322      0.58213424      1.77650621      4.98049484
      0.61127125      0.61021793      1.78868554      5.01230056      0.58458742
      0.60236834      1.78730943      5.05732070      0.58925280      0.56335612
      1.77091790      5.03186396      0.59387489      0.58882118      1.76973750
      5.01429406      0.58628790      0.60876360      1.79609251      5.06099810
      0.58027000      0.56588446      1.77971269      5.01673153      0.60367883
      0.60121744      1.76202954      5.03752221      0.58881329      0.59306406
      1.79582359      5.04874875      0.59124271      0.58150728      1.79291673
      5.02260978      0.57899685      0.59204169      1.78331344      5.04514726
      0.61133373      0.55836264      1.81818894      5.04957280      0.56305317
      0.56942723      1.77594429      5.04051050      0.58716988      0.59159037
      1.77537121      5.01943886      0.56291493      0.60285009      1.77944336
      5.04151065      0.59645983      0.58523226      1.78087828      5.04758073
      0.60652207      0.58008396      1.77600886      4.99984095      0.61066605
      0.61139614      1.78369162      5.02243986      0.58362689      0.59957462
      1.78014599      5.00805250      0.59026770      0.58256478      1.78955836
      4.97141655      0.61834860      0.61738465      1.78729473      5.06462711
      0.58908890      0.60031497      1.78827540      5.04128427      0.57457125
      0.58682229      1.76694522      5.00727696      0.61774581      0.59866309
      1.77983789      5.00671301      0.60851736      0.58564256      1.78499964
      5.00381015      0.60932601      0.60211009      1.77036570      5.03626823
      0.58682709      0.60834072      1.83910054      5.18425551      0.59300660
      0.48710637      1.77441523      5.03470337      0.60362166      0.59272726
      1.78772840      5.04203513      0.57984360      0.59963308      1.79418723
      5.02237403      0.60130708      0.58112061      1.77970832      5.03276276
      0.58216021      0.59786056      1.78403258      5.05026984      0.58735079
      0.59214068      1.78003442      5.03934922      0.58341681      0.60467454
      1.80282553      5.02989020      0.57909888      0.59940837      1.75980226
      4.99629315      0.60202575      0.61286612      1.77372980      5.04449119
      0.57569050      0.60091794      1.77753953      5.05279017      0.57868154
      0.58026571      1.77521237      4.99150893      0.60815944      0.60062972
      1.77484190      5.05068651      0.59934278      0.58869482      1.79842997
      5.05405197      0.58558782      0.59644250

     SUBSYSTEM
    -----------
      71      78      78      50      72      71      77      72      78      50
      51      56      69      69      73      45      45      58       8       8
     118      73      74      52     102     102      97      20       9      93
      65      75      40      38      40      70      70      70      76      76
      76      11      11      11      42      58      45      10       6       7
      21      24      15      63      60      63      88      88      88      70
      70      71      34      30      22      46      47      47      43      44
      43      92      92      91      81     100     101      84      82      85
     109     108     108      50      50      46      14      14      14      23
      23      23      87      87      87      16      12      15      90      90
      89     112      96      90      64      64      64     120      95     120
      52      48      52      18      16       4     107     111     107     104
     104      93      54      49      55      28      28      29     121     120
     121      13      17      12      37      37      37      68      68      68
     116     116     122      82      82      82     103     110     103      60
      60      61      80      59      59      96      96      96      73      72
      73      67      67      67      89      89      89      51      51      51
     115     115     115      26      41      54      39      39      57     106
     106     119      88      66      88      53      53      53      97      97
      91     101     101     101      29      29      12      91      91      91
      31      31      31     113     113       3      36      36      35      94
      95      94      61      62      57      98      98      97      79      79
      79       2      23      20      83      83     103      55      55      55
      30      25      20     104     105     104     117     117     117      13
       1      13      92      92      73       2     112       2      33      33
      33      86      86      86      38      32      38      65      65      54
      22      22      27      99      93     114       9      19       5      27
      27      27

     MULLIKEN POPULATIONS
    ----------------------
      1.26633004      2.82690232      1.20473811      2.64314104      1.75503149
      4.85184636      1.48875228      3.65873824      0.87618909      0.91274555
      0.93378711      0.94692723      0.59143023      0.73137619      0.69453338
      0.71992811      1.78676672      5.04724772      0.58995579      0.59479786
      1.77624366      5.03514786      0.59024933      0.58885313      1.76526301
      5.01919216      0.60565694      0.61832524      1.78153829      5.01347795
      0.60399584      0.57035416      1.78017629      5.05357112      0.60632547
      0.59313911      1.88483847      5.43816939      0.56247710      1.77510573
      5.02865006      0.58753980      0.59811228      1.78553861      5.04820464
      0.57699630      0.59912271      1.77843348      5.03933787      0.59296024
      0.59295734      1.78914138      5.05122361      0.57190276      0.57902586
      1.78058357      5.04050894      0.59217771      0.58718078      1.79993719
      5.06423319      0.59133026      0.56749236      1.76815222      5.01891077
      0.57221481      0.62315112      1.77161995      5.02029672      0.60230817
      0.59255042      1.76321188      4.99549782      0.62914030      0.60091846
      1.78291177      5.01427424      0.61470968      0.58349451      1.79912514
      5.05674666      0.57756504      0.60418658      1.77783689      5.01027509
      0.57397663      0.60059393      1.78431387      5.02644883      0.59020376
      0.58845587      1.79039864      5.06976526      0.56578267      0.60951101
      1.79008145      5.05922720      0.58002361      0.59025021      1.75942455
      4.99299164      0.61924249      0.61538183      1.78201165      5.03751653
      0.60080612      0.58992700      1.76762733      5.01855738      0.59420969
      0.60177582      1.77096185      5.08145829      0.57645145      0.55900826
      1.78472869      5.07388713      0.58744313      0.56281088      1.78802972
      5.01743945      0.62869348      0.59710052      1.76793599      5.02437683
      0.57415871      0.60226911      1.77537334      5.07280991      0.57806046
      0.61260580      1.79299615      5.04784549      0.59184105      0.57073385
      1.77623691      5.05598244      0.58420706      0.58677078      1.77528546
      5.00440526      0.59895230      0.60865066      1.77510242      5.01350999
      0.61750159      0.60436545      1.78261860      5.02722595      0.60770571
      0.57604461      1.79421983      5.03175704      0.57007543      0.59526208
      1.78502151      5.04430610      0.59834490      0.59214804      1.78465330
      5.01950444      0.59911016      0.58773942      1.77370590      5.04602979
      0.58059535      0.59645549      1.77024216      5.03506206      0.61043325
      0.58258522      1.79422168      5.03150479      0.59560059      0.58860116
      1.76790535      5.03838809      0.59293812      0.58459866      1.76181376
      4.99513807      0.61007418      0.63688382      1.78913556      5.04407530
      0.59390411      0.59793597      1.77923616      5.07355668      0.58957042
      0.56030474      1.76932994      4.99007545      0.61618986      0.60987977
      1.78118556      5.00893058      0.60770397      0.60203087      1.78654563
      5.01487977      0.63183956      0.58374815      1.77911602      4.97926131
      0.61156710      0.60983991      1.79168980      5.01124303      0.58329273
      0.60267691      1.78637658      5.05980855      0.58953045      0.56465262
      1.76687409      5.03362429      0.59361386      0.58936110      1.77171020
      5.00820626      0.58726444      0.61028066      1.79863138      5.05893806
      0.57952657      0.56450132      1.78257791      5.01362408      0.60448745
      0.60106666      1.75799439      5.03461849      0.59054900      0.59476460
      1.79505294      5.04387948      0.59173316      0.58136697      1.78916840
      5.02757814      0.57873580      0.59087139      1.78409993      5.04716281
      0.61104756      0.55775378      1.81308581      5.04715408      0.56590250
      0.56902395      1.77591121      5.04264540      0.58575718      0.59148260
      1.77887681      5.01405828      0.56406532      0.60346234      1.78329679
      5.03817440      0.59559135      0.58600220      1.77795431      5.04595301
      0.60712672      0.58117122      1.77801711      4.99482046      0.61198856
      0.61299499      1.78308423      5.02158364      0.58389694      0.60023507
      1.77488603      5.01606962      0.59095267      0.58390955      1.78969683
      4.97225789      0.61852494      0.61604419      1.78782135      5.06754325
      0.58966988      0.59873603      1.78119581      5.04254633      0.57626177
      0.58789036      1.76781639      5.00372805      0.61951408      0.60015318
      1.78041576      5.00500405      0.60829220      0.58609116      1.78726746
      5.00300736      0.60852595      0.60183835      1.77237708      5.03014348
      0.58930757      0.61040513      1.83449034      5.16890428      0.59382565
      0.48915427      1.77847458      5.03101816      0.60327314      0.59234143
      1.79247386      5.03947397      0.58107158      0.59950731      1.78664026
      5.02024163      0.60248508      0.58256336      1.78087393      5.03176328
      0.58213024      0.59812154      1.78188381      5.05397510      0.58670007
      0.59094746      1.78563312      5.03612592      0.58262494      0.60544876
      1.80134007      5.02638797      0.58008808      0.60056185      1.76102613
      4.99570479      0.60254441      0.61340232      1.77574138      5.04333500
      0.57581616      0.60031634      1.77985381      5.05430126      0.57771605
      0.57911604      1.78232078      4.98584990      0.60785827      0.59935050
      1.77577261      5.04770785      0.60186197      0.58995162      1.79979358
      5.05512797      0.58516131      0.59687279

     SUBSYSTEM
    -----------
      71      78      78      50      72      71      77      72      78      50
      51      56      69      69      73      45      45      58       8       8
     118      73      74      52     102     102      97      20       9      93
      65      75      40      38      40      70      70      70      76      76
      76      11      11      11      42      58      45      10       6       7
      21      24      15      63      60      63      88      88      88      70
      70      71      34      30      22      46      47      47      43      44
      43      92      92      91      81     100     101      84      82      85
     109     108     108      50      50      46      14      14      14      23
      23      23      87      87      87      16      12      15      90      90
      89     112      96      90      64      64      64     120      95     120
      52      48      52      18      16       4     107     111     107     104
     104      93      54      49      55      28      28      29     121     120
     121      13      17      12      37      37      37      68      68      68
     116     116     122      82      82      82     103     110     103      60
      60      61      80      59      59      96      96      96      73      72
      73      67      67      67      89      89      89      51      51      51
     115     115     115      26      41      54      39      39      57     106
     106     119      88      66      88      53      53      53      97      97
      91     101     101     101      29      29      12      91      91      91
      31      31      31     113     113       3      36      36      35      94
      95      94      61      62      57      98      98      97      79      79
      79       2      23      20      83      83     103      55      55      55
      30      25      20     104     105     104     117     117     117      13
       1      13      92      92      73       2     112       2      33      33
      33      86      86      86      38      32      38      65      65      54
      22      22      27      99      93     114       9      19       5      27
      27      27

     MULLIKEN POPULATIONS
    ----------------------
      1.26576025      2.82457558      1.20391520      2.64508841      1.75080881
      4.85560823      1.48876724      3.66253449      0.87633174      0.91306388
      0.93306394      0.94656989      0.59155055      0.73155035      0.69370559
      0.71961563      1.78782150      5.04510096      0.59087729      0.59598301
      1.77659416      5.03444072      0.59136077      0.58957217      1.76835075
      5.01540502      0.60643215      0.61862545      1.78234870      5.00839392
      0.60455284      0.57174547      1.78365757      5.05256119      0.60593883
      0.59181143      1.88292614      5.45796826      0.55789118      1.77523194
      5.03199391      0.58691472      0.59683864      1.78401706      5.05061908
      0.57526849      0.59841291      1.77843854      5.03666395      0.59423477
      0.59313028      1.78821357      5.05011646      0.57277160      0.57995180
      1.78388354      5.04109716      0.59233507      0.58693980      1.80387974
      5.06954422      0.58971730      0.56769565      1.76810539      5.02036500
      0.57118590      0.62221347      1.76659282      5.02215222      0.60274586
      0.59286348      1.75781736      4.99615827      0.62965289      0.60410817
      1.78554891      5.01124621      0.61480619      0.58236033      1.80229096
      5.05732557      0.57740920      0.60332574      1.78251647      5.00376820
      0.57514069      0.60043955      1.78483143      5.02713615      0.59013574
      0.58786843      1.79010825      5.06254410      0.56664691      0.61143482
      1.79221495      5.05704318      0.58100166      0.59130475      1.76441927
      4.98513642      0.62048182      0.61631300      1.78498015      5.03390096
      0.60173771      0.58980504      1.77040448      5.01828794      0.59340747
      0.60281596      1.77060971      5.07932138      0.57642814      0.55941104
      1.78244468      5.07446036      0.58899530      0.56233061      1.78842901
      5.01654354      0.62926089      0.59849383      1.77084488      5.02138213
      0.57344951      0.60234844      1.77037082      5.07259892      0.57886490
      0.61382105      1.79473033      5.04770898      0.59101505      0.57029347
      1.77744637      5.05443369      0.58398728      0.58744706      1.77622318
      5.00441488      0.59844013      0.60904812      1.77525289      5.01145168
      0.61845966      0.60564954      1.78453905      5.02337756      0.60774556
      0.57827183      1.79456207      5.02957947      0.57122680      0.59584268
      1.78747826      5.04128229      0.59920761      0.59115312      1.78478388
      5.01888198      0.59961609      0.58719148      1.77655300      5.04580489
      0.58035541      0.59539191      1.77248299      5.03429163      0.61028097
      0.58198108      1.79819034      5.03118610      0.59455030      0.58718999
      1.76801203      5.04286418      0.59305287      0.58471526      1.76099868
      4.99389669      0.61258733      0.63802723      1.79033082      5.04246131
      0.59459393      0.59755757      1.78179725      5.06922341      0.59000436
      0.56015586      1.77158486      4.98762393      0.61527355      0.60953638
      1.77955108      5.01053128      0.60728397      0.60202709      1.78369444
      5.01458166      0.63262026      0.58508362      1.78090917      4.97847125
      0.61215723      0.60954540      1.79396411      5.01051141      0.58201894
      0.60304559      1.78608103      5.06128249      0.58989287      0.56568432
      1.76390987      5.03400241      0.59348592      0.58986699      1.77508478
      5.00164704      0.58796887      0.61145935      1.80043767      5.05674724
      0.57887471      0.56339915      1.78540487      5.01022884      0.60527282
      0.60102430      1.75747415      5.03022663      0.59163049      0.59551358
      1.79471154      5.03934039      0.59163041      0.58088926      1.78664172
      5.03197293      0.57851777      0.58942199      1.78599847      5.04939456
      0.61056385      0.55677325      1.80780553      5.04505448      0.56859390
      0.56876745      1.77653831      5.04399342      0.58434691      0.59137696
      1.78270533      5.00850044      0.56522302      0.60423562      1.78732600
      5.03448470      0.59477218      0.58687088      1.77607092      5.04431691
      0.60755800      0.58188135      1.77953627      4.99031558      0.61322084
      0.61453436      1.78351798      5.01999264      0.58379879      0.60081702
      1.77054438      5.02201324      0.59169422      0.58561979      1.78807198
      4.97468083      0.61929692      0.61397384      1.78829227      5.07082247
      0.59028874      0.59717645      1.77514093      5.04296730      0.57800451
      0.58902520      1.76947707      4.99970684      0.62117463      0.60154729
      1.78097257      5.00290096      0.60795975      0.58666278      1.78911344
      5.00229269      0.60784307      0.60152814      1.77567407      5.02333793
      0.59140720      0.61216053      1.82959456      5.15657733      0.59403468
      0.49180759      1.78189875      5.02697613      0.60342383      0.59195465
      1.79715331      5.03653052      0.58214931      0.59944390      1.77964249
      5.01897371      0.60336967      0.58386172      1.78263531      5.03046780
      0.58200128      0.59828646      1.78069537      5.05714062      0.58610112
      0.58955205      1.79189233      5.03213179      0.58137220      0.60661861
      1.79940382      5.02291254      0.58100322      0.60110308      1.76397717
      4.99354828      0.60281153      0.61419171      1.77839096      5.04110321
      0.57597111      0.59984521      1.78321349      5.05641228      0.57648016
      0.57798330      1.78794503      4.98096888      0.60784339      0.59827021
      1.77646310      5.04484183      0.60466880      0.59132896      1.80065224
      5.05618077      0.58438455      0.59724706

     SUBSYSTEM
    -----------
      71      77      77      49      72      71      76      72      77      49
      50      55      69      69      73      44      44      58       9       9
     116      73      74      51     102     102     102      20      10      93
      65      82      39      37      39      70      70      70      75      75
      75      12      12      12      41      58      45      11       6       7
      23      23      16      60      60      63      88      87      87      70
      67      71      34      29      21      45      46      46      42      43
      42      92      92      91      79     100     101      82      80      83
     108     107     107      49      49      45      15      15      11      22
      22      22      86      85      85      17      13      16      71      90
      89     110      96      90      64      64      64     118      94     113
      51      47      51      18      18       4     106     106     106     104
     104      93      53      48      54      27      27      28     119     118
     119      14      17     120      36      36      36      68      68      68
     114     114     120      80      80      80     103     109     103      60
      60      60      79      54      59      96      96      96      73      72
      73      67      67      67      89      89      89      50      56      50
      95     113     113      25      40      53      38      38      62     105
     105     117      87      66      87      52      52      52      97      97
      91     101     101     101      28      32      13      91      91      91
      31      31      31     111     111       8      30      30      35      94
      95      94      61      62      57      98      98      97      78      78
      78       3       3      20      81      81     103      54      54      54
      29      24      20     104     104     104     115     115     115      14
       1      14      92      92      73       2     110       2      33      33
      33      84      84      84      37      32      37      65      65      53
      21      21      26      99      93     112      10      19       5      26
      26      26

     MULLIKEN POPULATIONS
    ----------------------
      1.26506273      2.82281645      1.20284234      2.64755500      1.74700882
      4.85932746      1.48838668      3.66589959      0.87675315      0.91293135
      0.93237597      0.94571683      0.59171972      0.73176933      0.69312593
      0.71954809      1.78861076      5.04302603      0.59178572      0.59709740
      1.77765961      5.03314311      0.59232651      0.59013956      1.77241520
      5.01083402      0.60724268      0.61880085      1.78353866      5.00419867
      0.60478524      0.57288602      1.78738519      5.05173613      0.60541476
      0.59037455      1.88015360      5.47365306      0.55404729      1.77729844
      5.03515519      0.58594714      0.59512375      1.78389885      5.05270887
      0.57288299      0.59725585      1.77863976      5.03351316      0.59538404
      0.59345061      1.78808749      5.04888243      0.57357688      0.58049680
      1.78685598      5.04068964      0.59257374      0.58662526      1.80658837
      5.07462391      0.58788829      0.56818158      1.76913446      5.02072379
      0.57004746      0.62141752      1.76375760      5.02434099      0.60263429
      0.59265710      1.75517124      4.99534201      0.62997964      0.60665252
      1.78787033      5.00889020      0.61476791      0.58129419      1.80472690
      5.05743045      0.57701312      0.60296536      1.78592232      4.99897163
      0.57692677      0.60051253      1.78497076      5.02749229      0.59008629
      0.58747538      1.78983310      5.05733287      0.56719877      0.61285091
      1.79458823      5.05464133      0.58175868      0.59233712      1.77016729
      4.97664009      0.62165998      0.61738111      1.78847841      5.03031519
      0.60232859      0.58975056      1.77507772      5.01643955      0.59240697
      0.60356325      1.77167558      5.07586042      0.57633903      0.55971230
      1.77935187      5.07458475      0.59054585      0.56289296      1.78847159
      5.01620586      0.62959161      0.59955981      1.77451289      5.01918366
      0.57284588      0.60232477      1.76763421      5.07266361      0.57907467
      0.61458592      1.79624703      5.04698475      0.59034658      0.56966916
      1.77879997      5.05227427      0.58400097      0.58807466      1.77649284
      5.00417076      0.59776815      0.60989512      1.77651409      5.00895347
      0.61917685      0.60675835      1.78639556      5.01993643      0.60783974
      0.58056711      1.79407127      5.02777078      0.57264072      0.59655084
      1.79005324      5.03815649      0.59974230      0.59013002      1.78480295
      5.01872165      0.60035592      0.58663989      1.77969172      5.04482197
      0.58014525      0.59438947      1.77503545      5.03297524      0.61029570
      0.58146200      1.80150563      5.03116856      0.59362390      0.58556603
      1.76872318      5.04552947      0.59315825      0.58488228      1.76216288
      4.99136941      0.61463981      0.63909880      1.79171590      5.04097768
      0.59522596      0.59704905      1.78409593      5.06477333      0.59070207
      0.56023244      1.77539135      4.98389909      0.61426716      0.60896160
      1.77684201      5.01279336      0.60689151      0.60227139      1.78088760
      5.01461206      0.63341825      0.58613116      1.78168439      4.97831827
      0.61296816      0.60933322      1.79528539      5.01018646      0.58086076
      0.60341072      1.78649592      5.06157884      0.59029591      0.56638339
      1.76254397      5.03293453      0.59337336      0.59026770      1.77947714
      4.99493410      0.58852463      0.61231335      1.80128753      5.05435922
      0.57842344      0.56264674      1.78792188      5.00676046      0.60600726
      0.60118673      1.76054396      5.02453692      0.59204633      0.59530589
      1.79485016      5.03548683      0.59089574      0.58012691      1.78565368
      5.03572251      0.57812458      0.58763138      1.78879447      5.05186736
      0.60995328      0.55545801      1.80267475      5.04368077      0.57090775
      0.56867400      1.77774499      5.04455633      0.58300524      0.59130295
      1.78650627      5.00307155      0.56638396      0.60516755      1.79123292
      5.03057855      0.59411862      0.58781798      1.77548183      5.04258145
      0.60776358      0.58214945      1.78049993      4.98638529      0.61432801
      0.61606200      1.78486592      5.01780040      0.58337587      0.60130033
      1.76778794      5.02529797      0.59233531      0.58738534      1.78448863
      4.97870711      0.62060751      0.61146751      1.78867505      5.07412150
      0.59085537      0.59578433      1.77088294      5.04240015      0.57953438
      0.59002986      1.77178281      4.99544239      0.62264276      0.60278570
      1.78169421      5.00013903      0.60766896      0.58722621      1.79042058
      5.00169947      0.60731311      0.60122003      1.77997035      5.01609811
      0.59315365      0.61360166      1.82485176      5.14743081      0.59369704
      0.49459069      1.78434250      5.02297459      0.60407494      0.59161986
      1.80128222      5.03360261      0.58305792      0.59940915      1.77410159
      5.01830315      0.60389119      0.58479931      1.78490769      5.02891779
      0.58180740      0.59840098      1.78065146      5.05973524      0.58553346
      0.58792038      1.79783561      5.02799560      0.58005267      0.60813286
      1.79721882      5.01954475      0.58174913      0.60108337      1.76830891
      4.98994436      0.60279754      0.61530452      1.78136711      5.03794436
      0.57620239      0.59957842      1.78724889      5.05897980      0.57504149
      0.57696605      1.79160353      4.97756368      0.60796370      0.59735709
      1.77689493      5.04209046      0.60754516      0.59286342      1.80080150
      5.05747291      0.58339010      0.59740261

     SUBSYSTEM
    -----------
      72      78      78      50      73      72      77      73      78      50
      51      56      70      70      74      45      45      59       8       8
     117      74      75      52     103     103     103      20       9      94
      66      83      40      38      40      71      71      71      76      76
      76      11      11      11      42      59      45      10       5       6
      23      23      16      61      61      64      89      88      88      71
      68      72      34      29      21      46      47      47      43      44
      43      93      93      92      80     101     102      83      81      84
     109     108     108      50      50      46      15      15      10      22
      22      22      87      86      86      17      11      16      91      91
      90     111      97      91      65      65      65     119      96     114
      52      48      52      18      17       3     107     107     107     105
     105      94      54      49      55      27      27      28     120     119
     120      13      17     121      37      37      37      69      69      69
     115     115     121      81      81      81     104     110     104      56
      61      61      80      55      60      97      97      97      74      73
      74      68      68      68      90      90      90      51      57      51
      96     114     114      25      41      54      39      39      63     106
     106     118      88      67      88      53      53      53      98      98
      92     102     102     102      28      28      12      92      92      92
      31      31      31     112     112       7      36      30      35      95
      96      95      62      63      58      99      99      98      79      79
      79       1       2      20      82      82     104      55      55      55
      29      24      20     105     105     105     116     116     116      13
      14      13      93      93      74       1     111       1      33      33
      33      85      85      85      38      32      38      66      66      54
      21      21      26     100      94     113       9      19       4      26
      26      26

     MULLIKEN POPULATIONS
    ----------------------
      1.26423781      2.82165427      1.20153184      2.65036800      1.74403320
      4.86261050      1.48766424      3.66876298      0.87748071      0.91236878
      0.93177389      0.94441379      0.59197060      0.73210916      0.69288014
      0.71964702      1.78910259      5.04116414      0.59264022      0.59810755
      1.77932801      5.03126025      0.59315172      0.59060161      1.77702952
      5.00570199      0.60817381      0.61889290      1.78500157      5.00101157
      0.60469736      0.57380573      1.79095119      5.05129628      0.60471968
      0.58886979      1.87698827      5.48485266      0.55107971      1.78106577
      5.03849820      0.58485918      0.59293715      1.78511967      5.05434771
      0.57006858      0.59570293      1.77909394      5.03002099      0.59635605
      0.59391420      1.78879125      5.04756773      0.57434227      0.58062513
      1.78922935      5.03932947      0.59289573      0.58627783      1.80776175
      5.07925012      0.58597824      0.56881550      1.77115077      5.01979606
      0.56891553      0.62090713      1.76346485      5.02677970      0.60179729
      0.59188078      1.75569531      4.99287367      0.63009769      0.60839867
      1.78964223      5.00738489      0.61456469      0.58042147      1.80628856
      5.05701834      0.57646585      0.60308262      1.78900827      4.99521887
      0.57907072      0.60074670      1.78474463      5.02749636      0.58999050
      0.58732194      1.78997914      5.05421109      0.56730479      0.61358947
      1.79699499      5.05203655      0.58235202      0.59335808      1.77604296
      4.96813566      0.62279528      0.61862531      1.79218295      5.02671725
      0.60258200      0.58984795      1.78112688      5.01349005      0.59118425
      0.60416576      1.77405220      5.07138759      0.57617822      0.55992283
      1.77584714      5.07405490      0.59202410      0.56442399      1.78823130
      5.01630170      0.62975660      0.60018671      1.77850654      5.01785123
      0.57245096      0.60240680      1.76764360      5.07294526      0.57853339
      0.61473350      1.79742243      5.04567518      0.58983676      0.56893832
      1.78021095      5.04957605      0.58432934      0.58858118      1.77606182
      5.00375273      0.59691090      0.61116708      1.77875461      5.00607328
      0.61966743      0.60769935      1.78807476      5.01704605      0.60800587
      0.58281591      1.79256794      5.02824382      0.57360693      0.59649273
      1.79246963      5.03516971      0.59991077      0.58921276      1.78467763
      5.01895913      0.60129833      0.58619336      1.78281249      5.04317309
      0.58006919      0.59356338      1.77764886      5.03124167      0.61055983
      0.58104528      1.80384274      5.03152959      0.59287867      0.58381819
      1.76997464      5.04635372      0.59329008      0.58502834      1.76523227
      4.98747599      0.61611449      0.64028861      1.79315347      5.03969669
      0.59573629      0.59650732      1.78599000      5.06060162      0.59159207
      0.56059108      1.78028300      4.97930693      0.61333165      0.60825656
      1.77328933      5.01542354      0.60671036      0.60275567      1.77844896
      5.01487249      0.63412922      0.58687957      1.78136605      4.97889159
      0.61391802      0.60921097      1.79553747      5.01027910      0.57989664
      0.60373072      1.78758825      5.06066932      0.59070727      0.56674076
      1.76305882      5.03060030      0.59319319      0.59048071      1.78439913
      4.98842171      0.58906904      0.61287279      1.80107076      5.05175405
      0.57822610      0.56229282      1.78990231      5.00341394      0.60670402
      0.60161041      1.76665530      5.01792602      0.59205061      0.59431653
      1.79547042      5.03267195      0.58958851      0.57914898      1.78629670
      5.03876376      0.57744016      0.58550131      1.79216272      5.05449690
      0.60928180      0.55398473      1.79814727      5.04318446      0.57264057
      0.56869251      1.77938856      5.04439275      0.58180740      0.59130410
      1.78996883      4.99810599      0.56748637      0.60621609      1.79473714
      5.02662592      0.59370067      0.58880858      1.77627768      5.04064952
      0.60777392      0.58196283      1.78090694      4.98304641      0.61528689
      0.61760785      1.78695483      5.01510331      0.58271948      0.60166394
      1.76711554      5.02556899      0.59269791      0.58901923      1.77891880
      4.98411360      0.62237882      0.60895605      1.78904231      5.07695557
      0.59128039      0.59468341      1.76902668      5.04077991      0.58060829
      0.59073263      1.77451338      4.99119819      0.62388568      0.60380840
      1.78276874      4.99657169      0.60760361      0.58814562      1.79111325
      5.00125285      0.60697135      0.60096004      1.78487050      5.00875428
      0.59459736      0.61471613      1.82073903      5.14126363      0.59269544
      0.49724342      1.78561020      5.01948602      0.60516798      0.59121155
      1.80450705      5.03111867      0.58375609      0.59928669      1.77082753
      5.01791453      0.60392292      0.58513419      1.78754535      5.02717001
      0.58159034      0.59854177      1.78084298      5.06406001      0.58362510
      0.58540470      1.80271808      5.02445941      0.57871123      0.60984306
      1.79421300      5.01653020      0.58244513      0.60044668      1.77341835
      4.98527023      0.60252513      0.61677421      1.78398306      5.03485355
      0.57680306      0.59908484      1.79150803      5.06169947      0.57346149
      0.57639674      1.79306249      4.97614561      0.60805418      0.59659238
      1.77726814      5.03915654      0.61038422      0.59451029      1.80017391
      5.05913971      0.58231055      0.59719060

     SUBSYSTEM
    -----------
      72      78      78      50      73      72      77      73      78      50
      51      56      70      70      74      45      45      59       8       8
     117      74      75      52     103      81     103      20       9      94
      66      83      40      38      40      71      71      71      76      76
      76      11      11      11      42      59      45      10       5       6
      23      23      16      61      61      64      89      88      88      71
      68      72      34      29      21      46      47      47      43      44
      43      93      93      92      80     101     102      83      81      84
     109     108     108      50      50      46      15      15      10      22
      22      22      87      86      86      17      11      16      91      91
      90     111      97      91      65      65      65     119      96     114
      52      48      52      18      17       3     107     107     107     105
     105      94      54      49      55      27      27      28     120     119
     120      13      17     121      37      37      37      69      69      69
     115     115     121      81      81      81     104     110     104      61
      61      61      80      55      60      97      97      97      74      73
      74      68      68      68      90      90      90      51      57      51
      96     114     114      25      41      54      39      39      63     106
     106     118      88      67      88      53      53      53      98      98
      92     102     102     102      28      28      12      92      92      92
      31      31      31     112     112       7      36      30      35      95
      96      95      62      63      58      99      99      98      79      79
      79       1       2      20      82      82     104      55      55      55
      29      24      20     105     105     105     116     116     116      13
      14      13      93      93      74       1     111       1      33      33
      33      85      85      85      38      32      38      66      66      54
      21      21      26     100      94     113       9      19       4      26
      26      26

     MULLIKEN POPULATIONS
    ----------------------
      1.26329345      2.82110226      1.20001498      2.65335029      1.74221375
      4.86511658      1.48665937      3.67093994      0.87847936      0.91138112
      0.93131465      0.94272887      0.59232466      0.73253937      0.69303051
      0.71989120      1.78927771      5.03957993      0.59344819      0.59901813
      1.78143892      5.02891128      0.59375451      0.59105119      1.78168586
      5.00027389      0.60929980      0.61899725      1.78657915      4.99893728
      0.60425735      0.57458263      1.79400145      5.05135614      0.60385353
      0.58731118      1.87398724      5.49127553      0.54904661      1.78603482
      5.04146231      0.58365329      0.59053207      1.78748252      5.05548596
      0.56690612      0.59384867      1.77985370      5.02635375      0.59706609
      0.59450500      1.79029041      5.04624342      0.57507523      0.58035730
      1.79080298      5.03711381      0.59330722      0.58591235      1.80716344
      5.08254956      0.58461622      0.56936978      1.77399406      5.01758719
      0.56786449      0.62072381      1.76571429      5.02942940      0.60022990
      0.59054008      1.75929166      4.98862245      0.63009694      0.60938448
      1.79068795      5.00681900      0.61424526      0.57978851      1.80687122
      5.05613305      0.57586696      0.60365236      1.78964037      4.99577155
      0.58130252      0.60046384      1.78418329      5.02706385      0.58991834
      0.58740964      1.79091305      5.05330824      0.56691562      0.61347692
      1.79924073      5.04930458      0.58280842      0.59436002      1.78145127
      4.96027920      0.62388020      0.62002398      1.79576967      5.02327505
      0.60244526      0.59011518      1.78782862      5.00995024      0.59007508
      0.60457771      1.77745412      5.06618049      0.57611101      0.56012445
      1.77240901      5.07260563      0.59346916      0.56671027      1.78779444
      5.01663853      0.62979376      0.60037951      1.78252740      5.01725605
      0.57234071      0.60265672      1.77040983      5.07330805      0.57730019
      0.61433280      1.79813840      5.04384135      0.58952122      0.56818400
      1.78159773      5.04640998      0.58497877      0.58896105      1.77493713
      5.00311528      0.59599999      0.61279154      1.78170596      5.00290699
      0.61998196      0.60853216      1.78948411      5.01491134      0.60823061
      0.58492054      1.79043973      5.02899371      0.57476150      0.59661548
      1.79452623      5.03266073      0.59960155      0.58850048      1.78443952
      5.01946639      0.60239428      0.58591432      1.78564693      5.04097614
      0.58013984      0.59295509      1.78009066      5.02924544      0.61098940
      0.58083738      1.80497942      5.03232469      0.59230887      0.58207633
      1.77162857      5.04536302      0.59350528      0.58518868      1.76984494
      4.98236110      0.61695221      0.64176448      1.79450233      5.03862134
      0.59614108      0.59600738      1.78741375      5.05697651      0.59261752
      0.56126785      1.78569824      4.97441414      0.61259159      0.60749557
      1.76926139      5.01812748      0.60672913      0.60347758      1.77667393
      5.01528895      0.63466793      0.58732863      1.78000860      4.98016988
      0.61490131      0.60921407      1.79470711      5.01074628      0.57920063
      0.60397433      1.78923187      5.05865864      0.59108961      0.56679898
      1.76538394      5.02730567      0.59292310      0.59055838      1.78935075
      4.98253678      0.58967026      0.61313353      1.79975367      5.04888466
      0.57840001      0.56237513      1.79119158      5.00042268      0.60730515
      0.60231510      1.77479303      5.01077898      0.59206333      0.59297576
      1.79652259      5.03125169      0.58779896      0.57803686      1.78844933
      5.04110060      0.57645106      0.58311140      1.79578750      5.05731890
      0.60863713      0.55235383      1.79479569      5.04359884      0.57354274
      0.56871259      1.78128465      5.04360428      0.58082131      0.59143905
      1.79282174      4.99381735      0.56852658      0.60733873      1.79757876
      5.02287773      0.59357808      0.58978312      1.77838103      5.03849542
      0.60757736      0.58140749      1.78078843      4.98023176      0.61611662
      0.61921817      1.78959571      5.01204861      0.58194004      0.60179192
      1.76875383      5.02275022      0.59270278      0.59035781      1.77163207
      4.99032123      0.62450099      0.60694739      1.78952051      5.07884913
      0.59149204      0.59394002      1.76986082      5.03812537      0.58106780
      0.59108212      1.77740266      4.98732556      0.62484319      0.60454917
      1.78430705      4.99187396      0.60781493      0.58893139      1.79116842
      5.00101194      0.60682154      0.60077958      1.78991320      5.00160988
      0.59580097      0.61557382      1.81767919      5.13796633      0.59108673
      0.49940052      1.78557922      5.01681249      0.60661356      0.59100485
      1.80661079      5.02944668      0.58411736      0.59902766      1.77040073
      5.01788761      0.60310749      0.58473407      1.79036145      5.02531977
      0.58140827      0.59875171      1.78206338      5.06797438      0.58174241
      0.58270664      1.80602769      5.02146956      0.57780379      0.61146889
      1.79149918      5.01374658      0.58282494      0.59952189      1.77860425
      4.98008129      0.60203776      0.61855816      1.78631193      5.03125669
      0.57759977      0.59889754      1.79559579      5.06448718      0.57195104
      0.57616544      1.79226222      4.97673319      0.60816479      0.59605370
      1.77792193      5.03584550      0.61277390      0.59628977      1.79885276
      5.06121910      0.58122320      0.59662592

     SUBSYSTEM
    -----------
      72      78      78      50      73      72      77      73      78      50
      51      56      70      70      74      45      45      59       8       8
     117      74      75      52     103     103     103      20       9      94
      66      83      40      38      40      71      71      71      76      76
      76      11      11      11      42      59      45      10       5       6
      23      23      16      61      61      64      89      88      88      71
      68      72      34      29      21      46      47      47      43      44
      43      93      93      92      80     101     102      83      81      84
     109     108     108      50      50      46      15      15      10      22
      22      22      87      86      86      17      11      16      91      91
      90     111      97      91      65      65      65     119      96     114
      52      48      52      18      17       3     107     107     107     105
     105      94      54      49      55      27      27      28     120     119
     120      13      17     121      37      37      37      69      69      69
     115     115     121      81      81      81     104     110     104      61
      61      61      80      55      60      97      97      97      74      73
      74      68      68      68      90      90      90      51      57      51
      96     114     114      25      41      54      39      39      63     106
     106     118      88      67      88      53      53      53      98      98
      92     102     102     102      28      28      12      92      92      92
      31      31      31     112     112       7      36      30      35      95
      96      95      62      63      58      99      99      98      79      79
      79       1       2      20      82      82     104      55      55      55
      29      24      20     105     105     105     116     116     116      13
      14      13      93      93      74       1     111       1      33      33
      33      85      85      85      38      32      38      66      66      54
      21      21      26     100      94     113       9      19       4      26
      26      26

     MULLIKEN POPULATIONS
    ----------------------
      1.26225726      2.82118271      1.19835113      2.65634712      1.74173121
      4.86667182      1.48546143      3.67233944      0.87958801      0.90976341
      0.93109808      0.94077182      0.59282904      0.73306260      0.69361939
      0.72030072      1.78913204      5.03830551      0.59422376      0.59985595
      1.78378053      5.02623858      0.59407290      0.59161141      1.78591265
      4.99504228      0.61062434      0.61901372      1.78805908      4.99797361
      0.60358405      0.57524942      1.79625645      5.05195741      0.60281282
      0.58573026      1.87172552      5.49277903      0.54783170      1.79162271
      5.04399690      0.58248995      0.58806147      1.79062311      5.05621961
      0.56368414      0.59177671      1.78091851      5.02270514      0.59748691
      0.59516877      1.79249746      5.04495465      0.57574712      0.57978437
      1.79144686      5.03413069      0.59380998      0.58557294      1.80478015
      5.08469777      0.58343375      0.57045250      1.77736464      5.01418186
      0.56701809      0.62094899      1.77015962      5.03227442      0.59802915
      0.58876531      1.76541445      4.98280225      0.63014931      0.60973584
      1.79088500      5.00716404      0.61386903      0.57944046      1.80652471
      5.05581353      0.57551918      0.60475241      1.78974567      4.99697396
      0.58370114      0.60021874      1.78334601      5.02614778      0.58983912
      0.58782182      1.79266957      5.05463118      0.56602690      0.61261105
      1.80115434      5.04653703      0.58317298      0.59530131      1.78589017
      4.95364788      0.62490341      0.62150822      1.79891136      5.02016330
      0.60193329      0.59051831      1.79443602      5.00638215      0.58924608
      0.60486604      1.78155854      5.06072808      0.57618163      0.56030364
      1.76954679      5.06997907      0.59486681      0.56953464      1.78725419
      5.01707700      0.62971457      0.60018201      1.78634096      5.01686524
      0.57259398      0.60334778      1.77553736      5.07375043      0.57555485
      0.61350738      1.79830905      5.04144977      0.58949534      0.56756452
      1.78289870      5.04290380      0.58594134      0.58919773      1.77319283
      5.00222525      0.59516701      0.61464635      1.78503983      4.99967295
      0.62013984      0.60925946      1.79054439      5.01355992      0.60854854
      0.58675893      1.78790299      5.02986891      0.57607265      0.59692511
      1.79605438      5.03082787      0.59886033      0.58811207      1.78416303
      5.02004789      0.60354718      0.58587136      1.78797416      5.03843221
      0.58036786      0.59259307      1.78213876      5.02708915      0.61161885
      0.58088828      1.80479477      5.03355479      0.59193424      0.58046281
      1.77354003      5.04267633      0.59381162      0.58534234      1.77541152
      4.97644694      0.61712014      0.64360525      1.79561637      5.03765081
      0.59650087      0.59566214      1.78835350      5.05406190      0.59371789
      0.56227859      1.79106457      4.96984495      0.61211196      0.60672770
      1.76518746      5.02055254      0.60700207      0.60440002      1.77580024
      5.01577380      0.63494460      0.58747846      1.77778098      4.98199730
      0.61581508      0.60942204      1.79286818      5.01148799      0.57885538
      0.60413637      1.79123547      5.05573214      0.59138923      0.56665845
      1.76514281      5.02640176      0.59273623      0.59023575      1.79384162
      4.97756244      0.59043780      0.61315235      1.79740722      5.04582047
      0.57896742      0.56290954      1.79168265      4.99793634      0.60784813
      0.60329019      1.78380894      5.00354831      0.59247910      0.59167291
      1.79789929      5.03150359      0.58571035      0.57685225      1.79179715
      5.04272184      0.57527187      0.58058053      1.79932901      5.06020403
      0.60810569      0.55068624      1.79318318      5.04488485      0.57341459
      0.56844167      1.78324117      5.04234735      0.58010755      0.59172308
      1.79487787      4.99037945      0.56948258      0.60845676      1.79953142
      5.01957956      0.59373631      0.59074712      1.78155222      5.03614737
      0.60714347      0.58066816      1.78021429      4.97788987      0.61685086
      0.62088438      1.79253724      5.00874581      0.58117046      0.60164909
      1.77256255      5.01693141      0.59236194      0.59140296      1.76335789
      4.99655011      0.62673408      0.60580428      1.79019289      5.07943449
      0.59145471      0.59359418      1.77327833      5.03453208      0.58097052
      0.59112496      1.78012872      4.98406082      0.62561482      0.60495976
      1.78620363      4.98609069      0.60833603      0.58963934      1.79061330
      5.00103779      0.60684540      0.60070712      1.79464756      4.99495446
      0.59688822      0.61618722      1.81589875      5.13725043      0.58897286
      0.50104550      1.78427885      5.01518905      0.60831112      0.59107587
      1.80745732      5.02865926      0.58419942      0.59861489      1.77288127
      5.01804181      0.60170422      0.58352211      1.79315245      5.02351658
      0.58128523      0.59905430      1.78404444      5.07155966      0.57989997
      0.58000068      1.80766312      5.01980513      0.57718988      0.61273409
      1.78937990      5.01128119      0.58283833      0.59843966      1.78323825
      4.97499244      0.60140058      0.62048992      1.78816153      5.02731939
      0.57868905      0.59899469      1.79918269      5.06705315      0.57052236
      0.57623131      1.78936065      4.97915274      0.60831040      0.59584618
      1.77909297      5.03194749      0.61453042      0.59818698      1.79702178
      5.06360298      0.58025313      0.59570382

     SUBSYSTEM
    -----------
      72      78      78      50      73      72      77      73      78      50
      51      56      70      70      74      44      44      59       9       9
     117      74      75      52     103     103     103      20      10      94
      66      83      39      37      39      71      71      71      76      76
      76      12      12      12      41      59      45      11       6       7
      23      23      16      61      61      64      89      88      88      71
      68      72      34      29      21      45      46      46      42      43
      42      93      93      92      80     101     102      83      81      84
     109     108     108      50      50      45      15      15      11      22
      22      22      87      87      86      17      13      16      72      91
      90     111      97      91      65      65      65     114      95     114
      52      47      52      18      18       4     107     107     107     105
     105      94      54      48      55      27      27      28     120     119
     120      14      17     121      36      36      36      69      69      69
     115     115     121      81      81      81     104     110     104      61
      61      61      80      55      60      97      97      97      74      73
      74      68      68      68      90      90      90      51      57      51
      96     114     114      25      40      54      38      38      63     106
     106     118      88      67      88      53      53      53      98      98
      92     102     102     102      28      32      13      92      92      92
      31      31      31     112     112       8      30      30      35      95
      96      95      62      63      58      99      99      98      79      79
      79       3       3      20      82      82     104      49      55      55
      29      24      20     105     105     105     116     116     116      14
       1      14      93      93      74       2     111       2      33      33
      33      85      85      85      37      32      37      66      66      54
      21      21      26     100      94     113      10      19       5      26
      26      26

     MULLIKEN POPULATIONS
    ----------------------
      1.26112016      2.82178040      1.19660239      2.65919207      1.74254357
      4.86712741      1.48417237      3.67290227      0.88088088      0.90790384
      0.93109740      0.93868186      0.59350510      0.73365180      0.69455590
      0.72074943      1.78868983      5.03740932      0.59495838      0.60061490
      1.78610414      5.02332818      0.59422256      0.59231350      1.78929334
      4.99050806      0.61203392      0.61892425      1.78923789      4.99812820
      0.60270396      0.57580582      1.79751396      5.05306772      0.60162856
      0.58417384      1.87063693      5.48932253      0.54734432      1.79723322
      5.04606395      0.58139937      0.58577633      1.79409286      5.05677205
      0.56071404      0.58950907      1.78218318      5.01920030      0.59769726
      0.59594104      1.79527947      5.04369608      0.57645668      0.57890743
      1.79111527      5.03050666      0.59442809      0.58529894      1.80091909
      5.08599833      0.58277587      0.57130413      1.78087713      5.00984855
      0.56645529      0.62162890      1.77618054      5.03527915      0.59540246
      0.58675792      1.77319530      4.97589923      0.63044177      0.60960083
      1.79016938      5.00825534      0.61356489      0.57940645      1.80514452
      5.05507091      0.57536855      0.60610623      1.78933981      4.99840132
      0.58613773      0.60008386      1.78233257      5.02480370      0.58976413
      0.58849288      1.79489278      5.05836732      0.56490836      0.61095682
      1.80258827      5.04377445      0.58348867      0.59620083      1.78900702
      4.94872791      0.62577420      0.62296288      1.80131232      5.01752765
      0.60111343      0.59102866      1.79764496      5.00559532      0.58944978
      0.60461246      1.78594914      5.05534470      0.57654891      0.56060432
      1.76772283      5.06598534      0.59622957      0.57261000      1.78668487
      5.01751686      0.62953789      0.59966405      1.78986335      5.01628882
      0.57315653      0.60432100      1.78230819      5.07427200      0.57360075
      0.61244859      1.79794307      5.03878576      0.58965758      0.56712921
      1.78403104      5.03911390      0.58718259      0.58945387      1.77096952
      5.00105656      0.59456966      0.61655761      1.78839583      4.99661122
      0.62010857      0.60992434      1.79120600      5.01303926      0.60895491
      0.58820588      1.78522990      5.03068276      0.57750218      0.59740574
      1.79697121      5.02992018      0.59774277      0.58804007      1.78393513
      5.02047685      0.60469852      0.58607562      1.78962087      5.03568192
      0.58082559      0.59252363      1.78363899      5.02494212      0.61240819
      0.58119608      1.80328185      5.03521125      0.59173901      0.57910841
      1.77552199      5.03839644      0.59424508      0.58552633      1.78122175
      4.97036327      0.61661193      0.64575945      1.79640633      5.03683251
      0.59678863      0.59549451      1.78880954      5.05189582      0.59485403
      0.56364547      1.79585705      4.96614343      0.61190392      0.60600874
      1.76155033      5.02235868      0.60753817      0.60543594      1.77598361
      5.01638306      0.63483325      0.58730433      1.77497142      4.98418046
      0.61661744      0.60978242      1.79019832      5.01246564      0.57884252
      0.60421453      1.79339678      5.05218165      0.59159237      0.56635254
      1.76597778      5.02568917      0.59251068      0.59001503      1.79749444
      4.97384640      0.59132052      0.61290109      1.79419081      5.04269972
      0.57991310      0.56384103      1.79134163      4.99610261      0.60830715
      0.60451830      1.79265227      4.99669224      0.59347735      0.59072074
      1.79945174      5.03356334      0.58351305      0.57566668      1.79586272
      5.04356538      0.57411130      0.57822451      1.80254566      5.06321699
      0.60759511      0.54900076      1.79363944      5.04697858      0.57217267
      0.56767615      1.78505568      5.04071471      0.57970685      0.59225120
      1.79603205      4.98787810      0.57031765      0.60951413      1.80042424
      5.01695307      0.59415825      0.59170481      1.78538917      5.03352131
      0.60656160      0.58008273      1.77927933      4.97594833      0.61749082
      0.62262621      1.79547187      5.00534686      0.58058973      0.60119807
      1.77806362      5.00840959      0.59184746      0.59220562      1.75529127
      5.00183715      0.62880787      0.60559319      1.79103980      5.07859762
      0.59116200      0.59366076      1.77879891      5.03017453      0.58049795
      0.59105599      1.78241815      4.98173210      0.62606837      0.60508296
      1.78818896      4.97962971      0.60919368      0.59017150      1.78952507
      5.00136226      0.60700792      0.60077438      1.79871456      4.98920525
      0.59779449      0.61656840      1.81546987      5.13882169      0.58655183
      0.50227529      1.78185007      5.01465644      0.61017755      0.59149945
      1.80702296      5.02874377      0.58404159      0.59805796      1.77790098
      5.01850906      0.59985490      0.58165436      1.79570476      5.02187069
      0.58128587      0.59945066      1.78643185      5.07484746      0.57820997
      0.57744310      1.80770076      5.01941805      0.57692010      0.61347967
      1.78811395      5.00937729      0.58229961      0.59736822      1.78687578
      4.97056626      0.60068898      0.62228574      1.78948093      5.02330379
      0.57983439      0.59944336      1.80198929      5.06908521      0.56924209
      0.57660876      1.78469161      4.98295886      0.60862679      0.59603237
      1.78078493      5.02743453      0.61559396      0.60023559      1.79491717
      5.06612130      0.57947181      0.59449702

     SUBSYSTEM
    -----------
      75      81      81      59      76      75      80      81      81      53
      54      59      73      73      77      47      47      61      11      11
     119      77      78      56     105     105     105      23      22      96
      69      86      42      40      42      74      74      74      79      79
      79      13      13      13      44      62      48      12       8       9
      26       5      17      64      64      67      91      90      90      75
      71      75      38      38      24      48      49      49      45      46
      45      95      95      94      79     103     104      86      84      87
     111     110     110      53      53      48      16      16      12      25
      25      25      89      89      89      18      13      17      75      93
      92     113      99      93      68      68      68     116      97     116
      55      50      55      20      20       6     109     109     109     107
     107      96      57      51      58      30      30      31     122     121
     122      19      18     123      39      39      39      72      72      72
     117     117     123      84      84      84     106     112     106      64
      64      64      83      58      63      99      99      99      77      76
      77      71      71      71      92      92      92      54      60      54
      98     116     116      28      43      51      41      41      66     108
     108     120      90      70      90      56      32      56     100     100
      94     104     104     104      31      36      14      94      94      94
      35      35      35     114     114      10      34      34      33      97
      98      97      65      66      61     101     101     100      82      82
      82       4       4       1      85      85     106      52      58      58
      32      27      23     107     107     107     118     118     118      15
       2      15      95      95      77       3     113       3      37      37
      37      88      88      88      40      36      40      69      69      57
      24      24      29     102      96     115       7      21       7      29
      29      29

     MULLIKEN POPULATIONS
    ----------------------
      1.25990064      2.82279944      1.19485888      2.66178626      1.74442303
      4.86658072      1.48288605      3.67265126      0.88231230      0.90594657
      0.93134231      0.93654248      0.59441011      0.73429797      0.69573705
      0.72119194      1.78797662      5.03686375      0.59567628      0.60134048
      1.78819129      5.02040340      0.59421027      0.59318545      1.79151128
      4.98708662      0.61339280      0.61873966      1.78992767      4.99923626
      0.60173587      0.57627654      1.79764684      5.05457853      0.60038167
      0.58272211      1.87092669      5.48114756      0.54746036      1.80234113
      5.04763266      0.58040170      0.58384009      1.79742593      5.05751351
      0.55824885      0.58708600      1.78350261      5.01603702      0.59777502
      0.59680774      1.79846192      5.04246938      0.57719786      0.57779965
      1.78986054      5.02650237      0.59513912      0.58513671      1.79594710
      5.08624012      0.58281626      0.57186819      1.78411154      5.00497661
      0.56626611      0.62273927      1.78300172      5.03834040      0.59260015
      0.58476472      1.78162245      4.96860702      0.63107859      0.60911592
      1.78860058      5.01004373      0.61333386      0.57959618      1.80285636
      5.05411791      0.57548178      0.60750498      1.78845495      4.99959022
      0.58841429      0.60005695      1.78125229      5.02310376      0.58970759
      0.58936838      1.79698299      5.06462652      0.56380400      0.60870617
      1.80344444      5.04107102      0.58383242      0.59701190      1.79059056
      4.94580607      0.62645347      0.62426827      1.80277358      5.01558463
      0.60004207      0.59154632      1.79979588      5.00572913      0.58986020
      0.60423963      1.79025307      5.05038679      0.57725599      0.56108878
      1.76726251      5.06051100      0.59753531      0.57574312      1.78613468
      5.01790018      0.62928830      0.59893621      1.79296898      5.01504287
      0.57394349      0.60566373      1.78985942      5.07484272      0.57173448
      0.61136530      1.79710959      5.03605997      0.58990335      0.56695982
      1.78496873      5.03519816      0.58866317      0.58975657      1.76848009
      4.99960611      0.59432490      0.61836403      1.79144072      4.99403981
      0.61985808      0.61046118      1.79141839      5.01317836      0.60945223
      0.58926902      1.78273125      5.03126007      0.57900231      0.59799656
      1.79722870      5.03004277      0.59633966      0.58831895      1.78382408
      5.02058560      0.60572737      0.58657625      1.79051549      5.03293441
      0.58153651      0.59274049      1.78449561      5.02294262      0.61335275
      0.58171733      1.80054340      5.03725427      0.59172189      0.57811304
      1.77738897      5.03270418      0.59483399      0.58577279      1.78656925
      4.96482015      0.61547720      0.64803960      1.79677743      5.03604721
      0.59702039      0.59561452      1.78878605      5.05040998      0.59599471
      0.56540445      1.79965526      4.96377685      0.61190105      0.60534365
      1.75882868      5.02325419      0.60826737      0.60650374      1.77724019
      5.01718127      0.63428013      0.58681607      1.77192356      4.98640973
      0.61727155      0.61032558      1.78694098      5.01357908      0.57914571
      0.60424956      1.79550536      5.04825038      0.59167459      0.56601048
      1.76779309      5.02531200      0.59225918      0.58992314      1.80001860
      4.97158828      0.59226032      0.61241232      1.79035817      5.03982134
      0.58108476      0.56514031      1.79020457      4.99502106      0.60871265
      0.60591198      1.80048126      4.99060581      0.59504177      0.59028437
      1.80099425      5.03728795      0.58137351      0.57462257      1.80018856
      5.04383010      0.57301011      0.57603887      1.80497360      5.06650177
      0.60698535      0.54747385      1.79606267      5.04974885      0.56988041
      0.56653133      1.78657294      5.03886366      0.57965322      0.59301333
      1.79625571      4.98625296      0.57104538      0.61046958      1.80019124
      5.01531288      0.59468363      0.59271380      1.78949096      5.03075944
      0.60603995      0.57959621      1.77811697      4.97434144      0.61805416
      0.62440265      1.79807005      5.00209780      0.58030810      0.60044948
      1.78455777      4.99770656      0.59133954      0.59290410      1.74892472
      5.00542718      0.63030252      0.60606661      1.79190558      5.07645106
      0.59068018      0.59415153      1.78569621      5.02533681      0.57992612
      0.59107639      1.78403937      4.98046292      0.62627211      0.60492306
      1.78987550      4.97300561      0.61037341      0.59065996      1.78804413
      5.00201892      0.60727095      0.60094190      1.80181963      4.98463455
      0.59852040      0.61673283      1.81636082      5.14237420      0.58398493
      0.50332693      1.77854515      5.01507407      0.61210894      0.59232924
      1.80536082      5.02953001      0.58376852      0.59740689      1.78472879
      5.01931686      0.59786872      0.57940596      1.79784075      5.02053522
      0.58140033      0.59993524      1.78888365      5.07788466      0.57669456
      0.57518349      1.80721828      5.01895413      0.57731082      0.61367976
      1.78783485      5.00808677      0.58140021      0.59622989      1.78927681
      4.96716462      0.59996043      0.62370203      1.79027085      5.01940737
      0.58095569      0.60021382      1.80383841      5.07032831      0.56818477
      0.57722744      1.77876160      4.98757775      0.60911988      0.59673045
      1.78276858      5.02258539      0.61600753      0.60241824      1.79276697
      5.06864395      0.57892765      0.59311502

     SUBSYSTEM
    -----------
      72      79      79      56      73      72      78      79      79      50
      51      56      70      70      74      44      44      58      10      10
     117      74      75      53     103     103     103      21      20      76
      66      84      39      37      39      71      71      71      77      77
      77      12      12      12      41      59      45      11       7       8
      25       4      16      61      61      64      89      89      88      72
      68      72      35      35      23      45      46      46      43      43
      42      93      93      92      77     101     102      84      82      85
     109     109     108      50      50      45      15      15      11      24
      24      24      87      87      87      17      12      16      72      91
      90     112      97      91      65      65      65     114      95     114
      52      47      52      19      19       5     107     107     107     105
     105      94      54      48      55      28      28      29     119     114
     119      18      17     120      36      36      36      69      69      69
     115     115     120      82      82      82     104     110     104      61
      61      61      81      55      60      97      97      97      74      74
      74      68      68      68      90      90      90      51      57      51
      96     114     111      26      40      48      38      38      63     106
     106     118      88      67      88      53      30      53      98      98
      92     102     102     102      29      33      13      92      92      92
      31      32      32     113     113       9      31      31      22      95
      96      95      62      63      58      99      99      98      80      80
      80       3       3       2      83      83     104      49      55      55
      30      30      21     105     105     105     116     116     116      14
       1      14      93      93      74       2     112       2      34      34
      34      86      86      86      37      37      37      66      66      54
      23      23      27     100      94     117       6      19       6      27
      27      27

     MULLIKEN POPULATIONS
    ----------------------
      1.25863145      2.82414048      1.19321393      2.66403885      1.74701297
      4.86526441      1.48174187      3.67161379      0.88378097      0.90393512
      0.93182737      0.93442750      0.59560223      0.73489349      0.69710149
      0.72159206      1.78704723      5.03662285      0.59637507      0.60208064
      1.78983364      5.01761248      0.59404029      0.59427192      1.79091342
      4.98926487      0.61314802      0.61720213      1.79003907      5.00112604
      0.60073942      0.57659995      1.79661372      5.05633383      0.59918247
      0.58148244      1.87247835      5.46871316      0.54824420      1.80652274
      5.04862046      0.57943736      0.58245669      1.80022150      5.05902047
      0.55670449      0.58440971      1.78478462      5.01422490      0.59791412
      0.59772366      1.80178779      5.04114489      0.57804827      0.57666056
      1.78781624      5.02244148      0.59597868      0.58509286      1.79040419
      5.08526927      0.58351272      0.57216182      1.78667311      4.99996262
      0.56656008      0.62419807      1.78980970      5.04120912      0.58983891
      0.58302915      1.78972711      4.96178471      0.63204735      0.60829854
      1.78632572      5.01229731      0.61302166      0.58006762      1.79989303
      5.05313758      0.57588755      0.60875666      1.78718391      5.00056402
      0.59037865      0.60020929      1.78022338      5.02114738      0.58966159
      0.59041875      1.79833035      5.07319927      0.56298722      0.60611148
      1.80375562      5.03910030      0.58416774      0.59760484      1.79056912
      4.94490786      0.62692563      0.62535832      1.80243266      5.01324372
      0.59973517      0.59210357      1.80083119      5.00657076      0.59042271
      0.60394390      1.79413839      5.04609878      0.57833145      0.56178499
      1.76831592      5.05359684      0.59875648      0.57876854      1.78563850
      5.01822893      0.62899936      0.59809431      1.79548947      5.01274210
      0.57495438      0.60741466      1.79734875      5.07539304      0.57022017
      0.61035416      1.79585774      5.03351894      0.59027622      0.56709037
      1.78570168      5.03134820      0.59032417      0.59015793      1.76605962
      4.99805755      0.59447185      0.61971825      1.79389398      4.99227883
      0.61930584      0.61081518      1.79117571      5.01388990      0.60997200
      0.58996605      1.78069088      5.03133787      0.58052148      0.59873082
      1.79675679      5.03094672      0.59486449      0.58919538      1.78385319
      5.02026445      0.60656342      0.58739342      1.79069119      5.03046439
      0.58238011      0.59323392      1.78466770      5.02113587      0.61440898
      0.58249481      1.79678741      5.03957972      0.59189477      0.57755277
      1.77897307      5.02586547      0.59562062      0.58612600      1.79087835
      4.96060015      0.61372110      0.65013697      1.79669182      5.03538264
      0.59725656      0.59593790      1.78831991      5.04949882      0.59713575
      0.56750420      1.80216336      4.96310019      0.61192849      0.60471291
      1.75748722      5.02318417      0.60882851      0.60754666      1.77945265
      5.01829951      0.63324397      0.58604909      1.76902796      4.98839329
      0.61775459      0.61099553      1.78341188      5.01473135      0.57973106
      0.60424429      1.79737860      5.04418078      0.59159331      0.56581511
      1.77055308      5.02515106      0.59198247      0.59001257      1.80120006
      4.97072504      0.59329467      0.61180516      1.78616210      5.03710835
      0.58262096      0.56670956      1.78836701      4.99466003      0.60914619
      0.60738719      1.80405974      4.98990870      0.59529741      0.59004637
      1.80235827      5.04236624      0.57948541      0.57371567      1.80428402
      5.04371697      0.57194652      0.57419357      1.80667569      5.06950650
      0.60641162      0.54617920      1.79997336      5.05315890      0.56669266
      0.56526482      1.78768104      5.03694171      0.57994787      0.59395565
      1.79561481      4.98546563      0.57167526      0.61128041      1.79881140
      5.01444778      0.59547330      0.59380549      1.79345190      5.02801140
      0.60562584      0.57928691      1.77689929      4.97297314      0.61856386
      0.62615139      1.79890804      4.99828823      0.58062378      0.60101454
      1.79129253      4.98562445      0.59101792      0.59360520      1.74557942
      5.00675856      0.63078551      0.60691390      1.79254636      5.07330416
      0.59009248      0.59509428      1.79312531      5.02037338      0.57963435
      0.59139687      1.78405119      4.98145504      0.62626798      0.60403627
      1.79093462      4.96688905      0.61180329      0.59113368      1.78636393
      5.00300310      0.60760987      0.60111218      1.80378238      4.98154225
      0.59911399      0.61658026      1.81850623      5.14750558      0.58147868
      0.50440836      1.77471359      5.01612826      0.61403930      0.59354566
      1.80254165      5.03046628      0.58354084      0.59716609      1.79248535
      5.02065246      0.59591754      0.57706991      1.79943146      5.01964904
      0.58156892      0.60049419      1.79110938      5.08068575      0.57537689
      0.57330422      1.80554986      5.01927197      0.57809240      0.61336164
      1.78857087      5.00762210      0.58019498      0.59506732      1.79038667
      4.96497198      0.59941267      0.62438338      1.79062019      5.01590948
      0.58204134      0.60102224      1.80463418      5.07053384      0.56739890
      0.57806796      1.77227651      4.99251978      0.60991761      0.59758224
      1.78464249      5.01784042      0.61581331      0.60482147      1.79069027
      5.07087554      0.57852686      0.59212406

     SUBSYSTEM
    -----------
      70      76      76      55      71      70      75      76      76      49
      50      55      68      68      72      43      43      57      10      10
     117      72      73      52     102     102     102      21      20      93
      64      82      39      37      39      69      69      69      74      74
      74      12      12      12      40      40      44      11       7       8
      25       4      16      59      59      62      87      87      86      70
      66      70      35      35      23      44      45      45      42      42
      41      91      91      90      74     100     101      82      82      83
     108     108     107      49      49      44      15      15      11      24
      24      24      85      85      85      17      12      16      70      89
      88     111      96      89      63      63      63     113      94     113
      51      46      51      19      19       5     106     106     106     104
     103      92      53      47      54      28      28      29     114     113
     119      18      17     120      36      36      36      67      67      67
     115     115     120      80      79      80     103     109     103      59
      59      59      78      54      58      96      96      96      72      72
      72      66      66      66      88      88      88      50      56      50
      95     113     110      26      39      47      38      38      61     105
     105     118      86      65      86      52      30      52      97      97
      90     101     101     101      33      33      13      90      90      90
      31      32      32     112     112       9      31      31      22      94
      95      94      60      61      57      98      98      97      77      77
      77       3       3       2      81      81     103      48      54      54
      30      30      21     121     104     104     116     116     116      14
       1      14      91      91      72       2     111       2      34      34
      34      84      84      84      37      37      37      64      64      53
      23      23      28      99      99     117       6      19       6      27
      27      27

     MULLIKEN POPULATIONS
    ----------------------
      1.25734467      2.82567629      1.19175016      2.66589796      1.74990993
      4.86341885      1.48080650      3.66991937      0.88521905      0.90204291
      0.93257154      0.93247048      0.59704079      0.73541350      0.69848500
      0.72193216      1.78599197      5.03662006      0.59706160      0.60284186
      1.79086888      5.01521535      0.59380613      0.59554290      1.78907039
      4.99282210      0.61248976      0.61578155      1.78953999      5.00336583
      0.59988681      0.57680211      1.79447192      5.05815912      0.59815263
      0.58054645      1.87499915      5.45300895      0.54949025      1.80948677
      5.04891692      0.57855742      0.58164455      1.80217334      5.06136720
      0.55594337      0.58157774      1.78583373      5.01293505      0.59808922
      0.59870887      1.80502130      5.03987549      0.57890434      0.57552214
      1.78521214      5.01880776      0.59688904      0.58515847      1.78490614
      5.08296516      0.58473490      0.57225384      1.78829028      4.99531097
      0.56726668      0.62589531      1.79592530      5.04380414      0.58732484
      0.58162759      1.79668134      4.95622213      0.63319629      0.60719001
      1.78353724      5.01454433      0.61290049      0.58073207      1.79659534
      5.05228097      0.57655212      0.60970039      1.78558972      5.00116539
      0.59203602      0.60054921      1.77936902      5.01905421      0.58965186
      0.59156324      1.79859495      5.08349828      0.56257257      0.60342116
      1.80343592      5.03730465      0.58460065      0.59806313      1.78901563
      4.94590329      0.62723455      0.62614893      1.80120633      5.01183628
      0.59931700      0.59244708      1.80088950      5.00793433      0.59099958
      0.60378524      1.79733100      5.04259012      0.57977153      0.56273615
      1.77079942      5.04532282      0.60002584      0.58160059      1.78523333
      5.01855581      0.62862606      0.59726196      1.79725892      5.00942457
      0.57605210      0.60951748      1.80404371      5.07574792      0.56921382
      0.60951240      1.79431756      5.03142105      0.59065581      0.56754853
      1.78623915      5.02771129      0.59206849      0.59077361      1.76401697
      4.99630800      0.59502384      0.62066332      1.79552413      4.99152633
      0.61844145      0.61096250      1.79048473      5.01494255      0.61051786
      0.59038367      1.77940868      5.03090789      0.58199153      0.59939977
      1.79565951      5.03280654      0.59341638      0.59030705      1.78400281
      5.01946822      0.60718307      0.58851163      1.79023880      5.02839334
      0.58346428      0.59395000      1.78420395      5.01959745      0.61552542
      0.58348246      1.79235732      5.04210320      0.59219150      0.57737620
      1.78015133      5.01825674      0.59661379      0.58668128      1.79371151
      4.95822219      0.61150363      0.65175274      1.79613035      5.03481816
      0.59752574      0.59648009      1.78747848      5.04893707      0.59823654
      0.56996975      1.80317513      4.96419112      0.61196135      0.60410548
      1.75770530      5.02181399      0.60947286      0.60846412      1.78236765
      5.01983719      0.63178513      0.58507454      1.76666445      4.98983463
      0.61803344      0.61177094      1.77998070      5.01580603      0.58048532
      0.60423998      1.79889305      5.04027847      0.59138526      0.56577686
      1.77415257      5.02492162      0.59173947      0.59036086      1.80099641
      4.97138438      0.59422979      0.61107291      1.78195437      5.03467251
      0.58441477      0.56843981      1.78601770      4.99501722      0.60957675
      0.60883099      1.80571168      4.99065046      0.59551557      0.59019515
      1.80339775      5.04827389      0.57792661      0.57300544      1.80769655
      5.04338537      0.57109785      0.57271727      1.80757253      5.07206894
      0.60586906      0.54519728      1.80467157      5.05721253      0.56291953
      0.56416977      1.78830299      5.03502290      0.58056055      0.59510579
      1.79423809      4.98529948      0.57226120      0.61195953      1.79644327
      5.01429011      0.59644338      0.59499407      1.79688469      5.02531740
      0.60537060      0.57931567      1.77581860      4.97167038      0.61906453
      0.62782754      1.79908317      4.99535489      0.58127541      0.60122884
      1.79758880      4.97313199      0.59098514      0.59441006      1.74584243
      5.00558436      0.63023334      0.60786262      1.79274557      5.06970757
      0.58952389      0.59636163      1.80031727      5.01553173      0.57971370
      0.59211355      1.78330857      4.98321063      0.62618897      0.60304555
      1.79118073      4.96181314      0.61336593      0.59166815      1.78468761
      5.00416155      0.60794459      0.60134553      1.80448879      4.97998628
      0.59954418      0.61624404      1.82179545      5.15380917      0.57915888
      0.50574793      1.77079031      5.01743883      0.61584538      0.59509481
      1.79887240      5.03170616      0.58340425      0.59700887      1.80025521
      5.02240776      0.59431854      0.57491645      1.80039551      5.01926858
      0.58184953      0.60102449      1.79286823      5.08313961      0.57429088
      0.57191616      1.80284876      5.02019554      0.57926837      0.61266145
      1.79022106      5.00814449      0.57876262      0.59391638      1.79027280
      4.96387467      0.59905651      0.62437975      1.79055978      5.01282230
      0.58298103      0.60207908      1.80435017      5.06946504      0.56699497
      0.57911607      1.76593373      4.99693311      0.61088379      0.59886265
      1.78604145      5.01367075      0.61530878      0.60723431      1.78884155
      5.07312495      0.57837358      0.59112804

     SUBSYSTEM
    -----------
      72      78      78      57      73      72      77      78      78      51
      52      57      70      70      74      45      45      59      10      10
     117      74      75      54     103     103     103      22      11      94
      66      83      40      38      40      71      71      71      76      76
      76      13      13      13      42      42      46      12       7       8
      26       4      17      61      61      64      88      88      87      72
      68      72      36      36      24      46      47      47      44      44
      43      92      92      91      76     101     102      83      83      84
     109     108     108      51      51      46      16      16      12      25
      25      25      86      86      86      18      13      17      72      90
      89     112      97      90      65      65      65     114      95     114
      53      48      53      20      20       5     107     107     107     105
     105      93      55      49      56      29      29      30     119     114
     119      19      18     120      37      37      37      69      69      69
     115     115     120      81      81      81     104     110     104      61
      61      61      80      56      60      97      97      97      74      74
      74      68      68      68      89      89      89      52      58      52
      96     114     111      27      41      49      39      39      63     106
     106     118      87      67      87      54      31      54      98      98
      91     102     102     102      30      34      14      91      91      91
      33      33      33     113     113       9      32      32      23      95
      96      95      62      63      59      99      99      98      79      79
      79       3       3       2      82      82     104      50      56      56
      31      31      22     105     105     105     116     116     116      15
       1      15      92      92      74       2     112       2      35      35
      35      85      85      85      38      38      38      66      66      55
      24      24      29     100      93     117       6      21       6      28
      28      28

     MULLIKEN POPULATIONS
    ----------------------
      1.25609384      2.82728300      1.19053409      2.66732499      1.75274257
      4.86128414      1.48013967      3.66774376      0.88655320      0.90036413
      0.93354736      0.93076626      0.59865390      0.73582542      0.69974416
      0.72221926      1.78492593      5.03672951      0.59774237      0.60363320
      1.79119175      5.01343572      0.59355229      0.59693500      1.78616682
      4.99755530      0.61139963      0.61455643      1.78851296      5.00555528
      0.59925402      0.57688421      1.79138475      5.05984174      0.59740593
      0.58000596      1.87801727      5.43513340      0.55111393      1.81104032
      5.04841521      0.57789368      0.58139945      1.80309727      5.06449394
      0.55599809      0.57861883      1.78658905      5.01204279      0.59836993
      0.59973920      1.80788780      5.03874502      0.57972884      0.57447905
      1.78233470      5.01606848      0.59778805      0.58531919      1.78005738
      5.07943118      0.58629096      0.57220860      1.78881740      4.99140742
      0.56836374      0.62765031      1.80081170      5.04608551      0.58481332
      0.58082960      1.80187285      4.95259406      0.63433585      0.60575742
      1.78055658      5.01647242      0.61296783      0.58148306      1.79337364
      5.05161797      0.57738933      0.61019809      1.78378786      5.00136072
      0.59330743      0.60107845      1.77880107      5.01693350      0.58968869
      0.59275303      1.79778033      5.09430188      0.56264318      0.60092433
      1.80252837      5.03570101      0.58514085      0.59837170      1.78613959
      4.94848469      0.62739789      0.62661582      1.79926655      5.01126236
      0.59892753      0.59258050      1.80016246      5.00937492      0.59154929
      0.60388752      1.79963498      5.03986823      0.58153667      0.56394150
      1.77069229      5.04171012      0.59994554      0.58369724      1.78492410
      5.01881206      0.62811695      0.59670039      1.79808796      5.00531063
      0.57715651      0.61190174      1.80937892      5.07568592      0.56878046
      0.60890316      1.79264663      5.02992917      0.59096139      0.56831772
      1.78662268      5.02444876      0.59378543      0.59165706      1.76270859
      4.99438496      0.59591947      0.62111795      1.79615784      4.99181418
      0.61739406      0.61089322      1.78940457      5.01613289      0.61107224
      0.59060923      1.77907398      5.02990489      0.58333649      0.59994586
      1.79401653      5.03542704      0.59215854      0.59154629      1.78422800
      5.01820326      0.60759690      0.58990829      1.78933361      5.02683943
      0.58476282      0.59483291      1.78321429      5.01833544      0.61667182
      0.58463015      1.78761094      5.04467290      0.59262642      0.57776738
      1.78087087      5.01039759      0.59783123      0.58747623      1.79483888
      4.95818507      0.60887224      0.65261476      1.79512838      5.03437327
      0.59785169      0.59718587      1.78641365      5.04845625      0.59929321
      0.57272593      1.80260618      4.96699114      0.61193919      0.60352487
      1.75951760      5.01911193      0.61016917      0.60924269      1.78565267
      5.02189082      0.62997838      0.58397469      1.76516083      4.99046248
      0.61815309      0.61259106      1.77705329      5.01670816      0.58126962
      0.60421222      1.79995480      5.03681145      0.59108631      0.56596475
      1.77831503      5.02439582      0.59158196      0.59106647      1.79943960
      4.97342830      0.59500128      0.61030577      1.77812091      5.03256561
      0.58634184      0.57020260      1.78340266      4.99594182      0.61002752
      0.61013129      1.80525989      4.99274287      0.59564626      0.59061369
      1.80399110      5.05434833      0.57678146      0.57249974      1.81004991
      5.04290519      0.57058709      0.57163360      1.80763917      5.07405763
      0.60538016      0.54458388      1.80945060      5.06185991      0.55887044
      0.56348525      1.78842747      5.03321287      0.58142735      0.59641402
      1.79232590      4.98550037      0.57286490      0.61250147      1.79337365
      5.01463236      0.59751439      0.59629107      1.79949434      5.02277861
      0.60531454      0.57970888      1.77506411      4.97021698      0.61969221
      0.62931562      1.79861227      4.99358473      0.58219316      0.60110218
      1.80290648      4.96123940      0.59155586      0.59532803      1.74933355
      5.00205623      0.62885057      0.60900607      1.79235847      5.06614078
      0.58910565      0.59782999      1.80662723      5.01107908      0.58024152
      0.59323614      1.78193205      4.98544520      0.62613322      0.60206077
      1.79061947      4.95805839      0.61495412      0.59234841      1.78324193
      5.00537014      0.60824013      0.60156910      1.80392882      4.97997610
      0.59986737      0.61575109      1.82612785      5.16086976      0.57712771
      0.50743266      1.76725275      5.01858545      0.61744180      0.59682600
      1.79469042      5.03307401      0.58342140      0.59701616      1.80727905
      5.02444829      0.59320807      0.57308116      1.80072118      5.01944872
      0.58220453      0.60145926      1.79401225      5.08516894      0.57342553
      0.57106358      1.79925006      5.02168216      0.58079399      0.61175019
      1.79257051      5.00972957      0.57717993      0.59284910      1.78909051
      4.96368325      0.59896070      0.62373564      1.79016244      5.01021327
      0.58378976      0.60334701      1.80305256      5.06705069      0.56703125
      0.58034114      1.76053386      5.00028934      0.61191621      0.60034582
      1.78675828      5.01037900      0.61470289      0.60951314      1.78727522
      5.07543457      0.57846246      0.59023959

     SUBSYSTEM
    -----------
      73      79      79      58      74      73      78      79      79      52
      53      58      71      71      75      46      46      60      10      10
     118      75      76      55     104     104     104      22      11      95
      67      84      41      39      41      72      72      72      77      77
      77      13      13      13      43      43      47      12       7       8
      27       4      17      62      62      65      89      89      88      73
      69      73      37      37      24      47      48      48      45      45
      44      93      93      92      77     102     103      84      84      85
     110     109     109      52      52      47      16      16      12      26
      26      26      87      87      87      18      13      17      73      91
      90     113      98      91      66      66      66     115      96     115
      54      49      54      20      20       5     108     108     108     106
     106      94      56      50      57      30      30      31     120     115
     120      19      18     121      38      38      38      70      70      70
     116     116     121      82      82      82     105     111     105      62
      62      62      81      57      61      98      98      98      75      75
      75      69      69      69      90      90      90      53      59      53
      97     115     112      28      42      50      40      40      64     107
     107     119      88      68      88      55      32      55      99      99
      92     103     103     103      31      35      14      92      92      92
      34      34      34     114     114       9      33      33      23      96
      97      96      63      64      60     100     100      99      80      80
      80       3       3       2      83      83     105      51      57      57
      32      32      22     106     106     106     117     117     117      15
       1      15      93      93      75       2     113       2      36      36
      36      86      86      86      39      39      39      67      67      56
      24      24      25     101     101     118       6      21       6      29
      29      29

     MULLIKEN POPULATIONS
    ----------------------
      1.25492015      2.82886713      1.18960742      2.66829356      1.75521036
      4.85903383      1.47975999      3.66528762      0.88772754      0.89897030
      0.93474398      0.92945553      0.60032163      0.73606052      0.70072915
      0.72246368      1.78399739      5.03687371      0.59836477      0.60442731
      1.79074766      5.01242363      0.59332835      0.59841723      1.78249015
      5.00303773      0.60994760      0.61364081      1.78711659      5.00733267
      0.59889560      0.57683453      1.78763450      5.06116722      0.59704201
      0.57988102      1.88096668      5.41606855      0.55335669      1.81117808
      5.04739742      0.57740544      0.58162804      1.80292930      5.06817598
      0.55684197      0.57568337      1.78705853      5.01129662      0.59882118
      0.60080485      1.81011710      5.03780224      0.58051925      0.57366902
      1.77950858      5.01461998      0.59859634      0.58551318      1.77634153
      5.07500572      0.58794803      0.57209269      1.78827086      4.98856257
      0.56975801      0.62926598      1.80407516      5.04781341      0.58273568
      0.58037732      1.80491371      4.95144749      0.63516497      0.60398667
      1.77772662      5.01763203      0.61324766      0.58226242      1.79063440
      5.05111697      0.57831562      0.61017445      1.78193139      5.00112360
      0.59422953      0.60173714      1.77861379      5.01490507      0.58980032
      0.59389844      1.79626962      5.10409420      0.56312450      0.59885696
      1.80112588      5.03432736      0.58578324      0.59852520      1.78223717
      4.95207381      0.62758114      0.62684772      1.79686145      5.01133833
      0.59867352      0.59253223      1.79888878      5.01066818      0.59193775
      0.60432445      1.80091829      5.03781144      0.58356768      0.56543793
      1.77187942      5.03672621      0.60009756      0.58583472      1.78478456
      5.01919869      0.62743487      0.59631586      1.79781742      5.00076063
      0.57823601      0.61447455      1.81298827      5.07513648      0.56888295
      0.60844510      1.79099539      5.02912796      0.59117606      0.56935547
      1.78689692      5.02162794      0.59538497      0.59287166      1.76243061
      4.99231769      0.59708940      0.62102373      1.79579757      4.99348414
      0.61607097      0.61042236      1.78805014      5.01730088      0.61156936
      0.59073215      1.77975027      5.02828573      0.58461013      0.60027386
      1.79197676      5.03860836      0.59112817      0.59279331      1.78454301
      5.01677214      0.60766198      0.59150158      1.78819183      5.02581439
      0.58621845      0.59586165      1.78187284      5.01733305      0.61777826
      0.58588999      1.78309570      5.04720482      0.59304049      0.57832457
      1.78111580      5.00273793      0.59924825      0.58869048      1.79415638
      4.96061334      0.60607309      0.65258173      1.79375237      5.03398127
      0.59824853      0.59805347      1.78534631      5.04770094      0.60033405
      0.57568314      1.80049583      4.97128509      0.61181922      0.60297417
      1.76273424      5.01519298      0.61098053      0.60984749      1.78894736
      5.02451542      0.62794100      0.58279707      1.76478650      4.99015986
      0.61809174      0.61336749      1.77499922      5.01727413      0.58196944
      0.60417065      1.80051596      5.03406567      0.59072092      0.56640141
      1.78256501      5.02351058      0.59157979      0.59221278      1.79667527
      4.97663926      0.59555724      0.60958144      1.77505839      5.03078064
      0.58824234      0.57184378      1.78083936      4.99733660      0.61041636
      0.61113657      1.80262686      4.99582735      0.59587517      0.59126378
      1.80405902      5.05993292      0.57604664      0.57218977      1.81107545
      5.04238693      0.57040154      0.57115486      1.80690211      5.07536351
      0.60492526      0.54442794      1.81374699      5.06692741      0.55483589
      0.56332029      1.78808510      5.03157369      0.58247016      0.59785124
      1.79014410      4.98587089      0.57347413      0.61294898      1.78999893
      5.01518865      0.59856191      0.59770466      1.80105860      5.02041727
      0.60545234      0.58054041      1.77481831      4.96853800      0.62038499
      0.63056644      1.79755587      4.99308229      0.58340432      0.60068426
      1.80693265      4.95097521      0.59246464      0.59649885      1.75512767
      4.99665871      0.62698956      0.61049008      1.79139283      5.06298740
      0.58891399      0.59935970      1.81158057      5.00720640      0.58118662
      0.59470734      1.78011095      4.98781547      0.62619985      0.60120480
      1.78945878      4.95575514      0.61637009      0.59319370      1.78262640
      5.00597414      0.60832915      0.60194794      1.80217768      4.98139931
      0.60010410      0.61519749      1.83128544      5.16823260      0.57558988
      0.50945574      1.76460420      5.01930266      0.61864243      0.59851334
      1.79044026      5.03447206      0.58356328      0.59722797      1.81299887
      5.02667013      0.59259943      0.57144954      1.80045284      5.02018569
      0.58262879      0.60170828      1.79443507      5.08658065      0.57285553
      0.57080864      1.79490307      5.02376249      0.58259062      0.61078310
      1.79532963      5.01234229      0.57564287      0.59177613      1.78703482
      4.96417302      0.59915779      0.62259642      1.78951612      5.00813426
      0.58450382      0.60474366      1.80086795      5.06335802      0.56758828
      0.58175620      1.75683426      5.00215145      0.61283082      0.60183132
      1.78219462      5.01126965      0.61473109      0.61023300      1.78617969
      5.07908146      0.57904642      0.58980659

     SUBSYSTEM
    -----------
      74      80      80      53      75      74      79      80      80      53
      54      59      72      72      76      47      47      61      10      10
     119      76      77      55     105     105     105      22      11      96
      68      85      42      40      42      73      73      73      78      78
      78      13      13      13      44      44      48      12       7       8
      27       4      17      63      63      66      90      90      89      74
      70      74      37      37      24      48      49      49      46      46
      45      94      94      93      78     103     104      85      85      86
     111     110     110      53      53      48      16      16      12      26
      26      26      88      88      88      18      13      17      74      92
      91     114      99      92      67      67      67     116      97     116
      55      50      55      20      20       5     109     109     109     107
     107      95      57      51      58      30      30      31     121     116
     121      19      18     122      39      39      39      71      71      71
     117     117     122      83      83      83     106     112     106      63
      63      63      82      58      62      99      99      99      76      76
      76      70      70      70      91      91      91      54      60      54
      98     116     113      28      43      51      41      41      65     108
     108     120      89      69      89      56      32      56     100     100
      93     104     104     104      31      35      14      93      93      93
      33      34      34     115     115       9      33      38      23      97
      98      97      64      65      61     101     101     100      81      81
      81       3       3       2      84      84     106      52      58      58
      32      32      22     107     107     107     118     118     118      15
       1      15      94      94      76       2     114       2      36      36
      36      87      87      87      40      40      40      68      68      57
      24      24      25     102     102     119       6      21       6      29
      29      29

     MULLIKEN POPULATIONS
    ----------------------
      1.25386982      2.83034980      1.18899348      2.66881238      1.75710547
      4.85680156      1.47966575      3.66276183      0.88864751      0.89790491
      0.93610283      0.92861536      0.60190298      0.73606471      0.70132115
      0.72273253      1.78332694      5.03690880      0.59891828      0.60522731
      1.78956744      5.01232313      0.59317433      0.59982898      1.77844391
      5.00892138      0.60814835      0.61301800      1.78554742      5.00844009
      0.59882751      0.57665609      1.78360898      5.06190452      0.59707791
      0.58018118      1.88349886      5.39711665      0.55560371      1.80994382
      5.04592090      0.57717706      0.58224321      1.80175480      5.07209729
      0.55840935      0.57281133      1.78731277      5.01045088      0.59945837
      0.60186693      1.81150820      5.03719001      0.58124509      0.57311780
      1.77704261      5.01464413      0.59927306      0.58568790      1.77406288
      5.07021263      0.58954082      0.57193841      1.78672937      4.98661095
      0.57152060      0.63073516      1.80548514      5.04887837      0.58115584
      0.58022681      1.80559138      4.95302944      0.63547204      0.60192408
      1.77540280      5.01786677      0.61372510      0.58295953      1.78872509
      5.05076758      0.57921991      0.60961186      1.78021725      5.00040991
      0.59469413      0.60260575      1.77889334      5.01334418      0.59001889
      0.59498001      1.79467327      5.11134566      0.56389609      0.59734330
      1.79936179      5.03321872      0.58650080      0.59854324      1.77774667
      4.95615736      0.62783188      0.62686478      1.79428419      5.01179604
      0.59866613      0.59233931      1.79724780      5.01162417      0.59215573
      0.60512065      1.80069462      5.03703966      0.58588158      0.56676601
      1.77427371      5.03069977      0.60060452      0.58788283      1.78484272
      5.01977019      0.62655255      0.59613161      1.79637720      4.99618145
      0.57926735      0.61711891      1.81465661      5.07410780      0.56945477
      0.60803665      1.78951760      5.02895381      0.59124265      0.57061241
      1.78685742      5.01978898      0.59680121      0.59420512      1.76333707
      4.99010831      0.59850701      0.62037059      1.79441450      4.99623212
      0.61466571      0.60977264      1.78658366      5.01832644      0.61193519
      0.59081902      1.78136398      5.02603631      0.58581665      0.60043853
      1.78971622      5.04199050      0.59046871      0.59390626      1.78489263
      5.01488267      0.60764891      0.59324647      1.78705304      5.02524829
      0.58779515      0.59695609      1.78037228      5.01644222      0.61891962
      0.58718318      1.77927854      5.04952804      0.59334703      0.57896729
      1.78100538      4.99598442      0.60083529      0.59012898      1.79172361
      4.96554873      0.60326224      0.65161820      1.79212034      5.03358068
      0.59872908      0.59902711      1.78458187      5.04641302      0.60132614
      0.57864883      1.79700640      4.97673464      0.61158157      0.60249503
      1.76696118      5.01023996      0.61193534      0.61039576      1.79191004
      5.02769140      0.62575728      0.58160680      1.76567489      4.98882704
      0.61791786      0.61404166      1.77412131      5.01736812      0.58248144
      0.60405002      1.80055998      5.03225603      0.59032302      0.56710119
      1.78632722      5.02244617      0.59173646      0.59381199      1.79294509
      4.98065682      0.59592873      0.60899335      1.77311427      5.02921895
      0.59000658      0.57320085      1.77860204      4.99888935      0.61086674
      0.61174456      1.79798502      4.99987090      0.59605246      0.59195654
      1.80355395      5.06447518      0.57577684      0.57205348      1.81068249
      5.04209393      0.57054574      0.57107821      1.80543418      5.07595068
      0.60452750      0.54477488      1.81721078      5.07217493      0.55100283
      0.56364549      1.78736197      5.03016942      0.58360644      0.59932725
      1.78800488      4.98628314      0.57408899      0.61324378      1.78676706
      5.01565057      0.59946645      0.59921147      1.80146269      5.01834816
      0.60577233      0.58177710      1.77517594      4.96658306      0.62110475
      0.63153933      1.79604789      4.99375697      0.58486529      0.60010293
      1.80951354      4.94328488      0.59359683      0.59781808      1.76221526
      4.98976563      0.62514731      0.61249838      1.78999789      5.06040701
      0.58904398      0.60077589      1.81487091      5.00406728      0.58246361
      0.59639012      1.77809230      4.99003857      0.62644036      0.60053960
      1.78801481      4.95486054      0.61742614      0.59413585      1.78253745
      5.00643650      0.60826904      0.60223268      1.79939986      4.98402205
      0.60030818      0.61458958      1.83703116      5.17582193      0.57452820
      0.51172798      1.76320160      5.01920180      0.61955894      0.60002225
      1.78662654      5.03576897      0.58381934      0.59760132      1.81700016
      5.02878845      0.59242556      0.57009796      1.79970124      5.02150022
      0.58303883      0.60170768      1.79412574      5.08729612      0.57262962
      0.57105616      1.79003147      5.02632244      0.58452780      0.61000403
      1.79817119      5.01586467      0.57423219      0.59074046      1.78430124
      4.96507657      0.59974000      0.62116992      1.78873497      5.00660475
      0.58514450      0.60618774      1.79797903      5.05822974      0.56879831
      0.58330507      1.75547204      5.00222154      0.61352223      0.60303070
      1.77781953      5.01223670      0.61497673      0.61064616      1.78553017
      5.08267992      0.57981885      0.58953497

     SUBSYSTEM
    -----------
      74      80      80      53      75      74      79      80      80      53
      54      59      72      72      76      47      47      61      10      10
     121      76      77      55     106     106     106      22      11      97
      68      86      42      40      42      73      73      73      78      78
      78      13      13      13      44      44      48      12       7       8
      27       4      17      63      63      66      91      91      90      74
      70      74      37      37      24      48      49      49      46      46
      45      95      95      94      78     104     105      86      86      87
     112     111     111      53      53      48      16      16      12      26
      26      26      89      89      89      18      13      17      74      93
      92     115     100      93      67      67      67     118      98     118
      55      50      55      20      20       5     110     110     110     108
     107      96      57      51      58      30      30      31     123     118
     123      19      18     124      39      39      39      71      71      71
     119     119     124      84      83      84     107     113     107      63
      63      63      82      58      62     100     100     100      76      76
      76      70      70      70      92      92      92      54      60      54
      99     118     114      28      43      51      41      41      65     109
     109     122      90      69      90      56      32      56     101     101
      94     105     105     105      31      35      14      94      94      94
      33      34      34     116     116       9      33      38      23      98
      99      98      64      65      61     102     102     101      81      81
      81       3       3       2      85      85     107      52      58      58
      32      32      22     108     108     108     120     120     120      15
       1      15      95      95      76       2     115       2      36      36
      36      88      88      88      40      40      40      68      68      57
      24      24      25     103     103     117       6      21       6      29
      29      29

     MULLIKEN POPULATIONS
    ----------------------
      1.25296131      2.83166150      1.18869202      2.66893116      1.75828645
      4.85461312      1.47977731      3.66035916      0.88951154      0.89717283
      0.93747716      0.92830187      0.60327328      0.73590959      0.70144211
      0.72300758      1.78304424      5.03705156      0.59928746      0.60615703
      1.78772985      5.01314858      0.59312829      0.60112555      1.77443621
      5.01475429      0.60611055      0.61267625      1.78399615      5.00876406
      0.59902572      0.57637031      1.77976842      5.06183660      0.59748456
      0.58085184      1.88528273      5.37911946      0.55759709      1.80749516
      5.04423428      0.57726578      0.58313337      1.79975141      5.07578548
      0.56059805      0.57013885      1.78742155      5.00925935      0.60030043
      0.60290568      1.81191942      5.03698356      0.58193142      0.57282998
      1.77521707      5.01617015      0.59975118      0.58577821      1.77335707
      5.06561793      0.59090868      0.57182567      1.78443871      4.98546638
      0.57360403      0.63192925      1.80496086      5.04928930      0.58009512
      0.58032880      1.80382973      4.95721014      0.63520666      0.59974492
      1.77385567      5.01702608      0.61436820      0.58349954      1.78787522
      5.05063020      0.58000164      0.60852535      1.77886892      4.99920781
      0.59473045      0.60361438      1.77958745      5.01194611      0.59045230
      0.59584542      1.79358522      5.11483711      0.56480660      0.59645757
      1.79740167      5.03241258      0.58725823      0.59844187      1.77318146
      4.96017161      0.62816088      0.62673093      1.79185168      5.01238465
      0.59893134      0.59204444      1.79534664      5.01223249      0.59219064
      0.60628243      1.79944963      5.03654390      0.58833314      0.56831010
      1.77760702      5.02396362      0.60154736      0.58990732      1.78510556
      5.02060904      0.62543491      0.59611823      1.79384387      4.99193006
      0.58024328      0.61967732      1.81429308      5.07268753      0.57038948
      0.60765626      1.78835141      5.02925685      0.59118682      0.57200178
      1.78684273      5.01836761      0.59791511      0.59585196      1.76539695
      4.98772021      0.60018076      0.61924350      1.79212477      4.99990590
      0.61327754      0.60900714      1.78522172      5.01922377      0.61202697
      0.59085487      1.78372962      5.02322455      0.58700489      0.60048099
      1.78748090      5.04531056      0.59015666      0.59474361      1.78531024
      5.01253252      0.60763053      0.59505636      1.78614595      5.02500483
      0.58941554      0.59807064      1.77896398      5.01562848      0.62001176
      0.58841164      1.77658077      5.05146833      0.59346009      0.57952856
      1.78066431      4.99057166      0.60255455      0.59175305      1.78772914
      4.97284639      0.60058304      0.64977917      1.78817712      5.03500519
      0.59895195      0.60030215      1.78440633      5.04434540      0.60226114
      0.58144651      1.79243167      4.98287792      0.61123691      0.60214863
      1.77169911      5.00459143      0.61305983      0.61095887      1.79426504
      5.03136492      0.62347850      0.58042533      1.76781255      4.98646383
      0.61768784      0.61460839      1.77459254      5.01702245      0.58267955
      0.60382258      1.80010093      5.03146320      0.59005145      0.56798978
      1.78904473      5.02144099      0.59208003      0.59582048      1.78860515
      4.98512029      0.59611951      0.60857402      1.77254781      5.02778395
      0.59145863      0.57416487      1.77694992      5.00034297      0.61133519
      0.61193225      1.79164606      5.00449254      0.59631861      0.59262661
      1.80249194      5.06769620      0.57590892      0.57201133      1.80886722
      5.04208379      0.57105769      0.57137462      1.80337041      5.07588203
      0.60412410      0.54563073      1.81966523      5.07724679      0.54751788
      0.56433457      1.78637799      5.02901407      0.58472541      0.60082986
      1.78621298      4.98658151      0.57468116      0.61337591      1.78410793
      5.01578896      0.60011396      0.60073196      1.80066992      5.01660092
      0.60630635      0.58331365      1.77611102      4.96437004      0.62184141
      0.63222009      1.79430760      4.99536624      0.58648937      0.59946769
      1.81058103      4.93870494      0.59484943      0.59929024      1.76984498
      4.98177014      0.62373026      0.61496120      1.78843753      5.05842456
      0.58950100      0.60194636      1.81632928      5.00174019      0.58393426
      0.59816884      1.77612792      4.99186647      0.62689421      0.60010468
      1.78656661      4.95511770      0.61801298      0.59514690      1.78300892
      5.00673486      0.60802854      0.60236758      1.79586356      4.98765814
      0.60048763      0.61397189      1.84303652      5.18360355      0.57397609
      0.51413656      1.76329281      5.01810759      0.62020796      0.60120401
      1.78376563      5.03686703      0.58411025      0.59805673      1.81905206
      5.03069962      0.59251196      0.56895419      1.79860998      5.02333556
      0.58336868      0.60143845      1.79313337      5.08738957      0.57270342
      0.57180647      1.78506024      5.02915271      0.58639941      0.60952618
      1.80077328      5.02010630      0.57301212      0.58970746      1.78112499
      4.96621516      0.60071037      0.61966832      1.78796358      5.00554149
      0.58578130      0.60756588      1.79473031      5.05262712      0.57031076
      0.58491942      1.75682774      5.00029605      0.61392898      0.60378173
      1.77424000      5.01301016      0.61536445      0.61073231      1.78548475
      5.08588083      0.58058212      0.58943488

     SUBSYSTEM
    -----------
      74      80      80      53      75      74      79      80      80      53
      54      59      72      72      76      47      47      61      10      10
     121      76      77      55     106     106     106      22      11      97
      68      86      42      40      42      73      73      73      78      78
      78      13      13      13      44      44      48      12       7       8
      27       4      17      63      63      66      91      91      90      74
      70      74      37      37      24      48      49      49      46      46
      45      95      95      94      78     104     105      86      86      87
     112     111     111      53      53      48      16      16      16      26
      26      26      89      89      89      18      13      17      74      93
      92     115     100      93      67      67      67     118      98     118
      55      50      55      20      20       5     110     110     110     108
     107      96      57      51      58      30      30      31     123     118
     123      19      18     124      39      39      39      71      71      71
     119     119     124      84      83      84     107     113     107      63
      63      63      82      58      62     100     100     100      76      76
      76      70      70      70      92      92      92      54      60      54
      99     118     114      28      43      51      41      41      65     109
     109     122      90      69      90      56      32      56     101     101
      94     105     105     105      31      35      14      94      94      94
      33      34      34     116     116       9      33      38      23      98
      99      98      64      64      61     102     102     101      81      81
      81       3       3       2      85      85     107      52      58      58
      32      32      22     108     108     108     120     120     120      15
       1      15      95      95      76       2     115       2      36      36
      36      88      88      88      40      40      40      68      68      57
      24      24      25     103     103     117       6      21       6      29
      29      29

     MULLIKEN POPULATIONS
    ----------------------
      1.25223433      2.83284135      1.18868098      2.66869711      1.75869921
      4.85257587      1.48004506      3.65824020      0.89007917      0.89679128
      0.93886123      0.92852277      0.60429409      0.73557682      0.70103067
      0.72341087      1.78312313      5.03686776      0.59962422      0.60697598
      1.78538936      5.01484417      0.59318351      0.60223998      1.77086315
      5.02016168      0.60395179      0.61252695      1.78261836      5.00834864
      0.59945466      0.57599706      1.77656431      5.06074283      0.59828205
      0.58177680      1.88608177      5.36254792      0.55915089      1.80405360
      5.04250263      0.57766545      0.58441583      1.79720129      5.07882633
      0.56324277      0.56777187      1.78744284      5.00764854      0.60128766
      0.60385866      1.81129895      5.03725309      0.58256428      0.57279703
      1.77423301      5.01903294      0.59998823      0.58573699      1.77426017
      5.06172663      0.59193848      0.57175525      1.78172210      4.98492439
      0.57593405      0.63276153      1.80255441      5.04913774      0.57952208
      0.58070608      1.79976015      4.96398599      0.63419261      0.59750139
      1.77324872      5.01514190      0.61502283      0.58388409      1.78815255
      5.05078562      0.58061195      0.60701784      1.77808114      4.99752390
      0.59438287      0.60472264      1.78065690      5.01077884      0.59094844
      0.59651790      1.79335471      5.11397634      0.56576008      0.59615659
      1.79541909      5.03190146      0.58797874      0.59830455      1.76909830
      4.96361180      0.62849994      0.62650669      1.78987882      5.01301406
      0.59954848      0.59147903      1.79322239      5.01258679      0.59208750
      0.60779788      1.79731287      5.03615672      0.59085519      0.56999589
      1.78150418      5.01690170      0.60295704      0.59199612      1.78552145
      5.02173480      0.62409302      0.59627228      1.79046396      4.98817007
      0.58117050      0.62201362      1.81192406      5.07105446      0.57159250
      0.60730548      1.78760117      5.02980408      0.59101629      0.57344914
      1.78691501      5.01723392      0.59868573      0.59775719      1.76843284
      4.98518797      0.60211130      0.61770149      1.78913299      5.00428531
      0.61198622      0.60819551      1.78412708      5.01980886      0.61190841
      0.59087981      1.78660416      5.02009115      0.58817906      0.60036282
      1.78553423      5.04832536      0.59015303      0.59518203      1.78836329
      5.00682183      0.60845292      0.59688670      1.78566346      5.02490201
      0.59100704      0.59916040      1.77787699      5.01478689      0.62104132
      0.58948887      1.77529491      5.05286335      0.59332662      0.57986826
      1.78024212      4.98675329      0.60436244      0.59351166      1.78247270
      4.98208555      0.59815173      0.64729829      1.78448839      5.03624397
      0.59927399      0.60144419      1.78501335      5.04135944      0.60312073
      0.58394402      1.78724454      4.98936743      0.61071321      0.60183862
      1.77655647      4.99912705      0.61440597      0.61096447      1.79579433
      5.03535036      0.62126950      0.57924290      1.77103715      4.98322698
      0.61748153      0.61502657      1.77638295      5.01624482      0.58253626
      0.60350114      1.79920350      5.03167770      0.58987418      0.56906781
      1.79035891      5.02083486      0.59253688      0.59805670      1.78410332
      4.98969051      0.59612855      0.60828404      1.77344037      5.02631849
      0.59254142      0.57468844      1.77606115      5.00151061      0.61180349
      0.61167344      1.78413925      5.00921352      0.59679200      0.59323545
      1.80093052      5.06953229      0.57636443      0.57199696      1.80574751
      5.04231670      0.57196555      0.57205275      1.80086783      5.07521824
      0.60381715      0.54695374      1.82107318      5.08185013      0.54443820
      0.56518891      1.78527807      5.02805321      0.58577810      0.60229412
      1.78503204      4.98664771      0.57513685      0.61343621      1.78234319
      5.01546203      0.60040452      0.60220751      1.79874800      5.01527432
      0.60698099      0.58506137      1.77749212      4.96203602      0.62254256
      0.63260559      1.79260696      4.99750731      0.58813006      0.59893044
      1.81014826      4.93748539      0.59612756      0.60088894      1.77748593
      4.97295980      0.62300215      0.61777268      1.78700694      5.05701335
      0.59024001      0.60273500      1.81592138      5.00034925      0.58543722
      0.59989585      1.77445039      4.99315266      0.62753413      0.59990449
      1.78527976      4.95625025      0.61805725      0.59619826      1.78396567
      5.00649198      0.60783389      0.60202187      1.79189514      4.99193925
      0.60067444      0.61338164      1.84895912      5.19170654      0.57388429
      0.51654738      1.76486998      5.01577864      0.62074795      0.60211556
      1.78228027      5.03765747      0.58437916      0.59847367      1.81903844
      5.03234407      0.59270662      0.56798743      1.79731257      5.02545266
      0.58366489      0.60099622      1.79155846      5.08687672      0.57310727
      0.57300235      1.78064007      5.03181407      0.58796001      0.60938430
      1.80283581      5.02478376      0.57200710      0.58867069      1.77779899
      4.96743105      0.60200209      0.61830152      1.78739979      5.00485877
      0.58639027      0.60876346      1.79146070      5.04707177      0.57198617
      0.58652437      1.76093769      4.99641739      0.61401062      0.60399469
      1.77195846      5.01338244      0.61577230      0.61051008      1.78617939
      5.08827478      0.58118174      0.58951378

     SUBSYSTEM
    -----------
      74      80      80      53      75      74      79      80      80      53
      54      59      72      72      76      47      47      61      10      10
     121      76      77      55     106     106     106      22      11      97
      68      86      42      40      42      73      73      73      78      78
      78      13      13      13      44      44      48      12       7       8
      27       4      17      63      63      66      91      91      90      74
      70      74      37      37      24      48      49      49      46      46
      45      95      95      94      78     104     105      86      86      87
     112     111     111      53      53      48      16      16      16      26
      26      26      89      89      89      18      13      17      74      93
      92     115     100      93      67      67      67     118      98     118
      55      50      55      20      20       5     110     110     110     108
     108      96      57      51      58      30      30      31     123     118
     123      19      18     124      39      39      39      71      71      71
     119     119     124      84      83      84     107     113     107      63
      63      63      82      58      62     100     100     100      76      76
      76      70      70      70      92      92      92      54      60      54
      99     118     114      28      43      51      41      41      65     109
     109     122      90      69      90      56      32      56     101     101
      94     105     105     105      31      35      14      94      94      94
      33      34      34     116     116       9      33      38      23      98
      99      98      64      64      61     102     102     102      81      81
      81       3       3       2      85      85     107      52      58      58
      32      32      22     108     108     108     120     120     120      15
       1      15      95      95      76       2     115       2      36      36
      36      88      88      88      40      40      40      68      68      57
      24      24      25     103     103     117       6      21       6      29
      29      29

     MULLIKEN POPULATIONS
    ----------------------
      1.25170735      2.83397807      1.18893201      2.66822777      1.75829568
      4.85056307      1.48039539      3.65648284      0.89045759      0.89671048
      0.94000969      0.92937055      0.60498177      0.73508722      0.70008462
      0.72397845      1.78353564      5.03643599      0.59991943      0.60759853
      1.78275460      5.01725966      0.59333575      0.60310608      1.76803728
      5.02474822      0.60180658      0.61255532      1.78152637      5.00739825
      0.60003240      0.57554552      1.77439403      5.05854412      0.59937960
      0.58282027      1.88574675      5.34753964      0.56016167      1.79999423
      5.04114222      0.57838344      0.58578787      1.79443566      5.08083813
      0.56619961      0.56580776      1.78736514      5.00561381      0.60237940
      0.60473527      1.80968343      5.03799678      0.58316642      0.57296603
      1.77418111      5.02289425      0.59996728      0.58554654      1.77670468
      5.05877651      0.59257430      0.57176537      1.77894360      4.98475664
      0.57841466      0.63316876      1.79844578      5.04853776      0.57947375
      0.58136351      1.79364357      4.97295775      0.63250120      0.59534273
      1.77358528      5.01232537      0.61570252      0.58406685      1.78948134
      5.05134722      0.58105323      0.60521390      1.77796783      4.99543840
      0.59376363      0.60588528      1.78198486      5.00979548      0.59151949
      0.59700675      1.79391615      5.10891433      0.56669465      0.59642549
      1.79363492      5.03187713      0.58864604      0.59791202      1.76602783
      4.96607690      0.62879505      0.62617678      1.78858223      5.01349208
      0.60032668      0.59084364      1.79092760      5.01293869      0.59184419
      0.60953926      1.79449132      5.03570399      0.59335550      0.57178125
      1.78552245      5.00983445      0.60486652      0.59424145      1.78599739
      5.02316486      0.62254260      0.59657982      1.78666099      4.98488615
      0.58205935      0.62398769      1.80769381      5.06942884      0.57294649
      0.60709065      1.78733797      5.03037666      0.59076291      0.57483480
      1.78710363      5.01620517      0.59892230      0.60005311      1.77213731
      4.98249682      0.60423814      0.61595029      1.78574287      5.00918501
      0.61077182      0.60736163      1.78345363      5.02001653      0.61157730
      0.59088707      1.78965102      5.01674833      0.58941887      0.60020679
      1.78412298      5.05085819      0.59032635      0.59518663      1.79134500
      5.00087668      0.60940970      0.59859301      1.78574963      5.02476608
      0.59247398      0.60018499      1.77730960      5.01382990      0.62198960
      0.59033696      1.77553255      5.05356248      0.59297367      0.57990516
      1.77989689      4.98458621      0.60624673      0.59529311      1.77639924
      4.99275132      0.59599942      0.64438316      1.78151554      5.03701578
      0.59963327      0.60234444      1.78648691      5.03763046      0.60370568
      0.58602598      1.78196103      4.99551370      0.61015522      0.60160318
      1.78092772      4.99386226      0.61581563      0.61106656      1.79637281
      5.03947990      0.61920879      0.57804623      1.77502882      4.97934763
      0.61738178      0.61531954      1.77925157      5.01503914      0.58207659
      0.60322206      1.79798354      5.03276403      0.58983377      0.57022831
      1.79013739      5.02069593      0.59314466      0.60031764      1.77992501
      4.99402478      0.59594837      0.60805863      1.77568226      5.02471949
      0.59321009      0.57481657      1.77599073      5.00222588      0.61226081
      0.61103783      1.77620726      5.01350611      0.59752568      0.59372277
      1.79896991      5.07009258      0.57702488      0.57197929      1.80158462
      5.04273634      0.57331065      0.57303347      1.79816599      5.07420584
      0.60349848      0.54865035      1.82145431      5.08570838      0.54181684
      0.56605301      1.78742976      5.02680019      0.58512068      0.60361186
      1.78464761      4.98639685      0.57552707      0.61332841      1.78165160
      5.01466875      0.60029398      0.60353785      1.79579109      5.01373988
      0.60751735      0.58676130      1.77911101      4.95980646      0.62313894
      0.63271406      1.79125632      4.99982887      0.58967385      0.59845699
      1.80827466      4.93949185      0.59738476      0.60262793      1.78474978
      4.96394754      0.62309833      0.62042043      1.78590771      5.05605230
      0.59124894      0.60310477      1.81371986      4.99993558      0.58688377
      0.60143463      1.77323545      4.99384287      0.62835256      0.59986835
      1.78415489      4.95796436      0.61754877      0.59725348      1.78531398
      5.00601322      0.60760475      0.60152786      1.78789149      4.99652886
      0.60084338      0.61277628      1.85447020      5.20032775      0.57419388
      0.51882786      1.76783709      5.01248393      0.62114908      0.60258896
      1.78236367      5.03793394      0.58465355      0.59885188      1.81694492
      5.03374541      0.59294479      0.56716112      1.79600489      5.02781863
      0.58392223      0.60029866      1.78955949      5.08577302      0.57385697
      0.57462282      1.77756997      5.03375335      0.58897074      0.60947879
      1.80412604      5.02968410      0.57121839      0.58751392      1.77470703
      4.96854670      0.60351902      0.61720450      1.78723802      5.00433768
      0.58701275      0.60969433      1.78853057      5.04204871      0.57366484
      0.58803965      1.76733198      4.99063194      0.61402212      0.60381676
      1.77129479      5.01330982      0.61607409      0.60996935      1.78765211
      5.08954000      0.58147927      0.58978601

     SUBSYSTEM
    -----------
      75      81      81      54      76      75      80      81      81      54
      55      60      73      73      77      48      48      62      11      11
     122      77      78      56     107     107     107      23      12      98
      69      87      43      41      43      74      74      74      79      79
      79      14      14      14      45      45      49      13       8       9
      28       5      18      64      64      67      92      91      91      75
      71      75      38      38      25      49      50      50      47      47
      46      96      96      95      79     105     106      87      87      88
     113     113     112      54      54      49      17      17      17      27
      27      27      90      90      90      19      14      18      75      94
      93     116     101      94      68      68      68     119      99     119
      56      51      56      21      21       6     111     111     111     109
     109      97      58      52      59      31      31      32     124     119
     124      20      19     125      40      40      40      72      72      72
     120     120     125      85      84      85     108     114     108      64
      64      64      83      59      63     101     101     101      77      77
      77      71      71      71      93      93      93      55      61      55
     100     119     115      29      44      52      42      42      66     110
     110     123      91      70      91      57      33      57     102     102
      95     106     106     106      32      36      15      95      95      95
      34      35      35     117     117      10      34      39      24      99
     100      99      65      65      62     103     103     103      82      82
      82       4       4       1      86      86     108      53      59      59
      33      33      23     109     109     109     121     121     121      16
       2      16      96      96      77       3     116       3      37      37
      37      89      89      89      41      41      41      69      69      58
      25      25      26     104      97     118       7      22       7      30
      30      30

     MULLIKEN POPULATIONS
    ----------------------
      1.25140424      2.83524277      1.18934324      2.66747596      1.75711535
      4.84867252      1.48103566      3.65588870      0.89094036      0.89701958
      0.94102470      0.93083505      0.60536639      0.73507543      0.69824291
      0.72394732      1.78411487      5.03557263      0.60042645      0.60810519
      1.78007275      5.02017617      0.59355035      0.60368620      1.76621399
      5.02822782      0.59975802      0.61272600      1.78068835      5.00583251
      0.60065391      0.57553038      1.77352805      5.05527540      0.60057589
      0.58391942      1.88320689      5.33497063      0.56011019      1.79575588
      5.04050381      0.57936620      0.58715235      1.79182882      5.08162462
      0.56922738      0.56432905      1.78715122      5.00333301      0.60348941
      0.60549555      1.80720649      5.03918074      0.58373757      0.57327613
      1.77503414      5.02732013      0.59969804      0.58520049      1.78053183
      5.05683304      0.59273997      0.57181734      1.77645396      4.98466582
      0.58091981      0.63316407      1.79296101      5.04762780      0.57991735
      0.58237490      1.78588700      4.98338386      0.63017051      0.59374073
      1.77477047      5.00884967      0.61629684      0.58405992      1.79169132
      5.05245918      0.58131488      0.60322653      1.77850709      4.99304568
      0.59312249      0.60707455      1.78344888      5.00902454      0.59211369
      0.59728717      1.79481749      5.10055732      0.56755417      0.59727128
      1.79218299      5.03222226      0.58916148      0.59740492      1.76438243
      4.96723644      0.62896089      0.62579007      1.78809902      5.01379548
      0.60118684      0.59012554      1.78851467      5.01324966      0.59167845
      0.61149823      1.79128506      5.03507318      0.59570057      0.57359107
      1.78921526      5.00296041      0.60722255      0.59675781      1.78648306
      5.02517896      0.62039202      0.59708061      1.78296785      4.98188539
      0.58287847      0.62556084      1.80190025      5.06807187      0.57436628
      0.60707385      1.78755663      5.03066256      0.59048443      0.57612735
      1.78743846      5.01522335      0.59878914      0.60243026      1.77615380
      4.97966413      0.60630506      0.61433914      1.78230737      5.01434936
      0.60960978      0.60651871      1.78648540      5.01714266      0.61235436
      0.59177153      1.79256202      5.01345632      0.59071151      0.60003429
      1.78341269      5.05275100      0.59060001      0.59480394      1.79398343
      4.99506121      0.61048651      0.60012116      1.78648337      5.02444315
      0.59375301      0.60109801      1.77738576      5.01264068      0.62289738
      0.59090493      1.77721785      5.05347873      0.59244146      0.57964424
      1.77976032      4.98388791      0.60813920      0.59707486      1.77004938
      5.00405811      0.59418022      0.64131058      1.77962209      5.03713713
      0.60000800      0.60285944      1.78864720      5.03324708      0.60423508
      0.58762599      1.77721995      5.00090655      0.60948083      0.60132572
      1.78444390      4.98925573      0.61713980      0.61126907      1.79592776
      5.04349283      0.61752862      0.57681123      1.77936142      4.97513106
      0.61745130      0.61554582      1.78286250      5.01363045      0.58136569
      0.60290709      1.79656672      5.03429930      0.58993494      0.57148883
      1.78854797      5.02093163      0.59389761      0.60235022      1.77654128
      4.99784515      0.59556624      0.60780954      1.77903783      5.02283688
      0.59323987      0.57396756      1.77668502      5.00243234      0.61268665
      0.61010800      1.76873714      5.01685641      0.59846435      0.59400526
      1.79673697      5.06953800      0.57780921      0.57194991      1.79671230
      5.04294590      0.57533164      0.57422322      1.79549077      5.07291420
      0.60323289      0.55060730      1.82070523      5.08699120      0.53941803
      0.56631508      1.78939625      5.02565905      0.58439862      0.60491583
      1.78515035      4.98585484      0.57578375      0.61303163      1.78203881
      5.01341639      0.59971086      0.60481380      1.79209975      5.01267131
      0.60813640      0.58855345      1.78073608      4.95795246      0.62355980
      0.63254140      1.79049855      5.00195166      0.59100712      0.59804314
      1.80509351      4.94438255      0.59860551      0.60442327      1.79119545
      4.95537931      0.62400069      0.62254102      1.78521782      5.05547268
      0.59248914      0.60307502      1.80986578      5.00025927      0.58828241
      0.60293824      1.77256434      4.99386894      0.62932714      0.59999880
      1.78304458      4.95987794      0.61649454      0.59854177      1.78691832
      5.00537974      0.60742230      0.60086961      1.78425957      5.00105847
      0.60095371      0.61211959      1.85937262      5.21039579      0.57450454
      0.52068356      1.77184056      5.00840783      0.62151477      0.60267310
      1.78398290      5.03766794      0.58488878      0.59917197      1.81285949
      5.03498714      0.59320271      0.56648141      1.79487796      5.03037429
      0.58404049      0.59939662      1.78736409      5.08402392      0.57494524
      0.57661294      1.77650088      5.03427833      0.58935005      0.60978531
      1.80444924      5.03449835      0.57068118      0.58618333      1.77229977
      4.96930460      0.60509104      0.61652897      1.78766182      5.00383304
      0.58762553      0.61025217      1.78629116      5.03794306      0.57516477
      0.58939376      1.77520295      4.98335034      0.61415913      0.60341660
      1.77231958      5.01287896      0.61624205      0.60918984      1.78978489
      5.08955802      0.58139138      0.59025209

     SUBSYSTEM
    -----------
      74      80      80      53      75      74      79      80      80      53
      54      59      72      72      76      47      47      61      10      10
     121      76      77      55     106     106     106      22      11      97
      68      86      42      40      42      73      73      73      78      78
      78      13      13      13      44      44      48       7       7       8
      27       4      17      63      63      66      91      91      90      74
      70      74      37      37      24      48      49      49      46      46
      45      95      95      94      78     104     105      86      86      87
     112     112     111      53      53      48      16      16      12      26
      26      26      89      89      89      18      13      17      74      93
      92     115     100      93      67      67      67     118      98     118
      55      50      55      20      20       5     110     110     110     108
     108      96      57      51      58      30      30      31     123     118
     123      19      18      14      39      39      39      71      71      71
     119     119     124      84      83      84     107     113     107      63
      63      63      82      58      62     100     100     100      76      76
      76      70      70      70      92      92      92      54      60      54
      99     118     114      28      43      51      41      41      65     109
     109     122      90      69      90      56      32      56     101     101
      94     105     105     105      31      35      14      94      94      94
      33      34      34     116     116       9      33      38      23      98
      99      98      64      64      61     102     102     102      81      81
      81       3       3      22      85      85      85      52      58      58
      32      32      22     108     108     108     120     120     120      15
       1      15      95      95      76       2     115       2      36      36
      36      88      88      88      40      40      40      68      68      57
      24      24      25     103     103     117       6      21       6      29
      29      29

     MULLIKEN POPULATIONS
    ----------------------
      1.25125375      2.83651914      1.18991903      2.66674701      1.75527212
      4.84708556      1.48165216      3.65566642      0.89121382      0.89749510
      0.94177387      0.93263144      0.60540520      0.73502925      0.69603486
      0.72414834      1.78480595      5.03465867      0.60098885      0.60829554
      1.77761306      5.02336926      0.59373799      0.60394474      1.76559899
      5.03046150      0.59784889      0.61291955      1.78023589      5.00431612
      0.60127485      0.57543822      1.77403463      5.05103822      0.60179723
      0.58499722      1.87947510      5.32315471      0.55982081      1.79180141
      5.04038813      0.58046667      0.58844278      1.78974136      5.08115090
      0.57223876      0.56319997      1.78675672      5.00104478      0.60450184
      0.60613173      1.80409005      5.04073723      0.58429823      0.57362431
      1.77664130      5.03180667      0.59925892      0.58471698      1.78535862
      5.05561378      0.59253881      0.57215564      1.77456606      4.98437651
      0.58334912      0.63276904      1.78659790      5.04658563      0.58079302
      0.58370271      1.77717090      4.99463552      0.62764026      0.59237508
      1.77661190      5.00498844      0.61676068      0.58391994      1.79452876
      5.05415294      0.58136810      0.60126145      1.77961278      4.99076235
      0.59243267      0.60824953      1.78487454      5.00831101      0.59274601
      0.59748516      1.79539809      5.09029254      0.56841610      0.59857953
      1.79117945      5.03292519      0.58943435      0.59680671      1.76440499
      4.96700930      0.62889639      0.62535312      1.78845130      5.01391658
      0.60204028      0.58934727      1.78620629      5.01360951      0.59161747
      0.61348227      1.78804771      5.03412353      0.59785023      0.57530208
      1.79222690      4.99671988      0.60983024      0.59950515      1.78680708
      5.02749425      0.61814592      0.59761150      1.77995380      4.97907791
      0.58353579      0.62663513      1.79501298      5.06717681      0.57582499
      0.60725333      1.78821982      5.03048040      0.59022506      0.57723594
      1.78791000      5.01420717      0.59835056      0.60474993      1.78012824
      4.97675428      0.60838256      0.61284525      1.77920585      5.01954954
      0.60841908      0.60565651      1.78966095      5.01435646      0.61293791
      0.59258482      1.79504563      5.01041987      0.59206990      0.59986298
      1.78348158      5.05396738      0.59090671      0.59407710      1.79604239
      4.98974385      0.61164122      0.60142337      1.78786061      5.02376785
      0.59482402      0.60189747      1.77816432      5.01120093      0.62372765
      0.59118892      1.78009622      5.05257324      0.59183984      0.57914028
      1.77993597      4.98431637      0.61000808      0.59880034      1.76413483
      5.01538912      0.59244215      0.63821477      1.77899448      5.03661293
      0.60033635      0.60290751      1.79122904      5.02855185      0.60472400
      0.58875182      1.77360528      5.00508833      0.60867328      0.60094895
      1.78684654      4.98567943      0.61825553      0.61154319      1.79452218
      5.04738739      0.61611564      0.57552667      1.78357463      4.97093961
      0.61774091      0.61573349      1.78678786      5.01221607      0.58048128
      0.60256507      1.79514781      5.03594756      0.59019869      0.57270058
      1.78596710      5.02107139      0.59488726      0.60405097      1.77435533
      5.00101796      0.59494404      0.60738636      1.78301580      5.02084323
      0.59292128      0.57294313      1.77799536      5.00215953      0.61305202
      0.60899123      1.76264979      5.01891451      0.59940343      0.59395211
      1.79442373      5.06816007      0.57853628      0.57187459      1.79167568
      5.04310034      0.57770750      0.57558187      1.79311169      5.07151001
      0.60298437      0.55265683      1.81904425      5.08734033      0.53748650
      0.56651295      1.79103865      5.02465818      0.58368807      0.60612406
      1.78650206      4.98508991      0.57588027      0.61253855      1.78341372
      5.01179994      0.59875758      0.60595491      1.78802092      5.01211690
      0.60881160      0.59031135      1.78214988      4.95669490      0.62366748
      0.63219107      1.79044827      5.00358388      0.59199997      0.59775394
      1.80078760      4.95135664      0.59976643      0.60637209      1.79632728
      4.94798887      0.62560429      0.62383892      1.78490233      5.05527004
      0.59388632      0.60273736      1.80465673      5.00115708      0.58959432
      0.60447149      1.77248389      4.99337861      0.63028867      0.60023216
      1.78187358      4.96187634      0.61510065      0.59979012      1.78862798
      5.00471197      0.60730639      0.60006886      1.78139752      5.00531373
      0.60089997      0.61129098      1.86339459      5.22167986      0.57488056
      0.52223080      1.77640576      5.00387634      0.62193288      0.60241513
      1.78683279      5.03682481      0.58513457      0.59948903      1.80697499
      5.03612338      0.59350537      0.56605623      1.79409371      5.03301638
      0.58399014      0.59833048      1.78528710      5.08168874      0.57633202
      0.57882959      1.77780304      5.03335641      0.58888433      0.61011116
      1.80369612      5.03905878      0.57031255      0.58473348      1.77106183
      4.96954723      0.60658198      0.61615532      1.78873435      5.00309549
      0.58823635      0.61048972      1.78503313      5.03495439      0.57635271
      0.59051498      1.78355687      4.97525568      0.61458725      0.60291197
      1.77488223      5.01213304      0.61616163      0.60822225      1.79229923
      5.08845051      0.58086331      0.59094546

     SUBSYSTEM
    -----------
      73      79      79      52      74      73      78      79      79      52
      53      58      71      71      75      46      46      60      10      10
     120      75      76      54     105     105     105      21      11      96
      67      85      41      39      41      72      72      72      77      77
      77      12      12      12      43      43      47       7       7       8
      26       4      16      62      62      65      90      89      89      73
      69      73      36      36      23      47      48      48      45      45
      44      94      94      93      77     103     104      85      85      86
     111     111     110      52      52      47      15      15      15      25
      25      25      88      88      88      17      12      16      73      92
      91     114      99      92      66      66      66     117      97     117
      54      49      54      19      19       5     109     109     109     107
     107      95      56      50      57      29      29      30     122     117
     122      18      17      13      38      38      38      70      70      70
     118     118     123      83      82      83     106     112     106      62
      62      62      81      57      61      99      99      99      75      75
      75      69      69      69      91      91      91      53      59      53
      98     117     113      27      42      50      40      40      64     108
     108     121      89      68      89      55      31      55     100     100
      93     104     104     104      30      34      13      93      93      93
      32      33      33     115     115       9      32      37      22      97
      98      97      63      63      60     101     101     101      80      80
      80       3       3      21      84      84      84      51      57      57
      31      31      21     107     107     107     119     119     119      14
       1      14      94      94      75       2     114       2      35      35
      35      87      87      87      39      39      39      67      67      56
      23      23      24     102      95     116       6      20       6      28
      28      28

     MULLIKEN POPULATIONS
    ----------------------
      1.25121857      2.83786091      1.19059999      2.66617142      1.75291836
      4.84582099      1.48219367      3.65583244      0.89135796      0.89805507
      0.94220659      0.93462004      0.60519147      0.73498393      0.69354866
      0.72458599      1.78548822      5.03384165      0.60161862      0.60811840
      1.77562125      5.02659761      0.59381722      0.60387499      1.76629257
      5.03134096      0.59611944      0.61306955      1.78019498      5.00310724
      0.60180676      0.57525995      1.77580159      5.04601793      0.60299797
      0.58601379      1.87464472      5.31133613      0.55957192      1.78864436
      5.04092348      0.58152885      0.58954854      1.78849201      5.07950006
      0.57508892      0.56230606      1.78617281      4.99898194      0.60528484
      0.60665106      1.80062637      5.04258983      0.58483233      0.57391813
      1.77877093      5.03591415      0.59870746      0.58413899      1.79066767
      5.05480288      0.59205336      0.57293617      1.77353529      4.98362182
      0.58560509      0.63205477      1.78001446      5.04556389      0.58195246
      0.58527179      1.76835584      5.00594007      0.62513401      0.59114587
      1.77888492      5.00104699      0.61704534      0.58371592      1.79769534
      5.05635893      0.58120756      0.59948199      1.78108367      4.98892108
      0.59180102      0.60936952      1.78612372      5.00757657      0.59339424
      0.59765814      1.79504874      5.07972551      0.56934473      0.60018594
      1.79068151      5.03395672      0.58940776      0.59612149      1.76609221
      4.96548004      0.62856876      0.62488779      1.78956458      5.01388351
      0.60279968      0.58852245      1.78432423      5.01397691      0.59166654
      0.61529683      1.78517095      5.03275944      0.59972389      0.57679950
      1.79426351      4.99135792      0.61245679      0.60246011      1.78688789
      5.03007417      0.61588091      0.59807588      1.77805212      4.97642953
      0.58397036      0.62719113      1.78768825      5.06681309      0.57725774
      0.60759305      1.78923735      5.02971455      0.59002633      0.57811891
      1.78850038      5.01316351      0.59766413      0.60685788      1.78375134
      4.97387800      0.61030699      0.61158127      1.77679162      5.02458659
      0.60712152      0.60471885      1.79278691      5.01174568      0.61339117
      0.59331812      1.79686994      5.00783935      0.59345167      0.59969802
      1.78430193      5.05453900      0.59118637      0.59309624      1.79735780
      4.98526858      0.61279668      0.60246128      1.78981051      5.02265880
      0.59567913      0.60257410      1.77961217      5.00951431      0.62448768
      0.59119340      1.78378251      5.05088182      0.59130327      0.57847370
      1.78048471      4.98540840      0.61181933      0.60042137      1.75937932
      5.02601194      0.59058065      0.63523798      1.77958575      5.03556242
      0.60060226      0.60249355      1.79391999      5.02393336      0.60517493
      0.58947052      1.77159928      5.00782496      0.60768261      0.60034467
      1.78799088      4.98337110      0.61908602      0.61186592      1.79225812
      5.05109077      0.61499689      0.57420200      1.78724280      4.96714699
      0.61823654      0.61591570      1.79059749      5.01096992      0.57951869
      0.60219083      1.79390775      5.03728054      0.59061443      0.57377863
      1.78293986      5.02061686      0.59615333      0.60533534      1.77362479
      5.00351312      0.59406391      0.60665653      1.78713936      5.01874596
      0.59231845      0.57190663      1.77971207      5.00151773      0.61330764
      0.60780024      1.75871423      5.01948648      0.60012772      0.59343552
      1.79223809      5.06617157      0.57909555      0.57174080      1.78703860
      5.04301169      0.58032319      0.57697875      1.79128835      5.07014400
      0.60269659      0.55463230      1.81654904      5.08704398      0.53596743
      0.56673401      1.79225549      5.02383531      0.58305604      0.60716072
      1.78854572      4.98422400      0.57581836      0.61185442      1.78561300
      5.00993960      0.59751334      0.60693494      1.78396307      5.01202459
      0.60949499      0.59193460      1.78318649      4.95620572      0.62337151
      0.63172588      1.79107950      5.00461538      0.59257876      0.59759486
      1.79565044      4.95948328      0.60088048      0.60846907      1.79965459
      4.94256246      0.62769563      0.62412128      1.78486530      5.05540767
      0.59535636      0.60222336      1.79853051      5.00239866      0.59081408
      0.60608643      1.77295984      4.99252148      0.63112523      0.60050914
      1.78063362      4.96368836      0.61351984      0.60092074      1.79027610
      5.00410364      0.60729862      0.59917181      1.77960415      5.00912750
      0.60059414      0.61019318      1.86644255      5.23450723      0.57515104
      0.52335441      1.78101217      4.99930722      0.62243419      0.60188758
      1.79043537      5.03545085      0.58545801      0.59986145      1.79962325
      5.03720486      0.59394352      0.56596888      1.79377764      5.03565418
      0.58375522      0.59715294      1.78368033      5.07880026      0.57792911
      0.58114366      1.78124019      5.03112935      0.58762329      0.61047156
      1.80184059      5.04323965      0.57005802      0.58312840      1.77132399
      4.96911925      0.60782466      0.61604340      1.79040625      5.00200707
      0.58886051      0.61045090      1.78494617      5.03312475      0.57713158
      0.59136192      1.79142708      4.96720750      0.61529473      0.60240211
      1.77866293      5.01122428      0.61578866      0.60715660      1.79481955
      5.08652616      0.57991742      0.59186006

     SUBSYSTEM
    -----------
      72      78      78      52      73      72      77      78      78      52
      53      58      70      70      74      46      46      60      11      11
     118      74      75      54     104     104     104      21      20      95
      66      84      41      39      41      71      71      71      76      76
      76      12      12      12      43      43      47       8       8       9
      26       5      16      61      61      64      89      89      88      72
      68      72      36      36      23      47      48      48      45      45
      44      93      93      92      76     102     103      84      84      85
     109     109     109      52      52      47      15      15      15      25
      25      25      87      87      87      17      12      16      72      91
      90     112      98      91      64      65      65     114      96     114
      54      49      54      19      19       6     108     108     108     106
     105      94      56      50      57      29      29      30     115     114
     120      18      17      13      38      38      38      69      69      69
     116     116     121      82      81      82     105     110     105      61
      61      61      80      57      56      98      98      98      74      74
      74      68      68      68      90      90      90      53      59      53
      97     114     111      27      42      50      40      40      63     107
     107     119      88      67      88      55      31      55      99      99
      92     103     120     103      30      34      13      92      92      92
      32      33      33     113     113      10      32      37      22      96
      97      96      62      62      60     100     100     100      79      79
      79       4       4       1      83      83     105      51      57      57
      31      31      21     106     106     106     117     117     117      14
       2      14      93      93      74       3     112       3      35      35
      35      86      86      86      39      39      39      66      66      56
      23      23      24     101     101     118       7      19       7      28
      28      28

     MULLIKEN POPULATIONS
    ----------------------
      1.25126717      2.83938967      1.19131543      2.66582785      1.75025166
      4.84464061      1.48261610      3.65635908      0.89145579      0.89862290
      0.94235599      0.93690523      0.60483494      0.73493269      0.69085006
      0.72521117      1.78607191      5.03329908      0.60226793      0.60753402
      1.77742955      5.02640735      0.59368023      0.60434765      1.76825631
      5.03083707      0.59460929      0.61315403      1.78058155      5.00243644
      0.60219843      0.57492171      1.77857609      5.04045639      0.60420819
      0.58691453      1.86890027      5.29878211      0.55963419      1.78672375
      5.04194654      0.58239820      0.59035761      1.78832873      5.07685263
      0.57766789      0.56149092      1.78544900      4.99727115      0.60584208
      0.60699407      1.79716354      5.04474536      0.58527691      0.57407832
      1.78114765      5.03933893      0.59808533      0.58351555      1.79582960
      5.05404022      0.59133047      0.57435101      1.77355421      4.98219609
      0.58759325      0.63110783      1.77399261      5.04467973      0.58316850
      0.58691985      1.76046168      5.01662144      0.62274766      0.58979787
      1.78133899      4.99728009      0.61715023      0.58354410      1.80091683
      5.05911111      0.58079729      0.59786864      1.78266788      4.98778184
      0.59136462      0.61039887      1.78708299      5.00673239      0.59406106
      0.59785029      1.79344560      5.07030232      0.57040654      0.60181530
      1.79070137      5.03536118      0.58905838      0.59526006      1.76919604
      4.96293339      0.62794684      0.62445023      1.79127881      5.01370619
      0.60338555      0.58768272      1.78324377      5.01443064      0.59170835
      0.61666517      1.78300014      5.03082148      0.60132809      0.57803493
      1.79512930      4.98707801      0.61485571      0.60555559      1.78668942
      5.03286826      0.61365520      0.59837165      1.77746698      4.97402217
      0.58412764      0.62730629      1.78074713      5.06691092      0.57854072
      0.60798208      1.79141318      5.02949581      0.58928023      0.57723819
      1.78910951      5.01181039      0.59686998      0.60890426      1.78677225
      4.97121156      0.61191060      0.61057623      1.77533423      5.02930128
      0.60565470      0.60365118      1.79571537      5.00941786      0.61377209
      0.59389776      1.79786509      5.00583592      0.59481411      0.59956038
      1.78575756      5.05455674      0.59136564      0.59198732      1.79784459
      4.98185511      0.61387302      0.60325509      1.79218600      5.02107443
      0.59635091      0.60313991      1.78161873      5.00765603      0.62517342
      0.59093279      1.78781597      5.04854418      0.59092877      0.57777043
      1.78141877      4.98665395      0.61354773      0.60190022      1.75643199
      5.03529490      0.58836374      0.63246640      1.78116140      5.03419310
      0.60078214      0.60173293      1.79645565      5.01982742      0.60545167
      0.58991600      1.77146324      5.00905142      0.60649763      0.59943114
      1.78784312      4.98240106      0.61961860      0.61222723      1.78930610
      5.05458787      0.61417182      0.57285047      1.79003295      4.96411283
      0.61885904      0.61610259      1.79396118      5.01017452      0.57829302
      0.60171227      1.79300831      5.03797175      0.59113331      0.57462538
      1.78000698      5.01909237      0.59773662      0.60626164      1.77442557
      5.00549269      0.59287765      0.60559685      1.79097233      5.01657831
      0.59144170      0.57098407      1.78157111      5.00057928      0.61348321
      0.60665490      1.75740405      5.01855310      0.60048419      0.59239583
      1.79045227      5.06389588      0.57947873      0.57124099      1.78336509
      5.04254748      0.58300798      0.57824568      1.79025299      5.06898267
      0.60224277      0.55638056      1.81334005      5.08663355      0.53477394
      0.56702570      1.79546291      5.02195765      0.58186227      0.60853638
      1.79103571      4.98344265      0.57558472      0.61100752      1.78843482
      5.00801186      0.59604632      0.60770819      1.78033118      5.01167652
      0.60987661      0.59313622      1.78373436      4.95656020      0.62262798
      0.63121557      1.79223648      5.00509082      0.59273448      0.59754547
      1.79009744      4.96774835      0.60196612      0.61065783      1.80075934
      4.93976443      0.62999791      0.62337824      1.78505598      5.05583605
      0.59665531      0.60172777      1.79210222      5.00385214      0.59184297
      0.60766532      1.77385064      4.99092655      0.63184030      0.60058477
      1.77947901      4.96503135      0.61188001      0.60178802      1.79169589
      5.00363291      0.60742810      0.59825264      1.77903520      5.01242977
      0.59996069      0.60876454      1.86843776      5.24922183      0.57521063
      0.52403474      1.78516987      4.99516400      0.62297540      0.60118203
      1.79425000      5.03368141      0.58591215      0.60031104      1.79130675
      5.03826881      0.59457711      0.56626276      1.79399466      5.03818498
      0.58337671      0.59591979      1.78287285      5.07531606      0.57967072
      0.58342200      1.78613981      5.02818999      0.58568016      0.61085116
      1.79894806      5.04698743      0.56984380      0.58140683      1.77314623
      4.96803460      0.60864778      0.61616137      1.79251293      5.00057817
      0.58950055      0.61018904      1.78607200      5.03232473      0.57744445
      0.59198265      1.79802671      4.96010858      0.61612991      0.60193164
      1.78323563      5.01033454      0.61508727      0.60607316      1.79697063
      5.08420471      0.57861843      0.59295160

     SUBSYSTEM
    -----------
      72      78      78      52      73      72      77      78      78      52
      53      58      70      70      74      46      46      60      11      11
     118      74      75      54     104     104     104      21      20      95
      66      84      41      39      41      71      71      71      76      76
      76      12      12      12      43      43      47       8       8       9
      26       5      16      61      61      64      89      89      88      72
      68      72      36      36      23      47      48      48      45      45
      44      93      93      92      76     102     103      84      84      85
     109     109     109      52      52      47      15      15      15      25
      25      25      87      87      87      17      12      16      72      91
      90     112      98      91      64      65      65     114      96     114
      54      49      54      19      19       6     108     108     108     106
     105      94      56      50      57      29      29      30     115     114
     120      18      17      13      38      38      38      69      69      69
     116     116     121      82      81      82     105     110     105      61
      61      61      80      57      56      98      98      98      74      74
      74      68      68      68      90      90      90      53      59      53
      97     114     111      27      42      50      40      40      63     107
     107     119      88      67      88      55      31      55      99      99
      92     103     120     103      30      34      13      92      92      92
      32      33      33     113     113      10      32      37      22      96
      97      96      62      62      60     100     100     100      79      79
      79       4       4       1      83      83     105      51      57      57
      31      31      21     106     106     106     117     117     117      14
       2      14      93      93      74       3     112       3      35      35
      35      86      86      86      39      39      39      66      66      56
      23      23      24     101     101     118       7      19       7      28
      28      28

     MULLIKEN POPULATIONS
    ----------------------
      1.25109770      2.84060077      1.19198353      2.66568994      1.74761117
      4.84359384      1.48341483      3.65848856      0.89200064      0.89897863
      0.94216436      0.93915869      0.60452362      0.73424252      0.68892205
      0.72505668      1.78645185      5.03301367      0.60301513      0.60657951
      1.77967992      5.02601421      0.59340099      0.60456935      1.77128544
      5.02907478      0.59342457      0.61309927      1.78134643      5.00238850
      0.60234258      0.57454699      1.78202596      5.03461826      0.60534366
      0.58776284      1.86244451      5.28450013      0.56055480      1.78636540
      5.04333958      0.58300751      0.59077795      1.78947112      5.07386744
      0.57925242      0.56101201      1.78471070      4.99601050      0.60593934
      0.60725914      1.79402393      5.04709273      0.58559022      0.57403077
      1.78345269      5.04180482      0.59752323      0.58296320      1.80025029
      5.05311149      0.59057390      0.57631646      1.77471670      4.97992104
      0.58932206      0.63001347      1.76935863      5.04404575      0.58412167
      0.58840617      1.75447653      5.02601692      0.62053193      0.58815129
      1.78374225      4.99394943      0.61704475      0.58346392      1.80380412
      5.06191457      0.58025605      0.59664777      1.78415666      4.98761388
      0.59109057      0.61124431      1.78770136      5.00580410      0.59459177
      0.59811533      1.79063959      5.06286535      0.57165209      0.60328936
      1.79115192      5.03702000      0.58837006      0.59431275      1.77325304
      4.95977896      0.62715189      0.62405078      1.79337344      5.01339183
      0.60374019      0.58685888      1.78314612      5.01477731      0.59181080
      0.61750036      1.78186669      5.02840571      0.60242923      0.57894981
      1.79473933      4.98406643      0.61671865      0.60877770      1.78620241
      5.03574080      0.61161528      0.59840021      1.77814497      4.97197489
      0.58413740      0.62706813      1.77512597      5.06742463      0.57964670
      0.60788764      1.79347076      5.02879264      0.58866231      0.57621439
      1.78978895      5.01064317      0.59592301      0.61041593      1.78898602
      4.96891971      0.61290792      0.60997388      1.77502336      5.03374763
      0.60389143      0.60231526      1.79830464      5.00733315      0.61418242
      0.59435905      1.79794508      5.00451180      0.59592667      0.59962635
      1.78766295      5.05411210      0.59143897      0.59086793      1.79749371
      4.97955778      0.61479656      0.60394961      1.79480890      5.01915401
      0.59683008      0.60352892      1.78400649      5.00566310      0.62560225
      0.59034752      1.79174838      5.04568214      0.59088837      0.57699615
      1.78273098      4.98770518      0.61506125      0.60315608      1.75677419
      5.03780990      0.58752297      0.63165520      1.78340682      5.03280989
      0.60090725      0.60063958      1.79863415      5.01652721      0.60565635
      0.59008023      1.77318826      5.00887604      0.60518199      0.59817228
      1.78644928      4.98260249      0.62003595      0.61262666      1.78585989
      5.05776850      0.61371635      0.57156843      1.79171187      4.96204914
      0.61954322      0.61633726      1.79655730      5.00975288      0.57716412
      0.60115875      1.79251369      5.03766113      0.59179241      0.57524590
      1.77763246      5.01653631      0.59955074      0.60672863      1.77661018
      5.00700768      0.59150857      0.60410741      1.79414339      5.01414588
      0.59032423      0.57031898      1.78334489      4.99961891      0.61343146
      0.60563282      1.75884908      5.01631688      0.60042172      0.59079716
      1.78922919      5.06134108      0.57954734      0.57073543      1.78106775
      5.04139467      0.58572562      0.57935645      1.79012428      5.06805412
      0.60164937      0.55779556      1.80960980      5.08664859      0.53384156
      0.56743523      1.79791432      5.02045353      0.58089689      0.60969971
      1.79369379      4.98305112      0.57508624      0.60999746      1.79163679
      5.00626999      0.59446594      0.60813405      1.77757718      5.01148990
      0.61014941      0.59406293      1.78374401      4.95779170      0.62147996
      0.63064343      1.79369860      5.00514848      0.59244208      0.59763099
      1.78464735      4.97513193      0.60303261      0.61291662      1.79937542
      4.94003492      0.63228947      0.62167640      1.78546859      5.05627524
      0.59777057      0.60132693      1.78600570      5.00500722      0.59271142
      0.60934489      1.77509367      4.98945372      0.63222817      0.60057270
      1.77864117      4.96550705      0.61030473      0.60235908      1.79272361
      5.00333332      0.60776482      0.59739738      1.77963038      5.01509856
      0.59913249      0.60705427      1.86937767      5.26611634      0.57497971
      0.52426514      1.78857933      4.99283531      0.62356437      0.60071147
      1.79777513      5.03174768      0.58645122      0.60084971      1.78270212
      5.03930207      0.59548303      0.56685618      1.79475983      5.04060415
      0.58281524      0.59468637      1.78314652      5.07134443      0.58136582
      0.58555429      1.79159721      5.02518944      0.58336449      0.61123710
      1.79516237      5.05017693      0.56967122      0.57961706      1.77624595
      4.96640065      0.60910922      0.61641670      1.79479577      4.99884326
      0.59019428      0.60980898      1.78830201      5.03237336      0.57737823
      0.59236749      1.80282089      4.95478037      0.61683159      0.60148962
      1.78462251      5.01168884      0.61324719      0.60575991      1.79844501
      5.08182941      0.57707214      0.59418486
