# STEP_NO SUBSYSTEMS FINAL_ITERATIONS STEP_SECONDS
0 343 54 15.566000
1 344 26 7.750000
2 344 24 7.111000
3 344 26 7.699000
4 344 26 7.654000
5 343 26 7.579000
6 343 24 7.110000
7 343 23 6.742000
8 342 20 5.940000
9 346 22 6.536000
10 343 26 7.774000
11 343 26 7.792000
12 344 24 7.055000
13 345 26 7.500000
14 348 25 7.228000
15 347 27 7.807000
16 347 39 11.134000
17 346 24 6.923000
18 346 23 6.597000
19 345 23 6.659000
20 345 25 7.154000
21 346 28 8.098000
22 346 26 7.570000
23 345 26 7.527000
24 338 30 8.692000
25 337 42 12.040000
26 338 25 7.403000
27 338 26 7.727000
28 337 24 7.137000
29 343 28 8.075000
30 345 25 7.281000
31 344 24 7.058000
32 344 22 6.498000
33 344 22 6.354000
34 344 22 6.395000
35 345 27 7.766000
36 343 25 7.217000
37 344 26 7.478000
38 345 20 5.781000
39 345 24 6.869000
40 343 30 8.583000
41 344 26 7.451000
42 343 19 5.490000
43 342 34 9.665000
44 342 22 6.370000
45 342 21 6.064000
46 343 21 6.032000
47 343 21 6.105000
48 345 23 6.743000
49 345 21 6.137000
50 345 25 7.310000
51 344 20 5.940000
52 343 22 6.427000
53 343 24 7.063000
54 347 22 6.458000
55 348 22 6.390000
56 348 22 6.375000
57 346 22 6.394000
58 347 25 7.217000
59 348 22 6.325000
60 348 21 6.054000
61 349 25 7.370000
62 349 23 6.690000
63 350 22 6.454000
64 346 22 6.439000
65 349 21 6.098000
66 348 21 6.154000
67 347 20 5.922000
68 351 21 6.105000
69 352 24 7.034000
70 345 22 6.520000
71 343 24 7.173000
72 343 15 4.517000
73 337 24 7.014000
74 339 22 6.362000
75 339 16 4.707000
76 340 21 6.177000
77 341 20 5.800000
78 340 20 5.905000
79 346 24 7.213000
80 344 23 6.805000
81 345 22 6.591000
82 344 18 5.420000
83 344 20 5.941000
84 348 16 4.847000
85 348 21 6.207000
86 348 19 5.602000
87 349 12 3.741000
88 349 17 5.098000
89 348 17 5.183000
90 346 17 5.085000
91 347 18 5.397000
92 347 15 4.486000
93 345 19 5.705000
94 343 19 5.784000
95 344 21 6.315000
96 344 20 5.987000
97 343 17 5.134000
98 343 19 5.846000
99 343 20 5.991000
100 343 19 5.752000
101 347 20 5.934000
102 347 18 5.339000
103 345 18 5.459000
104 345 17 5.026000
105 346 18 5.398000
106 346 18 5.399000
107 345 18 5.349000
108 345 19 5.659000
109 346 21 6.229000
110 344 22 6.539000
111 342 19 5.713000
112 342 17 5.122000
113 343 14 4.275000
114 343 21 6.228000
115 344 18 5.376000
116 344 18 5.388000
117 343 19 5.654000
118 343 18 5.463000
119 343 14 4.255000
120 343 15 4.475000
121 344 15 4.429000
122 342 16 4.753000
123 344 15 4.442000
124 343 16 4.786000
125 344 16 4.738000
126 344 17 5.147000
127 346 12 3.621000
128 345 17 5.089000
129 343 18 5.248000
130 342 18 5.283000
131 343 17 4.930000
132 343 18 5.345000
133 342 16 4.697000
134 343 10 3.087000
135 343 17 4.950000
136 343 17 5.031000
137 343 11 3.349000
138 343 19 5.576000
139 343 19 5.630000
140 343 17 5.029000
141 343 19 5.691000
142 344 10 3.066000
143 346 11 3.305000
144 345 20 5.871000
145 343 13 3.856000
146 343 17 5.026000
147 346 17 4.949000
148 346 20 5.794000
149 344 10 3.000000
150 344 20 5.809000
151 344 13 3.843000
152 344 13 3.887000
153 340 18 5.276000
154 341 18 5.363000
155 337 10 3.024000
156 342 20 5.856000
157 342 22 6.452000
158 341 20 5.818000
159 341 20 5.944000
160 349 20 5.750000
161 348 23 6.577000
162 349 19 5.520000
163 349 20 5.696000
164 348 15 4.400000
165 348 18 5.223000
166 349 16 4.614000
167 348 20 5.812000
168 348 19 5.449000
169 348 19 5.511000
170 348 17 4.867000
171 349 21 6.037000
172 348 20 5.768000
173 349 18 5.151000
174 350 15 4.410000
175 351 17 4.846000
176 349 20 5.773000
177 348 20 5.732000
178 342 10 3.058000
179 345 20 5.788000
180 346 21 6.161000
181 346 20 5.860000
182 346 20 5.789000
183 346 19 5.572000
184 347 22 6.203000
185 346 25 7.147000
186 348 21 6.004000
187 349 20 5.658000
188 350 22 6.333000
189 352 20 5.834000
190 351 18 5.182000
191 353 21 6.094000
192 351 21 6.004000
193 351 18 5.181000
194 351 20 5.759000
195 352 20 5.645000
196 351 20 5.755000
197 353 19 5.380000
198 353 20 5.694000
199 351 20 5.673000
200 353 23 6.474000
201 353 22 6.232000
202 355 19 5.445000
203 356 17 4.833000
204 354 19 5.466000
205 354 20 5.626000
206 352 20 5.675000
207 352 19 5.359000
208 351 18 5.107000
209 351 18 5.122000
210 350 19 5.366000
211 348 18 5.165000
212 348 20 5.578000
213 348 21 5.885000
214 352 22 6.086000
215 350 22 6.114000
216 345 21 5.953000
217 348 21 6.022000
218 347 22 6.202000
219 347 21 5.940000
220 348 20 5.696000
221 348 21 5.930000
222 347 21 6.006000
223 346 21 5.960000
224 346 22 6.240000
225 346 21 5.882000
226 352 20 5.748000
227 351 20 5.790000
228 348 20 5.728000
229 349 21 6.046000
230 348 23 6.504000
231 349 20 5.671000
232 352 20 5.768000
233 350 20 5.757000
234 348 20 5.804000
235 347 23 6.613000
236 346 24 6.917000
237 347 21 6.066000
238 348 21 6.063000
239 346 22 6.242000
240 346 22 6.276000
241 348 20 5.869000
242 350 18 5.280000
243 349 22 6.314000
244 349 23 6.665000
245 349 23 6.684000
246 349 18 5.212000
247 349 19 5.525000
248 349 19 5.431000
249 350 21 6.024000
250 350 20 5.786000
251 351 21 5.966000
252 349 21 6.067000
253 348 19 5.509000
254 349 16 4.658000
255 354 20 5.769000
256 353 21 5.964000
257 353 22 6.201000
258 351 20 5.671000
259 338 21 6.251000
260 337 22 6.555000
261 336 13 4.033000
262 337 19 5.787000
263 338 17 5.213000
264 338 18 5.470000
265 338 18 5.417000
266 338 18 5.475000
267 337 21 6.263000
268 334 20 6.067000
269 334 20 5.986000
270 332 19 5.705000
271 330 20 6.056000
272 335 18 5.473000
273 335 20 6.020000
274 333 19 5.793000
275 332 19 5.783000
276 333 19 5.821000
277 332 19 5.828000
278 334 20 5.988000
279 334 18 5.471000
280 337 19 5.720000
281 335 19 5.766000
282 335 18 5.556000
283 335 21 6.342000
284 336 19 5.779000
285 335 19 5.813000
286 337 20 6.105000
287 332 20 6.062000
288 331 18 5.557000
289 330 16 4.980000
290 329 15 4.637000
291 330 13 4.044000
292 332 18 5.537000
293 331 17 5.266000
294 335 20 6.034000
295 334 22 6.694000
296 333 22 6.740000
297 334 21 6.303000
298 338 18 5.469000
299 339 18 5.462000
300 339 21 6.363000
301 341 19 5.754000
302 339 19 5.743000
303 340 20 6.070000
304 340 20 6.021000
305 340 20 6.059000
306 340 20 6.052000
307 339 18 5.410000
308 339 19 5.770000
309 342 19 5.772000
310 342 16 4.900000
311 342 19 5.776000
312 342 17 5.183000
313 343 18 5.458000
314 342 18 5.430000
315 341 19 5.715000
316 343 18 5.483000
317 343 21 6.259000
318 344 19 5.740000
319 342 17 5.180000
320 346 16 4.849000
321 346 22 6.647000
322 345 19 5.734000
323 345 17 5.174000
324 344 21 6.165000
325 343 21 6.154000
326 348 21 6.079000
327 348 22 6.397000
328 347 19 5.515000
329 343 23 6.890000
330 339 23 6.593000
331 341 21 6.030000
332 342 19 5.481000
333 342 20 5.812000
334 340 20 5.711000
335 341 18 5.248000
336 342 15 4.478000
337 341 19 5.639000
338 346 18 5.357000
339 346 19 5.598000
340 346 16 4.827000
341 346 22 6.510000
342 345 23 6.886000
343 346 19 5.856000
344 346 13 4.060000
345 343 18 5.519000
346 349 20 5.885000
347 351 21 6.200000
348 351 19 5.625000
349 348 20 5.912000
350 348 14 4.269000
351 349 20 5.921000
352 348 21 6.091000
353 348 20 5.832000
354 349 17 4.952000
355 348 19 5.592000
356 345 20 5.850000
357 345 19 5.566000
358 346 19 5.602000
359 345 18 5.306000
360 345 20 5.904000
361 346 20 5.908000
362 348 10 3.073000
363 349 17 5.052000
364 343 20 5.927000
365 344 22 6.548000
366 346 19 5.728000
367 346 20 5.975000
368 343 20 6.011000
369 343 20 5.967000
370 342 12 3.743000
371 341 12 3.687000
372 341 18 5.551000
373 341 17 5.114000
374 341 12 3.738000
375 341 19 5.721000
376 340 19 5.749000
377 339 17 5.195000
378 340 18 5.419000
379 340 18 5.452000
380 342 17 5.345000
381 335 22 6.498000
382 337 19 5.621000
383 337 15 4.537000
384 337 20 5.859000
385 338 19 5.661000
386 340 19 5.713000
387 338 19 5.618000
388 336 22 6.509000
389 337 20 5.864000
390 336 20 5.858000
391 338 20 6.036000
392 334 21 6.200000
393 336 22 6.525000
394 334 21 6.322000
395 336 20 6.000000
396 337 11 3.450000
397 333 20 6.098000
398 330 17 5.181000
399 335 18 5.438000
400 335 19 5.674000
401 335 18 5.454000
402 334 17 5.229000
403 334 19 5.735000
404 333 11 3.458000
405 335 18 5.475000
406 334 18 5.486000
407 336 18 5.429000
408 337 21 6.315000
409 340 21 6.326000
410 342 16 4.882000
411 343 21 6.348000
412 343 16 4.870000
413 343 21 6.370000
414 344 21 6.362000
415 344 18 5.487000
416 344 12 3.870000
417 344 17 5.282000
418 342 16 4.864000
419 343 14 4.328000
420 343 16 4.879000
421 342 18 5.487000
422 343 19 5.690000
423 346 13 4.017000
424 344 9 2.833000
425 344 16 4.859000
426 345 17 5.119000
427 344 17 5.184000
428 339 20 5.980000
429 339 20 6.063000
430 338 17 5.134000
431 337 17 5.174000
432 338 20 6.049000
433 340 20 6.003000
434 342 21 6.335000
435 324 19 5.821000
436 324 19 5.722000
437 325 17 5.231000
438 324 16 4.893000
439 325 17 5.230000
440 325 11 3.477000
441 341 20 6.146000
442 343 20 6.039000
443 342 19 5.723000
444 341 19 5.808000
445 326 18 5.497000
446 324 13 4.082000
447 324 14 4.300000
448 325 15 4.705000
449 325 14 4.307000
450 324 16 4.946000
451 325 13 4.023000
452 322 14 4.327000
453 321 11 3.450000
454 321 16 4.931000
455 326 17 5.229000
456 324 17 5.235000
457 326 18 5.455000
458 324 16 4.934000
459 324 18 5.528000
460 324 16 4.965000
461 324 18 5.456000
462 325 11 3.495000
463 325 14 4.469000
464 324 12 3.768000
465 324 12 3.754000
466 323 18 5.491000
467 322 18 5.486000
468 321 20 5.981000
469 322 22 6.668000
470 323 20 6.007000
471 323 18 5.493000
472 333 16 4.938000
473 331 16 4.901000
474 326 20 6.118000
475 324 20 6.076000
476 323 19 5.899000
477 334 19 5.949000
478 332 21 6.454000
479 332 19 5.897000
480 332 15 4.678000
481 332 17 5.326000
482 344 19 5.831000
483 344 19 5.878000
484 344 19 5.840000
485 340 14 4.335000
486 340 17 5.252000
487 340 17 5.161000
488 341 16 4.949000
489 341 17 5.144000
490 339 15 4.635000
491 340 21 6.341000
492 340 20 6.044000
493 339 19 5.711000
494 339 19 5.679000
495 340 19 5.765000
496 339 19 5.748000
497 339 20 5.943000
498 341 20 5.968000
499 341 18 5.408000
500 344 18 5.398000
501 345 20 6.010000
502 344 21 6.224000
503 346 22 6.488000
504 345 21 6.260000
505 344 18 5.382000
506 344 17 5.169000
507 344 19 5.721000
508 341 12 3.730000
509 342 19 5.743000
510 339 12 3.674000
511 338 23 6.858000
512 339 21 6.210000
513 337 21 6.215000
514 340 18 5.436000
515 342 18 5.377000
516 345 19 5.734000
517 346 15 4.510000
518 343 18 5.469000
519 344 17 5.086000
520 344 18 5.467000
521 344 17 5.090000
522 344 20 5.998000
523 342 21 6.381000
524 343 19 5.708000
525 341 19 5.782000
526 341 19 5.797000
527 339 18 5.427000
528 340 19 5.771000
529 340 20 6.095000
530 340 19 5.804000
531 340 19 5.856000
532 340 10 3.165000
533 341 17 5.219000
534 340 16 4.876000
535 340 17 5.289000
536 343 17 5.182000
537 341 17 5.169000
538 342 18 5.401000
539 344 20 6.039000
540 344 18 5.415000
541 344 17 5.260000
542 344 15 4.564000
543 342 17 5.207000
544 341 20 6.040000
545 341 21 6.330000
546 337 15 4.825000
547 338 15 4.583000
548 338 21 6.403000
549 338 12 3.691000
550 338 18 5.462000
551 338 16 4.871000
552 337 23 6.823000
553 338 22 6.606000
554 340 20 6.074000
555 340 21 6.254000
556 338 19 5.716000
557 339 18 5.375000
558 340 22 6.616000
559 339 23 6.845000
560 338 21 6.285000
561 338 23 6.881000
562 339 23 6.906000
563 344 18 5.415000
564 344 16 4.818000
565 344 18 5.372000
566 345 18 5.350000
567 347 20 5.965000
568 346 18 5.426000
569 347 19 5.665000
570 347 21 6.297000
571 347 18 5.422000
572 347 18 5.483000
573 348 20 5.955000
574 346 23 6.787000
575 349 18 5.433000
576 348 19 5.662000
577 340 22 6.758000
578 340 22 6.804000
579 340 23 7.076000
580 338 23 6.969000
581 337 21 6.454000
582 338 20 6.149000
583 336 20 6.108000
584 337 18 5.591000
585 340 18 5.591000
586 340 22 6.713000
587 340 21 6.477000
588 340 20 6.153000
589 338 20 6.144000
590 335 21 6.481000
591 337 20 6.169000
592 334 21 6.284000
593 335 22 6.575000
594 335 23 6.884000
595 336 20 5.984000
596 335 19 5.800000
597 335 17 5.200000
598 335 20 6.043000
599 334 21 6.319000
600 335 20 6.024000
601 335 22 6.647000
602 335 20 6.098000
603 337 20 6.045000
604 337 19 5.921000
605 336 21 6.450000
606 335 20 6.034000
607 335 16 4.960000
608 335 10 3.168000
609 335 20 6.111000
610 336 20 6.030000
611 334 19 5.781000
612 333 20 6.107000
613 332 18 5.492000
614 333 20 6.102000
615 333 20 6.081000
616 325 20 6.129000
617 328 20 6.152000
618 327 15 4.610000
619 329 18 5.609000
620 330 14 4.366000
621 329 18 5.542000
622 329 18 5.601000
623 329 19 6.014000
624 329 16 4.903000
625 328 16 4.966000
626 329 14 4.345000
627 330 17 5.252000
628 330 16 4.934000
629 331 12 3.823000
630 338 18 5.504000
631 337 14 4.310000
632 336 11 3.423000
633 336 12 3.761000
634 336 15 4.540000
635 334 16 4.929000
636 331 16 4.827000
637 332 23 6.923000
638 333 19 5.711000
639 333 20 5.930000
640 333 20 5.994000
641 333 21 6.199000
642 333 20 5.891000
643 334 20 5.926000
644 333 20 5.916000
645 333 20 5.809000
646 334 18 5.253000
647 332 21 6.060000
648 333 21 6.115000
649 334 21 6.118000
650 336 18 5.210000
651 336 20 5.832000
652 334 21 6.092000
653 335 20 5.867000
654 336 20 5.826000
655 337 14 4.100000
656 337 17 4.937000
657 338 21 6.095000
658 339 20 5.888000
659 339 21 6.063000
660 337 20 5.847000
661 337 11 3.288000
662 338 19 5.572000
663 337 17 4.952000
664 337 21 6.058000
665 337 21 6.061000
666 332 20 5.844000
667 332 21 6.186000
668 331 20 5.973000
669 331 20 5.919000
670 331 18 5.390000
671 330 21 6.217000
672 331 21 6.196000
673 330 20 5.967000
674 330 20 5.927000
675 330 19 5.632000
676 331 20 5.977000
677 332 20 5.833000
678 332 12 3.643000
679 331 18 5.285000
680 328 19 5.688000
681 329 17 5.003000
682 326 20 5.994000
683 326 19 5.685000
684 328 21 6.174000
685 328 21 6.264000
686 328 21 6.264000
687 330 19 5.603000
688 330 20 5.946000
689 332 18 5.301000
690 332 18 5.341000
691 332 19 5.574000
692 332 19 5.600000
693 331 18 5.362000
694 332 19 5.585000
695 332 13 3.997000
696 333 18 5.291000
697 333 18 5.373000
698 335 18 5.347000
699 335 19 5.678000
700 336 20 5.973000
701 336 20 5.943000
702 336 18 5.318000
703 336 17 5.049000
704 336 19 5.611000
705 338 17 5.147000
706 338 18 5.280000
707 337 15 4.511000
708 337 16 4.721000
709 340 14 4.219000
710 340 18 5.266000
711 339 20 5.897000
712 337 19 5.559000
713 339 19 5.557000
714 337 19 5.574000
715 337 17 4.985000
716 337 19 5.547000
717 337 20 5.881000
718 336 17 4.994000
719 334 18 5.315000
720 334 18 5.222000
721 336 19 5.553000
722 336 20 5.855000
723 337 19 5.514000
724 337 20 5.829000
725 337 19 5.516000
726 337 10 3.066000
727 338 17 5.045000
728 340 21 6.175000
729 338 16 4.710000
730 337 19 5.599000
731 336 18 5.340000
732 335 17 4.997000
733 335 18 5.319000
734 337 16 4.740000
735 337 18 5.274000
736 337 19 5.642000
737 337 16 4.706000
738 337 19 5.580000
739 337 16 4.792000
740 347 18 5.336000
741 348 17 5.034000
742 346 18 5.329000
743 345 17 5.043000
744 346 17 5.050000
745 344 16 4.787000
746 344 11 3.323000
747 345 17 5.001000
748 345 17 4.992000
749 346 15 4.495000
750 345 17 5.029000
751 345 18 5.341000
752 345 17 5.026000
753 344 16 4.788000
754 346 15 4.485000
755 347 17 5.070000
756 344 16 4.790000
757 345 13 3.972000
758 345 22 6.412000
759 347 22 6.455000
760 346 20 5.863000
761 344 19 5.507000
762 345 19 5.528000
763 344 17 4.961000
764 342 17 5.029000
765 345 18 5.323000
766 344 17 4.967000
767 345 13 3.906000
768 345 17 4.974000
769 346 17 5.013000
770 347 18 5.243000
771 346 21 6.131000
772 346 22 6.388000
773 350 19 5.493000
774 349 20 5.871000
775 348 19 5.501000
776 348 17 5.068000
777 347 19 5.594000
778 344 20 5.815000
779 343 20 5.846000
780 343 19 5.486000
781 342 16 4.729000
782 342 21 6.095000
783 340 22 6.414000
784 339 20 5.837000
785 339 19 5.568000
786 342 18 5.333000
787 340 20 5.899000
788 340 20 5.871000
789 341 20 5.952000
790 343 19 5.807000
791 343 18 5.381000
792 341 21 6.199000
793 340 21 6.092000
794 340 19 5.593000
795 340 18 5.333000
796 342 20 5.807000
797 341 20 5.869000
798 342 18 5.274000
799 342 19 5.583000
800 342 19 5.560000
801 343 18 5.288000
802 342 20 5.844000
803 343 20 5.843000
804 342 19 5.617000
805 339 20 5.857000
806 344 19 5.653000
807 344 17 5.161000
808 344 18 5.360000
809 345 20 6.001000
810 344 20 5.955000
811 344 19 5.717000
812 346 20 5.998000
813 344 18 5.397000
814 344 21 6.266000
815 344 21 6.185000
816 343 18 5.281000
817 344 20 5.864000
818 344 15 4.471000
819 343 19 5.593000
820 342 17 5.029000
821 344 17 4.979000
822 346 17 5.011000
823 344 16 4.743000
824 343 18 5.408000
825 346 17 5.020000
826 344 16 4.824000
827 345 17 5.114000
828 345 16 4.819000
829 347 17 5.070000
830 346 13 3.961000
831 350 17 5.007000
832 348 13 3.935000
833 349 19 5.591000
834 346 19 5.640000
835 345 17 5.070000
836 343 17 5.077000
837 346 17 4.979000
838 346 16 4.764000
839 342 19 5.615000
840 342 21 6.220000
841 341 11 3.387000
842 338 21 6.087000
843 342 17 5.048000
844 342 19 5.649000
845 343 20 5.933000
846 340 12 3.650000
847 339 20 5.999000
848 345 20 5.984000
849 343 22 6.503000
850 342 18 5.421000
851 341 20 5.907000
852 339 18 5.352000
853 340 18 5.313000
854 339 18 5.306000
855 339 18 5.446000
856 340 18 5.349000
857 341 19 5.468000
858 341 9 2.795000
859 341 17 5.050000
860 342 20 5.894000
861 342 16 4.783000
862 341 16 4.759000
863 342 16 4.770000
864 343 18 5.385000
865 339 19 5.596000
866 339 18 5.416000
867 340 19 5.620000
868 339 18 5.416000
869 337 20 6.071000
870 335 20 5.850000
871 335 20 5.769000
872 336 19 5.522000
873 335 21 6.026000
874 338 18 5.165000
875 337 18 5.159000
876 337 20 5.722000
877 339 19 5.428000
878 339 18 5.262000
879 341 18 5.263000
880 341 20 5.867000
881 341 21 6.164000
882 341 19 5.603000
883 340 18 5.324000
884 338 20 5.841000
885 337 20 5.851000
886 337 19 5.712000
887 338 19 5.644000
888 338 20 5.872000
889 336 19 5.692000
890 327 21 6.058000
891 327 23 6.596000
892 327 20 5.813000
893 327 20 5.839000
894 329 20 5.797000
895 331 20 5.838000
896 331 23 6.597000
897 331 21 6.036000
898 331 20 5.846000
899 331 16 4.748000
900 330 15 4.447000
901 331 13 3.877000
902 332 14 4.188000
903 332 14 4.198000
904 331 10 3.107000
905 333 12 3.584000
906 335 16 4.760000
907 335 16 4.646000
908 336 11 3.339000
909 333 16 4.679000
910 333 17 5.015000
911 332 22 6.379000
912 332 21 6.168000
913 332 19 5.648000
914 331 20 5.862000
915 330 14 4.199000
916 331 14 4.155000
917 331 17 5.024000
918 330 15 4.478000
919 329 13 3.975000
920 331 13 3.869000
921 329 15 4.507000
922 331 13 3.848000
923 331 16 4.777000
924 332 13 3.870000
925 334 13 3.907000
926 333 16 4.732000
927 334 15 4.476000
928 334 14 4.162000
929 335 13 3.913000
930 336 16 4.739000
931 336 16 4.769000
932 335 15 4.481000
933 334 18 5.376000
934 335 16 4.763000
935 335 17 5.094000
936 332 12 3.597000
937 332 18 5.460000
938 331 19 5.631000
939 334 18 5.343000
940 333 17 5.101000
941 334 17 5.035000
942 336 16 4.839000
943 336 12 3.611000
944 335 19 5.644000
945 335 18 5.387000
946 335 17 5.050000
947 335 17 5.106000
948 336 18 5.454000
949 336 16 4.761000
950 336 17 5.158000
951 336 18 5.495000
952 338 18 5.593000
953 338 12 3.670000
954 339 17 5.127000
955 338 16 4.868000
956 339 11 3.432000
957 339 12 3.680000
958 342 22 6.595000
959 341 21 6.274000
960 341 20 5.959000
961 343 19 5.736000
962 344 17 5.152000
963 344 18 5.381000
964 343 17 5.175000
965 342 18 5.432000
966 341 21 6.377000
967 341 14 4.334000
968 340 20 6.052000
969 343 18 5.450000
970 342 19 5.754000
971 341 19 5.759000
972 342 13 4.016000
973 341 16 4.861000
974 340 11 3.433000
975 340 12 3.732000
976 340 15 4.611000
977 340 22 6.564000
978 340 22 6.566000
979 341 21 6.224000
980 340 21 6.287000
981 340 21 6.266000
982 340 21 6.245000
983 340 23 6.865000
984 337 22 6.550000
985 337 19 5.697000
986 339 21 6.138000
987 339 21 6.226000
988 339 20 5.877000
989 340 22 6.391000
990 339 22 6.343000
991 343 21 6.150000
992 343 19 5.552000
993 343 21 6.127000
994 343 20 5.843000
995 343 22 6.393000
996 343 21 6.102000
997 343 21 6.152000
998 343 21 6.116000
999 344 21 6.183000
1000 343 21 6.211000
1001 342 20 5.921000
1002 342 21 6.232000
1003 338 20 6.027000
1004 339 20 6.057000
1005 342 21 6.267000
1006 342 17 5.153000
1007 343 20 5.989000
1008 342 19 5.689000
1009 341 20 6.043000
1010 345 22 6.613000
1011 345 15 4.572000
1012 343 21 6.389000
1013 345 20 6.032000
1014 345 20 6.032000
1015 345 19 5.780000
1016 345 19 5.723000
1017 346 17 5.235000
1018 346 22 6.647000
1019 346 22 6.619000
1020 345 19 5.704000
1021 344 20 6.032000
1022 343 22 6.577000
1023 345 23 6.868000
1024 346 21 6.283000
1025 346 20 6.025000
1026 344 20 6.091000
1027 344 20 6.154000
1028 346 22 6.677000
1029 344 22 6.688000
1030 344 14 4.294000
1031 343 19 5.853000
1032 344 19 5.821000
1033 342 20 6.104000
1034 342 20 6.091000
1035 342 19 5.795000
1036 340 21 6.366000
1037 340 20 6.120000
1038 338 20 6.073000
1039 335 20 6.086000
1040 335 20 6.153000
1041 336 19 5.752000
1042 335 19 5.855000
1043 338 20 6.148000
1044 339 17 5.206000
1045 335 19 5.951000
1046 334 21 6.509000
1047 335 17 5.215000
1048 335 19 5.931000
1049 336 19 5.870000
1050 336 18 5.538000
1051 336 18 5.600000
1052 337 21 6.457000
1053 337 18 5.526000
1054 333 22 6.649000
1055 334 22 6.667000
1056 333 22 6.663000
1057 333 23 6.857000
1058 334 19 5.811000
1059 333 20 6.059000
1060 331 21 6.390000
1061 331 20 6.061000
1062 328 19 5.783000
1063 330 17 5.197000
1064 329 18 5.475000
1065 328 13 4.004000
1066 328 15 4.631000
1067 330 21 6.330000
1068 331 12 3.786000
1069 329 19 5.751000
1070 327 19 5.791000
1071 327 18 5.553000
1072 327 11 3.473000
1073 327 14 4.345000
1074 328 19 5.771000
1075 328 19 5.767000
1076 330 17 5.162000
1077 330 18 5.515000
1078 330 16 4.870000
1079 330 17 5.275000
1080 332 15 4.613000
1081 331 16 4.897000
1082 334 16 4.896000
1083 334 16 4.877000
1084 332 18 5.494000
1085 333 15 4.572000
1086 331 19 5.831000
1087 329 12 3.733000
1088 327 19 5.815000
1089 327 17 5.098000
1090 327 19 5.748000
1091 328 11 3.516000
1092 327 21 6.384000
1093 328 22 6.669000
1094 327 12 3.726000
1095 327 21 6.333000
1096 327 18 5.456000
1097 328 19 5.802000
1098 328 18 5.529000
1099 329 20 6.200000
1100 329 20 6.058000
1101 328 19 6.004000
1102 331 16 4.924000
1103 333 15 4.653000
1104 332 19 5.730000
1105 332 19 5.787000
1106 331 17 5.209000
1107 331 19 5.774000
1108 332 19 5.915000
1109 331 17 5.277000
1110 332 19 5.921000
1111 334 19 5.892000
1112 333 20 6.188000
1113 332 19 5.951000
1114 331 20 6.213000
1115 330 18 5.556000
1116 329 19 5.780000
1117 327 21 6.375000
1118 327 19 5.811000
1119 329 19 5.838000
1120 330 19 5.847000
1121 332 19 5.826000
1122 332 20 6.107000
1123 335 20 6.042000
1124 335 17 5.214000
1125 335 20 6.061000
1126 333 20 6.004000
1127 334 21 6.350000
1128 333 19 5.793000
1129 332 19 5.689000
1130 334 13 4.057000
1131 335 20 5.987000
1132 338 19 5.809000
1133 338 18 5.532000
1134 339 20 6.060000
1135 337 16 4.972000
1136 338 11 3.457000
1137 339 21 6.483000
1138 338 20 6.185000
1139 336 19 5.815000
1140 334 20 6.184000
1141 332 20 6.165000
1142 334 21 6.396000
1143 335 18 5.545000
1144 337 21 6.288000
1145 336 22 6.483000
1146 329 20 6.073000
1147 329 20 6.095000
1148 329 21 6.308000
1149 328 10 3.157000
1150 329 17 5.093000
1151 329 18 5.456000
1152 330 18 5.409000
1153 330 22 6.656000
1154 330 18 5.491000
1155 330 17 5.163000
1156 334 17 5.197000
1157 337 22 6.630000
1158 338 20 6.029000
1159 336 19 5.755000
1160 336 18 5.507000
1161 337 16 4.877000
1162 335 13 4.025000
1163 337 17 5.117000
1164 339 21 6.309000
1165 339 22 6.450000
1166 339 20 5.948000
1167 340 17 5.198000
1168 338 19 5.739000
1169 340 19 5.767000
1170 337 20 6.009000
1171 337 20 5.984000
1172 334 21 6.274000
1173 336 17 5.177000
1174 336 18 5.435000
1175 336 15 4.645000
1176 336 18 5.468000
1177 336 18 5.501000
1178 339 19 5.807000
1179 339 18 5.742000
1180 340 13 4.103000
1181 340 17 5.305000
1182 339 17 5.212000
1183 350 21 6.374000
1184 350 22 6.682000
1185 350 18 5.506000
1186 351 19 5.747000
1187 349 19 5.861000
1188 347 18 5.480000
1189 346 19 5.842000
1190 347 12 3.774000
1191 347 19 5.856000
1192 345 17 5.277000
1193 344 22 6.705000
1194 345 22 6.714000
1195 346 18 5.565000
1196 344 17 5.201000
1197 347 20 6.107000
1198 346 22 6.639000
1199 347 19 5.764000
1200 348 19 5.781000
1201 346 19 5.738000
1202 346 21 6.322000
1203 348 20 6.097000
1204 347 19 5.779000
1205 347 21 6.392000
1206 345 23 7.011000
1207 346 21 6.408000
1208 345 19 5.816000
1209 343 21 6.506000
1210 341 23 6.983000
1211 338 15 4.658000
1212 337 19 5.939000
1213 337 19 5.815000
1214 337 12 3.846000
1215 339 21 6.433000
1216 338 22 6.757000
1217 336 16 5.028000
1218 335 14 4.403000
1219 334 15 4.808000
1220 337 14 4.409000
1221 340 19 6.003000
1222 339 21 6.545000
1223 340 19 5.912000
1224 338 18 5.603000
1225 331 20 6.154000
1226 331 21 6.402000
1227 335 20 6.137000
1228 335 20 6.040000
1229 335 20 6.009000
1230 336 18 5.480000
1231 335 18 5.462000
1232 334 12 3.740000
1233 334 17 5.283000
1234 334 16 4.974000
1235 339 17 5.251000
1236 338 18 5.536000
1237 337 16 4.916000
1238 335 17 5.160000
1239 337 17 5.178000
1240 339 16 4.827000
1241 341 17 5.185000
1242 341 13 3.976000
1243 341 17 5.178000
1244 340 17 5.133000
1245 340 16 4.880000
1246 339 16 4.802000
1247 338 18 5.432000
1248 338 14 4.279000
1249 338 15 4.580000
1250 339 17 5.209000
1251 340 18 5.470000
1252 340 17 5.098000
1253 340 20 6.053000
1254 340 17 5.104000
1255 338 15 4.678000
1256 338 14 4.437000
1257 338 17 5.134000
1258 338 16 4.930000
1259 335 15 4.540000
1260 338 18 5.459000
1261 338 17 5.075000
1262 337 19 5.777000
1263 338 14 4.312000
1264 337 20 6.127000
1265 338 19 5.803000
1266 339 21 6.392000
1267 339 21 6.417000
1268 339 12 3.799000
1269 341 19 5.905000
1270 342 19 5.880000
1271 342 19 5.814000
1272 341 21 6.547000
1273 343 21 6.510000
1274 341 19 5.890000
1275 341 20 6.221000
1276 340 20 6.205000
1277 341 21 6.352000
1278 337 22 6.672000
1279 337 17 5.259000
1280 338 16 4.860000
1281 341 18 5.522000
1282 341 19 5.756000
1283 342 18 5.584000
1284 341 17 5.296000
1285 342 16 4.916000
1286 343 14 4.381000
1287 343 15 4.587000
1288 342 17 5.282000
1289 343 17 5.186000
1290 342 24 7.426000
1291 339 22 6.824000
1292 338 20 6.284000
1293 340 22 6.871000
1294 335 21 6.510000
1295 335 21 6.590000
1296 335 18 5.685000
1297 337 19 5.970000
1298 338 20 6.177000
1299 340 22 6.807000
1300 341 22 6.808000
1301 337 20 5.929000
1302 338 20 6.082000
1303 340 18 5.437000
1304 340 18 5.442000
1305 340 19 5.825000
1306 349 20 5.970000
1307 349 21 6.223000
1308 351 21 6.344000
1309 356 20 5.948000
1310 355 22 6.462000
1311 355 21 6.220000
1312 355 22 6.559000
1313 354 22 6.454000
1314 348 21 6.294000
1315 350 21 6.351000
1316 348 17 5.216000
1317 351 19 5.625000
1318 354 20 5.980000
1319 356 18 5.425000
1320 355 21 6.304000
1321 357 20 5.857000
1322 354 20 5.784000
1323 356 19 5.500000
1324 357 19 5.546000
1325 355 12 3.653000
1326 349 18 5.241000
1327 357 17 5.017000
1328 355 13 3.899000
1329 352 16 4.820000
1330 355 15 4.452000
1331 354 18 5.303000
1332 354 17 5.030000
1333 354 17 5.090000
1334 353 17 5.110000
1335 355 16 4.731000
1336 348 18 5.357000
1337 347 12 3.729000
1338 347 21 6.256000
1339 347 16 4.887000
1340 345 14 4.217000
1341 344 12 3.776000
1342 347 17 5.037000
1343 347 20 5.929000
1344 342 10 3.066000
1345 345 17 5.112000
1346 341 19 5.595000
1347 340 18 5.344000
1348 338 18 5.349000
1349 342 19 5.582000
1350 342 19 5.662000
1351 341 18 5.283000
1352 341 10 3.193000
1353 340 20 6.007000
1354 340 19 5.628000
1355 339 17 5.094000
1356 339 20 5.905000
1357 339 21 6.211000
1358 338 19 5.629000
1359 335 19 5.651000
1360 337 15 4.491000
1361 336 18 5.430000
1362 336 19 5.631000
1363 336 20 6.032000
1364 340 21 6.309000
1365 341 21 6.325000
1366 342 20 6.057000
1367 342 21 6.414000
1368 342 20 6.117000
1369 342 21 6.328000
1370 342 24 7.313000
1371 344 22 6.648000
1372 346 22 6.708000
1373 347 21 6.348000
1374 345 22 6.720000
1375 347 19 5.811000
1376 348 21 6.274000
1377 350 22 6.943000
1378 350 21 6.484000
1379 349 21 6.419000
1380 347 21 6.351000
1381 347 22 6.747000
1382 349 21 6.483000
1383 348 20 6.094000
1384 346 20 6.042000
1385 346 20 6.100000
1386 344 20 6.226000
1387 348 20 6.164000
1388 347 20 6.307000
1389 347 22 6.819000
1390 348 21 6.462000
1391 349 20 6.245000
1392 350 21 6.473000
1393 348 19 5.815000
1394 348 19 5.917000
1395 347 20 6.251000
1396 347 20 6.234000
1397 347 20 6.064000
1398 347 19 5.911000
1399 350 20 6.121000
1400 351 10 3.189000
1401 352 18 5.622000
1402 351 20 6.098000
1403 350 20 6.075000
1404 350 20 6.228000
1405 348 20 6.098000
1406 347 10 3.290000
1407 348 18 5.522000
1408 347 18 5.654000
1409 349 18 5.662000
1410 351 19 5.883000
1411 349 17 5.286000
1412 351 16 5.042000
1413 352 17 5.330000
1414 350 17 5.284000
1415 349 18 5.658000
1416 348 17 5.345000
1417 349 18 5.525000
1418 349 18 5.541000
1419 350 17 5.185000
1420 349 18 5.594000
1421 348 17 5.287000
1422 347 16 5.000000
1423 346 14 4.494000
1424 349 14 4.337000
1425 348 16 5.037000
1426 343 19 5.868000
1427 343 18 5.597000
1428 344 18 5.566000
1429 343 17 5.236000
1430 349 16 5.085000
1431 349 17 5.203000
1432 349 17 5.251000
1433 349 17 5.231000
1434 349 15 4.683000
1435 348 18 5.475000
1436 347 20 5.990000
1437 344 21 6.487000
1438 343 21 6.440000
1439 341 13 4.096000
1440 341 15 4.656000
1441 339 19 5.953000
1442 339 19 5.823000
1443 342 18 5.645000
1444 336 12 3.682000
1445 339 22 6.696000
1446 341 21 6.448000
1447 339 20 6.075000
1448 338 20 6.122000
1449 338 19 5.833000
1450 337 18 5.543000
1451 338 19 5.832000
1452 339 14 4.409000
1453 339 20 6.034000
1454 339 17 5.212000
1455 342 18 5.615000
1456 343 18 5.509000
1457 342 18 5.529000
1458 343 12 3.733000
1459 342 19 5.930000
1460 343 19 5.826000
1461 343 17 5.127000
1462 344 21 6.376000
1463 344 20 6.063000
1464 343 19 5.875000
1465 347 21 6.326000
1466 353 20 6.133000
1467 350 21 6.568000
1468 350 20 6.248000
1469 347 21 6.456000
1470 348 20 6.112000
1471 356 12 3.789000
1472 356 21 6.303000
1473 356 13 4.091000
1474 356 18 5.425000
1475 354 18 5.513000
1476 354 18 5.526000
1477 354 18 5.427000
1478 354 18 5.592000
1479 353 19 5.719000
1480 354 21 6.562000
1481 355 21 6.482000
1482 354 21 6.335000
1483 353 21 6.521000
1484 353 19 5.808000
1485 352 19 5.845000
1486 353 19 5.793000
1487 353 19 5.738000
1488 342 21 6.427000
1489 341 21 6.304000
1490 343 18 5.403000
1491 344 18 5.440000
1492 343 19 5.705000
1493 346 16 4.923000
1494 347 20 6.039000
1495 342 13 3.994000
1496 342 20 6.092000
1497 341 10 3.156000
1498 341 18 5.500000
1499 343 18 5.493000
1500 344 17 5.197000
1501 345 18 5.624000
1502 348 13 4.067000
1503 347 17 5.132000
1504 349 20 6.106000
1505 347 21 6.462000
1506 348 11 3.471000
1507 349 14 4.462000
1508 349 22 6.751000
1509 348 22 6.730000
1510 348 19 5.912000
1511 350 15 4.691000
1512 350 14 4.365000
1513 350 16 5.034000
1514 349 19 5.798000
1515 350 16 4.974000
1516 342 19 5.811000
1517 344 14 4.325000
1518 344 17 5.214000
1519 344 18 5.518000
1520 345 11 3.506000
1521 348 16 5.285000
1522 347 11 3.562000
1523 346 14 4.489000
1524 347 17 5.248000
1525 346 18 5.573000
1526 346 18 5.631000
1527 342 19 5.988000
1528 344 19 5.993000
1529 344 19 5.961000
1530 345 21 6.655000
1531 345 20 6.287000
1532 344 21 6.594000
1533 347 19 5.883000
1534 345 18 5.637000
1535 342 21 6.544000
1536 344 21 6.492000
1537 342 20 6.176000
1538 341 21 6.421000
1539 342 17 5.283000
1540 340 19 5.846000
1541 341 19 5.905000
1542 340 21 6.505000
1543 338 18 5.614000
1544 338 18 5.578000
1545 338 17 5.223000
1546 340 20 6.106000
1547 341 22 6.860000
1548 342 21 6.447000
1549 343 19 5.943000
1550 342 19 5.897000
1551 343 19 5.838000
1552 342 21 6.660000
1553 343 21 6.417000
1554 344 21 6.469000
1555 344 20 6.248000
1556 342 20 6.176000
1557 340 23 7.032000
1558 340 18 5.646000
1559 344 22 6.758000
1560 344 22 6.785000
1561 343 20 6.128000
1562 343 19 5.996000
1563 344 20 6.115000
1564 345 21 6.508000
1565 344 19 5.816000
1566 344 21 6.386000
1567 345 21 6.446000
1568 345 21 6.351000
1569 345 20 6.136000
1570 345 19 5.840000
1571 344 20 6.143000
1572 344 20 6.172000
1573 344 22 6.826000
1574 344 23 7.050000
1575 344 22 6.641000
1576 343 19 5.809000
1577 343 19 5.850000
1578 343 22 6.733000
1579 342 23 7.122000
1580 341 19 5.852000
1581 340 18 5.615000
1582 340 13 4.094000
1583 341 21 6.453000
1584 343 19 5.874000
1585 344 18 5.540000
1586 342 19 5.912000
1587 340 19 5.861000
1588 338 22 6.661000
1589 337 18 5.540000
1590 338 20 6.089000
1591 339 19 5.696000
1592 337 18 5.519000
1593 336 19 5.751000
1594 336 18 5.489000
1595 337 21 6.442000
1596 337 20 6.020000
1597 338 18 5.455000
1598 340 18 5.585000
1599 340 16 4.921000
1600 342 21 6.478000
1601 340 16 4.899000
1602 340 20 6.088000
1603 340 13 4.072000
1604 341 19 5.731000
1605 339 21 6.316000
1606 342 23 6.884000
1607 346 14 4.333000
1608 346 19 5.818000
1609 345 20 6.029000
1610 345 18 5.585000
1611 344 18 5.484000
1612 342 19 5.764000
1613 343 21 6.375000
1614 345 20 6.122000
1615 345 17 5.202000
1616 345 19 5.796000
1617 344 20 6.215000
1618 343 19 5.769000
1619 342 20 6.108000
1620 340 19 6.022000
1621 341 18 5.527000
1622 343 17 5.342000
1623 345 10 3.214000
1624 345 18 5.608000
1625 345 18 5.631000
1626 343 18 5.491000
1627 343 16 4.994000
1628 342 16 4.959000
1629 344 19 5.838000
1630 341 19 5.756000
1631 338 19 5.728000
1632 342 18 5.445000
1633 356 19 5.673000
1634 353 17 5.120000
1635 354 20 5.922000
1636 353 18 5.312000
1637 353 18 5.417000
1638 351 18 5.318000
1639 351 19 5.691000
1640 350 19 5.727000
1641 350 20 5.991000
1642 350 21 6.265000
1643 351 19 5.694000
1644 350 18 5.424000
1645 349 20 6.054000
1646 345 20 6.086000
1647 343 19 5.762000
1648 346 18 5.557000
1649 346 20 6.075000
1650 345 19 5.786000
1651 344 13 4.090000
1652 344 20 6.004000
1653 341 17 5.293000
1654 342 22 6.756000
1655 342 21 6.325000
1656 345 20 6.104000
1657 345 19 5.771000
1658 345 20 6.019000
1659 345 20 6.109000
1660 343 24 7.073000
1661 343 22 6.509000
1662 341 22 6.466000
1663 341 21 6.220000
1664 340 22 6.462000
1665 339 20 5.944000
1666 341 20 5.966000
1667 342 16 4.877000
1668 341 23 6.848000
1669 343 19 5.764000
1670 344 20 6.003000
1671 344 11 3.485000
1672 342 22 6.639000
1673 340 22 6.713000
1674 343 20 6.171000
1675 343 18 5.506000
1676 341 13 4.061000
1677 340 20 6.150000
1678 341 21 6.384000
1679 342 18 5.609000
1680 342 21 6.478000
1681 343 21 6.365000
1682 343 15 4.756000
1683 344 21 6.503000
1684 344 21 6.482000
1685 345 19 5.833000
1686 345 21 6.420000
1687 345 22 6.751000
1688 346 21 6.496000
1689 349 20 6.096000
1690 349 20 6.204000
1691 349 18 5.605000
1692 348 20 6.129000
1693 347 19 5.883000
1694 347 21 6.462000
1695 347 11 3.656000
1696 347 22 6.821000
1697 345 21 6.445000
1698 344 19 5.878000
1699 348 21 6.364000
1700 346 22 6.621000
1701 346 21 6.388000
1702 346 19 5.799000
1703 346 19 5.801000
1704 346 18 5.504000
1705 346 19 5.772000
1706 344 18 5.450000
1707 345 20 6.134000
1708 343 19 5.822000
1709 343 20 6.024000
1710 341 18 5.492000
1711 344 19 5.779000
1712 345 19 5.731000
1713 343 18 5.502000
1714 343 19 5.738000
1715 343 21 6.384000
1716 344 21 6.389000
1717 343 15 4.589000
1718 342 20 6.048000
1719 343 19 5.705000
1720 343 17 5.099000
1721 344 19 5.666000
1722 343 13 3.892000
1723 343 16 4.762000
1724 342 18 5.277000
1725 342 16 4.748000
1726 343 20 5.917000
1727 344 20 5.881000
1728 340 20 5.821000
1729 343 17 4.975000
1730 341 16 4.754000
1731 342 16 4.757000
1732 342 22 6.567000
1733 343 20 6.008000
1734 344 22 6.547000
1735 344 21 6.250000
1736 347 19 5.658000
1737 341 20 5.970000
1738 339 19 5.618000
1739 342 18 5.297000
1740 341 23 6.745000
1741 341 24 7.001000
1742 340 21 6.108000
1743 347 21 6.287000
1744 348 19 5.760000
1745 348 21 6.319000
1746 350 18 5.479000
1747 351 12 3.692000
1748 349 17 5.228000
1749 350 18 5.540000
1750 348 19 5.800000
1751 348 17 5.259000
1752 347 19 5.834000
1753 346 18 5.602000
1754 352 17 5.147000
1755 353 19 5.726000
1756 346 16 4.914000
1757 346 21 6.329000
1758 342 12 3.794000
1759 347 20 6.160000
1760 347 21 6.340000
1761 347 20 6.137000
1762 348 19 5.898000
1763 349 18 5.501000
1764 351 18 5.539000
1765 350 19 5.819000
1766 349 18 5.511000
1767 347 19 5.809000
1768 346 21 6.349000
1769 344 21 6.419000
1770 344 19 5.788000
1771 344 21 6.422000
1772 346 19 5.818000
1773 345 20 6.041000
1774 342 19 5.899000
1775 342 20 6.186000
1776 342 20 6.075000
1777 342 20 6.067000
1778 342 20 6.165000
1779 343 20 6.044000
1780 342 19 5.867000
1781 356 21 6.072000
1782 351 20 5.820000
1783 351 18 5.286000
1784 353 18 5.321000
1785 351 16 4.701000
1786 350 15 4.445000
1787 352 15 4.375000
1788 353 11 3.278000
1789 351 18 5.243000
1790 350 15 4.373000
1791 350 17 4.992000
1792 352 19 5.556000
1793 353 12 3.563000
1794 351 19 5.524000
1795 348 18 5.245000
1796 347 15 4.456000
1797 346 20 5.765000
1798 344 18 5.347000
1799 345 17 5.058000
1800 345 19 5.658000
1801 354 21 6.116000
1802 353 21 6.208000
1803 354 23 6.721000
1804 354 20 5.796000
1805 355 21 6.068000
1806 355 20 5.775000
1807 352 17 5.006000
1808 353 21 6.084000
1809 355 19 5.608000
1810 354 17 5.002000
1811 351 21 6.388000
1812 351 24 7.289000
1813 351 22 6.710000
1814 353 21 6.470000
1815 353 21 6.489000
1816 352 22 6.762000
1817 352 21 6.453000
1818 352 21 6.449000
1819 352 21 6.450000
1820 351 15 4.696000
1821 351 21 6.421000
1822 351 19 5.881000
1823 351 17 5.231000
1824 354 21 6.414000
1825 354 22 6.703000
1826 353 19 5.806000
1827 353 20 6.062000
1828 352 21 6.396000
1829 353 21 6.374000
1830 355 21 6.363000
1831 353 19 5.794000
1832 350 18 5.481000
1833 352 18 5.513000
1834 351 18 5.510000
1835 351 16 4.886000
1836 355 17 5.175000
1837 353 19 5.745000
1838 355 18 5.433000
1839 353 19 5.780000
1840 352 18 5.480000
1841 351 12 3.697000
1842 351 10 3.210000
1843 351 18 5.518000
1844 352 19 5.752000
1845 350 18 5.444000
1846 347 18 5.501000
1847 347 12 3.788000
1848 346 17 5.224000
1849 349 17 5.220000
1850 349 17 5.168000
1851 351 17 5.259000
1852 343 17 5.273000
1853 342 18 5.463000
1854 342 16 4.900000
1855 342 18 5.442000
1856 342 19 5.748000
1857 342 18 5.466000
1858 341 20 5.963000
1859 339 21 6.384000
1860 335 22 6.610000
1861 334 22 6.556000
1862 334 22 6.619000
1863 333 21 6.315000
1864 331 20 5.992000
1865 333 19 5.725000
1866 333 21 6.289000
1867 332 22 6.506000
1868 331 22 6.565000
1869 332 25 7.445000
1870 331 24 7.144000
1871 331 23 6.898000
1872 331 23 6.873000
1873 333 23 6.867000
1874 332 22 6.587000
1875 328 20 6.037000
1876 328 23 6.904000
1877 328 21 6.336000
1878 329 22 6.618000
1879 328 21 6.287000
1880 328 23 6.836000
1881 328 22 6.655000
1882 327 20 5.986000
1883 327 20 6.067000
1884 332 21 6.376000
1885 334 21 6.271000
1886 334 20 6.065000
1887 334 21 6.350000
1888 332 21 6.325000
1889 332 21 6.346000
1890 333 18 5.482000
1891 331 18 5.380000
1892 327 19 5.729000
1893 328 20 6.004000
1894 327 18 5.392000
1895 329 17 5.147000
1896 330 11 3.387000
1897 330 18 5.389000
1898 329 18 5.395000
1899 330 19 5.724000
1900 330 19 5.784000
1901 330 17 5.123000
1902 329 19 5.693000
1903 329 19 5.661000
1904 327 20 5.832000
1905 326 20 5.859000
1906 327 20 5.894000
1907 327 20 5.891000
1908 329 20 5.863000
1909 329 20 5.894000
1910 328 20 5.876000
1911 330 19 5.630000
1912 328 19 5.684000
1913 328 19 5.661000
1914 328 22 6.483000
1915 327 20 5.946000
1916 329 19 5.680000
1917 327 19 5.746000
1918 329 18 5.368000
1919 328 19 5.603000
1920 327 19 5.630000
1921 329 21 6.313000
1922 326 21 6.273000
1923 324 21 6.242000
1924 324 23 6.950000
1925 324 22 6.582000
1926 321 22 6.613000
1927 322 20 6.070000
1928 322 21 6.336000
1929 332 18 5.317000
1930 334 21 6.102000
1931 334 20 5.855000
1932 334 18 5.266000
1933 332 21 6.119000
1934 331 21 6.133000
1935 332 20 5.873000
1936 333 20 5.905000
1937 333 19 5.608000
1938 333 20 5.934000
1939 334 20 5.949000
1940 336 21 6.161000
1941 335 22 6.490000
1942 330 20 5.906000
1943 329 20 5.930000
1944 327 19 5.622000
1945 326 20 5.865000
1946 327 14 4.282000
1947 329 20 5.948000
1948 330 20 5.984000
1949 330 18 5.285000
1950 329 18 5.424000
1951 329 20 5.986000
1952 328 18 5.346000
1953 329 18 5.337000
1954 331 17 5.064000
1955 331 19 5.608000
1956 332 20 5.793000
1957 332 16 4.755000
1958 332 22 6.411000
1959 333 24 7.005000
1960 334 19 5.614000
1961 334 21 6.121000
1962 333 20 5.921000
1963 332 20 5.851000
1964 332 19 5.588000
1965 331 20 5.879000
1966 334 21 6.159000
1967 335 20 5.774000
1968 335 21 5.978000
1969 332 20 5.830000
1970 332 19 5.539000
1971 332 20 5.866000
1972 333 21 6.086000
1973 333 19 5.530000
1974 333 19 5.618000
1975 333 19 5.629000
1976 333 15 4.507000
1977 332 17 5.069000
1978 333 18 5.383000
1979 334 16 4.794000
1980 343 18 5.474000
1981 343 21 6.316000
1982 343 20 6.029000
1983 344 19 5.723000
1984 344 20 6.141000
1985 347 18 5.542000
1986 344 15 4.670000
1987 347 17 5.240000
1988 347 16 4.924000
1989 347 17 5.190000
1990 347 17 5.219000
1991 347 18 5.534000
1992 347 19 5.837000
1993 347 19 5.766000
1994 348 19 5.736000
1995 351 17 5.172000
1996 351 11 3.401000
1997 352 18 5.393000
1998 346 19 5.622000
1999 347 19 5.603000
2000 346 20 6.009000
2001 346 19 5.767000
2002 346 19 5.774000
2003 343 14 4.339000
2004 343 20 5.991000
2005 343 20 5.918000
2006 345 18 5.431000
2007 344 18 5.357000
2008 344 18 5.362000
2009 344 18 5.313000
2010 343 20 5.908000
2011 344 18 5.310000
2012 343 18 5.386000
2013 344 12 3.696000
2014 343 19 5.615000
2015 339 18 5.373000
2016 338 16 4.780000
2017 339 11 3.386000
2018 341 16 4.863000
2019 344 21 6.472000
2020 336 20 6.136000
2021 337 18 5.474000
2022 338 12 3.713000
2023 338 17 5.140000
2024 339 18 5.386000
2025 341 16 4.704000
2026 342 18 5.307000
2027 341 19 5.543000
2028 341 18 5.388000
2029 343 19 5.688000
2030 344 20 5.971000
2031 344 20 5.954000
2032 343 20 6.002000
2033 344 19 5.698000
2034 343 20 6.024000
2035 341 21 6.301000
2036 342 20 6.096000
2037 343 21 6.352000
2038 343 20 6.056000
2039 342 19 5.829000
2040 341 19 5.793000
2041 342 20 6.055000
2042 340 19 5.773000
2043 343 22 6.610000
2044 342 23 6.947000
2045 342 21 6.329000
2046 343 23 6.885000
2047 340 20 6.050000
2048 339 19 5.731000
2049 340 19 5.827000
2050 338 19 5.822000
2051 340 19 5.784000
2052 338 17 5.207000
2053 339 21 6.338000
2054 342 21 6.371000
2055 342 18 5.488000
2056 342 11 3.453000
2057 339 16 4.891000
2058 341 19 5.785000
2059 341 19 5.784000
2060 339 20 6.046000
2061 339 20 6.078000
2062 337 17 5.114000
2063 338 18 5.433000
2064 339 18 5.387000
2065 338 14 4.343000
2066 338 21 6.358000
2067 338 20 6.111000
2068 337 17 5.169000
2069 336 19 5.771000
2070 335 17 5.169000
2071 336 18 5.474000
2072 335 18 5.517000
2073 335 20 6.100000
2074 335 20 6.092000
2075 337 19 5.753000
2076 338 19 5.820000
2077 338 18 5.451000
2078 338 21 6.291000
2079 339 20 6.012000
2080 337 19 5.814000
2081 337 13 4.039000
2082 337 20 6.058000
2083 340 17 5.247000
2084 340 15 4.678000
2085 338 20 6.197000
2086 338 21 6.451000
2087 338 21 6.492000
2088 338 20 6.129000
2089 337 20 6.130000
2090 334 19 5.965000
2091 336 22 6.865000
2092 334 20 6.252000
2093 337 20 6.294000
2094 336 21 6.547000
2095 335 20 6.289000
2096 334 20 6.207000
2097 333 22 6.906000
2098 333 21 6.577000
2099 334 22 6.885000
2100 333 21 6.566000
2101 332 20 6.294000
2102 330 20 6.229000
2103 330 22 6.813000
2104 331 18 5.636000
2105 329 18 5.641000
2106 332 20 6.205000
2107 329 18 5.624000
2108 328 17 5.347000
2109 331 16 5.042000
2110 330 17 5.294000
2111 331 18 5.609000
2112 332 12 3.852000
2113 333 16 5.028000
2114 332 19 5.902000
2115 334 17 5.315000
2116 332 17 5.313000
2117 331 19 5.863000
2118 329 17 5.287000
2119 328 20 6.220000
2120 332 15 4.756000
2121 332 20 6.219000
2122 332 20 6.193000
2123 332 20 6.255000
2124 333 11 3.574000
2125 334 19 5.953000
2126 334 18 5.635000
2127 331 17 5.283000
2128 332 19 5.960000
2129 332 19 5.921000
2130 333 21 6.558000
2131 333 20 6.251000
2132 336 20 6.203000
2133 335 20 6.180000
2134 335 19 5.890000
2135 334 11 3.543000
2136 334 20 6.190000
2137 333 21 6.542000
2138 333 19 5.915000
2139 337 20 6.199000
2140 332 20 6.264000
2141 331 19 5.984000
2142 330 11 3.591000
2143 330 20 6.209000
2144 330 19 5.941000
2145 330 19 5.871000
2146 329 20 6.212000
2147 327 19 5.864000
2148 327 20 6.155000
2149 326 20 6.211000
2150 328 18 5.515000
2151 329 19 5.931000
2152 329 17 5.313000
2153 328 19 5.895000
2154 327 17 5.283000
2155 328 18 5.591000
2156 328 17 5.364000
2157 329 18 5.635000
2158 329 16 5.007000
2159 331 14 4.443000
2160 330 18 5.644000
2161 339 20 6.166000
2162 338 23 7.043000
2163 348 18 5.467000
2164 349 21 6.291000
2165 351 20 6.000000
2166 350 19 5.744000
2167 351 18 5.440000
2168 351 16 4.845000
2169 353 19 5.801000
2170 352 20 6.120000
2171 350 19 5.856000
2172 350 18 5.491000
2173 348 16 5.027000
2174 347 13 4.132000
2175 349 20 6.291000
2176 351 18 5.645000
2177 350 18 5.634000
2178 352 19 5.913000
2179 351 18 5.598000
2180 339 17 5.466000
2181 338 15 4.788000
2182 339 15 4.801000
2183 340 17 5.410000
2184 338 19 5.982000
2185 341 17 5.350000
2186 341 17 5.396000
2187 341 18 5.673000
2188 339 19 6.016000
2189 336 19 5.979000
2190 337 19 5.937000
2191 337 19 5.921000
2192 338 12 3.825000
2193 339 16 5.016000
2194 339 15 4.745000
2195 339 17 5.278000
2196 339 17 5.320000
2197 338 18 5.604000
2198 339 22 6.820000
2199 339 21 6.477000
2200 339 20 6.218000
2201 339 19 5.847000
2202 340 19 5.815000
2203 341 17 5.311000
2204 342 16 5.044000
2205 342 17 5.312000
2206 340 17 5.313000
2207 339 15 4.816000
2208 338 15 4.736000
2209 337 14 4.442000
2210 339 17 5.293000
2211 338 14 4.436000
2212 341 15 4.767000
2213 342 20 6.273000
2214 341 21 6.476000
2215 339 21 6.546000
2216 339 19 5.932000
2217 338 15 4.726000
2218 339 18 5.604000
2219 341 19 5.923000
2220 342 19 5.969000
2221 342 20 6.243000
2222 338 18 5.698000
2223 338 18 5.630000
2224 338 18 5.686000
2225 339 20 6.234000
2226 340 19 5.892000
2227 339 20 6.269000
2228 342 22 6.715000
2229 341 22 6.715000
2230 340 20 6.212000
2231 339 18 5.568000
2232 350 20 6.256000
2233 348 20 6.120000
2234 346 19 5.899000
2235 347 16 5.107000
2236 348 18 5.729000
2237 346 19 5.962000
2238 346 19 6.046000
2239 347 19 5.984000
2240 350 22 6.779000
2241 350 23 6.981000
2242 350 21 6.405000
2243 350 21 6.443000
2244 352 19 5.799000
2245 353 16 4.927000
2246 354 19 5.816000
2247 346 22 6.813000
2248 351 21 6.428000
2249 351 19 5.871000
2250 351 20 6.108000
2251 353 20 6.261000
2252 355 22 6.750000
2253 353 22 6.768000
2254 349 18 5.660000
2255 350 19 5.857000
2256 351 18 5.597000
2257 350 19 5.875000
2258 351 19 5.848000
2259 354 20 6.233000
2260 354 20 6.190000
2261 352 17 5.353000
2262 354 17 5.326000
2263 353 16 5.028000
2264 351 19 5.900000
2265 352 21 6.410000
2266 351 18 5.552000
2267 352 19 5.808000
2268 352 20 6.065000
2269 352 20 6.078000
2270 352 19 5.791000
2271 354 17 5.182000
2272 354 17 5.318000
2273 354 11 3.529000
2274 358 22 6.819000
2275 358 23 7.042000
2276 358 19 5.861000
2277 358 19 5.877000
2278 356 22 6.785000
2279 356 24 7.409000
2280 356 19 5.870000
2281 356 20 6.166000
2282 352 21 6.442000
2283 354 21 6.480000
2284 353 21 6.508000
2285 353 19 5.893000
2286 354 18 5.610000
2287 353 17 5.305000
2288 355 20 6.277000
2289 353 17 5.320000
2290 353 19 5.913000
2291 355 20 6.411000
2292 353 19 5.987000
2293 354 20 6.327000
2294 354 19 5.978000
2295 356 20 6.270000
2296 356 20 6.277000
2297 356 17 5.412000
2298 351 18 5.652000
2299 351 18 5.656000
2300 359 21 6.345000
2301 348 22 6.709000
2302 347 22 6.744000
2303 347 21 6.543000
2304 348 21 6.524000
2305 346 21 6.534000
2306 346 21 6.448000
2307 346 15 4.640000
2308 348 22 6.737000
2309 344 21 6.463000
2310 345 20 6.187000
2311 344 19 5.916000
2312 345 22 6.799000
2313 345 21 6.433000
2314 344 18 5.616000
2315 347 17 5.349000
2316 346 17 5.461000
2317 347 18 5.657000
2318 344 16 5.181000
2319 344 19 6.029000
2320 346 19 6.030000
2321 344 19 5.951000
2322 343 22 6.776000
2323 343 21 6.521000
2324 342 20 6.202000
2325 342 21 6.552000
2326 343 22 6.857000
2327 348 21 6.657000
2328 349 25 7.793000
2329 348 22 6.932000
2330 346 23 7.411000
2331 344 22 7.116000
2332 345 20 6.395000
2333 344 21 6.764000
2334 344 21 6.719000
2335 347 20 6.449000
2336 345 21 6.769000
2337 347 21 6.714000
2338 349 21 6.715000
2339 348 19 6.092000
2340 348 20 6.349000
2341 347 21 6.611000
2342 347 20 6.385000
2343 345 20 6.325000
2344 343 21 6.728000
2345 345 18 5.747000
2346 345 17 5.433000
2347 343 10 3.309000
2348 347 19 6.117000
2349 346 20 6.440000
2350 346 20 6.418000
2351 347 17 5.490000
2352 347 11 3.641000
2353 347 18 5.752000
2354 346 18 5.756000
2355 349 18 5.825000
2356 351 17 5.463000
2357 346 18 5.759000
2358 347 20 6.357000
2359 348 19 6.051000
2360 348 16 5.114000
2361 347 18 5.689000
2362 347 16 5.125000
2363 348 18 5.683000
2364 348 19 6.075000
2365 347 21 6.610000
2366 347 24 7.511000
2367 346 23 7.220000
2368 347 22 6.956000
2369 346 13 4.231000
2370 343 20 6.374000
2371 344 21 6.659000
2372 343 21 6.699000
2373 344 22 6.855000
2374 348 19 5.970000
2375 348 19 5.969000
2376 348 19 5.954000
2377 331 24 7.523000
2378 341 22 7.065000
2379 340 23 7.380000
2380 339 23 7.362000
2381 339 23 7.329000
2382 338 20 6.450000
2383 337 20 6.493000
2384 340 22 7.057000
2385 339 20 6.421000
2386 339 22 7.065000
2387 334 23 7.433000
2388 337 19 6.169000
2389 337 19 6.132000
2390 338 20 6.454000
2391 327 18 6.035000
2392 328 17 5.759000
2393 343 22 6.822000
2394 342 21 6.522000
2395 340 21 6.557000
2396 338 20 6.258000
2397 339 20 6.279000
2398 340 18 5.673000
2399 340 20 6.269000
2400 341 18 5.666000
2401 340 14 4.478000
2402 337 18 5.729000
2403 338 12 3.944000
2404 338 14 4.477000
2405 339 12 3.916000
2406 338 11 3.578000
2407 338 14 4.435000
2408 332 23 7.508000
2409 332 21 6.885000
2410 333 21 6.901000
2411 332 19 6.287000
2412 330 21 6.898000
2413 330 19 6.335000
2414 332 12 4.136000
2415 331 20 6.702000
2416 330 17 5.696000
2417 331 19 6.233000
2418 332 18 6.026000
2419 331 11 3.796000
2420 331 16 5.392000
2421 330 19 6.333000
2422 338 21 6.491000
2423 337 22 6.737000
2424 337 18 5.538000
2425 336 16 5.053000
2426 334 14 4.403000
2427 335 16 4.997000
2428 334 15 4.679000
2429 336 15 4.701000
2430 336 14 4.406000
2431 336 10 3.206000
2432 336 20 6.104000
2433 336 20 6.096000
2434 332 20 6.179000
2435 331 18 5.646000
2436 332 18 5.605000
2437 332 20 6.137000
2438 334 20 6.155000
2439 330 18 5.619000
2440 330 20 6.157000
2441 330 20 6.239000
2442 330 21 6.459000
2443 335 20 6.211000
2444 335 20 6.198000
2445 343 22 6.930000
2446 343 23 7.177000
2447 343 20 6.289000
2448 342 21 6.562000
2449 335 21 6.487000
2450 335 22 6.819000
2451 334 21 6.584000
2452 334 20 6.261000
2453 334 20 6.309000
2454 334 21 6.548000
2455 336 20 6.244000
2456 331 20 6.327000
2457 328 23 7.208000
2458 333 22 7.008000
2459 335 23 7.185000
2460 336 22 6.888000
2461 327 22 6.960000
2462 328 20 6.413000
2463 329 20 6.348000
2464 329 19 6.031000
2465 329 19 6.077000
2466 328 19 6.152000
2467 328 20 6.498000
2468 329 16 5.208000
2469 330 18 5.769000
2470 330 16 5.105000
2471 328 18 5.690000
2472 337 20 6.258000
2473 338 22 6.904000
2474 338 18 5.726000
2475 337 19 6.021000
2476 336 19 5.939000
2477 341 17 5.468000
2478 346 20 6.402000
2479 342 22 7.036000
2480 346 21 6.685000
2481 333 19 6.073000
2482 336 18 5.879000
2483 337 18 5.890000
2484 337 19 6.195000
2485 333 16 5.220000
2486 333 18 5.832000
2487 332 18 5.834000
2488 333 11 3.688000
2489 335 16 5.252000
2490 337 19 6.154000
2491 338 20 6.450000
2492 339 20 6.483000
2493 342 12 4.050000
2494 343 22 7.230000
2495 341 10 3.406000
2496 340 20 6.525000
2497 342 20 6.588000
2498 340 20 6.586000
2499 339 20 6.516000
2500 339 19 6.250000
2501 338 19 6.263000
2502 338 18 5.919000
2503 338 19 6.282000
2504 338 16 5.327000
2505 338 17 5.585000
2506 338 16 5.313000
2507 336 20 6.538000
2508 333 18 5.985000
2509 337 17 5.561000
2510 339 18 5.870000
2511 341 16 5.221000
2512 341 15 5.004000
2513 342 18 5.886000
2514 343 19 6.217000
2515 339 18 5.972000
2516 340 18 5.862000
2517 340 19 6.121000
2518 339 17 5.562000
2519 338 17 5.545000
2520 339 20 6.480000
2521 343 19 6.348000
2522 341 17 5.746000
2523 341 19 6.443000
2524 339 17 5.628000
2525 338 14 4.735000
2526 340 17 5.696000
2527 340 12 4.088000
2528 340 19 6.282000
2529 340 20 6.598000
2530 339 21 6.899000
2531 338 21 6.841000
2532 338 21 6.982000
2533 338 18 5.880000
2534 337 18 5.938000
2535 337 21 6.919000
2536 339 12 4.112000
2537 335 21 6.851000
2538 334 20 6.481000
2539 334 19 6.327000
2540 335 20 6.478000
2541 335 20 6.748000
2542 335 20 6.706000
2543 334 13 4.324000
2544 337 24 7.753000
2545 335 19 6.155000
2546 336 22 7.120000
2547 336 19 6.151000
2548 334 21 6.959000
2549 335 21 7.020000
2550 335 20 6.507000
2551 333 19 6.254000
2552 334 19 6.323000
2553 334 19 6.276000
2554 337 18 5.843000
2555 338 18 5.814000
2556 338 17 5.505000
2557 336 21 6.819000
2558 329 23 7.405000
2559 329 12 4.006000
2560 332 20 6.630000
2561 331 19 6.344000
2562 330 15 4.994000
2563 329 18 5.952000
2564 328 17 5.657000
2565 328 14 4.680000
2566 330 13 4.354000
2567 330 12 4.010000
2568 329 14 4.631000
2569 328 17 5.550000
2570 327 15 5.000000
2571 325 18 5.894000
2572 326 21 6.785000
2573 325 19 6.309000
2574 325 20 6.628000
2575 325 21 6.961000
2576 326 19 6.312000
2577 327 19 6.295000
2578 327 18 5.982000
2579 327 18 5.976000
2580 330 18 6.098000
2581 326 20 6.693000
2582 330 21 7.018000
2583 329 21 7.037000
2584 328 21 7.108000
2585 327 21 6.995000
2586 327 22 7.375000
2587 327 22 7.343000
2588 327 22 7.318000
2589 326 21 6.949000
2590 325 21 7.116000
2591 325 21 7.000000
2592 325 23 7.723000
2593 326 22 7.384000
2594 326 23 7.686000
2595 325 23 7.783000
2596 324 18 6.067000
2597 324 18 6.005000
2598 324 16 5.392000
2599 326 16 5.381000
2600 326 16 5.374000
2601 326 17 5.612000
2602 328 12 4.032000
2603 329 17 5.637000
2604 329 13 4.371000
2605 327 10 3.415000
2606 326 15 4.956000
2607 329 18 5.925000
2608 327 15 4.979000
2609 327 15 4.927000
2610 327 13 4.306000
2611 327 17 5.593000
2612 324 15 4.972000
2613 324 14 4.634000
2614 324 13 4.328000
2615 324 12 3.988000
2616 326 12 3.975000
2617 326 12 3.949000
2618 326 17 5.458000
2619 326 16 5.142000
2620 326 18 5.758000
2621 324 17 5.503000
2622 325 17 5.465000
2623 325 16 5.191000
2624 325 11 3.648000
2625 325 17 5.440000
2626 326 17 5.420000
2627 325 16 5.110000
2628 323 17 5.428000
2629 323 15 4.894000
2630 323 17 5.469000
2631 324 16 5.265000
2632 333 14 4.537000
2633 334 22 6.940000
2634 333 20 6.504000
2635 332 21 6.696000
2636 334 19 5.944000
2637 334 19 5.931000
2638 331 18 5.718000
2639 332 18 5.690000
2640 330 18 5.726000
2641 331 17 5.398000
2642 323 13 4.278000
2643 322 18 5.769000
2644 327 14 4.520000
2645 326 21 6.640000
2646 324 19 6.065000
2647 324 20 6.345000
2648 325 15 4.878000
2649 332 19 6.037000
2650 332 14 4.490000
2651 332 17 5.401000
2652 332 13 4.238000
2653 332 14 4.512000
2654 332 14 4.532000
2655 333 18 5.804000
2656 334 20 6.410000
2657 334 14 4.631000
2658 334 19 6.126000
2659 333 18 5.792000
2660 330 22 6.857000
2661 325 21 6.583000
2662 326 23 7.244000
2663 324 20 6.196000
2664 327 22 6.788000
2665 326 21 6.535000
2666 328 21 6.570000
2667 328 23 7.233000
2668 330 23 7.067000
2669 330 22 6.763000
2670 330 21 6.500000
2671 331 18 5.628000
2672 328 21 6.524000
2673 329 21 6.471000
2674 330 21 6.652000
2675 334 10 3.293000
2676 336 25 7.975000
2677 335 25 7.931000
2678 335 23 7.304000
2679 332 19 6.126000
2680 332 19 6.102000
2681 335 19 6.052000
2682 332 21 6.684000
2683 332 21 6.706000
2684 334 19 6.071000
2685 338 22 7.051000
2686 336 18 5.739000
2687 336 21 6.624000
2688 337 22 6.870000
2689 333 23 7.313000
2690 334 23 7.281000
2691 334 19 6.079000
2692 336 20 6.385000
2693 335 20 6.404000
2694 334 21 6.718000
2695 342 20 6.271000
2696 340 21 6.572000
2697 341 18 5.715000
2698 333 21 6.667000
2699 333 21 6.634000
2700 339 21 6.719000
2701 338 21 6.689000
2702 334 20 6.325000
2703 334 17 5.416000
2704 341 20 6.362000
2705 341 21 6.700000
2706 340 20 6.306000
2707 340 18 5.702000
2708 341 18 5.727000
2709 338 21 6.610000
2710 335 20 6.237000
2711 338 22 6.785000
2712 337 21 6.587000
2713 338 12 3.892000
2714 338 19 5.972000
2715 339 20 6.263000
2716 338 18 5.655000
2717 337 20 6.219000
2718 338 20 6.322000
2719 336 17 5.343000
2720 337 18 5.623000
2721 331 18 5.851000
2722 331 20 6.424000
2723 328 20 6.362000
2724 330 12 3.923000
2725 327 23 7.298000
2726 328 21 6.682000
2727 331 22 6.970000
2728 329 23 7.289000
2729 324 23 7.358000
2730 326 23 7.281000
2731 330 23 7.404000
2732 332 21 6.797000
2733 332 21 6.743000
2734 331 21 6.702000
2735 326 21 6.716000
2736 329 23 7.323000
2737 331 22 7.144000
2738 332 19 6.167000
2739 332 19 6.084000
2740 331 18 5.826000
2741 332 20 6.468000
2742 333 20 6.387000
2743 330 22 7.025000
2744 331 18 5.801000
2745 328 21 6.706000
2746 329 21 6.727000
2747 330 18 5.794000
2748 327 9 3.047000
2749 329 12 3.962000
2750 329 20 6.543000
2751 329 17 5.562000
2752 330 19 6.225000
2753 330 23 7.308000
2754 324 19 6.126000
2755 323 20 6.567000
2756 322 21 6.777000
2757 324 16 5.217000
2758 327 21 6.764000
2759 327 23 7.298000
2760 329 21 6.763000
2761 328 19 6.180000
2762 329 18 5.812000
2763 330 21 6.707000
2764 331 21 6.775000
2765 331 18 5.811000
2766 331 20 6.416000
2767 329 19 5.947000
2768 327 21 6.826000
2769 327 20 6.502000
2770 326 20 6.477000
2771 328 19 6.121000
2772 329 20 6.479000
2773 330 19 6.077000
2774 328 20 6.514000
2775 328 18 5.845000
2776 327 18 5.882000
2777 326 18 5.813000
2778 329 19 6.055000
2779 330 22 6.992000
2780 329 20 6.455000
2781 329 18 5.797000
2782 327 20 6.455000
2783 325 21 6.583000
2784 325 21 6.603000
2785 326 21 6.619000
2786 321 21 6.570000
2787 321 21 6.549000
2788 322 19 5.963000
2789 322 20 6.259000
2790 323 20 6.462000
2791 323 20 6.446000
2792 324 16 5.176000
2793 323 18 5.764000
2794 323 17 5.465000
2795 314 21 6.879000
2796 315 21 6.868000
2797 318 20 6.478000
2798 318 17 5.592000
2799 333 17 5.292000
2800 332 20 6.203000
2801 336 20 6.292000
2802 335 19 5.928000
2803 335 19 5.934000
2804 334 19 5.968000
2805 334 19 5.960000
2806 334 15 4.752000
2807 333 20 6.234000
2808 332 19 5.970000
2809 332 18 5.668000
2810 331 19 5.882000
2811 331 19 5.929000
2812 331 18 5.554000
2813 333 20 6.165000
2814 333 19 5.873000
2815 334 19 5.925000
2816 334 17 5.324000
2817 335 19 5.855000
2818 335 20 6.170000
2819 334 20 6.256000
2820 342 20 6.280000
2821 340 20 6.276000
2822 341 18 5.650000
2823 341 18 5.668000
2824 341 18 5.755000
2825 340 19 6.007000
2826 340 19 5.970000
2827 339 19 6.027000
2828 337 20 6.366000
2829 338 17 5.515000
2830 338 19 6.049000
2831 336 18 5.731000
2832 337 18 5.797000
2833 340 20 6.384000
2834 340 19 6.024000
2835 343 20 6.342000
2836 343 20 6.260000
2837 342 10 3.365000
2838 341 19 5.988000
2839 339 20 6.321000
2840 339 21 6.556000
2841 339 19 6.097000
2842 339 16 5.084000
2843 340 19 5.989000
2844 340 12 3.917000
2845 339 21 6.560000
2846 341 22 6.933000
2847 338 21 6.588000
2848 338 19 6.004000
2849 338 20 6.305000
2850 337 20 6.185000
2851 336 19 5.937000
2852 336 18 5.605000
2853 336 18 5.613000
2854 336 18 5.589000
2855 335 18 5.635000
2856 335 19 5.939000
2857 335 19 5.888000
2858 334 20 6.239000
2859 335 22 6.897000
2860 335 20 6.310000
2861 333 20 6.262000
2862 334 19 5.993000
2863 333 18 5.745000
2864 334 17 5.385000
2865 335 18 5.761000
2866 335 19 6.032000
2867 334 17 5.383000
2868 336 18 5.661000
2869 337 17 5.390000
2870 334 16 5.107000
2871 334 16 5.113000
2872 334 16 5.057000
2873 334 11 3.568000
2874 335 15 4.791000
2875 336 17 5.431000
2876 336 16 5.135000
2877 337 17 5.362000
2878 337 11 3.594000
2879 336 18 5.699000
2880 335 12 3.932000
2881 336 17 5.415000
2882 339 18 5.763000
2883 341 16 5.160000
2884 341 19 6.127000
2885 340 13 4.220000
2886 340 20 6.286000
2887 340 20 6.287000
2888 337 20 6.278000
2889 334 16 5.154000
2890 335 20 6.343000
2891 334 14 4.496000
2892 335 18 5.861000
2893 334 16 5.156000
2894 330 17 5.402000
2895 329 14 4.552000
2896 328 15 4.859000
2897 329 15 4.808000
2898 328 20 6.325000
2899 328 20 6.335000
2900 328 15 5.002000
2901 329 17 5.532000
2902 330 11 3.645000
2903 330 17 5.529000
2904 330 18 5.818000
2905 329 17 5.484000
2906 329 16 5.162000
2907 330 19 6.148000
2908 331 20 6.337000
2909 336 19 5.999000
2910 334 19 5.998000
2911 333 19 6.101000
2912 329 17 5.481000
2913 329 11 3.678000
2914 327 16 5.139000
2915 328 16 5.150000
2916 329 17 5.456000
2917 332 18 5.710000
2918 333 19 5.959000
2919 334 18 5.732000
2920 333 16 5.109000
2921 337 19 5.981000
2922 337 21 6.652000
2923 338 18 5.644000
2924 339 19 6.012000
2925 338 20 6.274000
2926 337 20 6.323000
2927 337 19 5.979000
2928 329 20 6.440000
2929 330 19 6.145000
2930 331 19 6.133000
2931 331 19 6.118000
2932 334 19 6.071000
2933 337 20 6.381000
2934 336 20 6.414000
2935 339 20 6.419000
2936 339 22 7.050000
2937 339 20 6.428000
2938 336 21 6.707000
2939 337 20 6.341000
2940 337 20 6.342000
2941 333 15 4.782000
2942 337 20 6.291000
2943 336 17 5.406000
2944 333 18 5.717000
2945 335 21 6.604000
2946 335 21 6.613000
2947 335 20 6.322000
2948 334 19 6.019000
2949 330 19 5.989000
2950 331 19 5.961000
2951 331 18 5.701000
2952 330 18 5.817000
2953 331 17 5.482000
2954 331 16 5.182000
2955 330 12 4.013000
2956 334 14 4.471000
2957 334 16 5.095000
2958 333 19 6.040000
2959 335 16 5.004000
2960 334 15 4.768000
2961 334 17 5.368000
2962 335 18 5.650000
2963 337 16 5.092000
2964 335 15 4.781000
2965 336 19 5.973000
2966 336 19 5.979000
2967 335 11 3.600000
2968 335 19 6.029000
2969 335 19 6.019000
2970 335 19 6.032000
2971 338 19 5.998000
2972 339 20 6.307000
2973 340 13 4.273000
2974 338 18 5.862000
2975 342 15 4.915000
2976 342 17 5.512000
2977 340 12 3.986000
2978 340 12 3.924000
2979 339 15 4.906000
2980 344 16 5.118000
2981 335 14 4.586000
2982 339 11 3.593000
2983 339 11 3.603000
2984 340 15 4.845000
2985 340 14 4.530000
2986 340 14 4.529000
2987 339 15 4.833000
2988 342 18 5.787000
2989 340 13 4.267000
2990 331 15 4.938000
2991 334 16 5.274000
2992 332 19 6.194000
2993 331 18 5.872000
2994 329 18 5.789000
2995 330 16 5.162000
2996 327 15 4.808000
2997 328 11 3.620000
2998 327 15 4.875000
2999 328 15 4.868000
3000 328 11 3.680000
3001 327 13 4.319000
3002 325 15 4.851000
3003 325 15 4.842000
3004 327 14 4.530000
3005 326 15 4.897000
3006 326 16 5.129000
3007 326 15 4.798000
3008 328 13 4.199000
3009 328 17 5.474000
3010 328 19 6.050000
3011 327 20 6.371000
3012 327 18 5.704000
3013 324 20 6.350000
3014 323 20 6.362000
3015 325 19 6.099000
3016 324 20 6.383000
3017 324 19 6.039000
3018 323 12 3.931000
3019 323 20 6.384000
3020 323 21 6.627000
3021 325 19 6.060000
3022 322 20 6.339000
3023 326 20 6.305000
3024 324 21 6.603000
3025 325 21 6.686000
3026 327 18 5.761000
3027 328 19 6.087000
3028 329 17 5.469000
3029 329 18 5.788000
3030 328 20 6.403000
3031 329 18 5.773000
3032 330 19 6.141000
3033 329 17 5.568000
3034 329 19 6.094000
3035 327 20 6.379000
3036 327 18 5.773000
3037 327 20 6.490000
3038 326 20 6.407000
3039 326 17 5.438000
3040 324 17 5.490000
3041 323 16 5.152000
3042 323 13 4.242000
3043 325 14 4.589000
3044 329 19 6.110000
3045 334 21 6.719000
3046 335 13 4.276000
3047 336 15 4.843000
3048 335 15 4.865000
3049 337 13 4.227000
3050 336 15 4.775000
3051 335 16 5.066000
3052 334 17 5.373000
3053 334 12 3.878000
3054 336 21 6.464000
3055 335 20 6.195000
3056 335 19 5.857000
3057 334 19 5.935000
3058 334 21 6.510000
3059 336 17 5.525000
3060 336 22 7.063000
3061 338 18 5.946000
3062 334 20 6.731000
3063 333 20 6.675000
3064 333 20 6.747000
3065 336 20 6.632000
3066 337 20 6.575000
3067 338 20 6.581000
3068 341 20 6.567000
3069 340 20 6.693000
3070 340 12 4.137000
3071 340 18 6.120000
3072 343 19 6.318000
3073 344 12 4.113000
3074 344 20 6.688000
3075 341 19 6.423000
3076 341 18 6.084000
3077 344 18 6.001000
3078 344 19 6.301000
3079 348 20 6.610000
3080 348 20 6.511000
3081 345 20 6.549000
3082 347 18 5.920000
3083 341 13 4.422000
3084 340 17 5.672000
3085 337 18 5.905000
3086 337 16 5.294000
3087 338 15 5.011000
3088 339 15 5.039000
3089 338 15 5.050000
3090 336 20 6.560000
3091 337 17 5.658000
3092 337 21 6.862000
3093 337 17 5.666000
3094 337 18 5.916000
3095 338 14 4.703000
3096 337 17 5.641000
3097 337 17 5.637000
3098 339 17 5.683000
3099 340 15 5.002000
3100 338 16 5.276000
3101 339 15 5.009000
3102 344 22 7.028000
3103 343 23 7.298000
3104 342 21 6.795000
3105 343 20 6.429000
3106 342 20 6.483000
3107 345 17 5.552000
3108 346 21 6.905000
3109 345 19 6.199000
3110 346 20 6.506000
3111 344 21 6.936000
3112 345 20 6.575000
3113 346 20 6.518000
3114 345 15 4.916000
3115 348 18 5.821000
3116 345 18 5.928000
3117 347 10 3.400000
3118 348 17 5.571000
3119 348 17 5.669000
3120 347 17 5.569000
3121 348 19 6.165000
3122 347 19 6.144000
3123 346 18 5.873000
3124 346 18 5.889000
3125 346 18 5.869000
3126 346 18 5.926000
3127 337 20 6.452000
3128 331 20 6.466000
3129 319 17 5.664000
3130 319 16 5.377000
3131 319 18 5.957000
3132 319 14 4.681000
3133 318 19 6.274000
3134 319 17 5.624000
3135 330 18 5.792000
3136 330 19 6.126000
3137 329 19 6.117000
3138 329 18 5.832000
3139 330 17 5.623000
3140 330 11 3.712000
3141 329 17 5.593000
3142 330 13 4.383000
3143 329 20 6.569000
3144 328 19 6.214000
3145 328 17 5.616000
3146 330 16 5.267000
3147 332 17 5.574000
3148 331 17 5.550000
3149 328 16 5.191000
3150 328 16 5.228000
3151 328 12 3.973000
3152 326 17 5.493000
3153 326 18 5.859000
3154 325 16 5.234000
3155 325 19 6.178000
3156 325 17 5.573000
3157 325 19 6.190000
3158 327 18 5.823000
3159 327 15 4.890000
3160 328 17 5.475000
3161 330 15 4.848000
3162 330 18 5.771000
3163 328 19 6.119000
3164 328 19 6.110000
3165 328 19 6.086000
3166 328 21 6.669000
3167 329 19 6.112000
3168 329 21 6.740000
3169 329 12 4.061000
3170 336 21 6.860000
3171 334 17 5.631000
3172 341 22 7.128000
3173 340 22 7.067000
3174 340 19 6.144000
3175 339 19 6.201000
3176 340 20 6.511000
3177 339 20 6.479000
3178 340 20 6.513000
3179 339 20 6.520000
3180 339 20 6.496000
3181 339 19 6.153000
3182 340 10 3.371000
3183 336 20 6.436000
3184 337 20 6.402000
3185 334 18 5.866000
3186 337 19 6.231000
3187 337 18 5.885000
3188 338 20 6.450000
3189 338 18 5.885000
3190 336 19 6.115000
3191 336 20 6.431000
3192 335 13 4.209000
3193 335 19 6.098000
3194 334 20 6.451000
3195 335 19 6.113000
3196 334 15 4.888000
3197 333 18 5.825000
3198 333 18 5.834000
3199 332 11 3.664000
3200 330 16 5.237000
3201 330 19 6.163000
3202 332 20 6.359000
3203 332 17 5.511000
3204 332 12 3.967000
3205 333 20 6.395000
3206 331 18 5.777000
3207 330 18 5.829000
3208 330 18 5.803000
3209 332 17 5.469000
3210 328 21 6.620000
3211 330 20 6.384000
3212 329 18 5.754000
3213 330 19 6.102000
3214 329 19 6.071000
3215 329 19 6.105000
3216 330 18 5.816000
3217 330 18 5.813000
3218 327 16 5.173000
3219 325 14 4.580000
3220 325 17 5.532000
3221 325 17 5.494000
3222 323 11 3.651000
3223 323 16 5.213000
3224 325 16 5.216000
3225 326 17 5.531000
3226 329 19 6.223000
3227 327 21 6.820000
3228 326 19 6.213000
3229 324 18 5.901000
3230 324 18 5.912000
3231 327 15 4.995000
3232 325 21 6.853000
3233 327 14 4.687000
3234 329 18 5.944000
3235 327 17 5.543000
3236 336 22 6.983000
3237 335 20 6.385000
3238 335 20 6.512000
3239 333 20 6.586000
3240 332 21 7.002000
3241 332 19 6.334000
3242 332 21 6.879000
3243 330 20 6.650000
3244 333 18 6.052000
3245 333 13 4.429000
3246 332 21 6.938000
3247 329 20 6.653000
3248 334 21 6.723000
3249 331 23 7.335000
3250 333 19 6.016000
3251 331 19 5.959000
3252 334 12 3.851000
3253 335 22 6.800000
3254 331 20 6.247000
3255 331 22 6.929000
3256 330 20 6.427000
3257 330 22 6.894000
3258 330 22 6.894000
3259 330 19 6.016000
3260 331 19 6.029000
3261 331 20 6.318000
3262 331 18 5.709000
3263 330 20 6.350000
3264 329 21 6.698000
3265 332 21 6.650000
3266 333 10 3.319000
3267 332 20 6.440000
3268 332 22 6.979000
3269 330 23 7.220000
3270 331 21 6.677000
3271 332 20 6.322000
3272 333 20 6.404000
3273 332 15 4.893000
3274 331 20 6.457000
3275 331 22 7.083000
3276 336 20 6.369000
3277 336 21 6.726000
3278 336 19 6.108000
3279 335 19 6.016000
3280 333 19 6.091000
3281 333 21 6.668000
3282 333 21 6.682000
3283 332 22 6.998000
3284 330 23 7.270000
3285 330 21 6.749000
3286 329 20 6.455000
3287 328 12 3.992000
3288 327 23 7.393000
3289 330 22 7.065000
3290 338 23 7.389000
3291 336 21 6.731000
3292 334 11 3.682000
3293 334 20 6.417000
3294 332 21 6.709000
3295 330 19 6.119000
3296 334 20 6.406000
3297 333 21 6.650000
3298 333 21 6.682000
3299 327 19 6.165000
3300 326 21 6.747000
3301 327 22 7.095000
3302 327 18 5.929000
3303 328 15 4.959000
3304 326 20 6.493000
3305 330 19 6.109000
3306 326 15 4.959000
3307 326 21 6.832000
3308 327 14 4.685000
3309 334 21 6.746000
3310 335 22 7.065000
3311 334 20 6.437000
3312 332 18 5.874000
3313 330 21 7.003000
3314 328 22 7.282000
3315 325 21 6.933000
3316 325 20 6.560000
3317 330 19 6.328000
3318 326 18 5.899000
3319 325 22 7.175000
3320 323 22 7.145000
3321 337 20 6.395000
3322 339 20 6.442000
3323 339 19 6.091000
3324 339 19 6.147000
3325 338 23 7.383000
3326 339 21 6.699000
3327 345 21 6.716000
3328 345 19 6.144000
3329 345 20 6.437000
3330 346 19 6.172000
3331 346 20 6.432000
3332 346 18 5.893000
3333 346 18 5.819000
3334 347 17 5.498000
3335 346 17 5.614000
3336 345 18 5.873000
3337 348 16 5.168000
3338 347 13 4.294000
3339 352 17 5.593000
3340 338 19 6.036000
3341 337 21 6.653000
3342 349 15 4.956000
3343 349 20 6.481000
3344 349 20 6.509000
3345 346 12 3.976000
3346 345 17 5.558000
3347 346 14 4.652000
3348 345 17 5.604000
3349 342 11 3.731000
3350 342 17 5.590000
3351 344 15 4.950000
3352 341 17 5.592000
3353 341 18 5.901000
3354 341 17 5.554000
3355 342 16 5.244000
3356 346 16 5.223000
3357 343 14 4.627000
3358 342 10 3.380000
3359 340 17 5.534000
3360 340 16 5.218000
3361 339 17 5.536000
3362 343 19 6.177000
3363 344 19 5.998000
3364 344 20 6.324000
3365 344 17 5.470000
3366 344 17 5.452000
3367 344 16 5.122000
3368 348 20 6.287000
3369 344 19 5.987000
3370 343 20 6.408000
3371 346 17 5.479000
3372 345 19 5.973000
3373 345 19 6.111000
3374 342 20 6.381000
3375 344 24 7.541000
3376 344 23 7.219000
3377 342 21 6.595000
3378 346 23 7.242000
3379 347 23 7.271000
3380 346 22 6.912000
3381 345 19 6.020000
3382 344 19 6.140000
3383 341 22 6.946000
3384 341 21 6.713000
3385 340 21 6.651000
3386 343 22 6.892000
3387 343 23 7.162000
3388 343 21 6.650000
3389 346 19 6.058000
3390 346 19 6.066000
3391 345 19 6.034000
3392 343 21 6.676000
3393 344 22 7.016000
3394 344 13 4.260000
3395 329 23 7.273000
3396 329 23 7.275000
3397 330 20 6.342000
3398 331 19 6.013000
3399 329 18 5.737000
3400 327 17 5.391000
3401 330 19 6.038000
3402 330 17 5.399000
3403 341 21 6.601000
3404 346 18 5.756000
3405 344 15 4.775000
3406 346 17 5.353000
3407 345 17 5.389000
3408 343 11 3.578000
3409 345 17 5.429000
3410 346 19 5.963000
3411 347 17 5.328000
3412 345 14 4.480000
3413 344 18 5.718000
3414 344 17 5.350000
3415 344 15 4.746000
3416 347 16 5.027000
3417 346 14 4.444000
3418 345 15 4.693000
3419 344 15 4.844000
3420 344 16 4.997000
3421 341 13 4.063000
3422 341 13 4.084000
3423 340 10 3.184000
3424 339 12 3.793000
3425 339 13 4.058000
3426 337 18 5.618000
3427 338 20 6.114000
3428 336 18 5.541000
3429 338 19 5.862000
3430 339 20 6.218000
3431 343 18 5.691000
3432 346 20 6.264000
3433 345 20 6.201000
3434 343 19 5.965000
3435 344 17 5.399000
3436 340 17 5.358000
3437 341 13 4.144000
3438 341 17 5.403000
3439 341 16 5.114000
3440 338 19 5.903000
3441 339 20 6.262000
3442 339 20 6.259000
3443 341 21 6.599000
3444 341 19 5.960000
3445 343 19 6.041000
3446 343 19 5.992000
3447 344 19 5.951000
3448 344 19 5.983000
3449 347 19 5.952000
3450 345 20 6.183000
3451 340 22 6.824000
3452 339 22 6.749000
3453 340 22 6.840000
3454 344 22 6.804000
3455 347 22 6.686000
3456 346 21 6.456000
3457 344 22 6.812000
3458 343 21 6.537000
3459 343 21 6.523000
3460 347 20 6.158000
3461 350 21 6.494000
3462 350 22 6.824000
3463 345 20 6.136000
3464 345 20 6.167000
3465 345 20 6.212000
3466 346 19 5.931000
3467 344 19 5.891000
3468 344 19 5.909000
3469 344 9 2.982000
3470 348 18 5.815000
3471 349 21 6.687000
3472 349 15 4.838000
3473 344 17 5.643000
3474 346 13 4.303000
3475 346 18 5.943000
3476 344 20 6.522000
3477 345 20 6.518000
3478 346 11 3.745000
3479 347 19 6.285000
3480 345 20 6.525000
3481 345 19 6.143000
3482 345 18 5.892000
3483 344 20 6.380000
3484 339 22 7.176000
3485 336 25 7.966000
3486 342 22 6.978000
3487 342 21 6.710000
3488 340 21 6.719000
3489 339 20 6.430000
3490 342 22 6.986000
3491 341 23 7.465000
3492 342 21 6.726000
3493 343 21 6.744000
3494 342 16 5.208000
3495 342 19 6.122000
3496 341 15 4.892000
3497 347 22 6.897000
3498 345 22 6.915000
3499 344 22 6.993000
3500 349 20 6.308000
3501 347 15 4.792000
3502 336 22 6.974000
3503 338 22 6.883000
3504 338 22 6.852000
3505 337 20 6.296000
3506 335 17 5.445000
3507 333 15 4.852000
3508 336 20 6.345000
3509 336 19 6.038000
3510 336 20 6.405000
3511 336 20 6.316000
3512 337 18 5.758000
3513 337 11 3.603000
3514 335 20 6.406000
3515 336 17 5.503000
3516 339 21 6.674000
3517 335 21 6.755000
3518 334 12 4.003000
3519 336 21 6.662000
3520 336 20 6.313000
3521 336 19 5.994000
3522 336 17 5.418000
3523 334 20 6.316000
3524 335 20 6.389000
3525 334 21 6.599000
3526 334 20 6.434000
3527 336 22 7.030000
3528 336 21 6.689000
3529 335 15 4.870000
3530 334 21 6.723000
3531 334 21 6.705000
3532 339 21 6.759000
3533 341 20 6.392000
3534 344 19 6.127000
3535 348 16 5.134000
3536 348 19 6.107000
3537 346 19 6.099000
3538 347 18 5.783000
3539 348 20 6.355000
3540 338 18 5.929000
3541 337 20 6.392000
3542 334 19 6.205000
3543 334 18 5.848000
3544 336 20 6.456000
3545 335 21 6.819000
3546 335 21 6.751000
3547 337 21 6.730000
3548 338 20 6.390000
3549 339 20 6.383000
3550 339 20 6.437000
3551 342 20 6.402000
3552 339 20 6.373000
3553 341 20 6.353000
3554 340 20 6.353000
3555 340 18 5.766000
3556 340 17 5.558000
3557 339 17 5.530000
3558 341 19 6.090000
3559 345 15 4.778000
3560 346 21 6.623000
3561 346 19 6.068000
3562 345 20 6.342000
3563 345 21 6.659000
3564 346 22 6.859000
3565 346 20 6.314000
3566 346 20 6.288000
3567 345 12 3.933000
3568 345 19 6.038000
3569 345 20 6.346000
3570 346 20 6.417000
3571 346 18 5.893000
3572 345 19 6.195000
3573 346 19 6.172000
3574 346 20 6.474000
3575 344 20 6.454000
3576 346 21 6.775000
3577 348 22 7.047000
3578 346 21 6.705000
3579 344 21 6.768000
3580 343 18 5.801000
3581 344 22 7.105000
3582 342 20 6.408000
3583 342 20 6.388000
3584 342 20 6.455000
3585 341 12 3.951000
3586 340 20 6.373000
3587 341 16 5.168000
3588 339 21 6.695000
3589 339 21 6.761000
3590 342 19 6.132000
3591 345 21 6.668000
3592 344 23 7.291000
3593 343 20 6.364000
3594 340 19 6.128000
3595 344 21 6.593000
3596 345 22 6.726000
3597 345 22 6.768000
3598 345 20 6.201000
3599 344 19 5.938000
3600 344 19 5.881000
3601 342 17 5.340000
3602 342 19 5.975000
3603 342 19 5.958000
3604 341 20 6.255000
3605 338 22 6.968000
3606 338 22 6.922000
3607 345 21 6.633000
3608 343 21 6.552000
3609 341 18 5.734000
3610 342 19 5.986000
3611 339 20 6.366000
3612 340 19 6.038000
3613 343 19 6.098000
3614 344 21 6.621000
3615 345 15 4.782000
3616 345 21 6.669000
3617 345 18 5.785000
3618 345 18 5.683000
3619 345 20 6.296000
3620 345 20 6.244000
3621 345 17 5.386000
3622 344 19 5.974000
3623 345 19 5.957000
3624 345 21 6.544000
3625 349 19 5.943000
3626 349 18 5.683000
3627 351 19 5.904000
3628 350 19 5.893000
3629 351 20 6.193000
3630 348 19 5.916000
3631 346 18 5.602000
3632 346 17 5.365000
3633 347 12 3.862000
3634 345 18 5.641000
3635 348 13 4.174000
3636 343 17 5.317000
3637 343 17 5.309000
3638 343 17 5.353000
3639 343 13 4.133000
3640 342 19 6.050000
3641 342 18 5.672000
3642 355 22 6.669000
3643 354 21 6.304000
3644 357 20 6.120000
3645 356 20 6.096000
3646 357 21 6.356000
3647 357 12 3.826000
3648 357 18 5.563000
3649 356 12 3.785000
3650 356 18 5.523000
3651 355 12 3.847000
3652 354 18 5.530000
3653 349 22 6.944000
3654 350 22 6.965000
3655 350 12 3.911000
3656 350 16 5.112000
3657 348 18 5.750000
3658 350 19 6.035000
3659 338 21 6.682000
3660 338 15 4.888000
3661 338 20 6.392000
3662 342 18 5.877000
3663 342 23 7.403000
3664 343 23 7.254000
3665 332 22 6.952000
3666 340 25 7.826000
3667 340 23 7.236000
3668 339 20 6.391000
3669 343 20 6.440000
3670 343 17 5.512000
3671 341 22 7.095000
3672 342 21 6.877000
3673 343 19 6.232000
3674 346 19 6.153000
3675 347 21 6.780000
3676 349 23 7.380000
3677 348 21 6.779000
3678 348 20 6.463000
3679 349 21 6.712000
3680 347 21 6.724000
3681 348 21 6.744000
3682 349 20 6.387000
3683 347 17 5.466000
3684 346 21 6.768000
3685 346 17 5.554000
3686 348 19 6.101000
3687 348 13 4.283000
3688 348 18 5.865000
3689 350 17 5.485000
3690 349 15 4.869000
3691 349 21 6.767000
3692 349 21 6.717000
3693 348 20 6.380000
3694 348 18 5.833000
3695 349 18 5.845000
3696 350 19 6.046000
3697 350 17 5.421000
3698 350 18 5.708000
3699 348 18 5.784000
3700 348 10 3.340000
3701 348 15 4.857000
3702 346 15 4.867000
3703 347 16 5.207000
3704 347 15 4.883000
3705 347 12 3.980000
3706 346 17 5.472000
3707 346 15 4.865000
3708 345 20 6.426000
3709 344 17 5.475000
3710 340 14 4.623000
3711 344 18 5.754000
3712 344 20 6.343000
3713 345 19 6.038000
3714 345 22 7.027000
3715 345 13 4.276000
3716 344 21 6.666000
3717 344 19 6.056000
3718 347 18 5.771000
3719 344 20 6.435000
3720 345 18 5.835000
3721 346 18 5.765000
3722 345 18 5.788000
3723 346 20 6.391000
3724 347 17 5.479000
3725 347 19 6.073000
3726 347 19 6.078000
3727 347 20 6.444000
3728 348 17 5.472000
3729 348 17 5.512000
3730 348 16 5.152000
3731 347 21 6.701000
3732 347 22 6.980000
3733 347 21 6.729000
3734 346 12 3.954000
3735 346 21 6.634000
3736 347 23 7.347000
3737 344 19 6.113000
3738 344 19 6.117000
3739 343 18 5.810000
3740 343 18 5.833000
3741 344 17 5.500000
3742 344 18 5.809000
3743 337 21 6.626000
3744 338 21 6.603000
3745 340 20 6.320000
3746 336 18 5.720000
3747 340 15 4.844000
3748 339 16 5.154000
3749 339 19 6.040000
3750 339 19 6.093000
3751 344 19 6.092000
3752 343 19 6.101000
3753 339 19 6.118000
3754 338 18 5.770000
3755 339 19 6.159000
3756 337 17 5.532000
3757 339 18 5.941000
3758 339 15 5.001000
3759 338 18 5.905000
3760 339 17 5.628000
3761 339 18 5.895000
3762 339 18 5.869000
3763 341 19 6.138000
3764 341 18 5.889000
3765 342 19 6.189000
3766 345 17 5.448000
3767 346 21 6.636000
3768 346 21 6.631000
3769 344 20 6.403000
3770 346 20 6.423000
3771 345 21 6.714000
3772 345 19 6.062000
3773 346 18 5.765000
3774 345 19 6.064000
3775 344 21 6.797000
3776 344 22 7.006000
3777 344 19 6.042000
3778 345 21 6.717000
3779 348 21 6.667000
3780 348 21 6.755000
3781 339 15 4.870000
3782 339 19 6.084000
3783 340 18 5.947000
3784 342 19 6.048000
3785 341 19 6.047000
3786 341 20 6.370000
3787 341 22 7.033000
3788 341 23 7.333000
3789 340 21 6.699000
3790 338 19 6.229000
3791 339 17 5.552000
3792 340 21 6.808000
3793 340 15 4.936000
3794 340 19 6.290000
3795 340 20 6.587000
3796 341 20 6.472000
3797 341 19 6.143000
3798 341 20 6.475000
3799 340 20 6.486000
3800 339 17 5.615000
3801 339 22 7.147000
3802 339 18 5.927000
3803 339 18 5.898000
3804 340 16 5.312000
3805 340 19 6.327000
3806 340 19 6.364000
3807 340 19 6.312000
3808 340 21 6.966000
3809 340 23 7.644000
3810 342 20 6.636000
3811 342 20 6.616000
3812 342 20 6.618000
3813 342 20 6.627000
3814 341 20 6.700000
3815 344 20 6.761000
3816 336 22 7.066000
3817 337 23 7.386000
3818 337 22 7.078000
3819 336 22 7.030000
3820 336 20 6.428000
3821 335 21 6.690000
3822 335 21 6.731000
3823 335 22 7.034000
3824 335 21 6.692000
3825 334 16 5.155000
3826 335 21 6.679000
3827 343 22 7.076000
3828 344 14 4.659000
3829 344 20 6.502000
3830 343 15 4.881000
3831 343 18 5.872000
3832 342 20 6.418000
3833 344 20 6.415000
3834 346 19 6.033000
3835 345 20 6.374000
3836 346 19 6.100000
3837 342 21 6.738000
3838 344 19 6.046000
3839 340 16 5.232000
3840 340 20 6.472000
3841 340 16 5.206000
3842 340 17 5.583000
3843 339 17 5.474000
3844 337 16 5.209000
3845 337 19 6.210000
3846 348 19 6.049000
3847 348 19 6.076000
3848 347 19 6.037000
3849 348 17 5.496000
3850 347 18 5.829000
3851 349 20 6.401000
3852 348 21 6.750000
3853 347 16 5.194000
3854 346 20 6.451000
3855 346 18 5.843000
3856 346 20 6.440000
3857 345 18 5.768000
3858 344 17 5.487000
3859 343 11 3.674000
3860 344 20 6.441000
3861 343 20 6.449000
3862 343 17 5.539000
3863 345 18 5.810000
3864 345 18 5.745000
3865 347 19 5.825000
3866 347 15 4.692000
3867 346 19 5.858000
3868 348 20 6.270000
3869 346 18 5.787000
3870 344 20 6.365000
3871 343 19 6.140000
3872 345 21 6.876000
3873 343 20 6.565000
3874 342 16 5.329000
3875 345 20 6.434000
3876 344 21 6.672000
3877 346 17 5.373000
3878 344 19 5.834000
3879 343 18 5.514000
3880 330 19 5.827000
3881 334 16 5.007000
3882 331 14 4.434000
3883 335 16 5.005000
3884 336 17 5.285000
3885 333 19 5.926000
3886 332 12 3.841000
3887 332 11 3.572000
3888 344 20 5.998000
3889 344 18 5.504000
3890 347 18 5.353000
3891 346 19 5.646000
3892 344 19 5.623000
3893 326 21 6.487000
3894 327 21 6.494000
3895 328 17 5.287000
3896 328 20 6.198000
3897 331 21 6.472000
3898 331 12 3.826000
3899 330 18 5.609000
3900 346 22 6.527000
3901 348 22 6.544000
3902 348 21 6.281000
3903 348 21 6.219000
3904 349 22 6.516000
3905 350 21 6.212000
3906 350 22 6.474000
3907 342 21 6.277000
3908 345 21 6.231000
3909 347 20 5.931000
3910 347 22 6.531000
3911 350 12 3.650000
3912 349 17 5.060000
3913 348 15 4.514000
3914 349 17 5.016000
3915 349 11 3.395000
3916 348 17 5.070000
3917 346 12 3.669000
3918 343 23 6.978000
3919 344 23 6.992000
3920 339 21 6.456000
3921 343 19 5.822000
3922 341 20 6.147000
3923 340 23 6.930000
3924 338 21 6.444000
3925 338 21 6.443000
3926 337 21 6.388000
3927 337 20 6.124000
3928 337 20 6.269000
3929 338 20 6.357000
3930 340 23 7.410000
3931 339 23 7.714000
3932 341 22 7.333000
3933 341 22 7.291000
3934 341 21 6.796000
3935 340 22 6.929000
3936 340 22 6.840000
3937 345 22 7.000000
3938 336 24 7.394000
3939 337 23 7.093000
3940 338 19 5.883000
3941 338 20 6.181000
3942 338 24 7.746000
3943 338 25 8.039000
3944 339 19 6.199000
3945 335 23 7.279000
3946 339 14 4.569000
3947 341 19 6.063000
3948 343 17 5.772000
3949 344 18 6.074000
3950 344 21 6.959000
3951 345 21 6.836000
3952 341 21 6.706000
3953 340 21 6.623000
3954 339 18 5.716000
3955 338 16 5.117000
3956 337 16 5.131000
3957 336 19 5.996000
3958 335 18 5.776000
3959 339 22 6.967000
3960 336 18 5.634000
3961 335 19 5.925000
3962 334 18 5.629000
3963 334 16 5.098000
3964 333 15 4.756000
3965 334 18 5.707000
3966 334 18 5.685000
3967 339 21 6.544000
3968 336 23 7.033000
3969 341 22 6.582000
3970 334 23 6.946000
3971 343 22 6.574000
3972 343 21 6.268000
3973 343 18 5.436000
3974 329 21 6.550000
3975 331 13 4.175000
3976 329 19 5.987000
3977 331 19 5.966000
3978 332 20 6.247000
3979 332 19 5.937000
3980 332 20 6.248000
3981 331 21 6.449000
3982 332 21 6.484000
3983 332 20 6.157000
3984 327 19 5.899000
3985 327 19 5.947000
3986 340 18 5.525000
3987 339 20 6.073000
3988 339 18 5.487000
3989 338 12 3.790000
3990 338 18 5.462000
3991 335 20 6.020000
3992 336 17 5.187000
3993 336 19 5.736000
3994 338 19 5.722000
3995 338 18 5.440000
3996 339 19 5.874000
3997 337 17 5.277000
3998 339 16 5.084000
3999 338 19 5.987000
4000 337 18 5.674000
4001 337 18 5.730000
4002 337 19 6.000000
4003 336 18 5.691000
4004 334 20 6.316000
4005 334 19 5.960000
4006 334 20 6.256000
4007 333 18 5.649000
4008 337 18 5.650000
4009 336 18 5.614000
4010 336 19 5.889000
4011 338 18 5.612000
4012 338 18 5.591000
4013 339 12 3.848000
4014 337 18 5.606000
4015 336 19 5.910000
4016 337 19 5.947000
4017 337 19 5.984000
4018 337 19 5.976000
4019 338 20 6.373000
4020 338 20 6.259000
4021 340 20 6.296000
4022 340 19 5.956000
4023 338 14 4.470000
4024 338 20 6.285000
4025 338 20 6.274000
4026 337 20 6.169000
4027 335 19 5.936000
4028 335 21 6.554000
4029 334 21 6.528000
4030 334 21 6.628000
4031 333 20 6.307000
4032 334 17 5.448000
4033 336 18 5.702000
4034 335 17 5.489000
4035 335 21 6.608000
4036 335 17 5.432000
4037 336 20 6.296000
4038 335 22 7.217000
4039 336 21 6.863000
4040 335 21 6.877000
4041 335 21 6.855000
4042 335 21 6.893000
4043 335 20 6.532000
4044 336 21 6.786000
4045 336 17 5.599000
4046 336 18 5.867000
4047 335 18 5.950000
4048 339 18 5.879000
4049 337 15 4.959000
4050 338 23 7.505000
4051 338 18 5.901000
4052 338 19 6.225000
4053 338 19 6.127000
4054 336 18 5.857000
4055 335 19 6.265000
4056 336 18 5.955000
4057 339 20 6.475000
4058 338 20 6.533000
4059 337 20 6.554000
4060 336 20 6.600000
4061 335 22 7.186000
4062 335 20 6.715000
4063 335 20 6.629000
4064 336 21 6.991000
4065 338 23 7.691000
4066 338 23 7.690000
4067 338 20 6.707000
4068 338 20 6.700000
4069 341 20 6.727000
4070 341 21 7.052000
4071 342 21 7.052000
4072 342 22 7.284000
4073 341 19 6.306000
4074 339 21 7.014000
4075 338 20 6.642000
4076 343 20 6.665000
4077 344 19 6.315000
4078 342 19 6.228000
4079 340 19 6.108000
4080 336 22 7.122000
4081 336 18 5.883000
4082 338 19 6.187000
4083 338 18 5.849000
4084 336 19 6.162000
4085 336 17 5.451000
4086 337 21 6.692000
4087 342 12 3.963000
4088 340 17 5.566000
4089 343 10 3.377000
4090 343 16 5.213000
4091 340 16 5.250000
4092 340 16 5.264000
4093 343 16 5.300000
4094 347 16 5.198000
4095 337 19 6.208000
4096 336 18 5.847000
4097 336 15 4.949000
4098 336 11 3.693000
4099 337 22 7.069000
4100 337 22 7.023000
4101 336 20 6.503000
4102 339 20 6.435000
4103 339 20 6.455000
4104 336 17 5.440000
4105 336 18 5.758000
4106 336 20 6.356000
4107 337 20 6.353000
4108 331 19 6.078000
4109 332 18 5.762000
4110 331 15 4.862000
4111 331 17 5.485000
4112 329 23 7.301000
4113 333 24 7.524000
4114 333 21 6.677000
4115 334 21 6.810000
4116 333 20 6.398000
4117 334 22 7.000000
4118 333 23 7.351000
4119 333 20 6.397000
4120 333 21 6.682000
4121 332 20 6.411000
4122 338 18 5.724000
4123 338 18 5.781000
4124 338 21 6.652000
4125 339 20 6.355000
4126 337 22 7.029000
4127 339 23 7.311000
4128 337 22 6.978000
4129 336 21 6.715000
4130 330 21 6.761000
4131 330 20 6.425000
4132 330 20 6.326000
4133 331 20 6.382000
4134 333 19 6.118000
4135 335 18 5.708000
4136 334 19 6.041000
4137 334 19 6.028000
4138 333 14 4.521000
4139 333 12 3.934000
4140 332 14 4.551000
4141 332 18 5.754000
4142 332 18 5.804000
4143 333 13 4.324000
4144 332 19 6.108000
4145 331 19 6.122000
4146 329 19 6.212000
4147 329 19 6.093000
4148 330 21 6.728000
4149 330 20 6.416000
4150 331 20 6.399000
4151 329 22 7.033000
4152 328 21 6.673000
4153 332 22 6.994000
4154 333 21 6.656000
4155 335 20 6.359000
4156 336 19 6.125000
4157 336 20 6.462000
4158 336 19 6.139000
4159 336 20 6.371000
4160 336 18 5.761000
4161 335 18 5.792000
4162 334 18 5.763000
4163 334 12 3.962000
4164 335 19 6.056000
4165 336 14 4.533000
4166 336 17 5.514000
4167 334 11 3.649000
4168 335 16 5.145000
4169 334 18 5.822000
4170 336 14 4.570000
4171 334 15 4.870000
4172 337 20 6.357000
4173 337 21 6.699000
4174 338 19 6.091000
4175 336 20 6.411000
4176 337 21 6.682000
4177 334 21 6.762000
4178 334 19 6.205000
4179 333 20 6.435000
4180 332 21 6.728000
4181 332 20 6.448000
4182 332 11 3.668000
4183 333 21 6.775000
4184 336 22 7.077000
4185 335 21 6.791000
4186 334 20 6.423000
4187 334 21 6.725000
4188 332 20 6.488000
4189 332 21 6.772000
4190 337 19 6.247000
4191 337 20 6.509000
4192 336 19 6.146000
4193 336 18 5.924000
4194 336 17 5.585000
4195 332 12 3.984000
4196 332 22 7.106000
4197 332 22 7.009000
4198 332 22 7.128000
4199 331 22 7.094000
4200 331 21 6.743000
4201 332 19 6.106000
4202 327 20 6.527000
4203 332 19 6.162000
4204 332 18 5.892000
4205 331 17 5.593000
4206 332 16 5.267000
4207 332 11 3.724000
4208 332 16 5.260000
4209 332 15 4.905000
4210 334 21 6.834000
4211 334 22 7.061000
4212 334 19 6.092000
4213 337 18 5.668000
4214 338 13 4.175000
4215 338 18 5.664000
4216 337 17 5.330000
4217 336 18 5.699000
4218 337 18 5.602000
4219 337 17 5.305000
4220 337 20 6.294000
4221 337 19 5.998000
4222 339 19 5.988000
4223 335 22 7.071000
4224 336 20 6.591000
4225 336 19 6.152000
4226 335 21 6.886000
4227 336 20 6.525000
4228 346 24 7.639000
4229 346 24 7.678000
4230 347 22 7.078000
4231 350 19 6.087000
4232 350 19 6.038000
4233 350 20 6.298000
4234 346 20 6.362000
4235 332 22 7.160000
4236 333 20 6.381000
4237 332 20 6.469000
4238 331 12 4.016000
4239 339 21 6.717000
4240 344 21 6.676000
4241 345 16 5.225000
4242 344 20 6.450000
4243 345 19 6.196000
4244 344 15 4.922000
4245 345 18 5.928000
4246 344 20 6.543000
4247 345 17 5.565000
4248 343 19 6.113000
4249 343 18 5.865000
4250 346 12 3.976000
4251 346 20 6.448000
4252 347 14 4.549000
4253 348 18 5.800000
4254 346 15 4.866000
4255 344 18 5.844000
4256 344 9 3.089000
4257 343 19 6.106000
4258 343 17 5.550000
4259 330 20 6.565000
4260 335 20 6.468000
4261 335 17 5.585000
4262 335 16 5.301000
4263 333 11 3.742000
4264 331 18 5.963000
4265 330 17 5.636000
4266 329 14 4.678000
4267 329 19 6.352000
4268 334 17 5.565000
4269 334 16 5.266000
4270 332 15 5.003000
4271 332 11 3.733000
4272 332 19 6.289000
4273 332 19 6.277000
4274 332 18 5.976000
4275 331 17 5.642000
4276 334 17 5.639000
4277 335 17 5.700000
4278 335 16 5.417000
4279 335 17 5.743000
4280 335 18 6.097000
4281 336 13 4.472000
4282 334 13 4.499000
4283 333 17 5.803000
4284 332 15 4.977000
4285 337 18 5.913000
4286 337 19 6.251000
4287 337 17 5.615000
4288 338 16 5.290000
4289 334 18 5.861000
4290 337 18 5.919000
4291 335 22 7.113000
4292 337 22 7.091000
4293 338 19 6.227000
4294 337 17 5.599000
4295 336 19 6.253000
4296 336 15 4.973000
4297 334 16 5.284000
4298 334 19 6.296000
4299 334 20 6.632000
4300 334 18 5.992000
4301 332 18 6.002000
4302 331 20 6.623000
4303 331 17 5.647000
4304 331 16 5.352000
4305 333 20 6.553000
4306 334 19 6.206000
4307 333 20 6.656000
4308 343 21 6.942000
4309 343 23 7.574000
4310 341 23 7.623000
4311 339 23 7.551000
4312 341 20 6.607000
4313 340 22 7.284000
4314 338 17 5.662000
4315 339 19 6.221000
4316 339 20 6.579000
4317 340 19 6.205000
4318 341 12 4.039000
4319 342 18 5.953000
4320 342 17 5.593000
4321 342 17 5.551000
4322 333 21 6.822000
4323 334 24 7.733000
4324 335 21 6.934000
4325 336 14 4.666000
4326 336 20 6.459000
4327 335 21 6.706000
4328 333 19 6.182000
4329 334 11 3.706000
4330 331 21 6.796000
4331 344 20 6.330000
4332 346 22 7.014000
4333 346 19 6.159000
4334 345 13 4.179000
4335 344 17 5.429000
4336 336 22 6.986000
4337 336 22 6.954000
4338 337 24 7.604000
4339 337 23 7.249000
4340 336 22 7.052000
4341 332 14 4.669000
4342 333 13 4.336000
4343 330 20 6.462000
4344 333 15 4.841000
4345 332 19 6.047000
4346 331 9 3.041000
4347 333 21 6.827000
4348 339 20 6.266000
4349 337 19 5.997000
4350 338 16 5.192000
4351 338 19 5.996000
4352 340 18 5.691000
4353 338 20 6.298000
4354 340 16 5.112000
4355 340 20 6.310000
4356 339 20 6.310000
4357 338 20 6.232000
4358 336 18 5.690000
4359 336 21 6.824000
4360 336 22 7.152000
4361 336 19 6.217000
4362 336 19 6.328000
4363 336 20 6.681000
4364 331 19 6.314000
4365 333 19 6.218000
4366 332 18 5.928000
4367 332 19 6.291000
4368 333 17 5.629000
4369 335 11 3.722000
4370 334 18 5.903000
4371 335 17 5.538000
4372 335 18 5.891000
4373 337 17 5.603000
4374 338 13 4.376000
4375 339 14 4.682000
4376 339 17 5.633000
4377 337 15 4.997000
4378 336 20 6.664000
4379 336 20 6.515000
4380 334 20 6.601000
4381 334 20 6.541000
4382 333 20 6.514000
4383 333 15 4.903000
4384 333 19 6.147000
4385 335 18 5.878000
4386 337 19 6.091000
4387 339 20 6.417000
4388 339 18 5.774000
4389 333 20 6.462000
4390 334 20 6.461000
4391 333 12 4.000000
4392 333 20 6.523000
4393 333 21 6.969000
4394 332 18 5.854000
4395 330 21 6.813000
4396 332 19 6.203000
4397 336 21 6.643000
4398 337 21 6.786000
4399 342 19 6.129000
4400 340 20 6.432000
4401 339 19 6.156000
4402 338 18 5.840000
4403 338 14 4.594000
4404 336 18 5.854000
4405 336 16 5.213000
4406 337 16 5.176000
4407 335 16 5.176000
4408 337 20 6.373000
4409 336 18 5.806000
4410 338 21 6.686000
4411 338 22 7.001000
4412 337 20 6.341000
4413 336 20 6.332000
4414 331 20 6.351000
4415 331 21 6.807000
4416 332 20 6.450000
4417 333 20 6.466000
4418 334 20 6.419000
4419 334 20 6.488000
4420 336 20 6.480000
4421 336 19 5.918000
4422 337 20 6.267000
4423 337 20 6.199000
4424 337 22 6.861000
4425 338 22 6.915000
4426 340 20 6.322000
4427 340 19 5.974000
4428 340 20 6.211000
4429 338 14 4.460000
4430 338 22 6.815000
4431 337 21 6.466000
4432 336 23 7.082000
4433 336 23 7.210000
4434 336 20 6.194000
4435 337 17 5.305000
4436 339 16 5.090000
4437 337 19 5.957000
4438 330 21 6.459000
4439 331 23 7.068000
4440 331 19 5.926000
4441 329 20 6.232000
4442 329 18 5.651000
4443 331 20 6.180000
4444 332 22 6.764000
4445 332 22 6.808000
4446 333 19 5.946000
4447 333 21 6.507000
4448 333 20 6.120000
4449 333 19 5.845000
4450 333 19 5.827000
4451 333 18 5.518000
4452 332 18 5.493000
4453 332 19 5.811000
4454 333 23 7.064000
4455 333 22 6.704000
4456 339 21 6.468000
4457 338 12 3.856000
4458 338 19 6.015000
4459 338 21 6.526000
4460 339 20 6.253000
4461 338 20 6.219000
4462 339 19 5.858000
4463 338 18 5.597000
4464 337 19 5.857000
4465 337 15 4.763000
4466 338 18 5.611000
4467 333 23 7.351000
4468 334 24 7.594000
4469 334 22 7.000000
4470 337 21 6.697000
4471 341 23 7.172000
4472 335 22 6.941000
4473 335 24 7.572000
4474 336 22 7.009000
4475 337 23 7.293000
4476 333 21 6.779000
4477 334 22 6.990000
4478 336 21 6.681000
4479 337 22 6.997000
4480 336 21 6.675000
4481 334 19 6.092000
4482 343 21 6.639000
4483 349 22 6.930000
4484 346 22 7.046000
4485 346 22 7.196000
4486 345 21 6.685000
4487 345 21 6.736000
4488 342 17 5.522000
4489 349 19 5.980000
4490 349 21 6.728000
4491 350 20 6.284000
4492 348 20 6.346000
4493 348 20 6.304000
4494 348 17 5.417000
4495 348 17 5.394000
4496 348 19 5.949000
4497 348 20 6.212000
4498 347 10 3.272000
4499 342 18 5.788000
4500 343 19 6.123000
4501 343 18 5.877000
4502 342 19 6.154000
4503 343 19 6.086000
4504 332 22 7.184000
4505 344 19 6.347000
4506 342 18 6.003000
4507 343 15 5.006000
4508 343 19 6.225000
4509 344 19 6.319000
4510 344 15 4.979000
4511 345 18 5.890000
4512 344 15 4.997000
4513 345 15 4.990000
4514 345 18 5.759000
4515 345 16 5.140000
4516 344 18 5.717000
4517 345 20 6.146000
4518 345 22 6.736000
4519 347 20 6.157000
4520 350 20 6.095000
4521 350 20 6.091000
4522 352 19 5.810000
4523 351 14 4.389000
4524 351 14 4.359000
4525 349 18 5.564000
4526 350 19 5.815000
4527 349 19 5.846000
4528 348 18 5.601000
4529 349 18 5.591000
4530 347 18 5.633000
4531 348 19 5.935000
4532 350 14 4.463000
4533 350 16 5.038000
4534 350 15 4.757000
4535 349 17 5.359000
4536 347 17 5.381000
4537 348 18 5.755000
4538 350 16 5.109000
4539 352 18 5.687000
4540 352 20 6.266000
4541 353 17 5.376000
4542 352 19 5.992000
4543 352 17 5.377000
4544 352 18 5.669000
4545 351 17 5.361000
4546 351 15 4.815000
4547 347 19 6.121000
4548 349 18 5.750000
4549 351 18 5.804000
4550 350 15 4.887000
4551 349 16 5.212000
4552 349 17 5.531000
4553 350 15 4.869000
4554 351 18 5.794000
4555 327 18 5.670000
4556 330 20 6.285000
4557 329 19 6.005000
4558 326 18 5.649000
4559 325 18 5.647000
4560 323 16 5.116000
4561 323 17 5.425000
4562 322 18 5.710000
4563 336 21 6.531000
4564 337 19 5.932000
4565 337 19 5.951000
4566 339 20 6.351000
4567 337 20 6.306000
4568 338 19 6.044000
4569 338 19 5.976000
4570 337 19 5.968000
4571 341 18 5.737000
4572 339 20 6.454000
4573 339 21 6.747000
4574 338 20 6.529000
4575 339 20 6.375000
4576 337 19 6.136000
4577 336 21 6.707000
4578 334 17 5.449000
4579 333 18 5.747000
4580 335 18 5.703000
4581 334 20 6.343000
4582 334 19 6.045000
4583 334 19 6.045000
4584 336 20 6.343000
4585 333 18 5.711000
4586 333 19 5.986000
4587 335 19 6.047000
4588 334 19 5.991000
4589 337 18 5.739000
4590 338 15 4.832000
4591 330 19 6.098000
4592 329 21 6.742000
4593 328 20 6.498000
4594 328 18 5.854000
4595 334 16 5.134000
4596 333 21 6.637000
4597 333 16 5.164000
4598 333 20 6.373000
4599 335 21 6.620000
4600 335 20 6.372000
4601 333 19 6.114000
4602 334 18 5.755000
4603 334 20 6.412000
4604 341 20 6.406000
4605 337 19 6.165000
4606 338 17 5.469000
4607 338 12 3.951000
4608 338 18 5.769000
4609 337 13 4.239000
4610 335 17 5.497000
4611 339 19 6.095000
4612 337 12 3.879000
4613 335 14 4.539000
4614 336 16 5.092000
4615 334 14 4.538000
4616 336 20 6.316000
4617 337 19 5.979000
4618 336 15 4.803000
4619 339 17 5.337000
4620 339 20 6.352000
4621 340 12 3.878000
4622 341 14 4.450000
4623 341 15 4.747000
4624 343 15 4.677000
4625 344 17 5.343000
4626 345 11 3.531000
4627 342 17 5.300000
4628 342 21 6.502000
4629 340 19 6.014000
4630 339 21 6.510000
4631 337 20 6.271000
4632 338 18 5.690000
4633 339 16 5.177000
4634 338 19 6.104000
4635 338 19 5.980000
4636 340 18 5.662000
4637 341 19 5.988000
4638 339 19 6.071000
4639 340 20 6.355000
4640 339 19 6.115000
4641 343 20 6.256000
4642 338 21 6.700000
4643 338 19 6.028000
4644 337 20 6.345000
4645 336 19 6.006000
4646 338 18 5.709000
4647 339 18 5.676000
4648 338 19 6.043000
4649 339 21 6.666000
4650 339 20 6.285000
4651 340 19 5.996000
4652 341 21 6.588000
4653 338 20 6.368000
4654 337 20 6.343000
4655 337 19 6.208000
4656 338 18 5.799000
4657 342 20 6.374000
4658 342 19 6.121000
4659 335 19 6.102000
4660 341 20 6.428000
4661 340 23 7.247000
4662 341 21 6.652000
4663 344 18 5.827000
4664 344 18 5.738000
4665 345 17 5.404000
4666 343 19 5.979000
4667 338 17 5.354000
4668 337 20 6.294000
4669 337 19 5.952000
4670 339 21 6.605000
4671 338 20 6.218000
4672 337 21 6.537000
4673 337 19 5.888000
4674 336 19 5.926000
4675 338 16 5.022000
4676 347 21 6.646000
4677 347 20 6.372000
4678 337 19 5.965000
4679 341 19 6.038000
4680 341 18 5.726000
4681 342 18 5.679000
4682 341 18 5.674000
4683 339 17 5.343000
4684 339 18 5.612000
4685 340 18 5.657000
4686 339 16 5.076000
4687 337 15 4.782000
4688 337 15 4.789000
4689 340 10 3.243000
4690 339 19 5.902000
4691 340 17 5.342000
4692 340 19 5.943000
4693 340 21 6.544000
4694 341 23 7.143000
4695 341 16 5.046000
4696 340 22 6.888000
4697 339 22 6.858000
4698 337 23 7.077000
4699 335 21 6.398000
4700 331 21 6.517000
4701 333 21 6.503000
4702 336 20 6.126000
4703 335 18 5.577000
4704 335 20 6.122000
4705 335 21 6.364000
4706 334 21 6.520000
4707 342 21 6.447000
4708 341 21 6.499000
4709 344 15 4.705000
4710 343 21 6.411000
4711 337 24 7.282000
4712 337 23 7.006000
4713 334 19 5.847000
4714 335 19 5.849000
4715 338 19 5.934000
4716 336 21 6.409000
4717 336 18 5.547000
4718 332 19 5.893000
4719 336 19 5.842000
4720 336 21 6.468000
4721 338 21 6.555000
4722 339 19 5.971000
4723 339 20 6.300000
4724 339 19 5.889000
4725 339 20 6.228000
4726 336 20 6.159000
4727 331 21 6.705000
4728 330 21 6.641000
4729 331 20 6.284000
4730 331 20 6.322000
4731 338 22 6.763000
4732 338 21 6.443000
4733 339 18 5.643000
4734 338 17 5.299000
4735 338 16 4.960000
4736 337 20 6.128000
4737 338 18 5.619000
4738 337 19 5.883000
4739 337 20 6.250000
4740 341 14 4.428000
4741 339 21 6.471000
4742 338 16 5.027000
4743 336 20 6.204000
4744 337 19 5.916000
4745 338 21 6.480000
4746 337 20 6.234000
4747 336 20 6.239000
4748 336 20 6.220000
4749 335 19 5.893000
4750 334 20 6.221000
4751 336 19 5.812000
4752 334 22 6.688000
4753 334 21 6.411000
4754 334 19 5.811000
4755 332 16 4.974000
4756 334 19 5.839000
4757 334 19 5.842000
4758 335 20 6.162000
4759 335 19 5.882000
4760 336 19 5.861000
4761 336 11 3.498000
4762 335 20 6.150000
4763 335 22 6.758000
4764 335 21 6.453000
4765 335 20 6.181000
4766 334 19 5.875000
4767 335 20 6.099000
4768 335 21 6.448000
4769 338 21 6.432000
4770 338 21 6.370000
4771 338 20 6.124000
4772 337 21 6.437000
4773 338 22 6.800000
4774 338 19 5.868000
4775 341 16 5.017000
4776 341 21 6.442000
4777 340 21 6.546000
4778 344 18 5.645000
4779 344 20 6.365000
4780 343 19 5.982000
4781 342 22 6.898000
4782 341 19 5.957000
4783 353 21 6.635000
4784 353 22 6.927000
4785 353 20 6.286000
4786 352 22 6.922000
4787 352 23 7.252000
4788 353 21 6.567000
4789 350 23 7.236000
4790 351 22 6.890000
4791 352 22 6.939000
4792 351 18 5.732000
4793 352 20 6.327000
4794 350 19 6.087000
4795 352 19 6.092000
4796 352 19 6.127000
4797 351 18 5.793000
4798 349 12 3.988000
4799 349 19 6.087000
4800 349 20 6.360000
4801 348 22 6.938000
4802 348 22 6.939000
4803 348 21 6.610000
4804 349 21 6.660000
4805 347 20 6.385000
4806 346 20 6.378000
4807 346 19 6.140000
4808 344 20 6.423000
4809 345 18 5.768000
4810 344 21 6.679000
4811 346 23 7.255000
4812 337 20 6.289000
4813 338 15 4.765000
4814 342 21 6.518000
4815 342 22 6.816000
4816 344 18 5.633000
4817 344 19 5.898000
4818 344 19 5.932000
4819 346 20 6.210000
4820 346 17 5.289000
4821 346 20 6.220000
4822 347 9 2.935000
4823 349 17 5.318000
4824 351 19 5.930000
4825 351 18 5.659000
4826 348 18 5.663000
4827 348 18 5.614000
4828 353 15 4.723000
4829 355 15 4.753000
4830 352 16 5.010000
4831 350 19 5.900000
4832 345 19 5.952000
4833 346 19 5.909000
4834 347 17 5.344000
4835 348 17 5.300000
4836 349 19 5.958000
4837 349 11 3.556000
4838 349 19 5.979000
4839 339 22 6.929000
4840 341 21 6.686000
4841 341 20 6.350000
4842 341 20 6.247000
4843 342 20 6.282000
4844 342 21 6.563000
4845 341 20 6.272000
4846 341 24 7.439000
4847 342 23 7.174000
4848 341 19 5.974000
4849 343 19 5.965000
4850 336 22 6.832000
4851 337 22 6.833000
4852 337 21 6.555000
4853 336 21 6.531000
4854 335 20 6.228000
4855 340 20 6.308000
4856 342 20 6.351000
4857 342 18 5.665000
4858 342 19 6.018000
4859 342 19 6.022000
4860 343 18 5.686000
4861 343 18 5.736000
4862 346 16 5.082000
4863 346 17 5.400000
4864 347 17 5.415000
4865 348 19 6.076000
4866 348 18 5.716000
4867 348 17 5.361000
4868 347 16 5.153000
4869 347 16 5.193000
4870 344 19 6.096000
4871 343 20 6.389000
4872 341 19 6.025000
4873 343 19 6.056000
4874 345 19 6.018000
4875 346 22 6.959000
4876 345 19 6.068000
4877 345 18 5.762000
4878 344 18 5.733000
4879 343 18 5.763000
4880 343 19 6.042000
4881 342 18 5.704000
4882 341 19 6.070000
4883 340 18 5.754000
4884 340 18 5.791000
4885 337 18 5.807000
4886 337 20 6.309000
4887 337 19 6.104000
4888 337 18 5.737000
4889 337 16 5.134000
4890 339 17 5.401000
4891 340 13 4.153000
4892 345 20 6.258000
4893 344 22 6.884000
4894 342 13 4.180000
4895 339 17 5.379000
4896 336 17 5.381000
4897 337 18 5.630000
4898 336 19 5.956000
4899 335 11 3.523000
4900 334 20 6.420000
4901 336 23 7.341000
4902 336 19 6.130000
4903 335 21 6.727000
4904 335 21 6.721000
4905 335 20 6.457000
4906 332 18 5.829000
4907 329 18 5.873000
4908 332 19 6.093000
4909 331 20 6.263000
4910 336 20 6.417000
4911 329 16 5.175000
4912 329 21 6.744000
4913 329 21 6.781000
4914 329 18 5.864000
4915 329 16 5.248000
4916 329 19 6.175000
4917 329 19 6.085000
4918 329 19 6.028000
4919 332 21 6.570000
4920 330 17 5.434000
4921 330 17 5.439000
4922 329 14 4.496000
4923 329 12 3.946000
4924 328 14 4.498000
4925 329 20 6.333000
4926 329 22 6.979000
4927 329 18 5.759000
4928 330 18 5.680000
4929 331 20 6.405000
4930 328 20 6.426000
4931 329 22 7.076000
4932 329 16 5.123000
4933 329 20 6.329000
4934 329 19 5.925000
4935 328 19 6.011000
4936 326 19 6.125000
4937 325 10 3.386000
4938 325 21 6.681000
4939 325 20 6.291000
4940 325 20 6.358000
4941 326 18 5.789000
4942 327 18 5.820000
4943 330 19 6.123000
4944 330 21 6.862000
4945 329 21 6.942000
4946 329 22 7.177000
4947 331 14 4.699000
4948 332 19 6.203000
4949 332 20 6.630000
4950 333 19 6.234000
4951 332 20 6.550000
4952 331 20 6.498000
4953 334 22 6.991000
4954 337 18 5.652000
4955 338 19 5.983000
4956 338 17 5.438000
4957 336 18 5.745000
4958 336 17 5.442000
4959 335 17 5.404000
4960 335 17 5.415000
4961 334 18 5.710000
4962 333 17 5.413000
4963 333 16 5.151000
4964 334 16 5.099000
4965 335 17 5.459000
4966 335 17 5.503000
4967 335 19 6.178000
4968 335 17 5.533000
4969 335 17 5.535000
4970 339 16 5.216000
4971 338 19 6.110000
4972 340 16 5.156000
4973 340 19 5.975000
4974 341 15 4.770000
4975 341 17 5.404000
4976 341 20 6.265000
4977 341 18 5.803000
4978 341 21 6.687000
4979 341 21 6.726000
4980 341 21 6.772000
4981 343 20 6.511000
4982 343 20 6.520000
4983 343 20 6.471000
4984 338 22 7.014000
4985 340 21 6.719000
4986 339 24 7.732000
4987 339 21 6.873000
4988 340 21 6.884000
4989 339 23 7.356000
4990 343 25 7.899000
4991 344 21 6.685000
4992 346 21 6.590000
4993 345 20 6.262000
4994 344 18 5.715000
4995 344 18 5.766000
4996 342 18 5.794000
4997 341 20 6.403000
4998 340 20 6.377000
4999 342 17 5.351000
5000 337 18 5.739000
5001 336 18 5.726000
5002 336 13 4.192000
5003 339 18 5.643000
5004 339 20 6.276000
5005 338 20 6.208000
5006 338 13 4.209000
5007 339 14 4.557000
5008 338 20 6.381000
5009 337 18 5.741000
5010 339 18 5.696000
5011 340 20 6.453000
5012 340 18 5.827000
5013 340 17 5.446000
5014 340 16 5.089000
5015 338 18 5.698000
5016 337 19 6.081000
5017 335 19 6.086000
5018 337 16 5.115000
5019 340 17 5.532000
5020 344 20 6.328000
5021 344 21 6.651000
5022 347 14 4.547000
5023 346 18 5.796000
5024 346 18 5.663000
5025 345 19 5.972000
5026 345 21 6.657000
5027 343 17 5.462000
5028 342 21 6.680000
5029 342 19 6.041000
5030 340 17 5.486000
5031 341 18 5.719000
5032 342 16 5.181000
5033 340 12 3.909000
5034 339 18 5.619000
5035 339 17 5.342000
5036 341 17 5.330000
5037 341 18 5.732000
5038 342 17 5.438000
5039 341 21 6.661000
5040 340 14 4.503000
5041 340 19 6.062000
5042 340 18 5.773000
5043 340 20 6.318000
5044 340 21 6.621000
5045 338 12 3.827000
5046 338 21 6.527000
5047 339 17 5.342000
5048 339 17 5.304000
5049 338 18 5.628000
5050 337 17 5.409000
5051 338 21 6.614000
5052 336 22 6.891000
5053 335 22 6.917000
5054 334 19 5.937000
5055 333 20 6.308000
5056 334 20 6.267000
5057 333 20 6.222000
5058 333 17 5.294000
5059 333 13 4.166000
5060 334 14 4.443000
5061 319 13 4.208000
5062 320 17 5.360000
5063 320 16 5.078000
5064 317 23 7.230000
5065 317 24 7.552000
5066 317 20 6.283000
5067 321 19 5.948000
5068 322 19 5.951000
5069 323 21 6.589000
5070 323 20 6.284000
5071 324 21 6.665000
5072 325 20 6.322000
5073 324 19 6.081000
5074 318 20 6.284000
5075 321 20 6.316000
5076 320 19 5.978000
5077 320 18 5.767000
5078 320 20 6.295000
5079 320 20 6.322000
5080 322 22 6.945000
5081 323 22 7.000000
5082 324 21 6.751000
5083 327 19 5.963000
5084 326 20 6.125000
5085 326 21 6.575000
5086 325 20 6.258000
5087 325 23 7.180000
5088 325 23 7.231000
5089 325 22 6.924000
5090 324 19 5.988000
5091 326 19 5.891000
5092 326 20 6.136000
5093 325 20 6.196000
5094 326 20 6.229000
5095 326 19 5.995000
5096 326 20 6.302000
5097 326 19 5.974000
5098 325 22 6.928000
5099 326 22 6.802000
5100 326 19 5.930000
5101 326 19 5.927000
5102 324 17 5.329000
5103 327 19 5.896000
5104 327 18 5.663000
5105 329 20 6.266000
5106 327 22 6.955000
5107 326 23 7.203000
5108 325 19 6.040000
5109 324 22 6.789000
5110 319 22 6.904000
5111 319 22 6.916000
5112 319 19 5.997000
5113 328 20 6.311000
5114 328 18 5.725000
5115 323 20 6.300000
5116 327 18 5.672000
5117 327 19 5.996000
5118 329 22 6.879000
5119 325 21 6.691000
5120 326 19 6.044000
5121 327 19 6.028000
5122 327 20 6.351000
5123 327 19 5.996000
5124 327 22 6.993000
5125 326 19 6.016000
5126 326 21 6.725000
5127 327 18 5.815000
5128 327 20 6.301000
5129 325 13 4.255000
5130 325 20 6.387000
5131 324 19 6.018000
5132 324 20 6.319000
5133 325 21 6.623000
5134 325 20 6.406000
5135 326 20 6.369000
5136 327 21 6.652000
5137 327 19 6.089000
5138 330 19 6.056000
5139 332 20 6.351000
5140 331 17 5.502000
5141 332 20 6.350000
5142 332 21 6.684000
5143 331 20 6.280000
5144 328 21 6.590000
5145 326 18 5.770000
5146 325 18 5.765000
5147 323 18 5.784000
5148 322 19 6.064000
5149 322 23 7.299000
5150 322 24 7.609000
5151 327 22 6.921000
5152 328 19 6.110000
5153 327 19 6.017000
5154 328 23 7.289000
5155 327 23 7.242000
5156 328 18 5.743000
5157 327 18 5.708000
5158 323 20 6.213000
5159 322 20 6.168000
5160 321 20 6.246000
5161 321 20 6.233000
5162 323 17 5.378000
5163 323 20 6.210000
5164 323 19 5.960000
5165 325 10 3.236000
5166 325 19 5.906000
5167 324 20 6.154000
5168 323 20 6.306000
5169 324 16 5.028000
5170 323 20 6.281000
5171 325 12 3.827000
5172 342 21 6.425000
5173 338 24 7.323000
5174 337 20 6.191000
5175 339 20 6.201000
5176 345 24 7.388000
5177 347 25 7.642000
5178 348 20 6.187000
5179 347 21 6.466000
5180 346 19 5.835000
5181 347 16 4.981000
5182 346 17 5.213000
5183 339 20 6.222000
5184 338 20 6.216000
5185 338 18 5.696000
5186 341 18 5.595000
5187 338 20 6.181000
5188 342 19 5.961000
5189 344 20 6.317000
5190 339 20 6.463000
5191 328 21 6.704000
5192 329 20 6.332000
5193 331 21 6.756000
5194 327 21 6.834000
5195 327 20 6.464000
5196 327 19 6.208000
5197 327 19 6.191000
5198 327 17 5.581000
5199 327 18 5.859000
5200 332 21 6.668000
5201 332 21 6.689000
5202 327 19 5.991000
5203 328 21 6.586000
5204 327 19 6.047000
5205 327 20 6.316000
5206 325 20 6.205000
5207 327 22 6.882000
5208 323 23 7.283000
5209 325 21 6.609000
5210 326 22 6.954000
5211 327 19 6.007000
5212 323 21 6.656000
5213 323 21 6.599000
5214 322 23 7.304000
5215 321 22 7.002000
5216 322 18 5.822000
5217 319 21 6.772000
5218 322 18 5.805000
5219 321 19 6.127000
5220 322 20 6.446000
5221 324 21 6.696000
5222 323 21 6.641000
5223 321 21 6.651000
5224 321 16 5.106000
5225 324 19 6.027000
5226 322 21 6.592000
5227 324 19 6.000000
5228 325 20 6.360000
5229 324 17 5.456000
5230 325 19 6.164000
5231 325 21 6.724000
5232 324 19 6.013000
5233 324 20 6.346000
5234 325 20 6.315000
5235 325 20 6.382000
5236 324 21 6.680000
5237 323 20 6.384000
5238 322 19 5.984000
5239 324 19 6.020000
5240 323 21 6.615000
5241 325 20 6.407000
5242 323 19 6.081000
5243 323 20 6.358000
5244 324 18 5.688000
5245 323 17 5.404000
5246 324 23 7.246000
5247 322 24 7.523000
5248 321 20 6.354000
5249 321 20 6.395000
5250 335 20 6.337000
5251 326 23 7.302000
5252 325 23 7.265000
5253 324 20 6.379000
5254 325 22 6.940000
5255 321 20 6.331000
5256 323 20 6.327000
5257 324 20 6.431000
5258 323 21 6.621000
5259 326 21 6.627000
5260 324 20 6.392000
5261 325 23 7.367000
5262 326 22 7.086000
5263 327 20 6.378000
5264 322 21 6.685000
5265 321 21 6.701000
5266 320 22 6.959000
5267 320 21 6.743000
5268 323 20 6.380000
5269 321 21 6.700000
5270 321 15 4.885000
5271 320 19 6.089000
5272 319 21 6.713000
5273 321 19 6.092000
5274 319 21 6.756000
5275 319 20 6.432000
5276 322 20 6.417000
5277 320 21 6.754000
5278 322 19 6.137000
5279 323 20 6.480000
5280 324 20 6.397000
5281 325 22 7.079000
5282 325 21 6.757000
5283 326 24 7.657000
5284 326 20 6.427000
5285 323 19 6.148000
5286 339 21 6.476000
5287 329 23 7.367000
5288 327 24 7.684000
5289 328 22 6.990000
5290 327 21 6.764000
5291 327 20 6.444000
5292 324 22 6.950000
5293 324 24 7.558000
5294 325 23 7.262000
5295 321 24 7.502000
5296 323 20 6.333000
5297 321 19 6.055000
5298 322 19 5.988000
5299 324 14 4.445000
5300 324 20 6.149000
5301 322 21 6.568000
5302 323 22 6.939000
5303 322 22 6.972000
5304 321 22 6.970000
5305 325 19 6.150000
5306 329 23 7.382000
5307 329 26 8.176000
5308 329 23 7.368000
5309 330 23 7.409000
5310 330 23 7.328000
5311 331 20 6.450000
5312 335 21 6.722000
5313 335 19 6.108000
5314 333 22 7.028000
5315 332 20 6.397000
5316 321 23 7.378000
5317 321 24 7.691000
5318 321 19 6.122000
5319 321 20 6.437000
5320 322 19 6.118000
5321 321 20 6.372000
5322 322 22 7.041000
5323 323 22 7.072000
5324 322 23 7.366000
5325 321 12 4.016000
5326 322 20 6.409000
5327 321 21 6.739000
5328 321 11 3.662000
5329 322 20 6.461000
5330 323 22 7.120000
5331 325 17 5.541000
5332 324 21 6.775000
5333 325 21 6.762000
5334 327 24 7.813000
5335 328 24 7.775000
5336 328 22 7.081000
5337 328 23 7.429000
5338 327 23 7.423000
5339 328 16 5.321000
5340 329 21 6.830000
5341 330 22 7.201000
5342 330 21 6.869000
5343 330 21 6.867000
5344 328 20 6.604000
5345 327 21 6.943000
5346 329 20 6.555000
5347 328 11 3.753000
5348 327 21 6.911000
5349 328 20 6.641000
5350 327 20 6.659000
5351 330 19 6.372000
5352 331 18 6.070000
5353 328 19 6.397000
5354 329 22 7.066000
5355 325 23 7.175000
5356 321 22 7.033000
5357 322 20 6.313000
5358 322 17 5.415000
5359 322 17 5.330000
5360 324 20 6.235000
5361 324 20 6.236000
5362 325 18 5.722000
5363 326 20 6.319000
5364 326 19 6.015000
5365 325 22 6.870000
5366 325 22 6.875000
5367 326 21 6.521000
5368 328 22 7.164000
5369 331 21 6.806000
5370 331 21 6.744000
5371 332 19 6.069000
5372 329 19 6.118000
5373 331 21 6.694000
5374 330 20 6.370000
5375 331 22 6.937000
5376 332 24 7.521000
5377 329 16 5.115000
5378 331 23 7.284000
5379 331 23 7.283000
5380 332 21 6.693000
5381 331 20 6.358000
5382 330 23 7.271000
5383 330 23 7.260000
5384 330 23 7.266000
5385 328 20 6.397000
5386 327 19 6.102000
5387 329 21 6.705000
5388 329 20 6.403000
5389 330 19 6.070000
5390 331 9 3.032000
5391 332 19 6.088000
5392 334 19 6.103000
5393 333 22 7.006000
5394 331 22 7.023000
5395 333 22 7.009000
5396 333 20 6.439000
5397 333 19 6.131000
5398 331 19 6.196000
5399 328 12 4.014000
5400 327 18 5.894000
5401 327 19 6.174000
5402 328 19 6.062000
5403 327 19 6.143000
5404 326 20 6.399000
5405 327 19 6.092000
5406 327 20 6.437000
5407 325 20 6.491000
5408 324 20 6.465000
5409 324 18 5.946000
5410 325 21 6.711000
5411 327 23 7.418000
5412 329 20 6.472000
5413 329 17 5.535000
5414 331 22 7.086000
5415 331 21 6.822000
5416 333 22 7.122000
5417 332 21 6.678000
5418 333 23 7.308000
5419 331 22 7.100000
5420 325 20 6.554000
5421 326 22 7.225000
5422 326 19 6.222000
5423 323 19 6.289000
5424 324 19 6.303000
5425 323 18 5.892000
5426 322 20 6.598000
5427 323 19 6.245000
5428 323 19 6.180000
5429 324 18 5.877000
5430 325 18 5.905000
5431 325 16 5.263000
5432 326 21 6.850000
5433 326 19 6.224000
5434 326 22 7.124000
5435 328 20 6.518000
5436 324 19 6.043000
5437 325 17 5.481000
5438 323 18 5.713000
5439 324 20 6.372000
5440 323 21 6.676000
5441 323 18 5.681000
5442 323 19 6.074000
5443 322 17 5.457000
5444 321 17 5.478000
5445 323 18 5.796000
5446 323 18 5.743000
5447 325 16 5.160000
5448 323 17 5.453000
5449 321 19 5.997000
5450 322 17 5.381000
5451 322 18 5.738000
5452 322 20 6.285000
5453 323 22 6.930000
5454 322 18 5.696000
5455 325 22 6.862000
5456 324 17 5.442000
5457 326 17 5.414000
5458 323 14 4.544000
5459 323 15 4.866000
5460 324 14 4.580000
5461 320 15 4.792000
5462 321 16 5.088000
5463 321 21 6.552000
5464 322 24 7.418000
5465 334 18 5.565000
5466 332 17 5.261000
5467 332 21 6.490000
5468 331 13 4.129000
5469 329 15 4.756000
5470 329 17 5.381000
5471 327 12 3.854000
5472 328 15 4.781000
5473 327 16 5.116000
5474 327 16 5.145000
5475 328 16 5.095000
5476 329 18 5.681000
5477 329 17 5.402000
5478 327 17 5.404000
5479 328 15 4.814000
5480 329 12 3.889000
5481 327 12 3.908000
5482 327 12 3.884000
5483 329 17 5.373000
5484 329 17 5.433000
5485 330 11 3.572000
5486 329 12 3.885000
5487 334 13 4.154000
5488 331 12 3.835000
5489 330 14 4.445000
5490 331 16 5.011000
5491 329 17 5.347000
5492 329 13 4.086000
5493 329 15 4.711000
5494 330 15 4.729000
5495 330 12 3.851000
5496 332 14 4.422000
5497 333 16 4.980000
5498 329 15 4.762000
5499 329 12 3.908000
5500 330 15 4.829000
5501 331 17 5.397000
5502 321 21 6.593000
5503 319 24 7.495000
5504 319 19 5.982000
5505 320 21 6.492000
5506 319 20 6.229000
5507 319 19 5.928000
5508 321 19 5.978000
5509 322 21 6.553000
5510 320 21 6.480000
5511 320 23 7.053000
5512 319 18 5.542000
5513 320 19 5.832000
5514 320 10 3.213000
5515 319 19 5.827000
5516 320 11 3.540000
5517 319 19 5.907000
5518 320 21 6.507000
5519 320 22 6.779000
5520 321 20 6.192000
5521 320 20 6.132000
5522 322 21 6.434000
5523 324 21 6.486000
5524 326 16 4.964000
5525 326 18 5.612000
5526 326 19 5.892000
5527 325 17 5.289000
5528 325 17 5.289000
5529 326 18 5.609000
5530 322 17 5.287000
5531 325 19 5.912000
5532 322 18 5.576000
5533 322 16 5.004000
5534 322 17 5.276000
5535 322 18 5.551000
5536 320 18 5.543000
5537 319 18 5.586000
5538 320 16 4.978000
5539 322 17 5.276000
5540 323 19 5.901000
5541 324 20 6.200000
5542 323 20 6.189000
5543 325 19 5.913000
5544 326 19 5.940000
5545 327 19 5.865000
5546 327 19 5.833000
5547 325 18 5.571000
5548 324 19 5.814000
5549 323 19 5.809000
5550 323 19 5.858000
5551 325 18 5.576000
5552 326 17 5.247000
5553 326 11 3.490000
5554 326 19 5.777000
5555 326 16 4.970000
5556 331 22 6.856000
5557 329 22 6.818000
5558 329 17 5.389000
5559 331 19 5.951000
5560 331 20 6.258000
5561 331 18 5.626000
5562 331 18 5.582000
5563 329 20 6.187000
5564 328 22 6.749000
5565 329 23 7.047000
5566 332 21 6.446000
5567 331 17 5.233000
5568 327 20 6.178000
5569 325 20 6.192000
5570 326 15 4.742000
5571 324 19 5.917000
5572 325 19 5.910000
5573 326 16 5.014000
5574 329 17 5.282000
5575 333 19 5.916000
5576 333 15 4.720000
5577 331 18 5.615000
5578 333 19 5.822000
5579 331 20 6.087000
5580 330 18 5.486000
5581 330 16 4.922000
5582 331 19 5.785000
5583 330 19 5.804000
5584 330 17 5.181000
5585 330 17 5.177000
5586 331 9 2.839000
5587 331 17 5.111000
5588 332 19 5.693000
5589 333 20 5.984000
5590 332 16 4.902000
5591 332 17 5.161000
5592 332 15 4.595000
5593 333 19 5.717000
5594 334 21 6.277000
5595 334 21 6.291000
5596 334 24 7.148000
5597 333 20 5.995000
5598 333 22 6.556000
5599 333 12 3.672000
5600 335 19 5.704000
5601 334 19 5.701000
5602 333 19 5.699000
5603 335 18 5.381000
5604 333 19 5.698000
5605 333 22 6.566000
5606 333 21 6.321000
5607 332 22 6.542000
5608 331 20 6.059000
5609 331 18 5.474000
5610 332 19 5.759000
5611 334 19 5.709000
5612 333 18 5.487000
5613 335 17 5.226000
5614 320 20 6.204000
5615 323 21 6.558000
5616 329 21 6.387000
5617 330 20 6.120000
5618 329 20 6.094000
5619 335 20 6.269000
5620 336 20 6.294000
5621 335 19 5.940000
5622 333 17 5.405000
5623 331 21 6.641000
5624 332 21 6.633000
5625 332 18 5.721000
5626 332 18 5.783000
5627 332 19 6.055000
5628 332 18 5.750000
5629 332 19 6.035000
5630 332 19 6.031000
5631 334 20 6.361000
5632 332 20 6.369000
5633 335 19 6.022000
5634 334 19 6.072000
5635 334 19 6.044000
5636 332 17 5.464000
5637 331 19 6.072000
5638 331 19 6.068000
5639 335 21 6.791000
5640 337 22 7.068000
5641 338 21 6.788000
5642 336 20 6.427000
5643 336 19 6.150000
5644 337 18 5.834000
5645 339 19 6.199000
5646 339 10 3.364000
5647 341 20 6.581000
5648 340 21 6.797000
5649 339 21 6.752000
5650 342 19 6.293000
5651 342 19 6.290000
5652 335 22 6.900000
5653 331 20 6.316000
5654 331 20 6.344000
5655 332 18 5.707000
5656 332 19 6.073000
5657 332 17 5.494000
5658 338 15 4.844000
5659 340 17 5.505000
5660 337 18 5.749000
5661 336 19 6.005000
5662 336 19 6.020000
5663 318 25 7.789000
5664 318 24 7.472000
5665 323 21 6.523000
5666 323 21 6.603000
5667 324 20 6.260000
5668 324 22 6.898000
5669 321 21 6.629000
5670 321 21 6.608000
5671 322 22 6.952000
5672 322 22 6.992000
5673 322 22 6.993000
5674 322 20 6.211000
5675 324 20 6.244000
5676 322 22 6.864000
5677 322 22 6.879000
5678 322 22 6.900000
5679 319 23 7.199000
5680 319 22 6.891000
5681 320 20 6.388000
5682 320 21 6.705000
5683 319 21 6.486000
5684 318 21 6.619000
5685 317 22 6.945000
5686 321 20 6.096000
5687 317 22 6.908000
5688 317 22 6.820000
5689 321 21 6.578000
5690 321 20 6.300000
5691 322 20 6.342000
5692 321 20 6.285000
5693 320 18 5.721000
5694 318 23 7.159000
5695 318 23 7.146000
5696 321 20 6.238000
5697 320 21 6.510000
5698 335 22 6.763000
5699 342 22 6.707000
5700 342 20 6.136000
5701 332 20 6.126000
5702 333 20 6.130000
5703 333 20 6.198000
5704 337 21 6.718000
5705 337 22 6.967000
5706 337 21 6.683000
5707 338 19 6.049000
5708 338 19 6.059000
5709 334 21 6.499000
5710 338 22 7.007000
5711 338 20 6.385000
5712 332 22 6.726000
5713 329 22 6.680000
5714 338 17 5.453000
5715 338 19 6.042000
5716 339 21 6.663000
5717 341 20 6.313000
5718 336 20 6.175000
5719 337 22 6.763000
5720 336 21 6.436000
5721 337 21 6.503000
5722 338 19 5.859000
5723 338 18 5.524000
5724 337 23 7.110000
5725 338 22 6.746000
5726 343 22 6.693000
5727 343 20 6.123000
5728 344 20 6.136000
5729 343 21 6.417000
5730 343 19 5.838000
5731 343 20 6.164000
5732 342 21 6.469000
5733 342 20 6.261000
5734 342 19 5.865000
5735 342 21 6.422000
5736 342 21 6.416000
5737 341 18 5.638000
5738 341 22 6.779000
5739 342 22 6.812000
5740 341 20 6.264000
5741 343 21 6.470000
5742 341 22 6.869000
5743 339 15 4.762000
5744 343 20 6.372000
5745 341 21 6.675000
5746 339 21 6.627000
5747 340 21 6.613000
5748 340 21 6.641000
5749 342 22 6.862000
5750 341 21 6.561000
5751 341 21 6.580000
5752 341 21 6.613000
5753 342 22 6.958000
5754 341 22 6.983000
5755 341 21 6.621000
5756 339 19 6.077000
5757 338 19 6.060000
5758 338 20 6.293000
5759 343 23 7.224000
5760 341 24 7.471000
5761 342 22 6.911000
5762 339 22 6.865000
5763 340 22 6.871000
5764 340 19 5.966000
5765 339 18 5.679000
5766 339 18 5.653000
5767 341 19 5.909000
5768 334 20 6.290000
5769 332 20 6.277000
5770 332 21 6.563000
5771 336 21 6.539000
5772 336 22 6.815000
5773 325 25 7.787000
5774 322 22 6.959000
5775 322 21 6.622000
5776 324 20 6.371000
5777 319 21 6.680000
5778 318 22 7.012000
5779 318 19 6.048000
5780 318 20 6.302000
5781 319 17 5.412000
5782 319 22 6.855000
5783 318 22 6.944000
5784 318 20 6.385000
5785 319 22 6.932000
5786 319 22 6.929000
5787 318 19 6.008000
5788 319 18 5.715000
5789 319 20 6.327000
5790 319 13 4.218000
5791 320 18 5.729000
5792 320 15 4.829000
5793 322 19 6.120000
5794 321 20 6.453000
5795 321 18 5.797000
5796 322 20 6.365000
5797 322 19 6.055000
5798 320 12 3.938000
5799 318 18 5.765000
5800 318 21 6.643000
5801 320 19 6.046000
5802 321 20 6.329000
5803 322 22 6.955000
5804 326 18 5.670000
5805 325 17 5.365000
5806 327 19 5.885000
5807 327 19 5.931000
5808 329 22 6.775000
5809 326 22 6.824000
5810 329 19 5.906000
5811 328 19 5.957000
5812 329 20 6.308000
5813 328 20 6.259000
5814 329 18 5.728000
5815 330 18 5.676000
5816 331 19 5.942000
5817 333 19 6.054000
5818 328 21 6.535000
5819 327 22 6.828000
5820 326 14 4.524000
5821 326 18 5.742000
5822 328 18 5.706000
5823 327 19 6.031000
5824 325 20 6.326000
5825 324 21 6.577000
5826 327 14 4.456000
5827 326 18 5.582000
5828 325 22 6.881000
5829 325 22 6.895000
5830 325 21 6.572000
5831 326 20 6.350000
5832 325 20 6.323000
5833 323 20 6.351000
5834 323 20 6.399000
5835 323 17 5.363000
5836 322 19 6.031000
5837 322 20 6.342000
5838 321 18 5.789000
5839 321 16 5.117000
5840 322 12 3.939000
5841 321 18 5.813000
5842 321 18 5.816000
5843 324 19 6.096000
5844 324 17 5.458000
5845 323 11 3.615000
5846 323 18 5.762000
5847 324 20 6.462000
5848 322 19 6.015000
5849 323 18 5.711000
5850 321 15 4.838000
5851 323 14 4.553000
5852 322 16 5.143000
5853 323 17 5.500000
5854 322 19 6.048000
5855 324 18 5.720000
5856 324 17 5.470000
5857 325 20 6.379000
5858 325 21 6.704000
5859 327 19 6.179000
5860 327 15 4.875000
5861 327 18 5.784000
5862 324 19 6.070000
5863 323 18 5.786000
5864 324 16 5.239000
5865 324 11 3.696000
5866 325 19 6.044000
5867 325 13 4.270000
5868 325 18 5.720000
5869 326 20 6.324000
5870 326 21 6.637000
5871 326 20 6.354000
5872 331 19 6.020000
5873 329 21 6.670000
5874 328 21 6.691000
5875 330 20 6.244000
5876 328 20 6.204000
5877 324 20 6.349000
5878 325 21 6.681000
5879 327 18 5.630000
5880 328 18 5.585000
5881 326 18 5.625000
5882 326 16 5.065000
5883 325 18 5.556000
5884 332 19 5.856000
5885 331 20 6.185000
5886 332 19 5.900000
5887 330 19 5.824000
5888 326 19 5.929000
5889 326 21 6.438000
5890 325 19 5.835000
5891 319 21 6.436000
5892 321 19 5.763000
5893 324 21 6.388000
5894 325 20 6.122000
5895 326 19 5.766000
5896 326 20 6.040000
5897 326 21 6.371000
5898 328 21 6.412000
5899 327 21 6.411000
5900 329 23 6.987000
5901 331 23 6.985000
5902 330 20 6.185000
5903 330 17 5.294000
5904 325 20 6.190000
5905 321 22 7.184000
5906 320 23 7.451000
5907 321 20 6.464000
5908 322 13 4.294000
5909 323 20 6.352000
5910 320 20 6.372000
5911 323 21 6.657000
5912 321 18 5.885000
5913 321 18 5.846000
5914 318 19 6.124000
5915 317 18 5.816000
5916 324 18 5.611000
5917 329 17 5.289000
5918 331 22 6.760000
5919 331 20 6.155000
5920 331 18 5.567000
5921 330 20 6.292000
5922 331 16 5.083000
5923 332 19 5.947000
5924 319 21 6.887000
5925 318 22 7.239000
5926 325 21 6.589000
5927 325 21 6.655000
5928 326 20 6.276000
5929 320 20 6.421000
5930 322 22 7.068000
5931 322 22 6.974000
5932 323 19 6.095000
5933 324 19 6.109000
5934 325 21 6.708000
5935 325 21 6.586000
5936 325 21 6.648000
5937 325 19 6.001000
5938 323 19 6.034000
5939 323 20 6.323000
5940 323 22 6.961000
5941 324 21 6.677000
5942 323 21 6.708000
5943 322 22 7.044000
5944 321 19 6.157000
5945 326 21 6.740000
5946 327 21 6.637000
5947 325 18 5.778000
5948 325 19 6.060000
5949 325 20 6.492000
5950 326 21 6.697000
5951 324 21 6.704000
5952 324 9 3.062000
5953 324 18 5.874000
5954 328 14 4.564000
5955 328 19 6.152000
5956 328 21 6.731000
5957 327 20 6.379000
5958 328 21 6.589000
5959 328 20 6.297000
5960 328 20 6.285000
5961 328 20 6.331000
5962 329 22 7.003000
5963 327 21 6.480000
5964 332 20 6.334000
5965 331 21 6.655000
5966 331 21 6.704000
5967 334 22 7.105000
5968 332 20 6.246000
5969 334 22 6.902000
5970 335 22 6.920000
5971 334 21 6.687000
5972 334 19 6.111000
5973 334 17 5.438000
5974 334 20 6.317000
5975 333 21 6.467000
5976 331 23 7.085000
5977 331 21 6.533000
5978 335 22 6.808000
5979 335 23 6.961000
5980 337 19 5.870000
5981 337 19 5.816000
5982 335 21 6.511000
5983 335 18 5.616000
5984 334 19 5.912000
5985 333 21 6.502000
5986 335 22 6.664000
5987 335 20 6.118000
5988 335 18 5.587000
5989 334 18 5.529000
5990 334 16 4.916000
5991 334 19 5.886000
5992 331 18 5.634000
5993 330 18 5.609000
5994 330 18 5.581000
5995 346 13 4.032000
5996 345 19 5.813000
5997 344 17 5.133000
5998 346 12 3.702000
5999 347 14 4.330000
6000 351 16 4.873000
6001 351 17 5.153000
6002 350 20 6.084000
6003 350 19 5.726000
6004 349 17 5.090000
6005 350 19 5.650000
6006 351 17 5.171000
6007 351 10 3.186000
6008 334 22 6.650000
6009 342 22 7.071000
6010 341 20 6.386000
6011 342 17 5.464000
6012 343 19 6.068000
6013 342 19 5.967000
6014 342 16 5.115000
6015 343 18 5.675000
6016 343 19 5.879000
6017 340 22 6.849000
6018 338 21 6.694000
6019 339 19 6.046000
6020 344 22 7.105000
6021 342 21 6.786000
6022 345 20 6.376000
6023 345 20 6.492000
6024 345 22 7.043000
6025 344 23 7.211000
6026 347 22 6.906000
6027 346 21 6.707000
6028 345 22 6.931000
6029 347 12 3.951000
6030 346 19 5.930000
6031 346 14 4.492000
6032 344 20 6.215000
6033 342 20 6.215000
6034 328 20 6.294000
6035 331 13 4.223000
6036 331 18 5.677000
6037 339 21 6.623000
6038 340 22 6.924000
6039 339 16 5.136000
6040 336 21 6.497000
6041 335 10 3.273000
6042 337 18 5.636000
6043 339 20 6.231000
6044 336 22 6.815000
6045 340 19 6.047000
6046 338 13 4.212000
6047 336 17 5.297000
6048 335 15 4.738000
6049 336 18 5.577000
6050 336 17 5.363000
6051 336 18 5.592000
6052 340 18 5.655000
6053 341 18 5.513000
6054 342 20 6.210000
6055 342 19 5.881000
6056 338 19 5.992000
6057 338 19 5.988000
6058 339 20 6.370000
6059 339 19 6.025000
6060 340 19 6.096000
6061 336 17 5.442000
6062 336 19 5.913000
6063 337 18 5.677000
6064 337 19 5.940000
6065 337 20 6.222000
6066 339 19 6.032000
6067 339 11 3.661000
6068 339 17 5.444000
6069 341 11 3.641000
6070 341 17 5.395000
6071 334 19 5.993000
6072 334 18 5.672000
6073 334 20 6.285000
6074 336 17 5.356000
6075 335 17 5.331000
6076 334 17 5.337000
6077 334 20 6.228000
6078 333 17 5.378000
6079 332 18 5.902000
6080 333 18 5.668000
6081 333 18 5.597000
6082 333 18 5.654000
6083 334 20 6.307000
6084 335 18 5.640000
6085 336 20 6.087000
6086 335 19 5.835000
6087 335 20 6.141000
6088 335 14 4.479000
6089 334 15 4.744000
6090 333 15 4.650000
6091 333 14 4.420000
6092 333 10 3.284000
6093 335 13 4.208000
6094 333 21 6.555000
6095 333 21 6.600000
6096 333 21 6.572000
6097 334 11 3.622000
6098 333 16 5.154000
6099 332 21 6.654000
6100 332 22 6.965000
6101 333 21 6.591000
6102 332 19 6.041000
6103 333 14 4.579000
6104 333 15 4.827000
6105 347 22 6.817000
6106 339 21 6.641000
6107 340 21 6.736000
6108 340 19 6.178000
6109 341 19 6.021000
6110 340 19 6.068000
6111 340 16 5.162000
6112 340 19 5.950000
6113 339 20 6.444000
6114 339 19 6.037000
6115 335 20 6.299000
6116 336 19 6.020000
6117 336 18 5.889000
6118 337 22 7.048000
6119 339 22 6.853000
6120 337 23 7.306000
6121 338 19 6.034000
6122 337 20 6.141000
6123 338 20 6.339000
6124 336 19 6.033000
6125 336 13 4.177000
6126 338 20 6.281000
6127 340 19 6.086000
6128 340 16 5.134000
6129 341 17 5.462000
6130 342 18 5.623000
6131 341 19 5.925000
6132 341 20 6.319000
6133 339 21 6.640000
6134 337 21 6.447000
6135 336 20 6.203000
6136 338 19 5.904000
6137 339 16 5.093000
6138 340 16 5.098000
6139 341 18 5.608000
6140 343 18 5.549000
6141 343 20 6.199000
6142 343 21 6.599000
6143 344 21 6.655000
6144 343 18 5.657000
6145 343 19 5.979000
6146 343 18 5.720000
6147 342 19 6.038000
6148 342 18 5.662000
6149 341 18 5.821000
6150 340 19 6.011000
6151 340 19 5.985000
6152 340 15 4.828000
6153 341 18 5.884000
6154 341 18 5.757000
6155 341 14 4.543000
6156 340 13 4.201000
6157 340 17 5.446000
6158 339 14 4.523000
6159 341 11 3.627000
6160 337 16 5.098000
6161 337 20 6.435000
6162 335 17 5.547000
6163 335 17 5.399000
6164 336 15 4.798000
6165 336 16 5.113000
6166 334 15 4.884000
6167 333 16 5.207000
6168 335 18 5.751000
6169 335 18 5.797000
6170 333 18 5.816000
6171 334 16 5.206000
6172 334 15 4.863000
6173 335 16 5.092000
6174 333 18 5.753000
6175 332 14 4.542000
6176 339 14 4.433000
6177 339 21 6.605000
6178 340 17 5.391000
6179 341 16 5.020000
6180 340 15 4.699000
6181 339 12 3.869000
6182 339 15 4.743000
6183 339 16 4.999000
6184 339 13 4.118000
6185 340 13 4.209000
6186 340 14 4.430000
6187 340 13 4.160000
6188 340 13 4.111000
6189 343 14 4.440000
6190 344 15 4.764000
6191 341 11 3.621000
6192 340 15 4.807000
6193 336 13 4.156000
6194 335 13 4.135000
6195 334 20 6.236000
6196 333 17 5.359000
6197 332 17 5.454000
6198 336 17 5.421000
6199 336 18 5.684000
6200 337 19 6.017000
6201 337 13 4.197000
6202 337 17 5.442000
6203 337 16 5.131000
6204 337 14 4.556000
6205 338 15 4.847000
6206 337 17 5.449000
6207 337 16 5.145000
6208 338 12 4.016000
6209 340 11 3.682000
6210 340 13 4.294000
6211 340 14 4.630000
6212 340 11 3.616000
6213 340 14 4.614000
6214 340 12 3.883000
6215 340 17 5.411000
6216 340 17 5.328000
6217 341 18 5.662000
6218 341 18 5.688000
6219 341 16 5.086000
6220 340 18 5.810000
6221 339 17 5.332000
6222 341 21 6.508000
6223 340 19 6.083000
6224 338 20 6.258000
6225 338 19 5.937000
6226 338 19 5.925000
6227 339 18 5.653000
6228 335 20 6.334000
6229 335 19 5.907000
6230 336 19 5.896000
6231 336 19 5.923000
6232 337 15 4.754000
6233 336 13 4.165000
6234 338 22 6.761000
6235 337 20 6.216000
6236 340 18 5.517000
6237 339 19 5.831000
6238 339 19 5.869000
6239 339 18 5.491000
6240 340 18 5.541000
6241 337 19 5.860000
6242 335 10 3.272000
6243 336 21 6.485000
6244 335 22 6.796000
6245 335 22 6.888000
6246 334 17 5.356000
6247 334 18 5.596000
6248 334 14 4.436000
6249 334 15 4.682000
6250 336 13 4.188000
6251 336 18 5.615000
6252 334 17 5.307000
6253 336 13 4.087000
6254 337 18 5.603000
6255 333 18 5.790000
6256 333 20 6.437000
6257 336 17 5.535000
6258 336 18 5.740000
6259 337 17 5.489000
6260 338 18 5.893000
6261 332 20 6.504000
6262 335 23 7.366000
6263 345 18 5.593000
6264 344 23 7.024000
6265 345 19 5.863000
6266 344 21 6.540000
6267 344 20 6.240000
6268 341 19 5.943000
6269 341 22 6.682000
6270 342 16 5.008000
6271 344 14 4.334000
6272 345 22 6.652000
6273 346 24 7.321000
6274 345 19 5.813000
6275 332 23 7.318000
6276 332 22 7.020000
6277 334 20 6.357000
6278 334 19 6.153000
6279 328 21 6.742000
6280 328 22 7.047000
6281 329 21 6.734000
6282 331 19 6.131000
6283 331 22 6.958000
6284 335 21 6.488000
6285 336 21 6.575000
6286 337 23 7.137000
6287 337 21 6.582000
6288 337 23 7.136000
6289 337 22 6.906000
6290 336 22 6.868000
6291 334 21 6.599000
6292 334 21 6.682000
6293 338 23 6.864000
6294 342 23 7.174000
6295 342 20 6.288000
6296 342 22 6.810000
6297 342 22 6.809000
6298 342 21 6.479000
6299 342 21 6.462000
6300 347 22 6.750000
6301 345 22 6.740000
6302 343 21 6.406000
6303 341 22 6.727000
6304 343 22 6.818000
6305 342 22 6.902000
6306 342 19 5.923000
6307 331 22 6.944000
6308 331 17 5.367000
6309 331 18 5.644000
6310 333 19 5.995000
6311 337 21 6.580000
6312 332 21 6.559000
6313 332 22 6.872000
6314 332 21 6.569000
6315 334 12 3.854000
6316 333 18 5.659000
6317 334 21 6.422000
6318 333 21 6.525000
6319 335 20 6.238000
6320 339 22 6.767000
6321 338 23 7.119000
6322 346 23 7.005000
6323 345 22 6.759000
6324 346 22 6.727000
6325 346 22 6.807000
6326 347 22 6.731000
6327 348 21 6.476000
6328 347 22 6.771000
6329 346 23 7.058000
6330 346 23 7.109000
6331 346 23 7.016000
6332 346 19 5.843000
6333 346 22 6.726000
6334 346 22 6.711000
6335 346 23 7.066000
6336 346 21 6.470000
6337 346 22 6.762000
6338 347 20 6.118000
6339 347 19 5.981000
6340 343 18 5.603000
6341 343 17 5.309000
6342 341 21 6.410000
6343 341 21 6.472000
6344 340 20 6.190000
6345 343 21 6.467000
6346 343 22 6.722000
6347 340 21 6.464000
6348 341 20 6.260000
6349 342 21 6.523000
6350 343 20 6.299000
6351 343 19 5.956000
6352 343 15 4.703000
6353 343 12 3.890000
6354 342 20 6.285000
6355 342 17 5.409000
6356 345 21 6.534000
6357 346 19 5.904000
6358 346 20 6.223000
6359 346 21 6.564000
6360 346 21 6.456000
6361 346 20 6.138000
6362 344 20 6.251000
6363 345 21 6.549000
6364 346 19 5.968000
6365 343 20 6.212000
6366 343 15 4.681000
6367 344 12 3.816000
6368 344 19 5.888000
6369 344 23 7.105000
6370 344 21 6.459000
6371 343 22 6.775000
6372 343 20 6.216000
6373 343 21 6.446000
6374 342 21 6.514000
6375 341 20 6.181000
6376 342 22 6.712000
6377 346 21 6.608000
6378 344 24 7.419000
6379 344 26 7.887000
6380 344 24 7.280000
6381 343 14 4.408000
6382 343 24 7.318000
6383 341 24 7.310000
6384 344 22 6.698000
6385 344 21 6.374000
6386 343 21 6.362000
6387 343 20 6.074000
6388 343 21 6.383000
6389 343 21 6.354000
6390 341 22 6.600000
6391 345 21 6.410000
6392 345 22 6.703000
6393 342 21 6.377000
6394 340 18 5.555000
6395 343 18 5.549000
6396 344 20 6.110000
6397 343 18 5.479000
6398 342 21 6.432000
6399 349 22 6.898000
6400 348 24 7.414000
6401 349 21 6.569000
6402 347 22 6.824000
6403 343 22 6.896000
6404 342 22 6.910000
6405 344 22 6.878000
6406 345 19 6.017000
6407 344 20 6.306000
6408 343 19 5.940000
6409 345 21 6.575000
6410 344 23 7.166000
6411 345 22 6.855000
6412 346 21 6.573000
6413 345 21 6.668000
6414 349 21 6.711000
6415 348 18 5.646000
6416 349 23 7.163000
6417 349 22 6.795000
6418 350 24 7.360000
6419 350 23 7.105000
6420 349 21 6.518000
6421 348 19 5.948000
6422 349 20 6.293000
6423 348 14 4.505000
6424 347 23 7.220000
6425 347 22 6.879000
6426 345 21 6.614000
6427 343 19 6.014000
6428 342 21 6.673000
6429 343 22 6.924000
6430 345 22 6.883000
6431 343 25 7.673000
6432 340 25 7.740000
6433 341 21 6.493000
6434 341 18 5.581000
6435 342 22 6.720000
6436 342 21 6.381000
6437 343 22 6.776000
6438 342 22 6.781000
6439 341 20 6.197000
6440 342 19 5.917000
6441 342 18 5.635000
6442 343 20 6.205000
6443 342 19 5.907000
6444 342 21 6.552000
6445 342 18 5.706000
6446 338 20 6.148000
6447 338 15 4.729000
6448 345 20 6.219000
6449 344 22 6.824000
6450 343 27 8.330000
6451 343 21 6.506000
6452 343 20 6.203000
6453 342 20 6.208000
6454 342 19 5.880000
6455 341 22 6.794000
6456 341 21 6.453000
6457 340 22 6.763000
6458 349 21 6.421000
6459 347 22 6.798000
6460 345 24 7.451000
6461 346 24 7.417000
6462 346 23 7.098000
6463 345 25 7.647000
6464 343 24 7.355000
6465 343 24 7.344000
6466 345 22 6.840000
6467 344 22 6.828000
6468 342 25 7.726000
6469 341 23 7.160000
6470 343 22 6.825000
6471 341 21 6.591000
6472 340 21 6.626000
6473 339 21 6.634000
6474 343 21 6.656000
6475 344 22 6.905000
6476 343 21 6.577000
6477 342 19 6.023000
6478 341 23 7.123000
6479 342 23 7.094000
6480 343 24 7.386000
6481 343 24 7.415000
6482 342 22 6.810000
6483 348 22 6.898000
6484 347 21 6.603000
6485 350 24 7.340000
6486 337 22 6.575000
6487 332 20 6.016000
6488 333 20 6.010000
6489 332 19 5.723000
6490 332 19 5.748000
6491 333 18 5.477000
6492 334 20 6.096000
6493 335 18 5.458000
6494 337 18 5.441000
6495 338 21 6.327000
6496 338 21 6.375000
6497 338 22 6.738000
6498 340 23 6.992000
6499 340 23 6.944000
6500 342 21 6.268000
6501 341 23 6.906000
6502 335 23 6.928000
6503 334 22 6.620000
6504 335 22 6.592000
6505 335 20 6.033000
6506 336 22 6.596000
6507 337 20 6.011000
6508 339 19 5.799000
6509 340 18 5.452000
6510 339 19 5.702000
6511 341 21 6.351000
6512 339 19 5.800000
6513 339 18 5.531000
6514 340 17 5.244000
6515 341 19 5.835000
6516 341 21 6.432000
6517 341 21 6.398000
6518 340 19 5.767000
6519 339 19 5.757000
6520 345 19 5.817000
6521 344 23 6.954000
6522 344 21 6.395000
6523 345 21 6.386000
6524 345 22 6.668000
6525 345 21 6.383000
6526 343 18 5.503000
6527 353 19 5.753000
6528 352 22 6.684000
6529 353 22 6.448000
6530 351 22 6.473000
6531 352 22 6.444000
6532 354 21 6.189000
6533 353 21 6.209000
6534 352 18 5.297000
6535 352 21 6.127000
6536 356 22 6.510000
6537 356 24 7.095000
6538 355 23 6.810000
6539 351 24 6.997000
6540 352 24 6.935000
6541 349 23 6.629000
6542 348 21 6.127000
6543 346 20 5.911000
6544 347 21 6.240000
6545 350 21 6.223000
6546 350 25 7.510000
6547 348 19 5.728000
6548 347 23 6.920000
6549 347 24 7.194000
6550 346 25 7.460000
6551 345 22 6.567000
6552 349 23 6.763000
6553 350 22 6.514000
6554 351 24 7.127000
6555 344 25 7.404000
6556 347 26 7.765000
6557 348 22 6.546000
6558 349 21 6.285000
6559 344 22 6.602000
6560 344 23 6.816000
6561 341 22 6.602000
6562 340 19 5.653000
6563 342 22 6.559000
6564 341 24 7.153000
6565 342 22 6.575000
6566 344 18 5.428000
6567 345 20 6.006000
6568 343 10 3.164000
6569 343 20 6.060000
6570 345 20 6.023000
6571 345 18 5.442000
6572 343 18 5.489000
6573 345 18 5.526000
6574 345 21 6.372000
6575 344 21 6.367000
6576 342 19 5.843000
6577 342 18 5.521000
6578 342 16 4.933000
6579 342 22 6.676000
6580 344 22 6.667000
6581 345 23 6.960000
6582 346 23 6.949000
6583 342 21 6.304000
6584 342 22 6.572000
6585 341 23 6.843000
6586 341 22 6.519000
6587 340 21 6.316000
6588 339 21 6.220000
6589 339 21 6.225000
6590 340 20 5.962000
6591 340 21 6.203000
6592 340 22 6.531000
6593 339 21 6.222000
6594 339 18 5.400000
6595 340 20 6.021000
6596 340 21 6.264000
6597 341 22 6.579000
6598 342 24 7.192000
6599 337 23 6.847000
6600 337 22 6.675000
6601 336 20 5.995000
6602 336 22 6.568000
6603 336 19 5.683000
6604 336 22 6.582000
6605 336 21 6.327000
6606 334 21 6.216000
6607 332 21 6.266000
6608 333 14 4.326000
6609 333 25 7.486000
6610 333 24 7.242000
6611 334 24 7.145000
6612 337 24 7.214000
6613 337 20 6.023000
6614 334 20 6.076000
6615 334 21 6.390000
6616 333 21 6.401000
6617 332 19 5.791000
6618 332 19 5.785000
6619 332 21 6.350000
6620 332 22 6.618000
6621 340 23 6.961000
6622 340 24 7.214000
6623 340 22 6.645000
6624 340 22 6.680000
6625 338 22 6.658000
6626 339 24 7.190000
6627 339 24 7.243000
6628 338 24 7.207000
6629 342 14 4.410000
6630 341 23 7.024000
6631 339 22 6.726000
6632 339 13 4.034000
6633 338 22 6.618000
6634 338 17 5.141000
6635 339 20 6.038000
6636 338 20 6.017000
6637 337 21 6.307000
6638 339 21 6.354000
6639 339 22 6.649000
6640 340 22 6.700000
6641 336 21 6.248000
6642 336 20 5.970000
6643 336 20 5.976000
6644 336 20 5.873000
6645 334 20 5.873000
6646 344 22 6.615000
6647 345 21 6.312000
6648 345 22 6.580000
6649 347 22 6.548000
6650 344 22 6.522000
6651 345 21 6.212000
6652 345 19 5.692000
6653 343 17 5.125000
6654 338 21 6.389000
6655 337 21 6.385000
6656 337 21 6.413000
6657 338 21 6.373000
6658 337 19 5.759000
6659 336 22 6.654000
6660 338 23 6.953000
6661 338 20 6.063000
6662 338 20 6.081000
6663 338 20 6.069000
6664 338 22 6.553000
6665 339 22 6.650000
6666 339 22 6.614000
6667 341 21 6.341000
6668 340 22 6.709000
6669 338 22 6.744000
6670 339 22 6.686000
6671 338 22 6.698000
6672 334 19 5.839000
6673 332 19 5.786000
6674 338 22 6.552000
6675 340 24 7.165000
6676 338 19 5.733000
6677 335 17 5.099000
6678 339 14 4.217000
6679 339 20 6.170000
6680 339 19 5.608000
6681 341 18 5.501000
6682 339 22 6.475000
6683 340 23 6.931000
6684 340 19 5.728000
6685 340 13 4.040000
6686 341 20 6.048000
6687 342 20 5.966000
6688 342 23 6.882000
6689 342 21 6.323000
6690 341 19 5.730000
6691 341 20 5.958000
6692 340 22 6.521000
6693 338 21 6.308000
6694 339 20 6.067000
6695 337 22 6.566000
6696 338 23 6.888000
6697 342 24 7.212000
6698 343 26 7.842000
6699 340 26 7.811000
6700 341 22 6.604000
6701 340 22 6.593000
6702 340 22 6.549000
6703 340 20 5.960000
6704 341 23 6.810000
6705 341 18 5.343000
6706 336 17 5.198000
6707 337 21 6.358000
6708 349 22 6.425000
6709 349 23 6.800000
6710 350 21 6.214000
6711 350 20 5.916000
6712 349 20 5.900000
6713 349 21 6.183000
6714 349 20 5.949000
6715 350 20 5.909000
6716 349 23 6.772000
6717 348 25 7.348000
6718 351 21 6.127000
6719 346 23 6.724000
6720 345 23 6.767000
6721 346 24 7.103000
6722 347 21 6.233000
6723 344 22 6.553000
6724 344 23 6.869000
6725 345 25 7.453000
6726 350 25 7.279000
6727 350 22 6.394000
6728 352 24 6.917000
6729 354 21 6.164000
6730 354 23 6.743000
6731 354 21 6.114000
6732 353 24 6.933000
6733 350 24 6.939000
6734 347 24 6.859000
6735 347 23 6.620000
6736 351 24 6.971000
6737 349 25 7.289000
6738 348 21 6.176000
6739 347 22 6.464000
6740 347 21 6.185000
6741 347 23 6.831000
6742 348 21 6.233000
6743 347 22 6.599000
6744 346 20 5.962000
6745 346 18 5.398000
6746 347 21 6.182000
6747 346 23 6.772000
6748 346 19 5.638000
6749 344 20 5.913000
6750 345 23 6.747000
6751 344 21 6.140000
6752 345 20 5.893000
6753 346 21 6.138000
6754 346 20 5.915000
6755 345 20 5.957000
6756 345 16 4.787000
6757 344 20 5.966000
6758 344 21 6.290000
6759 345 19 5.704000
6760 344 19 5.716000
6761 345 20 5.980000
6762 343 18 5.447000
6763 345 19 5.769000
6764 346 20 5.955000
6765 343 19 5.655000
6766 346 22 6.584000
6767 346 22 6.625000
6768 345 24 7.225000
6769 345 21 6.310000
6770 348 23 6.908000
6771 347 22 6.579000
6772 347 21 6.346000
6773 346 22 6.574000
6774 337 20 5.997000
6775 336 21 6.294000
6776 335 19 5.717000
6777 336 21 6.205000
6778 336 23 6.809000
6779 337 22 6.489000
6780 338 19 5.641000
6781 341 23 6.812000
6782 340 22 6.527000
6783 340 24 7.112000
6784 341 25 7.511000
6785 342 24 7.202000
6786 339 23 6.765000
6787 338 22 6.547000
6788 338 22 6.564000
6789 336 21 6.224000
6790 338 12 3.634000
6791 337 21 6.167000
6792 337 22 6.446000
6793 340 22 6.566000
6794 340 22 6.575000
6795 340 20 5.909000
6796 339 20 5.950000
6797 333 21 6.147000
6798 341 19 5.694000
6799 341 20 5.930000
6800 341 17 5.093000
6801 342 19 5.686000
6802 342 16 4.844000
6803 338 20 5.889000
6804 337 20 5.902000
6805 338 21 6.227000
6806 339 18 5.402000
6807 338 19 5.656000
6808 336 20 5.894000
6809 336 18 5.327000
6810 335 19 5.621000
6811 330 23 6.737000
6812 336 22 6.595000
6813 331 22 6.571000
6814 331 20 6.001000
6815 333 22 6.576000
6816 334 22 6.563000
6817 334 21 6.250000
6818 334 22 6.575000
6819 334 24 7.174000
6820 336 26 7.744000
6821 337 23 6.894000
6822 337 21 6.371000
6823 337 20 6.073000
6824 338 25 7.534000
6825 339 21 6.390000
6826 342 22 6.648000
6827 341 21 6.382000
6828 340 19 5.797000
6829 334 23 6.938000
6830 334 24 7.210000
6831 339 21 6.417000
6832 342 20 6.059000
6833 340 20 6.063000
6834 340 21 6.387000
6835 342 21 6.417000
6836 343 22 6.735000
6837 345 22 6.636000
6838 345 23 6.842000
6839 345 20 6.043000
6840 345 21 6.339000
6841 340 19 5.673000
6842 342 23 6.795000
6843 341 20 5.920000
6844 341 12 3.664000
6845 342 19 5.690000
6846 343 20 5.889000
6847 341 21 6.235000
6848 341 19 5.641000
6849 340 23 6.976000
6850 338 22 6.693000
6851 344 22 6.621000
6852 345 21 6.342000
6853 345 22 6.639000
6854 345 21 6.451000
6855 343 22 6.701000
6856 343 21 6.381000
6857 341 22 6.676000
6858 341 22 6.712000
6859 340 23 6.999000
6860 340 26 7.912000
6861 334 21 6.446000
6862 337 23 7.004000
6863 336 19 5.790000
6864 336 20 6.036000
6865 336 22 6.643000
6866 334 23 6.846000
6867 332 21 6.298000
6868 339 22 6.658000
6869 338 24 7.253000
6870 342 24 7.222000
6871 341 22 6.618000
6872 345 24 7.230000
6873 337 22 6.704000
6874 336 23 6.953000
6875 337 20 6.125000
6876 348 23 6.738000
6877 348 26 7.604000
6878 348 22 6.442000
6879 349 24 7.028000
6880 347 22 6.476000
6881 348 22 6.428000
6882 347 21 6.211000
6883 344 23 6.811000
6884 347 22 6.554000
6885 345 24 7.162000
6886 341 22 6.623000
6887 341 21 6.319000
6888 341 20 6.050000
6889 334 24 7.082000
6890 334 24 7.121000
6891 334 23 6.908000
6892 335 24 7.191000
6893 338 25 7.467000
6894 338 22 6.665000
6895 337 23 6.920000
6896 337 16 4.909000
6897 337 22 6.655000
6898 337 22 6.598000
6899 337 24 7.247000
6900 338 25 7.600000
6901 338 20 6.087000
6902 337 22 6.687000
6903 337 25 7.473000
6904 338 27 8.179000
6905 338 23 6.974000
6906 339 24 7.281000
6907 340 22 6.720000
6908 341 22 6.764000
6909 342 22 6.747000
6910 343 21 6.404000
6911 340 20 6.115000
6912 337 21 6.432000
6913 338 21 6.441000
6914 338 14 4.316000
6915 336 19 5.795000
6916 340 19 5.783000
6917 337 21 6.341000
6918 338 22 6.669000
6919 338 22 6.683000
6920 342 19 5.833000
6921 344 26 7.672000
6922 344 25 7.446000
6923 343 22 6.605000
6924 345 23 6.820000
6925 344 21 6.316000
6926 344 24 7.171000
6927 348 23 6.899000
6928 349 23 6.869000
6929 348 21 6.404000
6930 347 24 7.307000
6931 347 24 7.307000
6932 352 23 6.907000
6933 353 23 6.961000
6934 352 22 6.651000
6935 352 21 6.354000
6936 353 20 6.068000
6937 348 22 6.680000
6938 347 23 6.986000
6939 346 22 6.668000
6940 346 18 5.519000
6941 347 21 6.308000
6942 345 22 6.672000
6943 345 21 6.339000
6944 344 21 6.331000
6945 349 22 6.570000
6946 346 24 7.263000
6947 346 19 5.770000
6948 343 20 6.094000
6949 346 21 6.393000
6950 343 22 6.723000
6951 343 22 6.727000
6952 341 23 6.951000
6953 343 22 6.687000
6954 344 21 6.415000
6955 343 20 6.146000
6956 343 20 6.090000
6957 342 21 6.456000
6958 342 22 6.717000
6959 343 11 3.508000
6960 344 20 6.140000
6961 345 21 6.359000
6962 346 21 6.311000
6963 350 22 6.533000
6964 350 20 5.993000
6965 347 21 6.402000
6966 346 21 6.374000
6967 347 21 6.393000
6968 349 20 6.091000
6969 346 19 5.761000
6970 346 17 5.137000
6971 347 14 4.347000
6972 347 22 6.655000
6973 346 23 6.920000
6974 346 21 6.283000
6975 345 23 6.893000
6976 346 23 6.885000
6977 345 21 6.356000
6978 345 20 6.044000
6979 344 20 6.031000
6980 344 23 6.930000
6981 343 26 7.753000
6982 345 25 7.356000
6983 345 26 7.672000
6984 344 25 7.484000
6985 345 24 7.203000
6986 343 23 6.946000
6987 341 21 6.367000
6988 343 21 6.336000
6989 344 21 6.322000
6990 345 16 4.849000
6991 343 13 4.005000
6992 343 17 5.173000
6993 344 20 6.019000
6994 347 19 5.680000
6995 346 15 4.592000
6996 346 20 5.975000
6997 345 18 5.448000
6998 346 21 6.251000
6999 346 21 6.292000
7000 345 21 6.307000
7001 345 21 6.342000
7002 344 22 6.601000
7003 343 14 4.338000
7004 341 20 6.108000
7005 341 20 6.087000
7006 342 22 6.666000
7007 342 21 6.420000
7008 342 21 6.462000
7009 343 19 5.794000
7010 341 18 5.531000
7011 341 23 6.945000
7012 337 21 6.438000
7013 338 19 5.811000
7014 338 21 6.405000
7015 338 18 5.516000
7016 339 18 5.478000
7017 337 18 5.490000
7018 338 19 5.832000
7019 336 19 5.774000
7020 336 21 6.377000
7021 335 23 6.966000
7022 336 23 7.022000
7023 328 24 7.403000
7024 326 21 6.551000
7025 329 21 6.548000
7026 328 20 6.281000
7027 336 22 6.662000
7028 335 23 6.932000
7029 334 22 6.663000
7030 333 22 6.635000
7031 328 23 6.857000
7032 338 22 6.462000
7033 342 22 6.415000
7034 342 21 6.187000
7035 340 22 6.489000
7036 339 20 5.956000
7037 338 20 5.894000
7038 338 19 5.620000
7039 338 19 5.691000
7040 340 19 5.612000
7041 340 22 6.456000
7042 340 21 6.234000
7043 344 23 6.863000
7044 348 24 7.120000
7045 335 22 6.563000
7046 334 21 6.251000
7047 333 18 5.406000
7048 332 21 6.298000
7049 331 19 5.742000
7050 343 14 4.168000
7051 342 22 6.540000
7052 338 22 6.610000
7053 340 20 6.038000
7054 340 21 6.326000
7055 339 20 6.034000
7056 338 18 5.530000
7057 337 20 6.055000
7058 337 19 5.780000
7059 340 20 6.029000
7060 340 17 5.029000
7061 340 19 5.564000
7062 340 17 5.028000
7063 339 17 5.033000
7064 340 12 3.592000
7065 340 13 3.870000
7066 339 19 5.480000
7067 337 16 4.750000
7068 340 20 5.917000
7069 341 18 5.334000
7070 340 20 5.846000
7071 338 14 4.157000
7072 339 18 5.320000
7073 348 17 4.883000
7074 349 17 4.874000
7075 349 20 5.705000
7076 350 15 4.378000
7077 350 19 5.512000
7078 350 18 5.210000
7079 345 16 4.784000
7080 346 16 4.776000
7081 349 17 4.943000
7082 336 23 6.619000
7083 336 22 6.376000
7084 334 18 5.274000
7085 334 21 6.139000
7086 333 21 6.125000
7087 334 22 6.458000
7088 334 20 5.893000
7089 332 20 5.909000
7090 332 20 5.908000
7091 332 20 5.891000
7092 336 19 5.619000
7093 335 21 6.201000
7094 334 17 5.098000
7095 339 19 5.766000
7096 339 20 5.973000
7097 343 18 5.276000
7098 341 21 6.162000
7099 343 21 6.141000
7100 343 19 5.570000
7101 342 19 5.572000
7102 338 17 5.088000
7103 340 21 6.209000
7104 345 20 6.038000
7105 346 22 6.602000
7106 345 22 6.666000
7107 344 13 4.044000
7108 343 16 4.873000
7109 342 20 6.044000
7110 343 23 6.829000
7111 343 22 6.749000
7112 347 22 6.748000
7113 347 20 6.137000
7114 347 22 6.738000
7115 345 21 6.388000
7116 345 22 6.868000
7117 344 25 7.812000
7118 347 22 6.832000
7119 347 21 6.546000
7120 350 21 6.539000
7121 348 21 6.482000
7122 346 23 7.046000
7123 342 21 6.306000
7124 342 20 6.040000
7125 341 21 6.338000
7126 340 19 5.735000
7127 339 19 5.756000
7128 339 20 6.075000
7129 344 18 5.432000
7130 344 19 5.811000
7131 343 19 5.719000
7132 338 18 5.454000
7133 339 15 4.576000
7134 338 10 3.164000
7135 338 16 4.941000
7136 339 15 4.625000
7137 338 16 4.898000
7138 338 20 6.035000
7139 338 19 5.789000
7140 336 18 5.482000
7141 336 21 6.335000
7142 336 20 6.063000
7143 337 20 6.062000
7144 338 20 6.071000
7145 339 20 6.081000
7146 340 19 5.813000
7147 338 19 5.753000
7148 337 17 5.228000
7149 337 20 6.119000
7150 335 21 6.416000
7151 336 21 6.366000
7152 335 18 5.489000
7153 334 10 3.165000
7154 334 19 5.797000
7155 334 19 5.800000
7156 334 22 6.601000
7157 338 23 7.015000
7158 338 24 7.290000
7159 337 19 5.880000
7160 337 21 6.482000
7161 336 20 6.177000
7162 340 19 5.850000
7163 339 19 5.894000
7164 339 22 6.714000
7165 338 19 5.877000
7166 344 24 7.368000
7167 342 22 6.750000
7168 343 19 5.925000
7169 342 20 6.184000
7170 343 20 6.192000
7171 345 21 6.488000
7172 345 21 6.568000
7173 335 16 4.939000
7174 336 20 6.071000
7175 336 19 5.757000
7176 336 20 6.033000
7177 337 20 5.986000
7178 336 19 5.731000
7179 336 21 6.290000
7180 337 22 6.679000
7181 335 22 6.682000
7182 335 19 5.788000
7183 335 21 6.371000
7184 337 22 6.678000
7185 335 23 6.954000
7186 336 22 6.624000
7187 338 21 6.411000
7188 340 21 6.437000
7189 339 20 6.150000
7190 337 22 6.734000
7191 335 22 6.526000
7192 335 25 7.403000
7193 336 22 6.522000
7194 334 21 6.259000
7195 335 21 6.230000
7196 336 20 5.977000
7197 338 22 6.475000
7198 338 22 6.517000
7199 335 23 6.735000
7200 337 22 6.480000
7201 337 20 5.938000
7202 338 20 5.944000
7203 338 22 6.515000
7204 337 21 6.203000
7205 337 22 6.466000
7206 335 23 6.758000
7207 334 23 6.791000
7208 337 21 6.207000
7209 338 19 5.650000
7210 338 21 6.243000
7211 337 22 6.605000
7212 336 24 7.255000
7213 336 23 6.954000
7214 340 20 6.128000
7215 339 19 5.880000
7216 338 20 6.183000
7217 338 21 6.307000
7218 337 23 6.909000
7219 340 22 6.678000
7220 342 18 5.539000
7221 342 17 5.240000
7222 340 21 6.400000
7223 339 21 6.427000
7224 339 19 5.782000
7225 334 20 6.112000
7226 334 22 6.771000
7227 334 24 7.267000
7228 334 22 6.679000
7229 333 21 6.350000
7230 336 21 6.476000
7231 340 21 6.351000
7232 339 22 6.613000
7233 338 21 6.314000
7234 339 19 5.697000
7235 338 23 6.848000
7236 337 22 6.533000
7237 338 23 6.781000
7238 344 22 6.486000
7239 343 24 7.236000
7240 343 25 7.487000
7241 353 22 6.546000
7242 357 22 6.624000
7243 356 21 6.300000
7244 355 20 6.101000
7245 356 22 6.658000
7246 355 21 6.371000
7247 356 17 5.173000
7248 352 19 5.715000
7249 350 22 6.533000
7250 350 19 5.687000
7251 350 20 5.928000
7252 352 21 6.248000
7253 351 22 6.524000
7254 350 10 3.147000
7255 348 11 3.424000
7256 347 21 6.230000
7257 337 18 5.405000
7258 343 18 5.502000
7259 342 17 5.204000
7260 335 21 6.357000
7261 336 21 6.410000
7262 335 17 5.143000
7263 335 18 5.459000
7264 335 19 5.738000
7265 332 18 5.536000
7266 336 19 5.800000
7267 336 20 6.126000
7268 336 21 6.506000
7269 337 19 5.915000
7270 338 18 5.560000
7271 339 15 4.601000
7272 331 20 6.061000
7273 331 22 6.628000
7274 331 22 6.702000
7275 333 21 6.448000
7276 333 18 5.560000
7277 332 21 6.438000
7278 331 21 6.483000
7279 331 17 5.307000
7280 329 23 6.884000
7281 329 26 7.803000
7282 330 22 6.594000
7283 330 22 6.639000
7284 327 21 6.287000
7285 330 21 6.315000
7286 330 22 6.606000
7287 332 18 5.478000
7288 333 21 6.325000
7289 333 19 5.751000
7290 334 19 5.733000
7291 334 20 6.008000
7292 331 20 6.039000
7293 331 20 6.035000
7294 331 17 5.174000
7295 334 20 6.009000
7296 335 19 5.742000
7297 336 18 5.452000
7298 330 18 5.514000
7299 333 20 6.012000
7300 336 22 6.689000
7301 337 17 5.248000
7302 336 21 6.356000
7303 336 14 4.368000
7304 336 21 6.368000
7305 335 18 5.543000
7306 339 19 5.722000
7307 336 19 5.712000
7308 336 18 5.404000
7309 340 12 3.738000
7310 340 25 7.464000
7311 339 22 6.678000
7312 337 20 6.013000
7313 329 20 5.922000
7314 327 22 6.429000
7315 341 25 7.416000
7316 343 24 7.217000
7317 338 18 5.367000
7318 329 21 6.141000
7319 331 21 6.085000
7320 332 19 5.510000
7321 333 18 5.278000
7322 333 12 3.610000
7323 334 21 6.100000
7324 337 23 6.638000
7325 339 24 6.919000
7326 339 22 6.462000
7327 337 20 5.793000
7328 336 20 5.791000
7329 339 19 5.456000
7330 340 17 4.914000
7331 340 20 5.748000
7332 338 19 5.524000
7333 339 19 5.609000
7334 339 20 5.811000
7335 339 18 5.302000
7336 338 20 5.846000
7337 339 21 6.137000
7338 339 20 5.896000
7339 337 19 5.633000
7340 337 20 5.847000
7341 338 17 5.097000
7342 339 18 5.381000
7343 339 22 6.551000
7344 339 21 6.283000
7345 339 19 5.675000
7346 339 20 5.914000
7347 341 16 4.797000
7348 342 19 5.608000
7349 340 19 5.646000
7350 339 19 5.604000
7351 340 18 5.375000
7352 340 18 5.335000
7353 340 17 5.091000
7354 340 19 5.668000
7355 340 18 5.363000
7356 338 19 5.685000
7357 339 20 6.044000
7358 340 21 6.378000
7359 339 20 6.042000
7360 339 21 6.345000
7361 339 22 6.690000
7362 338 20 6.049000
7363 339 20 6.089000
7364 339 20 6.171000
7365 340 25 7.387000
7366 342 25 7.382000
7367 343 22 6.515000
7368 342 20 5.947000
7369 343 22 6.597000
7370 341 24 7.149000
7371 340 18 5.446000
7372 344 19 5.684000
7373 337 25 7.369000
7374 335 24 7.064000
7375 334 22 6.533000
7376 334 19 5.651000
7377 334 22 6.451000
7378 334 21 6.235000
7379 328 20 5.958000
7380 342 21 6.415000
7381 342 21 6.375000
7382 335 22 6.517000
7383 334 22 6.498000
7384 333 18 5.393000
7385 336 18 5.311000
7386 337 17 5.053000
7387 336 19 5.566000
7388 335 19 5.582000
7389 338 18 5.339000
7390 338 21 6.202000
7391 337 19 5.637000
7392 337 20 5.950000
7393 336 20 5.891000
7394 336 21 6.122000
7395 336 20 5.848000
7396 335 18 5.295000
7397 335 22 6.417000
7398 334 19 5.564000
7399 336 23 6.875000
7400 335 23 6.810000
7401 336 21 6.251000
7402 336 20 5.997000
7403 334 17 5.116000
7404 335 21 6.260000
7405 341 20 6.046000
7406 342 23 6.971000
7407 342 24 7.261000
7408 341 21 6.372000
7409 342 21 6.332000
7410 342 20 6.142000
7411 342 18 5.528000
7412 342 21 6.451000
7413 342 21 6.423000
7414 342 21 6.461000
7415 345 19 5.813000
7416 345 21 6.402000
7417 345 20 6.092000
7418 339 14 4.402000
7419 338 22 6.762000
7420 338 21 6.340000
7421 335 21 6.404000
7422 335 21 6.373000
7423 335 21 6.382000
7424 335 17 5.252000
7425 335 17 5.211000
7426 334 17 5.225000
7427 334 15 4.671000
7428 332 22 6.716000
7429 333 21 6.442000
7430 345 22 6.282000
7431 345 22 6.375000
7432 348 19 5.548000
7433 348 20 5.785000
7434 348 18 5.238000
7435 348 21 6.059000
7436 347 18 5.239000
7437 346 21 6.086000
7438 346 22 6.393000
7439 347 21 6.126000
7440 345 21 6.119000
7441 345 11 3.348000
7442 344 19 5.598000
7443 344 21 6.147000
7444 341 22 6.457000
7445 342 22 6.520000
7446 342 24 7.046000
7447 342 22 6.501000
7448 343 21 6.245000
7449 343 19 5.739000
7450 343 22 6.524000
7451 342 21 6.236000
7452 341 21 6.246000
7453 340 23 6.724000
7454 340 20 5.927000
7455 340 21 6.273000
7456 341 19 5.668000
7457 339 20 6.037000
7458 339 22 6.576000
7459 340 19 5.722000
7460 339 22 6.443000
7461 339 22 6.414000
7462 345 21 6.274000
7463 345 21 6.253000
7464 345 21 6.285000
7465 344 18 5.346000
7466 342 20 5.851000
7467 342 18 5.279000
7468 342 22 6.384000
7469 342 21 6.090000
7470 339 19 5.596000
7471 337 21 6.175000
7472 337 21 6.171000
7473 338 19 5.606000
7474 337 19 5.637000
7475 335 20 5.856000
7476 339 21 6.198000
7477 338 20 5.940000
7478 340 22 6.536000
7479 338 21 6.245000
7480 343 20 5.998000
7481 341 21 6.307000
7482 341 23 6.809000
7483 339 22 6.477000
7484 339 25 7.385000
7485 340 21 6.214000
7486 340 20 5.902000
7487 341 19 5.686000
7488 332 22 6.575000
7489 332 20 5.989000
7490 334 20 6.053000
7491 334 20 6.086000
7492 333 19 5.719000
7493 333 19 5.684000
7494 332 19 5.669000
7495 332 18 5.376000
7496 333 21 6.235000
7497 334 23 6.741000
7498 332 23 6.771000
7499 334 23 6.841000
7500 337 23 6.810000
7501 338 23 6.770000
7502 337 23 6.744000
7503 336 20 5.925000
7504 336 22 6.489000
7505 337 22 6.500000
7506 337 24 7.062000
7507 342 23 6.855000
7508 342 21 6.294000
7509 341 20 5.958000
7510 340 20 6.040000
7511 336 21 6.214000
7512 335 20 5.921000
7513 332 27 8.054000
7514 333 24 7.245000
7515 333 21 6.336000
7516 333 23 6.905000
7517 333 21 6.297000
7518 330 23 6.937000
7519 329 22 6.577000
7520 328 23 6.812000
7521 328 25 7.425000
7522 328 24 7.132000
7523 330 22 6.586000
7524 332 23 6.976000
7525 332 25 7.533000
7526 330 23 6.976000
7527 329 21 6.403000
7528 336 23 7.058000
7529 337 11 3.566000
7530 337 22 6.810000
7531 333 21 6.403000
7532 333 22 6.690000
7533 334 22 6.689000
7534 333 20 6.085000
7535 332 19 5.805000
7536 333 20 5.996000
7537 336 22 6.500000
7538 337 23 6.802000
7539 325 21 6.339000
7540 324 21 6.308000
7541 326 17 5.186000
7542 325 18 5.502000
7543 327 22 6.822000
7544 325 22 6.806000
7545 326 20 6.282000
7546 326 20 6.263000
7547 326 19 5.900000
7548 325 20 6.161000
7549 324 20 6.226000
7550 326 20 6.269000
7551 326 19 5.931000
7552 325 21 6.548000
7553 325 22 6.912000
7554 325 23 7.165000
7555 326 23 7.175000
7556 319 24 7.348000
7557 320 21 6.501000
7558 320 19 5.922000
7559 320 21 6.545000
7560 331 15 4.738000
7561 328 24 7.486000
7562 326 19 6.080000
7563 325 21 6.640000
7564 327 20 6.277000
7565 328 19 5.978000
7566 329 20 6.365000
7567 330 21 6.665000
7568 329 21 6.658000
7569 329 22 6.951000
7570 329 21 6.624000
7571 329 20 6.345000
7572 325 22 6.904000
7573 327 22 7.006000
7574 327 22 6.859000
7575 326 24 7.491000
7576 332 25 7.709000
7577 331 23 7.044000
7578 331 11 3.527000
7579 330 22 6.781000
7580 333 23 7.091000
7581 341 24 7.262000
7582 341 24 7.180000
7583 338 22 6.694000
7584 337 21 6.355000
7585 338 23 6.800000
7586 339 23 6.820000
7587 332 21 6.306000
7588 337 20 5.961000
7589 338 22 6.654000
7590 339 22 6.700000
7591 337 21 6.480000
7592 338 19 5.828000
7593 339 22 6.667000
7594 342 21 6.319000
7595 341 20 6.140000
7596 339 17 5.321000
7597 339 19 5.897000
7598 337 17 5.308000
7599 335 18 5.657000
7600 339 18 5.536000
7601 341 19 5.901000
7602 339 20 6.216000
7603 339 21 6.506000
7604 342 21 6.530000
7605 344 21 6.427000
7606 342 13 4.151000
7607 341 20 6.234000
7608 345 23 7.092000
7609 345 19 5.936000
7610 345 20 6.027000
7611 345 13 4.051000
7612 342 19 5.775000
7613 340 20 6.032000
7614 339 20 6.114000
7615 338 20 6.068000
7616 333 17 5.255000
7617 334 18 5.504000
7618 337 23 7.144000
7619 337 25 7.698000
7620 337 22 6.789000
7621 331 21 6.219000
7622 332 22 6.498000
7623 332 16 4.808000
7624 331 18 5.467000
7625 331 19 5.747000
7626 331 18 5.458000
7627 332 19 5.760000
7628 332 19 5.729000
7629 332 17 5.153000
7630 330 19 5.716000
7631 330 21 6.311000
7632 330 21 6.263000
7633 327 21 6.243000
7634 327 18 5.391000
7635 329 13 4.028000
7636 330 19 5.787000
7637 330 19 5.746000
7638 330 11 3.428000
7639 332 20 5.949000
7640 333 12 3.679000
7641 333 18 5.397000
7642 335 19 5.615000
7643 333 19 5.647000
7644 332 20 5.922000
7645 331 18 5.392000
7646 331 19 5.694000
7647 332 17 5.158000
7648 333 19 5.690000
7649 333 18 5.401000
7650 331 17 5.162000
7651 332 19 5.738000
7652 333 19 5.653000
7653 334 18 5.373000
7654 328 18 5.487000
7655 328 18 5.477000
7656 329 19 5.745000
7657 329 19 5.822000
7658 330 21 6.363000
7659 331 21 6.342000
7660 331 22 6.651000
7661 331 20 6.056000
7662 332 20 6.059000
7663 335 20 6.019000
7664 332 20 6.108000
7665 333 19 5.803000
7666 331 21 6.363000
7667 331 19 5.791000
7668 332 18 5.475000
7669 332 18 5.473000
7670 332 22 6.617000
7671 331 20 6.091000
7672 331 18 5.435000
7673 330 19 5.752000
7674 331 20 6.030000
7675 331 17 5.144000
7676 331 17 5.131000
7677 332 10 3.160000
7678 330 19 5.731000
7679 330 21 6.301000
7680 331 21 6.253000
7681 331 18 5.438000
7682 333 19 5.720000
7683 332 20 5.968000
7684 332 15 4.543000
7685 333 18 5.336000
7686 334 19 5.695000
7687 334 18 5.433000
7688 334 17 5.176000
7689 333 17 5.191000
7690 334 23 6.922000
7691 334 24 7.210000
7692 334 21 6.338000
7693 332 20 6.064000
7694 333 11 3.458000
7695 332 19 5.833000
7696 334 11 3.503000
7697 334 20 6.147000
7698 334 19 5.885000
7699 332 17 5.277000
7700 332 20 6.140000
7701 332 21 6.466000
7702 332 22 6.785000
7703 332 22 6.739000
7704 335 13 4.059000
7705 336 22 6.639000
7706 336 22 6.612000
7707 336 22 6.593000
7708 335 20 5.998000
7709 332 20 6.162000
7710 331 20 6.236000
7711 333 22 6.794000
7712 339 18 5.564000
7713 339 23 7.002000
7714 338 19 5.900000
7715 337 21 6.450000
7716 339 22 6.719000
7717 337 22 6.777000
7718 336 20 6.164000
7719 329 18 5.725000
7720 330 21 6.443000
7721 332 18 5.530000
7722 332 21 6.336000
7723 331 16 4.914000
7724 331 20 6.054000
7725 331 20 6.072000
7726 333 22 6.692000
7727 335 20 6.063000
7728 336 18 5.416000
7729 336 18 5.467000
7730 335 18 5.484000
7731 334 17 5.268000
7732 334 10 3.181000
7733 334 18 5.508000
7734 334 16 4.986000
7735 333 20 6.199000
7736 331 20 6.170000
7737 330 20 6.215000
7738 332 21 6.386000
7739 331 21 6.398000
7740 341 21 6.531000
7741 341 23 7.145000
7742 340 13 4.119000
7743 337 20 6.142000
7744 338 20 6.242000
7745 337 21 6.480000
7746 336 19 5.873000
7747 336 12 3.797000
7748 330 19 5.798000
7749 331 17 5.204000
7750 331 15 4.616000
7751 332 19 5.812000
7752 331 20 6.059000
7753 330 20 6.063000
7754 336 16 4.956000
7755 334 20 6.119000
7756 334 21 6.331000
7757 334 18 5.513000
7758 335 19 5.796000
7759 335 21 6.406000
7760 336 20 6.138000
7761 336 18 5.559000
7762 337 17 5.245000
7763 337 17 5.340000
7764 338 19 5.897000
7765 336 20 6.137000
7766 336 13 4.106000
7767 336 21 6.434000
7768 335 21 6.428000
7769 338 20 6.152000
7770 338 16 4.954000
7771 338 16 4.929000
7772 338 16 4.960000
7773 339 14 4.430000
7774 340 17 5.265000
7775 342 19 5.848000
7776 340 18 5.506000
7777 340 21 6.417000
7778 339 20 6.126000
7779 337 20 6.067000
7780 333 22 6.753000
7781 333 22 6.714000
7782 336 21 6.349000
7783 335 20 6.076000
7784 337 20 6.172000
7785 337 18 5.573000
7786 338 20 6.100000
7787 336 18 5.582000
7788 337 18 5.542000
7789 331 16 5.000000
7790 331 16 5.012000
7791 332 17 5.302000
7792 332 19 5.865000
7793 331 17 5.291000
7794 336 23 7.022000
7795 336 22 6.690000
7796 336 20 6.073000
7797 335 21 6.486000
7798 334 22 6.856000
7799 333 20 6.201000
7800 332 22 6.758000
7801 333 22 6.820000
7802 333 19 5.959000
7803 333 22 6.856000
7804 333 20 6.278000
7805 333 20 6.264000
7806 333 19 5.968000
7807 328 21 6.512000
7808 328 21 6.500000
7809 327 19 5.934000
7810 328 19 5.933000
7811 329 17 5.329000
7812 329 10 3.266000
7813 329 13 4.136000
7814 329 15 4.686000
7815 335 22 6.800000
7816 337 22 6.780000
7817 336 20 6.229000
7818 337 19 5.951000
7819 339 15 4.787000
7820 336 17 5.349000
7821 335 20 6.203000
7822 338 19 5.919000
7823 339 18 5.570000
7824 342 19 5.770000
7825 343 17 5.230000
7826 343 16 4.898000
7827 340 16 4.898000
7828 339 11 3.508000
7829 342 9 2.943000
7830 342 15 4.734000
7831 339 19 5.913000
7832 343 17 5.238000
7833 345 22 6.650000
7834 345 22 6.667000
7835 346 18 5.499000
7836 347 18 5.468000
7837 348 18 5.341000
7838 348 17 5.118000
7839 349 18 5.403000
7840 349 21 6.299000
7841 349 23 6.883000
7842 350 21 6.308000
7843 352 17 5.125000
7844 353 22 6.688000
7845 353 22 6.549000
7846 353 22 6.515000
7847 354 22 6.505000
7848 351 23 6.906000
7849 337 24 7.112000
7850 337 24 7.146000
7851 335 20 6.055000
7852 335 22 6.674000
7853 342 22 6.827000
7854 340 23 7.065000
7855 342 20 6.186000
7856 340 19 5.852000
7857 340 20 6.129000
7858 339 18 5.560000
7859 339 11 3.487000
7860 338 20 6.145000
7861 338 19 5.883000
7862 340 19 5.952000
7863 339 19 5.953000
7864 340 19 5.980000
7865 340 19 5.992000
7866 339 16 5.108000
7867 337 19 5.988000
7868 336 19 5.955000
7869 336 19 5.905000
7870 337 18 5.634000
7871 342 19 5.829000
7872 340 21 6.471000
7873 340 20 6.156000
7874 339 20 6.174000
7875 341 20 6.151000
7876 341 21 6.435000
7877 345 20 6.106000
7878 347 20 6.059000
7879 347 18 5.453000
7880 345 18 5.505000
7881 345 18 5.540000
7882 344 21 6.353000
7883 344 19 5.785000
7884 347 20 6.083000
7885 348 20 6.005000
7886 347 21 6.301000
7887 347 18 5.400000
7888 348 17 5.166000
7889 346 20 6.025000
7890 348 18 5.479000
7891 341 21 6.471000
7892 343 21 6.415000
7893 344 19 5.837000
7894 345 20 6.156000
7895 348 21 6.315000
7896 349 18 5.455000
7897 346 21 6.359000
7898 346 20 6.011000
7899 347 18 5.427000
7900 346 20 5.979000
7901 348 18 5.424000
7902 345 19 5.682000
7903 346 17 5.102000
7904 347 16 4.848000
7905 350 18 5.430000
7906 350 17 5.094000
7907 350 17 5.061000
7908 350 19 5.643000
7909 351 21 6.212000
7910 350 21 6.198000
7911 350 21 6.223000
7912 347 22 6.756000
7913 348 24 7.318000
7914 346 21 6.388000
7915 347 20 6.101000
7916 341 23 7.134000
7917 341 23 7.019000
7918 339 22 6.666000
7919 344 22 6.618000
7920 343 22 6.686000
7921 343 21 6.444000
7922 343 19 5.807000
7923 344 19 5.771000
7924 342 22 6.683000
7925 342 23 7.075000
7926 343 21 6.507000
7927 339 21 6.458000
7928 336 21 6.484000
7929 342 22 6.841000
7930 339 21 6.567000
7931 346 23 6.904000
7932 347 23 6.965000
7933 346 22 6.697000
7934 348 22 6.620000
7935 349 22 6.589000
7936 349 22 6.584000
7937 349 21 6.282000
7938 345 22 6.651000
7939 345 21 6.316000
7940 344 22 6.665000
7941 347 21 6.372000
7942 344 23 6.963000
7943 344 20 6.047000
7944 340 19 5.759000
7945 345 21 6.215000
7946 345 21 6.264000
7947 346 19 5.702000
7948 347 19 5.683000
7949 347 21 6.300000
7950 343 21 6.291000
7951 341 20 6.010000
7952 337 21 6.354000
7953 336 20 6.070000
7954 337 18 5.538000
7955 337 19 5.788000
7956 337 20 6.123000
7957 342 22 6.730000
7958 339 21 6.495000
7959 339 20 6.156000
7960 340 23 6.987000
7961 339 20 6.078000
7962 342 22 6.720000
7963 341 20 6.101000
7964 341 22 6.668000
7965 336 23 6.959000
7966 334 23 7.297000
7967 334 22 7.036000
7968 330 21 6.703000
7969 327 22 6.947000
7970 325 19 6.088000
7971 328 22 7.019000
7972 327 21 6.786000
7973 325 23 7.244000
7974 328 23 7.284000
7975 329 24 7.602000
7976 327 24 7.576000
7977 331 23 7.224000
7978 331 20 6.365000
7979 332 22 6.952000
7980 332 22 6.940000
7981 332 20 6.333000
7982 334 22 6.905000
7983 333 21 6.591000
7984 329 21 6.629000
7985 329 23 7.220000
7986 323 22 7.014000
7987 322 23 7.333000
7988 322 23 7.364000
7989 323 22 7.036000
7990 324 23 7.382000
7991 326 13 4.306000
7992 325 22 7.125000
7993 325 19 6.147000
7994 324 20 6.398000
7995 327 23 7.282000
7996 324 23 7.384000
7997 324 19 6.149000
7998 324 19 6.121000
7999 322 18 5.874000
8000 323 20 6.529000
8001 322 21 6.832000
8002 322 21 6.810000
8003 323 21 6.793000
8004 321 21 6.769000
8005 321 20 6.504000
8006 321 18 5.842000
8007 321 19 6.155000
8008 323 19 6.188000
8009 324 22 7.118000
8010 322 21 6.866000
8011 321 23 7.413000
8012 319 23 7.434000
8013 321 22 7.084000
8014 320 22 7.097000
8015 322 21 6.836000
8016 321 25 8.079000
8017 327 22 7.098000
8018 326 23 7.470000
8019 328 23 7.477000
8020 327 21 6.851000
8021 327 22 7.093000
8022 328 22 7.117000
8023 332 23 7.350000
8024 333 24 7.663000
8025 332 23 7.359000
8026 333 22 7.027000
8027 334 21 6.658000
8028 335 20 6.334000
8029 329 13 4.231000
8030 331 16 5.145000
8031 333 16 5.092000
8032 333 18 5.664000
8033 330 15 4.754000
8034 329 13 4.147000
8035 336 24 7.521000
8036 347 23 7.101000
8037 333 19 5.818000
8038 334 18 5.590000
8039 334 17 5.282000
8040 335 15 4.691000
8041 337 16 4.939000
8042 335 17 5.240000
8043 334 12 3.827000
8044 333 17 5.379000
8045 332 17 5.308000
8046 332 17 5.427000
8047 331 14 4.454000
8048 331 18 5.645000
8049 332 13 4.139000
8050 331 18 5.628000
8051 331 20 6.221000
8052 330 20 6.156000
8053 341 23 6.844000
8054 339 23 6.969000
8055 340 12 3.777000
8056 338 21 6.411000
8057 337 22 6.692000
8058 337 23 7.174000
8059 334 15 4.714000
8060 335 23 7.047000
8061 335 22 6.743000
8062 333 22 6.754000
8063 334 21 6.383000
8064 332 21 6.439000
8065 336 20 6.140000
8066 338 18 5.516000
8067 340 19 5.782000
8068 338 19 5.802000
8069 335 19 5.790000
8070 336 15 4.603000
8071 338 12 3.782000
8072 338 12 3.754000
8073 336 21 6.403000
8074 336 21 6.380000
8075 335 19 5.885000
8076 334 19 5.940000
8077 335 20 6.195000
8078 337 20 6.237000
8079 336 18 5.643000
8080 336 19 6.068000
8081 335 15 4.841000
8082 341 16 5.161000
8083 341 17 5.378000
8084 346 20 6.352000
8085 347 20 6.350000
8086 348 22 6.915000
8087 344 19 6.000000
8088 339 22 6.924000
8089 341 23 7.228000
8090 339 20 6.309000
8091 341 21 6.564000
8092 340 19 5.969000
8093 339 21 6.545000
8094 338 21 6.505000
8095 339 22 6.873000
8096 340 21 6.579000
8097 339 21 6.506000
8098 336 22 6.884000
8099 335 24 7.443000
8100 337 25 7.681000
8101 336 23 7.115000
8102 337 25 7.674000
8103 335 22 6.804000
8104 338 23 7.146000
8105 335 24 7.432000
8106 336 22 6.788000
8107 338 14 4.389000
8108 341 20 6.155000
8109 341 20 6.224000
8110 342 21 6.509000
8111 343 21 6.492000
8112 343 22 6.742000
8113 343 23 6.977000
8114 347 20 6.132000
8115 347 20 6.081000
8116 348 23 6.941000
8117 345 25 7.637000
8118 345 22 6.802000
8119 345 21 6.447000
8120 344 12 3.832000
8121 345 23 7.032000
8122 346 21 6.481000
8123 346 22 6.754000
8124 347 23 7.040000
8125 347 22 6.800000
8126 348 19 5.926000
8127 337 23 6.991000
8128 335 25 7.609000
8129 335 23 6.960000
8130 335 21 6.421000
8131 335 20 6.132000
8132 335 21 6.393000
8133 336 22 6.678000
8134 335 24 7.234000
8135 337 24 7.237000
8136 338 22 6.703000
8137 338 22 6.658000
8138 337 22 6.650000
8139 337 20 6.095000
8140 337 21 6.386000
8141 337 22 6.681000
8142 337 20 6.093000
8143 336 21 6.393000
8144 337 20 6.073000
8145 337 18 5.475000
8146 342 10 3.192000
8147 343 19 5.827000
8148 343 21 6.425000
8149 341 22 6.776000
8150 340 22 6.715000
8151 335 22 6.757000
8152 334 25 7.637000
8153 335 16 4.997000
8154 338 18 5.599000
8155 338 23 7.112000
8156 339 23 7.177000
8157 341 22 6.879000
8158 341 22 6.783000
8159 343 20 6.188000
8160 343 22 6.792000
8161 342 23 7.104000
8162 341 25 7.617000
8163 341 26 7.839000
8164 340 23 7.098000
8165 341 19 5.874000
8166 342 23 7.061000
8167 342 25 7.673000
8168 341 24 7.340000
8169 339 24 7.383000
8170 341 22 6.823000
8171 340 22 6.780000
8172 340 23 7.109000
8173 340 25 7.587000
8174 339 23 6.998000
8175 342 22 6.802000
8176 342 23 7.054000
8177 340 22 6.764000
8178 341 21 6.459000
8179 343 22 6.743000
8180 343 23 6.950000
8181 343 26 7.899000
8182 342 25 7.597000
8183 342 23 7.027000
8184 342 23 7.033000
8185 343 24 7.300000
8186 343 23 7.036000
8187 342 22 6.715000
8188 341 21 6.377000
8189 341 18 5.533000
8190 341 19 5.863000
8191 343 19 5.827000
8192 351 23 6.968000
8193 351 23 6.998000
8194 352 20 6.092000
8195 351 19 5.820000
8196 351 21 6.414000
8197 350 21 6.419000
8198 349 20 6.103000
8199 349 20 6.076000
8200 348 19 5.791000
8201 348 20 6.118000
8202 344 20 6.067000
8203 346 23 6.925000
8204 347 22 6.648000
8205 346 21 6.376000
8206 345 21 6.328000
8207 345 21 6.357000
8208 346 19 5.794000
8209 346 18 5.454000
8210 348 20 6.125000
8211 349 20 6.078000
8212 348 20 6.133000
8213 348 19 5.795000
8214 348 20 6.086000
8215 349 19 5.821000
8216 348 20 6.096000
8217 348 20 6.122000
8218 346 16 4.959000
8219 347 18 5.505000
8220 348 20 6.091000
8221 349 19 5.737000
8222 351 20 6.030000
8223 350 20 6.057000
8224 350 19 5.747000
8225 352 20 6.078000
8226 352 21 6.428000
8227 353 20 6.193000
8228 356 18 5.621000
8229 355 21 6.496000
8230 356 24 7.333000
8231 354 23 7.049000
8232 353 22 6.657000
8233 352 23 6.998000
8234 352 20 6.042000
8235 353 21 6.320000
8236 347 25 7.518000
8237 344 26 7.788000
8238 351 17 5.128000
8239 350 24 7.183000
8240 346 24 7.366000
8241 346 21 6.445000
8242 347 21 6.296000
8243 339 26 8.133000
8244 338 23 7.252000
8245 346 23 7.082000
8246 345 22 6.737000
8247 341 23 7.234000
8248 341 23 7.195000
8249 338 20 6.298000
8250 339 20 6.268000
8251 339 22 6.922000
8252 339 24 7.552000
8253 344 19 5.922000
8254 344 22 6.630000
8255 342 18 5.558000
8256 348 19 5.779000
8257 346 13 4.053000
8258 347 16 4.904000
8259 348 17 5.236000
8260 348 21 6.481000
8261 345 20 6.231000
8262 345 14 4.431000
8263 345 18 5.532000
8264 339 19 5.677000
8265 338 19 5.643000
8266 338 18 5.423000
8267 338 19 5.719000
8268 338 18 5.447000
8269 339 14 4.268000
8270 339 16 4.883000
8271 339 20 5.993000
8272 338 20 6.016000
8273 337 19 5.659000
8274 337 19 5.763000
8275 336 19 5.710000
8276 338 20 6.043000
8277 338 12 3.762000
8278 342 18 5.483000
8279 339 19 5.742000
8280 341 21 6.269000
8281 343 17 5.174000
8282 344 19 5.775000
8283 344 20 6.012000
8284 343 19 5.763000
8285 345 21 6.297000
8286 342 20 6.075000
8287 341 22 6.594000
8288 340 21 6.350000
8289 340 20 6.061000
8290 341 15 4.663000
8291 342 19 5.816000
8292 341 19 5.789000
8293 340 21 6.357000
8294 338 21 6.352000
8295 339 19 5.832000
8296 340 20 6.069000
8297 341 22 6.719000
8298 341 22 6.800000
8299 341 21 6.505000
8300 341 17 5.333000
8301 343 20 6.172000
8302 344 21 6.503000
8303 344 20 6.275000
8304 343 12 3.897000
8305 343 20 6.248000
8306 344 22 6.749000
8307 343 20 6.174000
8308 344 21 6.432000
8309 342 19 5.877000
8310 344 23 7.077000
8311 344 23 7.124000
8312 343 22 6.759000
8313 342 22 6.786000
8314 342 21 6.508000
8315 343 20 6.187000
8316 342 20 6.203000
8317 344 19 5.922000
8318 344 12 3.870000
8319 344 21 6.516000
8320 346 22 6.742000
8321 346 23 7.135000
8322 348 23 7.189000
8323 348 21 6.579000
8324 347 20 6.309000
8325 347 19 6.048000
8326 346 18 5.719000
8327 348 18 5.674000
8328 347 12 3.881000
8329 345 21 6.572000
8330 344 12 3.854000
8331 346 20 6.293000
8332 345 23 7.081000
8333 343 25 7.720000
8334 342 22 6.823000
8335 345 21 6.508000
8336 345 21 6.495000
8337 343 24 7.334000
8338 347 25 7.630000
8339 346 22 6.728000
8340 344 22 6.761000
8341 345 22 6.735000
8342 345 23 7.000000
8343 346 23 7.004000
8344 343 24 7.429000
8345 341 23 7.193000
8346 341 20 6.223000
8347 342 24 7.439000
8348 342 25 7.647000
8349 342 23 7.070000
8350 342 22 6.805000
8351 343 23 7.060000
8352 344 22 6.832000
8353 342 24 7.439000
8354 344 24 7.400000
8355 344 20 6.252000
8356 343 21 6.536000
8357 343 21 6.584000
8358 344 19 5.992000
8359 343 21 6.526000
8360 343 13 4.145000
8361 343 23 7.151000
8362 346 20 6.285000
8363 346 21 6.641000
8364 347 19 5.932000
8365 347 22 6.836000
8366 347 21 6.554000
8367 346 16 5.058000
8368 345 18 5.664000
8369 345 22 6.811000
8370 345 19 5.951000
8371 345 17 5.404000
8372 346 19 5.977000
8373 345 19 6.004000
8374 344 18 5.766000
8375 343 19 6.064000
8376 342 20 6.399000
8377 342 20 6.420000
8378 343 22 6.978000
8379 343 24 7.562000
8380 342 22 6.951000
8381 339 21 6.707000
8382 335 20 6.403000
8383 336 22 6.965000
8384 336 22 6.910000
8385 331 24 7.599000
8386 330 24 7.588000
8387 333 24 7.491000
8388 334 23 7.201000
8389 334 22 6.962000
8390 337 21 6.646000
8391 337 21 6.639000
8392 336 24 7.499000
8393 337 25 7.697000
8394 336 19 5.901000
8395 336 20 6.168000
8396 338 11 3.560000
8397 339 21 6.514000
8398 342 20 6.210000
8399 341 22 6.828000
8400 342 21 6.485000
8401 343 21 6.566000
8402 344 19 5.924000
8403 344 20 6.214000
8404 336 21 6.595000
8405 338 22 6.997000
8406 336 19 6.035000
8407 335 18 5.693000
8408 335 20 6.270000
8409 335 14 4.516000
8410 336 15 4.799000
8411 336 10 3.269000
8412 337 18 5.678000
8413 337 16 5.071000
8414 337 19 5.953000
8415 335 18 5.624000
8416 335 18 5.619000
8417 338 14 4.393000
8418 333 18 5.533000
8419 333 21 6.392000
8420 331 22 6.747000
8421 332 11 3.506000
8422 332 20 6.134000
8423 334 20 6.182000
8424 333 20 6.196000
8425 334 21 6.469000
8426 335 22 6.825000
8427 336 23 7.117000
8428 333 23 7.199000
8429 332 21 6.568000
8430 332 21 6.580000
8431 333 22 6.894000
8432 333 22 6.830000
8433 333 23 7.113000
8434 334 24 7.362000
8435 334 21 6.520000
8436 334 21 6.476000
8437 335 20 6.217000
8438 335 19 5.908000
8439 336 20 6.190000
8440 337 22 6.753000
8441 338 24 7.382000
8442 337 21 6.446000
8443 338 20 6.200000
8444 338 20 6.186000
8445 339 20 6.200000
8446 339 19 5.906000
8447 339 20 6.221000
8448 338 18 5.633000
8449 339 19 5.921000
8450 339 19 5.928000
8451 338 20 6.237000
8452 336 14 4.419000
8453 336 19 5.932000
8454 337 16 5.000000
8455 338 18 5.658000
8456 338 16 5.028000
8457 336 13 4.125000
8458 336 13 4.092000
8459 334 15 4.700000
8460 332 18 5.638000
8461 333 13 4.212000
8462 332 18 5.652000
8463 333 12 3.873000
8464 331 16 5.111000
8465 330 22 6.715000
8466 330 20 6.158000
8467 329 12 3.826000
8468 327 22 6.800000
8469 328 23 7.130000
8470 327 20 6.140000
8471 328 20 6.181000
8472 328 20 6.198000
8473 327 18 5.607000
8474 326 17 5.312000
8475 328 20 6.133000
8476 327 21 6.428000
8477 327 19 5.922000
8478 326 20 6.190000
8479 326 23 7.129000
8480 326 21 6.537000
8481 329 20 6.144000
8482 331 21 6.441000
8483 333 20 6.092000
8484 332 17 5.254000
8485 330 21 6.569000
8486 332 20 6.192000
8487 331 21 6.492000
8488 330 21 6.518000
8489 332 21 6.510000
8490 329 20 6.274000
8491 334 22 6.814000
8492 334 21 6.474000
8493 334 20 6.199000
8494 332 21 6.468000
8495 334 24 7.352000
8496 335 23 7.076000
8497 334 22 6.786000
8498 337 23 7.087000
8499 338 22 6.761000
8500 336 20 6.108000
8501 340 24 7.306000
8502 341 24 7.289000
8503 341 21 6.463000
8504 341 22 6.770000
8505 340 22 6.856000
8506 340 22 6.861000
8507 338 22 6.789000
8508 336 22 6.756000
8509 335 21 6.508000
8510 335 23 7.114000
8511 339 22 6.788000
8512 340 20 6.197000
8513 340 22 6.752000
8514 339 22 6.763000
8515 339 23 7.085000
8516 338 23 7.090000
8517 338 20 6.136000
8518 338 22 6.756000
8519 338 21 6.427000
8520 339 23 6.950000
8521 337 22 6.620000
8522 336 23 6.870000
8523 336 21 6.311000
8524 338 22 6.596000
8525 337 22 6.596000
8526 337 21 6.336000
8527 337 22 6.603000
8528 337 21 6.334000
8529 340 22 6.670000
8530 336 23 6.901000
8531 337 22 6.633000
8532 335 21 6.303000
8533 337 23 6.882000
8534 336 21 6.313000
8535 337 23 6.867000
8536 336 17 5.150000
8537 335 22 6.572000
8538 335 23 6.924000
8539 336 24 7.148000
8540 337 23 7.012000
8541 337 25 7.630000
8542 336 23 7.065000
8543 337 20 6.151000
8544 339 21 6.499000
8545 339 19 5.932000
8546 339 19 5.954000
8547 335 23 7.126000
8548 334 25 7.731000
8549 334 21 6.523000
8550 332 25 7.689000
8551 331 26 7.960000
8552 331 24 7.346000
8553 333 23 7.037000
8554 333 21 6.473000
8555 333 21 6.477000
8556 335 22 6.762000
8557 322 19 5.926000
8558 324 23 7.114000
8559 324 22 6.835000
8560 324 21 6.710000
8561 325 20 6.328000
8562 326 21 6.776000
8563 326 22 6.987000
8564 327 23 7.314000
8565 326 23 7.194000
8566 328 25 7.976000
8567 327 24 7.446000
8568 328 24 7.436000
8569 325 17 5.423000
8570 328 22 6.971000
8571 331 23 7.246000
8572 331 25 7.748000
8573 335 25 7.641000
8574 334 24 7.465000
8575 334 21 6.508000
8576 336 22 6.799000
8577 334 22 6.801000
8578 335 24 7.337000
8579 334 23 7.000000
8580 332 22 6.792000
8581 334 23 6.993000
8582 333 25 7.588000
8583 336 19 5.912000
8584 336 19 5.916000
8585 338 21 6.515000
8586 337 23 7.078000
8587 335 24 7.338000
8588 335 24 7.395000
8589 337 22 6.950000
8590 336 22 6.772000
8591 337 21 6.575000
8592 334 21 6.519000
8593 334 20 6.125000
8594 333 21 6.467000
8595 333 23 7.146000
8596 333 25 7.765000
8597 334 20 6.229000
8598 333 22 6.734000
8599 333 20 6.164000
8600 333 20 6.232000
8601 335 21 6.529000
8602 334 23 7.182000
8603 332 24 7.493000
8604 332 21 6.558000
8605 331 21 6.549000
8606 331 22 6.823000
8607 330 23 7.129000
8608 329 21 6.465000
8609 330 22 6.772000
8610 330 12 3.857000
8611 329 22 6.731000
8612 332 23 7.174000
8613 331 25 7.872000
8614 327 23 7.165000
8615 328 27 8.302000
8616 327 22 6.748000
8617 326 23 7.057000
8618 325 22 6.771000
8619 325 22 6.795000
8620 325 21 6.514000
8621 324 23 7.139000
8622 325 22 6.823000
8623 325 22 6.745000
8624 325 22 6.777000
8625 325 22 6.813000
8626 326 22 6.786000
8627 328 22 6.783000
8628 329 22 6.666000
8629 328 22 6.737000
8630 330 20 6.135000
8631 327 23 7.069000
8632 326 19 5.852000
8633 327 20 6.130000
8634 327 16 4.991000
8635 327 21 6.463000
8636 328 21 6.470000
8637 329 20 6.139000
8638 327 20 6.147000
8639 328 22 6.724000
8640 328 23 7.012000
8641 328 23 6.946000
8642 328 20 6.137000
8643 329 22 6.797000
8644 330 23 7.212000
8645 329 24 7.487000
8646 330 24 7.434000
8647 330 22 6.839000
8648 328 19 5.896000
8649 329 22 6.748000
8650 329 24 7.344000
8651 330 21 6.479000
8652 329 13 4.145000
8653 330 23 7.081000
8654 329 23 7.044000
8655 329 19 5.839000
8656 329 20 6.168000
8657 325 22 6.725000
8658 327 20 6.123000
8659 328 21 6.395000
8660 329 22 6.740000
8661 327 21 6.498000
8662 327 20 6.236000
8663 326 21 6.572000
8664 325 19 5.964000
8665 323 20 6.318000
8666 324 21 6.600000
8667 324 21 6.544000
8668 328 21 6.460000
8669 328 23 6.969000
8670 329 23 6.989000
8671 329 22 6.746000
8672 329 21 6.393000
8673 329 20 6.172000
8674 328 22 6.734000
8675 328 23 7.109000
8676 327 23 7.150000
8677 326 23 7.106000
8678 330 23 7.090000
8679 330 24 7.374000
8680 330 24 7.476000
8681 330 22 6.841000
8682 331 24 7.383000
8683 334 24 7.462000
8684 333 23 7.147000
8685 333 22 6.838000
8686 332 22 6.759000
8687 331 20 6.191000
8688 329 21 6.472000
8689 327 21 6.485000
8690 328 22 6.819000
8691 329 21 6.508000
8692 329 21 6.688000
8693 330 21 6.592000
8694 330 20 6.338000
8695 330 22 6.870000
8696 329 22 6.835000
8697 329 19 6.029000
8698 332 23 7.162000
8699 332 21 6.566000
8700 331 21 6.560000
8701 332 22 6.862000
8702 331 19 5.945000
8703 332 20 6.282000
8704 330 20 6.298000
8705 330 19 5.956000
8706 328 20 6.257000
8707 327 19 5.985000
8708 327 21 6.561000
8709 325 21 6.643000
8710 324 20 6.278000
8711 325 20 6.224000
8712 325 20 6.215000
8713 326 20 6.238000
8714 327 20 6.214000
8715 328 19 5.931000
8716 328 24 7.332000
8717 332 24 7.338000
8718 332 24 7.419000
8719 332 21 6.733000
8720 332 22 6.774000
8721 332 22 6.890000
8722 334 19 5.941000
8723 333 20 6.169000
8724 333 20 6.220000
8725 333 21 6.439000
8726 332 20 6.161000
8727 331 20 6.183000
8728 333 19 5.913000
8729 334 22 6.730000
8730 332 21 6.457000
8731 333 20 6.153000
8732 332 21 6.513000
8733 327 25 7.904000
8734 326 25 7.938000
8735 325 23 7.260000
8736 323 24 7.649000
8737 323 22 7.035000
8738 323 18 5.798000
8739 324 20 6.338000
8740 324 18 5.814000
8741 326 20 6.409000
8742 335 18 5.848000
8743 335 12 3.984000
8744 332 18 5.855000
8745 331 17 5.533000
8746 332 9 3.069000
8747 334 16 5.169000
8748 335 15 4.914000
8749 335 15 4.879000
8750 336 14 4.515000
8751 331 14 4.523000
8752 328 14 4.560000
8753 331 12 3.958000
8754 333 16 5.197000
8755 333 17 5.476000
8756 333 20 6.401000
8757 333 19 6.026000
8758 333 19 6.017000
8759 332 17 5.424000
8760 333 17 5.479000
8761 332 18 5.800000
8762 331 18 5.778000
8763 332 18 5.790000
8764 333 15 4.846000
8765 333 17 5.443000
8766 335 10 3.288000
8767 332 19 6.013000
8768 333 18 5.761000
8769 333 20 6.396000
8770 333 21 6.805000
8771 329 21 6.760000
8772 331 21 6.741000
8773 330 22 7.014000
8774 329 19 6.142000
8775 329 19 6.181000
8776 331 22 7.019000
8777 333 23 7.305000
8778 331 17 5.480000
8779 334 18 5.719000
8780 334 16 5.134000
8781 332 15 4.845000
8782 331 12 3.928000
8783 331 19 6.012000
8784 332 19 6.006000
8785 331 19 6.052000
8786 331 18 5.735000
8787 330 19 6.074000
8788 331 19 6.060000
8789 331 16 5.168000
8790 334 17 5.492000
8791 335 11 3.662000
8792 336 19 6.125000
8793 337 18 5.826000
8794 337 19 6.100000
8795 333 17 5.458000
8796 333 19 6.129000
8797 331 19 6.076000
8798 332 17 5.483000
8799 331 17 5.505000
8800 331 18 5.761000
8801 332 18 5.778000
8802 335 15 4.805000
8803 333 15 4.827000
8804 332 17 5.445000
8805 337 22 7.001000
8806 337 23 7.298000
8807 337 23 7.308000
8808 336 20 6.329000
8809 333 20 6.371000
8810 335 21 6.873000
8811 335 23 7.555000
8812 337 22 6.966000
8813 334 22 7.020000
8814 333 22 6.914000
8815 335 19 5.988000
8816 335 20 6.288000
8817 334 19 5.999000
8818 333 21 6.687000
8819 333 23 7.155000
8820 332 21 6.573000
8821 332 19 5.984000
8822 332 19 6.015000
8823 332 19 6.077000
8824 332 21 6.703000
8825 331 20 6.395000
8826 331 21 6.671000
8827 338 21 6.606000
8828 337 22 6.830000
8829 336 19 6.020000
8830 337 20 6.257000
8831 338 21 6.634000
8832 335 20 6.368000
8833 336 19 5.971000
8834 335 20 6.246000
8835 335 20 6.288000
8836 335 20 6.255000
8837 334 22 6.868000
8838 335 18 5.677000
8839 338 19 6.035000
8840 333 19 6.025000
8841 334 18 5.741000
8842 333 13 4.251000
8843 333 17 5.468000
8844 331 17 5.470000
8845 332 15 4.852000
8846 331 14 4.557000
8847 331 16 5.149000
8848 337 21 6.502000
8849 338 22 6.828000
8850 339 21 6.524000
8851 345 23 7.059000
8852 345 23 7.049000
8853 345 21 6.440000
8854 342 22 6.764000
8855 343 21 6.501000
8856 344 22 6.764000
8857 347 21 6.469000
8858 344 20 6.203000
8859 344 21 6.536000
8860 344 22 6.914000
8861 345 20 6.295000
8862 343 20 6.264000
8863 341 22 6.780000
8864 342 24 7.295000
8865 343 21 6.447000
8866 341 21 6.457000
8867 337 24 7.338000
8868 336 24 7.351000
8869 334 20 6.155000
8870 335 18 5.545000
8871 342 17 5.273000
8872 340 15 4.669000
8873 337 21 6.493000
8874 332 20 6.247000
8875 332 22 6.835000
8876 332 22 6.831000
8877 333 21 6.538000
8878 333 21 6.617000
8879 331 20 6.278000
8880 331 18 5.722000
8881 333 20 6.343000
8882 339 19 6.047000
8883 336 21 6.701000
8884 338 19 6.040000
8885 336 18 5.694000
8886 335 16 5.134000
8887 333 20 6.333000
8888 335 18 5.739000
8889 336 14 4.441000
8890 332 17 5.371000
8891 332 16 5.114000
8892 333 17 5.457000
8893 332 10 3.256000
8894 334 17 5.354000
8895 334 11 3.539000
8896 336 18 5.609000
8897 333 17 5.432000
8898 334 16 5.082000
8899 336 16 5.141000
8900 334 16 5.069000
8901 337 16 5.049000
8902 336 19 5.856000
8903 338 20 6.200000
8904 337 21 6.554000
8905 338 21 6.540000
8906 337 21 6.523000
8907 333 24 7.403000
8908 332 23 7.097000
8909 327 21 6.481000
8910 329 20 6.229000
8911 329 19 5.943000
8912 330 19 5.955000
8913 331 21 6.608000
8914 333 21 6.574000
8915 331 19 5.973000
8916 332 20 6.266000
8917 333 20 6.258000
8918 334 21 6.585000
8919 333 18 5.694000
8920 333 21 6.615000
8921 334 16 5.113000
8922 335 22 6.816000
8923 331 24 7.527000
8924 333 23 7.242000
8925 336 22 6.926000
8926 337 21 6.598000
8927 336 21 6.678000
8928 336 21 6.663000
8929 336 21 6.691000
8930 337 21 6.683000
8931 336 18 5.733000
8932 336 21 6.664000
8933 340 22 6.964000
8934 340 21 6.649000
8935 339 20 6.316000
8936 338 19 5.977000
8937 341 21 6.681000
8938 341 23 7.262000
8939 342 22 6.965000
8940 342 21 6.667000
8941 338 23 7.260000
8942 337 24 7.573000
8943 338 25 7.814000
8944 335 23 7.230000
8945 334 22 6.921000
8946 337 22 6.942000
8947 340 21 6.662000
8948 340 22 6.946000
8949 339 23 7.256000
8950 337 22 6.873000
8951 337 23 7.163000
8952 339 21 6.559000
8953 338 21 6.558000
8954 337 22 6.817000
8955 337 21 6.505000
8956 339 19 5.992000
8957 337 20 6.240000
8958 336 23 7.001000
8959 338 22 6.733000
8960 339 21 6.418000
8961 336 19 5.845000
8962 334 21 6.447000
8963 333 20 6.170000
8964 335 20 6.121000
8965 335 20 6.112000
8966 334 23 6.969000
8967 337 22 6.753000
8968 335 21 6.401000
8969 335 20 6.129000
8970 336 20 6.071000
8971 333 21 6.475000
8972 329 22 6.677000
8973 330 20 6.103000
8974 331 20 6.094000
8975 331 17 5.257000
8976 331 19 5.805000
8977 334 20 6.064000
8978 333 19 5.860000
8979 333 20 6.168000
8980 333 18 5.561000
8981 326 13 4.187000
8982 330 12 3.836000
8983 330 23 7.088000
8984 332 22 6.727000
8985 344 23 7.283000
8986 343 24 7.544000
8987 343 22 6.894000
8988 341 22 6.950000
8989 340 24 7.536000
8990 342 26 8.144000
8991 342 24 7.555000
8992 344 23 7.226000
8993 340 23 7.250000
8994 336 23 7.244000
8995 336 21 6.652000
8996 337 20 6.330000
8997 337 21 6.605000
8998 336 21 6.570000
8999 334 23 7.238000
9000 335 24 7.507000
9001 339 20 6.269000
9002 340 20 6.292000
9003 337 20 6.269000
9004 339 19 6.073000
9005 339 21 6.640000
9006 338 18 5.710000
9007 338 17 5.432000
9008 338 20 6.318000
9009 339 17 5.458000
9010 340 18 5.733000
9011 340 19 6.027000
9012 341 19 6.048000
9013 340 20 6.413000
9014 339 21 6.744000
9015 338 20 6.304000
9016 337 19 6.056000
9017 338 11 3.658000
9018 338 20 6.368000
9019 335 20 6.442000
9020 332 21 6.805000
9021 330 22 7.049000
9022 331 19 6.119000
9023 331 21 6.748000
9024 334 21 6.685000
9025 330 21 6.734000
9026 331 22 6.965000
9027 327 19 6.211000
9028 329 21 6.721000
9029 328 22 6.998000
9030 333 22 7.024000
9031 329 24 7.495000
9032 329 24 7.437000
9033 326 21 6.535000
9034 325 21 6.555000
9035 325 18 5.675000
9036 326 21 6.572000
9037 326 21 6.626000
9038 327 22 6.899000
9039 325 21 6.653000
9040 327 22 6.988000
9041 325 22 7.034000
9042 327 21 6.724000
9043 327 22 7.035000
9044 327 23 7.321000
9045 326 17 5.404000
9046 320 21 6.595000
9047 324 21 6.650000
9048 324 20 6.246000
9049 323 20 6.250000
9050 322 21 6.587000
9051 322 20 6.265000
9052 322 19 5.969000
9053 319 19 6.023000
9054 320 18 5.752000
9055 319 19 6.049000
9056 331 23 7.169000
9057 334 23 7.158000
9058 334 21 6.511000
9059 334 20 6.307000
9060 335 20 6.252000
9061 335 10 3.267000
9062 335 18 5.663000
9063 333 19 5.955000
9064 328 20 6.268000
9065 326 18 5.779000
9066 327 22 6.958000
9067 328 19 6.049000
9068 328 19 6.062000
9069 329 18 5.775000
9070 329 12 3.951000
9071 328 19 6.036000
9072 326 23 7.209000
9073 327 23 7.185000
9074 326 20 6.309000
9075 327 20 6.334000
9076 331 20 6.304000
9077 332 21 6.568000
9078 328 19 5.955000
9079 329 15 4.786000
9080 327 18 5.613000
9081 329 21 6.495000
9082 329 11 3.559000
9083 334 19 5.890000
9084 333 18 5.579000
9085 327 10 3.269000
9086 332 12 3.851000
9087 335 20 6.230000
9088 330 16 4.997000
9089 328 17 5.320000
9090 329 17 5.351000
9091 330 11 3.554000
9092 330 15 4.756000
9093 332 11 3.574000
9094 331 14 4.479000
9095 328 17 5.363000
9096 326 13 4.171000
9097 327 15 4.750000
9098 327 11 3.560000
9099 328 16 4.940000
9100 327 15 4.744000
9101 326 16 5.055000
9102 325 18 5.617000
9103 327 19 5.913000
9104 327 12 3.861000
9105 324 20 6.257000
9106 323 17 5.352000
9107 323 18 5.608000
9108 325 18 5.678000
9109 327 18 5.543000
9110 327 17 5.270000
9111 329 18 5.578000
9112 330 19 5.902000
9113 333 16 5.017000
9114 331 17 5.347000
9115 331 16 5.084000
9116 333 15 4.790000
9117 333 12 3.884000
9118 334 12 3.872000
9119 328 13 4.175000
9120 328 12 3.919000
9121 328 13 4.209000
9122 327 12 3.853000
9123 328 15 4.728000
9124 330 12 3.851000
9125 331 18 5.630000
9126 325 20 6.238000
9127 337 20 6.439000
9128 337 20 6.100000
9129 337 20 6.106000
9130 337 16 4.932000
9131 337 18 5.650000
9132 337 12 3.857000
9133 339 19 5.946000
9134 340 16 5.058000
9135 339 17 5.333000
9136 339 18 5.604000
9137 339 12 3.863000
9138 339 18 5.633000
9139 341 20 6.218000
9140 342 18 5.612000
9141 340 20 6.289000
9142 341 22 6.872000
9143 340 19 5.982000
9144 339 19 5.966000
9145 338 19 6.012000
9146 338 19 5.982000
9147 341 19 5.960000
9148 342 23 7.153000
9149 342 20 6.214000
9150 343 18 5.638000
9151 345 20 6.179000
9152 343 12 3.860000
9153 343 19 5.920000
9154 342 18 5.655000
9155 340 22 6.853000
9156 339 21 6.482000
9157 338 21 6.481000
9158 338 16 5.058000
9159 337 17 5.357000
9160 336 22 6.788000
9161 337 21 6.653000
9162 336 19 6.030000
9163 336 17 5.428000
9164 336 19 6.035000
9165 335 20 6.366000
9166 336 19 6.095000
9167 337 19 6.098000
9168 336 20 6.317000
9169 336 21 6.539000
9170 335 13 4.130000
9171 334 20 6.264000
9172 334 20 6.320000
9173 335 13 4.178000
9174 336 18 5.646000
9175 336 18 5.624000
9176 335 19 5.921000
9177 336 18 5.632000
9178 336 20 6.160000
9179 340 19 5.936000
9180 341 19 5.936000
9181 341 15 4.698000
9182 339 19 5.989000
9183 331 18 5.590000
9184 330 20 6.248000
9185 330 15 4.732000
9186 329 19 5.963000
9187 328 20 6.162000
9188 328 17 5.315000
9189 334 19 5.897000
9190 333 17 5.306000
9191 332 12 3.842000
9192 331 17 5.288000
9193 331 11 3.535000
9194 332 19 5.859000
9195 332 19 5.809000
9196 331 19 5.809000
9197 331 20 6.076000
9198 330 19 5.826000
9199 330 21 6.417000
9200 328 18 5.550000
9201 328 20 6.122000
9202 327 19 5.850000
9203 335 17 5.243000
9204 334 14 4.422000
9205 332 18 5.619000
9206 336 16 4.961000
9207 335 15 4.671000
9208 334 19 5.836000
9209 333 21 6.393000
9210 333 21 6.387000
9211 330 20 6.103000
9212 330 19 5.775000
9213 330 19 5.789000
9214 330 20 6.066000
9215 330 19 5.843000
9216 329 19 5.849000
9217 329 19 5.799000
9218 329 19 5.850000
9219 330 19 5.874000
9220 333 17 5.343000
9221 333 18 5.594000
9222 332 18 5.584000
9223 331 16 4.959000
9224 329 12 3.827000
9225 333 15 4.710000
9226 329 14 4.472000
9227 332 16 5.040000
9228 336 15 4.730000
9229 335 19 5.924000
9230 336 17 5.316000
9231 332 15 4.690000
9232 334 12 3.826000
9233 332 17 5.259000
9234 336 18 5.577000
9235 334 19 5.879000
9236 333 17 5.371000
9237 333 18 5.677000
9238 332 18 5.633000
9239 331 17 5.352000
9240 330 18 5.684000
9241 333 16 5.006000
9242 332 16 5.334000
9243 333 15 4.836000
9244 335 16 5.081000
9245 330 17 5.378000
9246 335 22 6.876000
9247 340 24 7.443000
9248 337 21 6.569000
9249 339 20 6.256000
9250 337 24 7.459000
9251 338 22 6.804000
9252 338 23 7.145000
9253 338 25 7.699000
9254 337 23 7.137000
9255 335 19 5.947000
9256 335 20 6.208000
9257 333 15 4.753000
9258 332 18 5.644000
9259 333 18 5.629000
9260 334 17 5.342000
9261 334 19 5.947000
9262 334 18 5.689000
9263 333 17 5.390000
9264 333 16 5.099000
9265 331 22 6.966000
9266 334 25 7.833000
9267 335 21 6.617000
9268 334 23 7.218000
9269 332 20 6.327000
9270 332 22 6.902000
9271 333 19 5.984000
9272 332 19 6.023000
9273 332 18 5.753000
9274 333 19 6.024000
9275 333 17 5.428000
9276 335 18 5.742000
9277 335 19 6.079000
9278 336 20 6.333000
9279 334 22 7.036000
9280 332 22 6.979000
9281 331 22 7.012000
9282 329 21 6.716000
9283 330 20 6.365000
9284 329 21 6.655000
9285 329 22 6.996000
9286 327 20 6.414000
9287 330 11 3.671000
9288 329 18 5.783000
9289 327 20 6.412000
9290 327 18 5.814000
9291 328 21 6.773000
9292 327 20 6.553000
9293 329 21 6.820000
9294 326 18 5.930000
9295 329 22 7.054000
9296 327 23 7.474000
9297 330 20 6.413000
9298 331 18 5.841000
9299 331 21 6.677000
9300 331 21 6.670000
9301 332 21 6.622000
9302 331 20 6.387000
9303 332 19 6.091000
9304 335 20 6.309000
9305 333 19 6.034000
9306 336 16 5.099000
9307 335 14 4.512000
9308 338 12 3.864000
9309 338 15 4.794000
9310 338 15 4.795000
9311 336 12 3.877000
9312 337 21 6.592000
9313 337 23 7.115000
9314 338 22 6.883000
9315 340 23 7.298000
9316 341 21 6.690000
9317 345 22 7.062000
9318 347 24 7.627000
9319 347 23 7.352000
9320 347 21 6.760000
9321 346 24 7.613000
9322 345 23 7.279000
9323 344 22 6.992000
9324 343 22 7.055000
9325 344 21 6.750000
9326 344 22 7.075000
9327 341 21 6.728000
9328 339 24 7.594000
9329 338 17 5.464000
9330 338 21 6.710000
9331 339 20 6.474000
9332 339 22 6.912000
9333 341 20 6.365000
9334 341 22 7.015000
9335 341 21 6.636000
9336 338 22 6.997000
9337 337 25 7.883000
9338 338 20 6.365000
9339 337 23 7.307000
9340 337 20 6.431000
9341 337 21 6.672000
9342 339 16 5.149000
9343 338 12 3.944000
9344 338 18 5.767000
9345 337 18 5.802000
9346 337 19 6.051000
9347 338 19 6.017000
9348 336 20 6.335000
9349 336 21 6.611000
9350 338 18 5.715000
9351 339 17 5.407000
9352 337 14 4.453000
9353 335 20 6.273000
9354 336 23 7.171000
9355 337 23 7.158000
9356 337 19 5.967000
9357 336 19 5.990000
9358 337 19 6.006000
9359 336 20 6.339000
9360 336 21 6.633000
9361 339 22 6.978000
9362 338 20 6.429000
9363 339 19 6.074000
9364 340 20 6.383000
9365 348 18 5.918000
9366 347 21 6.844000
9367 346 18 5.794000
9368 344 16 5.130000
9369 345 16 5.161000
9370 344 16 5.173000
9371 343 17 5.466000
9372 343 17 5.443000
9373 344 18 5.763000
9374 342 19 6.064000
9375 342 18 5.741000
9376 345 20 6.380000
9377 348 22 7.011000
9378 348 23 7.304000
9379 348 21 6.642000
9380 346 21 6.668000
9381 348 22 6.864000
9382 350 21 6.534000
9383 349 21 6.459000
9384 345 19 5.933000
9385 345 20 6.226000
9386 346 21 6.486000
9387 346 21 6.536000
9388 346 20 6.246000
9389 343 19 6.036000
9390 340 20 6.398000
9391 340 20 6.369000
9392 341 22 6.901000
9393 342 20 6.314000
9394 341 17 5.414000
9395 351 23 7.163000
9396 351 23 7.151000
9397 352 22 6.807000
9398 351 16 5.032000
9399 348 22 6.842000
9400 350 22 6.868000
9401 350 21 6.593000
9402 350 20 6.265000
9403 350 22 6.926000
9404 351 22 6.888000
9405 344 23 7.092000
9406 344 23 7.146000
9407 344 20 6.256000
9408 345 21 6.544000
9409 345 21 6.476000
9410 345 23 7.033000
9411 346 20 6.114000
9412 345 20 6.165000
9413 335 16 4.941000
9414 334 18 5.503000
9415 334 12 3.721000
9416 332 11 3.470000
9417 333 16 4.892000
9418 337 19 5.741000
9419 338 19 5.837000
9420 340 19 5.813000
9421 340 19 5.803000
9422 341 13 4.057000
9423 342 21 6.405000
9424 341 20 6.107000
9425 341 20 6.090000
9426 340 23 6.975000
9427 340 23 6.919000
9428 343 23 6.887000
9429 341 22 6.637000
9430 340 21 6.351000
9431 339 19 5.815000
9432 341 21 6.376000
9433 332 24 7.169000
9434 333 24 7.159000
9435 335 24 7.173000
9436 333 22 6.580000
9437 333 22 6.630000
9438 330 21 6.399000
9439 332 22 6.714000
9440 336 21 6.380000
9441 336 22 6.753000
9442 335 23 7.042000
9443 336 22 6.755000
9444 333 23 7.027000
9445 336 25 7.593000
9446 335 22 6.687000
9447 336 20 6.075000
9448 335 22 6.626000
9449 334 22 6.633000
9450 334 22 6.611000
9451 340 23 6.940000
9452 336 29 8.654000
9453 336 20 6.093000
9454 336 12 3.756000
9455 336 20 6.032000
9456 333 23 7.051000
9457 332 15 4.929000
9458 335 22 6.816000
9459 335 21 6.538000
9460 335 22 6.817000
9461 335 21 6.449000
9462 335 21 6.483000
9463 335 22 6.750000
9464 337 19 5.898000
9465 337 22 6.890000
9466 339 18 5.675000
9467 340 19 5.926000
9468 341 23 7.166000
9469 340 23 7.162000
9470 341 23 7.191000
9471 342 23 7.232000
9472 342 18 5.689000
9473 342 22 6.880000
9474 341 23 7.169000
9475 342 19 5.975000
9476 341 21 6.663000
9477 341 19 6.068000
9478 339 20 6.325000
9479 340 19 5.963000
9480 341 18 5.707000
9481 339 22 6.992000
9482 337 22 6.873000
9483 337 23 7.188000
9484 335 23 7.141000
9485 335 22 6.907000
9486 336 19 5.960000
9487 331 21 6.513000
9488 330 23 7.113000
9489 330 18 5.586000
9490 328 21 6.498000
9491 328 22 6.783000
9492 328 20 6.175000
9493 328 21 6.469000
9494 328 23 7.053000
9495 326 21 6.486000
9496 328 20 6.153000
9497 336 24 7.390000
9498 336 22 6.876000
9499 336 20 6.305000
9500 335 21 6.674000
9501 334 20 6.367000
9502 334 19 6.070000
9503 334 19 6.024000
9504 335 21 6.589000
9505 336 16 5.105000
9506 347 19 6.013000
9507 342 21 6.403000
9508 342 19 5.848000
9509 342 13 4.097000
9510 341 12 3.748000
9511 342 13 4.033000
9512 342 17 5.232000
9513 340 19 5.814000
9514 344 16 4.906000
9515 347 18 5.467000
9516 346 21 6.371000
9517 344 20 6.074000
9518 345 11 3.478000
9519 345 19 5.858000
9520 345 19 5.856000
9521 345 20 6.108000
9522 346 19 5.821000
9523 345 19 5.841000
9524 345 18 5.470000
9525 347 20 6.078000
9526 346 20 6.027000
9527 343 21 6.432000
9528 344 14 4.336000
9529 346 20 6.081000
9530 347 20 6.087000
9531 347 14 4.391000
9532 347 15 4.717000
9533 345 18 5.606000
9534 344 18 5.628000
9535 342 16 5.003000
9536 342 19 5.870000
9537 340 17 5.263000
9538 339 18 5.578000
9539 337 21 6.415000
9540 335 21 6.416000
9541 335 19 5.834000
9542 335 19 5.821000
9543 334 19 5.772000
9544 332 12 3.786000
9545 332 18 5.530000
9546 331 12 3.828000
9547 331 10 3.252000
9548 332 13 4.135000
9549 333 15 4.733000
9550 332 18 5.632000
9551 332 17 5.305000
9552 335 20 6.103000
9553 335 18 5.489000
9554 335 16 4.934000
9555 334 16 4.901000
9556 333 15 4.586000
9557 333 14 4.322000
9558 331 19 5.708000
9559 335 21 6.272000
9560 334 17 5.139000
9561 334 12 3.696000
9562 333 19 5.728000
9563 333 19 5.716000
9564 333 20 5.953000
9565 331 17 5.164000
9566 330 19 5.730000
9567 330 12 3.728000
9568 331 18 5.443000
9569 332 20 6.041000
9570 331 18 5.459000
9571 333 20 6.044000
9572 333 21 6.364000
9573 330 21 6.365000
9574 332 19 5.769000
9575 332 17 5.186000
9576 331 18 5.468000
9577 331 11 3.460000
9578 332 18 5.468000
9579 330 20 5.984000
9580 332 18 5.523000
9581 328 13 4.080000
9582 332 20 6.042000
9583 332 17 5.188000
9584 329 13 4.082000
9585 330 20 6.051000
9586 331 20 6.045000
9587 328 18 5.496000
9588 328 23 6.892000
9589 328 23 6.882000
9590 328 18 5.449000
9591 328 15 4.646000
9592 329 22 6.654000
9593 328 22 6.677000
9594 331 23 6.977000
9595 327 13 4.197000
9596 327 21 6.604000
9597 326 21 6.599000
9598 326 20 6.267000
9599 325 16 5.000000
9600 322 18 5.536000
9601 322 19 5.859000
9602 333 12 3.854000
9603 332 20 6.217000
9604 329 11 3.590000
9605 330 12 3.891000
9606 330 15 4.736000
9607 330 16 5.066000
9608 331 21 6.452000
9609 330 22 6.764000
9610 330 21 6.453000
9611 331 19 5.901000
9612 330 19 5.944000
9613 335 18 5.621000
9614 334 12 3.843000
9615 333 18 5.676000
9616 336 19 5.915000
9617 337 20 6.162000
9618 335 21 6.557000
9619 335 21 6.466000
9620 334 19 5.889000
9621 333 20 6.211000
9622 335 11 3.513000
9623 331 21 6.478000
9624 330 14 4.432000
9625 324 21 6.536000
9626 324 23 7.150000
9627 325 20 6.255000
9628 329 23 7.109000
9629 332 23 7.110000
9630 332 21 6.661000
9631 332 19 5.954000
9632 331 17 5.385000
9633 331 18 5.583000
9634 334 13 4.116000
9635 333 17 5.207000
9636 335 17 5.127000
9637 335 18 5.407000
9638 334 20 6.006000
9639 334 17 5.143000
9640 334 11 3.484000
9641 334 19 5.798000
9642 336 19 5.723000
9643 335 19 5.746000
9644 335 12 3.739000
9645 335 18 5.441000
9646 336 18 5.458000
9647 333 18 5.484000
9648 333 17 5.148000
9649 333 19 5.767000
9650 334 20 6.053000
9651 335 18 5.494000
9652 335 13 4.046000
9653 335 18 5.490000
9654 336 18 5.465000
9655 336 17 5.182000
9656 336 15 4.579000
9657 336 13 3.992000
9658 334 15 4.576000
9659 333 12 3.728000
9660 335 15 4.613000
9661 334 17 5.206000
9662 333 14 4.358000
9663 333 20 6.158000
9664 334 20 6.070000
9665 336 21 6.371000
9666 336 23 7.008000
9667 335 22 6.651000
9668 335 21 6.422000
9669 333 19 5.766000
9670 333 20 6.063000
9671 333 20 6.104000
9672 333 19 5.751000
9673 331 22 6.605000
9674 334 22 6.713000
9675 334 22 6.660000
9676 333 21 6.342000
9677 333 23 6.901000
9678 333 25 7.407000
9679 334 20 6.017000
9680 334 21 6.281000
9681 332 19 5.718000
9682 331 23 6.902000
9683 331 23 6.957000
9684 330 24 7.120000
9685 331 24 7.143000
9686 331 23 6.865000
9687 332 23 6.890000
9688 332 23 6.896000
9689 331 23 6.938000
9690 332 23 6.899000
9691 332 25 7.464000
9692 332 26 7.812000
9693 332 22 6.637000
9694 332 23 6.948000
9695 333 25 7.377000
9696 332 25 7.336000
9697 331 22 6.514000
9698 331 22 6.550000
9699 333 21 6.233000
9700 333 20 5.956000
9701 334 20 5.963000
9702 334 11 3.376000
9703 335 19 5.614000
9704 337 20 6.081000
9705 341 25 7.502000
9706 341 22 6.630000
9707 341 20 6.083000
9708 341 20 6.180000
9709 342 21 6.434000
9710 345 20 6.148000
9711 344 19 5.903000
9712 344 19 5.873000
9713 346 21 6.350000
9714 345 22 6.655000
9715 346 13 4.061000
9716 340 21 6.483000
9717 327 20 6.076000
9718 326 12 3.772000
9719 326 21 6.441000
9720 328 14 4.443000
9721 328 20 6.170000
9722 328 17 5.291000
9723 328 20 6.160000
9724 328 21 6.480000
9725 326 15 4.673000
9726 326 17 5.277000
9727 325 19 5.848000
9728 332 22 6.727000
9729 332 23 7.082000
9730 334 20 6.149000
9731 334 19 5.835000
9732 335 22 6.705000
9733 336 21 6.411000
9734 338 19 5.851000
9735 330 22 6.821000
9736 329 21 6.569000
9737 331 20 6.209000
9738 331 21 6.614000
9739 332 18 5.685000
9740 332 21 6.546000
9741 331 22 6.869000
9742 330 20 6.326000
9743 330 20 6.238000
9744 330 22 6.930000
9745 330 22 6.900000
9746 331 19 5.931000
9747 331 19 5.953000
9748 332 18 5.664000
9749 331 19 5.898000
9750 334 12 3.848000
9751 334 19 5.902000
9752 333 20 6.218000
9753 333 20 6.204000
9754 333 21 6.545000
9755 332 21 6.449000
9756 329 22 6.836000
9757 329 23 7.064000
9758 329 20 6.202000
9759 329 20 6.215000
9760 330 20 6.222000
9761 331 21 6.513000
9762 333 20 6.244000
9763 332 19 5.968000
9764 331 20 6.270000
9765 331 19 5.987000
9766 329 19 5.963000
9767 328 21 6.539000
9768 327 22 6.875000
9769 325 19 6.007000
9770 325 20 6.311000
9771 317 23 7.280000
9772 317 23 7.340000
9773 318 18 5.818000
9774 322 23 7.147000
9775 323 24 7.467000
9776 323 20 6.293000
9777 315 23 6.964000
9778 315 23 6.946000
9779 315 12 3.802000
9780 325 22 6.709000
9781 322 23 7.039000
9782 321 21 6.506000
9783 323 21 6.514000
9784 323 20 6.209000
9785 323 23 7.121000
9786 324 22 6.808000
9787 321 22 6.781000
9788 320 22 6.805000
9789 321 22 6.781000
9790 321 22 6.737000
9791 320 22 6.769000
9792 319 23 7.053000
9793 320 22 6.719000
9794 322 22 6.713000
9795 321 20 6.122000
9796 320 22 6.777000
9797 322 22 6.747000
9798 322 22 6.786000
9799 322 24 7.334000
9800 323 25 7.703000
9801 324 25 7.794000
9802 324 23 7.200000
9803 323 24 7.461000
9804 317 27 8.260000
9805 316 26 7.984000
9806 317 21 6.513000
9807 318 26 7.981000
9808 317 25 7.657000
9809 316 23 7.117000
9810 316 25 7.673000
9811 315 22 6.789000
9812 316 24 7.345000
9813 316 22 6.787000
9814 320 22 6.713000
9815 318 24 7.408000
9816 319 23 7.082000
9817 319 25 7.738000
9818 319 21 6.505000
9819 320 22 6.829000
9820 318 21 6.499000
9821 317 22 6.834000
9822 320 22 6.715000
9823 321 21 6.386000
9824 321 18 5.485000
9825 322 15 4.608000
9826 321 19 5.710000
9827 321 20 6.043000
9828 322 20 6.036000
9829 321 21 6.304000
9830 321 19 5.746000
9831 319 22 6.558000
9832 318 24 7.116000
9833 318 21 6.266000
9834 320 21 6.311000
9835 319 22 6.632000
9836 318 25 7.506000
9837 318 24 7.270000
9838 319 21 6.462000
9839 316 21 6.429000
9840 317 20 6.109000
9841 317 22 6.693000
9842 317 23 6.996000
9843 318 21 6.378000
9844 318 20 6.090000
9845 318 19 5.724000
9846 316 21 6.329000
9847 316 22 6.646000
9848 316 20 6.017000
9849 319 22 6.607000
9850 318 24 7.207000
9851 318 25 7.506000
9852 317 21 6.434000
9853 316 20 6.105000
9854 317 20 6.095000
9855 319 21 6.358000
9856 320 24 7.241000
9857 320 20 6.073000
9858 322 22 6.669000
9859 322 11 3.502000
9860 323 14 4.369000
9861 324 19 5.915000
9862 323 19 5.898000
9863 326 19 5.893000
9864 325 20 6.207000
9865 325 20 6.202000
9866 324 20 6.208000
9867 323 20 6.232000
9868 321 22 6.703000
9869 322 23 6.946000
9870 322 19 5.788000
9871 323 21 6.356000
9872 323 20 6.116000
9873 323 20 6.136000
9874 324 22 6.680000
9875 324 20 6.185000
9876 310 21 6.611000
9877 310 22 6.875000
9878 311 22 6.805000
9879 310 21 6.571000
9880 310 22 6.758000
9881 319 24 7.500000
9882 320 25 7.743000
9883 320 21 6.543000
9884 318 18 5.716000
9885 316 20 6.362000
9886 320 19 6.007000
9887 319 20 6.278000
9888 317 20 6.266000
9889 314 20 6.265000
9890 316 20 6.287000
9891 316 21 6.619000
9892 317 20 6.318000
9893 315 21 6.619000
9894 317 23 7.226000
9895 317 22 6.907000
9896 320 23 7.165000
9897 322 20 6.314000
9898 321 19 6.016000
9899 319 22 6.843000
9900 320 22 6.813000
9901 320 22 6.776000
9902 317 22 6.810000
9903 316 22 6.788000
9904 318 21 6.442000
9905 321 22 6.965000
9906 320 21 6.620000
9907 321 20 6.354000
9908 321 21 6.609000
9909 320 21 6.674000
9910 320 20 6.398000
9911 318 20 6.405000
9912 319 20 6.388000
9913 323 21 6.822000
9914 322 24 7.727000
9915 322 24 7.711000
9916 320 22 6.995000
9917 320 22 6.993000
9918 320 19 6.130000
9919 321 18 5.859000
9920 321 21 6.804000
9921 319 22 6.828000
9922 319 22 6.868000
9923 316 18 5.777000
9924 317 20 6.331000
9925 317 22 6.876000
9926 318 20 6.195000
9927 320 18 5.542000
9928 320 18 5.533000
9929 319 15 4.676000
9930 320 11 3.488000
9931 320 15 4.672000
9932 320 13 4.057000
9933 319 16 4.968000
9934 319 18 5.551000
9935 319 20 6.154000
9936 320 19 5.871000
9937 322 19 5.887000
9938 322 18 5.570000
9939 320 17 5.285000
9940 321 16 5.024000
9941 320 17 5.240000
9942 319 22 6.692000
9943 321 24 7.203000
9944 322 19 5.834000
9945 322 18 5.534000
9946 322 21 6.378000
9947 322 21 6.393000
9948 320 20 6.157000
9949 320 18 5.624000
9950 320 18 5.764000
9951 320 16 5.192000
9952 317 16 5.194000
9953 319 19 6.194000
9954 320 19 6.113000
9955 319 18 5.862000
9956 321 18 5.908000
9957 324 18 5.854000
9958 325 18 5.818000
9959 324 22 7.054000
9960 323 18 5.743000
9961 324 19 6.023000
9962 324 19 6.028000
9963 326 20 6.348000
9964 328 18 5.714000
9965 328 19 6.028000
9966 327 17 5.401000
9967 327 20 6.346000
9968 336 19 5.975000
9969 335 17 5.347000
9970 329 16 4.983000
9971 328 19 5.889000
9972 333 17 5.292000
9973 325 20 6.202000
9974 326 19 5.921000
9975 327 20 6.169000
9976 327 20 6.137000
9977 326 19 5.830000
9978 327 18 5.581000
9979 331 12 3.791000
9980 331 21 6.479000
9981 330 20 6.203000
9982 330 20 6.170000
9983 329 19 5.935000
9984 328 19 5.921000
9985 336 14 4.353000
9986 337 19 5.771000
9987 339 16 4.898000
9988 341 17 5.213000
9989 343 12 3.742000
9990 342 16 4.896000
9991 343 16 4.954000
9992 341 16 4.903000
9993 341 21 6.391000
9994 340 15 4.578000
9995 339 18 5.495000
9996 340 20 6.105000
9997 340 17 5.208000
9998 340 17 5.264000
9999 338 18 5.556000
10000 340 17 5.427000
