
          -------------------------------------------------------
          Amber 24 SANDER                              2024
          -------------------------------------------------------

| Run on 02/02/2026 at 16:17:30

|   Executable path: sander
| Working directory: /nas/longleaf/home/emainas/software/dcdftbmd.2.0/molecules/MEA/qmmd/systems/MEA/solv_5.5/mdequil
|          Hostname: nep15080302

  [-O]verwriting output

File Assignments:
|  MDIN: equil-npt.in                                                          
| MDOUT: equil-npt.out                                                         
|INPCRD: equil-nvt.rst7                                                        
|  PARM: /nas/longleaf/home/emainas/software/dcdftbmd.2.0/molecules/MEA/qmmd/sy
|RESTRT: equil-npt.rst7                                                        
|  REFC: refc                                                                  
| MDVEL: mdvel                                                                 
| MDFRC: mdfrc                                                                 
|  MDEN: mden                                                                  
| MDCRD: equil-npt.nc                                                          
|MDINFO: equil-npt.info                                                        
|  MTMD: mtmd                                                                  
|INPDIP: inpdip                                                                
|RSTDIP: rstdip                                                                
|INPTRA: inptraj                                                               


 Here is the input file:

Equilibrate at 300 K and 1.0 bar                                               
&cntrl                                                                         
  iwrap=1,                                                                     
  imin=0,                                                                      
  irest=1,                                                                     
  ntx=5,                                                                       
  nstlim=100000,                                                               
  dt=0.001,                                                                    
  temp0=300.0,                                                                 
  ntt=3,                                                                       
  gamma_ln=2.0,                                                                
  ntb=2,                                                                       
  ntp=1,                                                                       
  taup=2.0,                                                                    
  pres0=1.0,                                                                   
  ntc=2,                                                                       
  ntf=2,                                                                       
  cut=5.0,                                                                     
  ntpr=500,                                                                    
  ntwx=1000,                                                                   
  ntwe=0,                                                                      
/                                                                              

--------------------------------------------------------------------------------
   1.  RESOURCE   USE: 
--------------------------------------------------------------------------------

| Flags:                                                                        
 getting box info from netcdf restart file
| NetCDF restart box info found
|Largest sphere to fit in unit cell has radius =     9.338
| New format PARM file being parsed.
| Version =    1.000 Date = 02/02/26 Time = 16:15:27
 NATOM  =     358 NTYPES =      10 NBONH =     353 MBONA  =       3
 NTHETH =      17 MTHETA =       2 NPHIH =      20 MPHIA  =       2
 NHPARM =       0 NPARM  =       0 NNB   =     514 NRES   =     117
 NBONA  =       3 NTHETA =       2 NPHIA =       2 NUMBND =       9
 NUMANG =      11 NPTRA  =       5 NATYP =      10 NPHB   =       0
 IFBOX  =       1 NMXRS  =      12 IFCAP =       0 NEXTRA =       0
 NCOPY  =       0


|     Memory Use     Allocated
|     Real              612555
|     Hollerith           1193
|     Integer            29403
|     Max Pairs          40931
|     nblistReal          4296
|     nblist Int         56984
|       Total             5321 kbytes

| Note: 1-4 EEL scale factors are being read from the topology file.

| Note: 1-4 VDW scale factors are being read from the topology file.
| Duplicated    0 dihedrals
| Duplicated    0 dihedrals

     BOX TYPE: RECTILINEAR

--------------------------------------------------------------------------------
   2.  CONTROL  DATA  FOR  THE  RUN
--------------------------------------------------------------------------------

MEA                                                                             

General flags:
     imin    =       0, nmropt  =       0

Nature and format of input:
     ntx     =       5, irest   =       1, ntrx    =       1

Nature and format of output:
     ntxo    =       2, ntpr    =     500, ntrx    =       1, ntwr    =  100000
     iwrap   =       1, ntwx    =    1000, ntwv    =       0, ntwe    =       0
     ioutfm  =       1, ntwprt  =       0, idecomp =       0, rbornstat=      0

Potential function:
     ntf     =       2, ntb     =       2, igb     =       0, nsnb    =      25
     ipol    =       0, gbsa    =       0, iesp    =       0
     dielc   =   1.00000, cut     =   5.00000, intdiel =   1.00000

Frozen or restrained atoms:
     ibelly  =       0, ntr     =       0

Molecular dynamics:
     nstlim  =    100000, nscm    =      1000, nrespa  =         1
     t       =   0.00000, dt      =   0.00100, vlimit  =  20.00000

Langevin dynamics temperature regulation:
     ig      =   71277
     temp0   = 300.00000, tempi   =   0.00000, gamma_ln=   2.00000

Pressure regulation:
     ntp     =       1
     pres0   =   1.00000, comp    =  44.60000, taup    =   2.00000

SHAKE:
     ntc     =       2, jfastw  =       0
     tol     =   0.00001

Ewald parameters:
     verbose =       0, ew_type =       0, nbflag  =       1, use_pme =       1
     vdwmeth =       1, eedmeth =       1, netfrc  =       1
     Box X =   20.772   Box Y =   19.022   Box Z =   18.677
     Alpha =   90.000   Beta  =   90.000   Gamma =   90.000
     NFFT1 =   20       NFFT2 =   20       NFFT3 =   18
     Cutoff=    5.000   Tol   =0.100E-04
     Ewald Coefficient =  0.57355
     Interpolation order =    4
|  INFO: Old style inpcrd file read


--------------------------------------------------------------------------------
   3.  ATOMIC COORDINATES AND VELOCITIES
--------------------------------------------------------------------------------

MEA                                                                             
 begin time read from input coords =   150.000 ps

 Number of triangulated 3-point waters found:      115

     Sum of charges from parm topology file =   0.00100100
     Forcing neutrality...

--------------------------------------------------------------------------------
   4.  RESULTS
--------------------------------------------------------------------------------

|  # of SOLUTE  degrees of freedom (RNDFP):     721.
|  # of SOLVENT degrees of freedom (RNDFS):       0.
|  NDFMIN =     721.     NUM_NOSHAKE =      0     CORRECTED RNDFP =     721.
|  TOTAL # of degrees of freedom (RNDF) =     721.
 ---------------------------------------------------
 APPROXIMATING switch and d/dx switch using CUBIC SPLINE INTERPOLATION
 using   5000.0 points per unit in tabled values
 TESTING RELATIVE ERROR over r ranging from 0.0 to cutoff
| CHECK switch(x): max rel err =   0.2738E-14   at   2.422500
| CHECK d/dx switch(x): max rel err =   0.8719E-11   at   2.851960
 ---------------------------------------------------
| Local SIZE OF NONBOND LIST =      14564
| TOTAL SIZE OF NONBOND LIST =      14564

 NSTEP =      500   TIME(PS) =     150.500  TEMP(K) =   294.60  PRESS =  -313.9
 Etot   =      -840.6868  EKtot   =       211.0460  EPtot      =     -1051.7328
 BOND   =         0.8430  ANGLE   =         8.1041  DIHED      =         2.8102
 1-4 NB =         0.5340  1-4 EEL =       110.4418  VDWAALS    =       168.4701
 EELEC  =     -1342.9359  EHBOND  =         0.0000  RESTRAINT  =         0.0000
 EKCMT  =       109.1539  VIRIAL  =       158.6155  VOLUME     =      7298.5388
                                                    Density    =         0.4936
 Ewald error estimate:   0.2331E-01
 ------------------------------------------------------------------------------

wrapping first mol.:       -0.00000      -18.89861        0.00000

 NSTEP =     1000   TIME(PS) =     151.000  TEMP(K) =   285.30  PRESS = -1431.1
 Etot   =      -832.6377  EKtot   =       204.3846  EPtot      =     -1037.0223
 BOND   =         0.8992  ANGLE   =         8.3182  DIHED      =         1.8087
 1-4 NB =        -0.1098  1-4 EEL =       102.1638  VDWAALS    =       141.5648
 EELEC  =     -1291.6672  EHBOND  =         0.0000  RESTRAINT  =         0.0000
 EKCMT  =        98.2646  VIRIAL  =       321.9038  VOLUME     =      7237.5198
                                                    Density    =         0.4977
 Ewald error estimate:   0.2230E-01
 ------------------------------------------------------------------------------


 NSTEP =     1500   TIME(PS) =     151.500  TEMP(K) =   305.64  PRESS = -1267.2
 Etot   =      -812.8088  EKtot   =       218.9552  EPtot      =     -1031.7640
 BOND   =         0.6178  ANGLE   =         6.7884  DIHED      =         1.4482
 1-4 NB =         0.2494  1-4 EEL =       110.4291  VDWAALS    =       148.7797
 EELEC  =     -1300.0767  EHBOND  =         0.0000  RESTRAINT  =         0.0000
 EKCMT  =        99.0948  VIRIAL  =       295.1734  VOLUME     =      7166.4275
                                                    Density    =         0.5027
 Ewald error estimate:   0.1826E-01
 ------------------------------------------------------------------------------

wrapping first mol.:       -0.00000      -18.78397        0.00000

 NSTEP =     2000   TIME(PS) =     152.000  TEMP(K) =   309.74  PRESS = -1362.1
 Etot   =      -841.1464  EKtot   =       221.8928  EPtot      =     -1063.0392
 BOND   =         0.8841  ANGLE   =         5.7406  DIHED      =         0.9234
 1-4 NB =        -0.1158  1-4 EEL =       104.1789  VDWAALS    =       146.0530
 EELEC  =     -1320.7033  EHBOND  =         0.0000  RESTRAINT  =         0.0000
 EKCMT  =       112.7705  VIRIAL  =       321.7738  VOLUME     =      7106.5982
                                                    Density    =         0.5069
 Ewald error estimate:   0.1050E-01
 ------------------------------------------------------------------------------


 NSTEP =     2500   TIME(PS) =     152.500  TEMP(K) =   295.04  PRESS = -1427.9
 Etot   =      -838.6581  EKtot   =       211.3596  EPtot      =     -1050.0177
 BOND   =         1.7738  ANGLE   =         6.4061  DIHED      =         1.4565
 1-4 NB =        -0.0968  1-4 EEL =       102.1192  VDWAALS    =       143.2236
 EELEC  =     -1304.9001  EHBOND  =         0.0000  RESTRAINT  =         0.0000
 EKCMT  =       105.2239  VIRIAL  =       320.8609  VOLUME     =      6994.5958
                                                    Density    =         0.5150
 Ewald error estimate:   0.1794E-01
 ------------------------------------------------------------------------------

wrapping first mol.:       -0.00000      -18.63741        0.00000

 NSTEP =     3000   TIME(PS) =     153.000  TEMP(K) =   315.91  PRESS = -1140.0
 Etot   =      -835.1801  EKtot   =       226.3126  EPtot      =     -1061.4928
 BOND   =         0.1918  ANGLE   =         3.0456  DIHED      =         1.7970
 1-4 NB =         0.2519  1-4 EEL =       110.9425  VDWAALS    =       148.4523
 EELEC  =     -1326.1739  EHBOND  =         0.0000  RESTRAINT  =         0.0000
 EKCMT  =       105.5298  VIRIAL  =       276.3900  VOLUME     =      6941.5100
                                                    Density    =         0.5190
 Ewald error estimate:   0.8861E-02
 ------------------------------------------------------------------------------


 NSTEP =     3500   TIME(PS) =     153.500  TEMP(K) =   276.20  PRESS = -1438.0
 Etot   =      -844.3148  EKtot   =       197.8634  EPtot      =     -1042.1783
 BOND   =         2.5337  ANGLE   =         9.9836  DIHED      =         3.1503
 1-4 NB =         0.4615  1-4 EEL =       111.2046  VDWAALS    =       141.0559
 EELEC  =     -1310.5679  EHBOND  =         0.0000  RESTRAINT  =         0.0000
 EKCMT  =        92.5128  VIRIAL  =       306.2236  VOLUME     =      6883.0868
                                                    Density    =         0.5234
 Ewald error estimate:   0.1828E-01
 ------------------------------------------------------------------------------

wrapping first mol.:       -0.00000      -18.51463        0.00000

 NSTEP =     4000   TIME(PS) =     154.000  TEMP(K) =   301.68  PRESS =  -367.1
 Etot   =      -845.4191  EKtot   =       216.1149  EPtot      =     -1061.5340
 BOND   =         1.5880  ANGLE   =        13.6714  DIHED      =         1.4599
 1-4 NB =         0.2211  1-4 EEL =       108.5111  VDWAALS    =       173.9795
 EELEC  =     -1360.9650  EHBOND  =         0.0000  RESTRAINT  =         0.0000
 EKCMT  =       106.3804  VIRIAL  =       160.3149  VOLUME     =      6805.1107
                                                    Density    =         0.5294
 Ewald error estimate:   0.2004E-01
 ------------------------------------------------------------------------------


 NSTEP =     4500   TIME(PS) =     154.500  TEMP(K) =   302.18  PRESS =  -973.2
 Etot   =      -866.4881  EKtot   =       216.4760  EPtot      =     -1082.9641
 BOND   =         0.6643  ANGLE   =         4.7568  DIHED      =         0.9611
 1-4 NB =         0.8238  1-4 EEL =       112.6154  VDWAALS    =       164.9733
 EELEC  =     -1367.7587  EHBOND  =         0.0000  RESTRAINT  =         0.0000
 EKCMT  =       107.5505  VIRIAL  =       248.8767  VOLUME     =      6726.0308
                                                    Density    =         0.5356
 Ewald error estimate:   0.5886E-02
 ------------------------------------------------------------------------------

wrapping first mol.:       -0.00000      -18.38392        0.00000

 NSTEP =     5000   TIME(PS) =     155.000  TEMP(K) =   307.83  PRESS = -1121.3
 Etot   =      -866.9266  EKtot   =       220.5249  EPtot      =     -1087.4515
 BOND   =         0.0657  ANGLE   =         6.9738  DIHED      =         0.9799
 1-4 NB =         0.0673  1-4 EEL =       101.5944  VDWAALS    =       152.9258
 EELEC  =     -1350.0586  EHBOND  =         0.0000  RESTRAINT  =         0.0000
 EKCMT  =       101.9897  VIRIAL  =       263.2792  VOLUME     =      6662.1063
                                                    Density    =         0.5407
 Ewald error estimate:   0.1141E-01
 ------------------------------------------------------------------------------


 NSTEP =     5500   TIME(PS) =     155.500  TEMP(K) =   271.77  PRESS =  -611.2
 Etot   =      -888.5704  EKtot   =       194.6905  EPtot      =     -1083.2609
 BOND   =         0.5056  ANGLE   =         6.9896  DIHED      =         0.7914
 1-4 NB =         0.6001  1-4 EEL =       108.8275  VDWAALS    =       173.3326
 EELEC  =     -1374.3078  EHBOND  =         0.0000  RESTRAINT  =         0.0000
 EKCMT  =        92.8209  VIRIAL  =       180.1018  VOLUME     =      6614.0975
                                                    Density    =         0.5447
 Ewald error estimate:   0.1659E-01
 ------------------------------------------------------------------------------

wrapping first mol.:       -0.00000      -18.28196        0.00000

 NSTEP =     6000   TIME(PS) =     156.000  TEMP(K) =   286.00  PRESS =  -767.7
 Etot   =      -872.6256  EKtot   =       204.8881  EPtot      =     -1077.5137
 BOND   =         2.2609  ANGLE   =         6.6046  DIHED      =         2.0929
 1-4 NB =         0.0958  1-4 EEL =       106.3124  VDWAALS    =       171.4348
 EELEC  =     -1366.3151  EHBOND  =         0.0000  RESTRAINT  =         0.0000
 EKCMT  =        99.9196  VIRIAL  =       208.5154  VOLUME     =      6551.8225
                                                    Density    =         0.5498
 Ewald error estimate:   0.1445E-01
 ------------------------------------------------------------------------------


 NSTEP =     6500   TIME(PS) =     156.500  TEMP(K) =   297.29  PRESS = -1776.0
 Etot   =      -887.4014  EKtot   =       212.9711  EPtot      =     -1100.3725
 BOND   =         0.0891  ANGLE   =         6.3538  DIHED      =         1.0407
 1-4 NB =         0.4931  1-4 EEL =       110.3367  VDWAALS    =       147.8022
 EELEC  =     -1366.4882  EHBOND  =         0.0000  RESTRAINT  =         0.0000
 EKCMT  =       100.5382  VIRIAL  =       349.6579  VOLUME     =      6496.4925
                                                    Density    =         0.5545
 Ewald error estimate:   0.6871E-02
 ------------------------------------------------------------------------------

wrapping first mol.:       -0.00000      -18.16569        0.00000

 NSTEP =     7000   TIME(PS) =     157.000  TEMP(K) =   263.74  PRESS = -1369.8
 Etot   =      -893.3180  EKtot   =       188.9387  EPtot      =     -1082.2566
 BOND   =         1.8754  ANGLE   =         4.5329  DIHED      =         1.2659
 1-4 NB =         0.0035  1-4 EEL =       103.3149  VDWAALS    =       148.4275
 EELEC  =     -1341.6768  EHBOND  =         0.0000  RESTRAINT  =         0.0000
 EKCMT  =        90.5830  VIRIAL  =       280.6903  VOLUME     =      6427.6954
                                                    Density    =         0.5605
 Ewald error estimate:   0.1118E-01
 ------------------------------------------------------------------------------


 NSTEP =     7500   TIME(PS) =     157.500  TEMP(K) =   281.00  PRESS = -1055.9
 Etot   =      -898.6821  EKtot   =       201.3039  EPtot      =     -1099.9860
 BOND   =         0.8265  ANGLE   =         3.8620  DIHED      =         1.2619
 1-4 NB =         0.1427  1-4 EEL =       107.7796  VDWAALS    =       164.9544
 EELEC  =     -1378.8132  EHBOND  =         0.0000  RESTRAINT  =         0.0000
 EKCMT  =        92.3598  VIRIAL  =       237.4988  VOLUME     =      6366.2751
                                                    Density    =         0.5659
 Ewald error estimate:   0.1045E-01
 ------------------------------------------------------------------------------

wrapping first mol.:       -0.00000      -18.03986        0.00000

 NSTEP =     8000   TIME(PS) =     158.000  TEMP(K) =   294.10  PRESS = -1429.5
 Etot   =      -882.0818  EKtot   =       210.6895  EPtot      =     -1092.7713
 BOND   =         2.3949  ANGLE   =         2.0252  DIHED      =         1.2251
 1-4 NB =        -0.0991  1-4 EEL =       103.6617  VDWAALS    =       151.3669
 EELEC  =     -1353.3459  EHBOND  =         0.0000  RESTRAINT  =         0.0000
 EKCMT  =       101.0868  VIRIAL  =       295.3832  VOLUME     =      6295.0534
                                                    Density    =         0.5723
 Ewald error estimate:   0.5640E-02
 ------------------------------------------------------------------------------


 NSTEP =     8500   TIME(PS) =     158.500  TEMP(K) =   292.72  PRESS =  -769.6
 Etot   =      -883.3412  EKtot   =       209.7019  EPtot      =     -1093.0431
 BOND   =         0.4429  ANGLE   =         7.8683  DIHED      =         0.6730
 1-4 NB =         0.0280  1-4 EEL =       106.4512  VDWAALS    =       169.5266
 EELEC  =     -1378.0332  EHBOND  =         0.0000  RESTRAINT  =         0.0000
 EKCMT  =       105.9889  VIRIAL  =       209.4855  VOLUME     =      6228.7483
                                                    Density    =         0.5784
 Ewald error estimate:   0.1055E-01
 ------------------------------------------------------------------------------

wrapping first mol.:       -0.00000      -17.91136        0.00000

 NSTEP =     9000   TIME(PS) =     159.000  TEMP(K) =   289.51  PRESS =  -359.8
 Etot   =      -864.1476  EKtot   =       207.4010  EPtot      =     -1071.5486
 BOND   =         0.5736  ANGLE   =         4.0532  DIHED      =         0.5065
 1-4 NB =         0.0808  1-4 EEL =       107.2337  VDWAALS    =       167.3054
 EELEC  =     -1351.3017  EHBOND  =         0.0000  RESTRAINT  =         0.0000
 EKCMT  =       105.6633  VIRIAL  =       153.5277  VOLUME     =      6161.3418
                                                    Density    =         0.5847
 Ewald error estimate:   0.1233E-01
 ------------------------------------------------------------------------------


 NSTEP =     9500   TIME(PS) =     159.500  TEMP(K) =   300.65  PRESS = -1677.3
 Etot   =      -859.6557  EKtot   =       215.3803  EPtot      =     -1075.0361
 BOND   =         2.5338  ANGLE   =         7.6407  DIHED      =         2.3569
 1-4 NB =         0.9126  1-4 EEL =       111.9918  VDWAALS    =       144.9576
 EELEC  =     -1345.4295  EHBOND  =         0.0000  RESTRAINT  =         0.0000
 EKCMT  =       102.8604  VIRIAL  =       324.4992  VOLUME     =      6119.9612
                                                    Density    =         0.5886
 Ewald error estimate:   0.4576E-02
 ------------------------------------------------------------------------------

wrapping first mol.:       -0.00000      -17.78470        0.00000

 NSTEP =    10000   TIME(PS) =     160.000  TEMP(K) =   324.22  PRESS = -1200.2
 Etot   =      -865.6563  EKtot   =       232.2689  EPtot      =     -1097.9252
 BOND   =         1.2951  ANGLE   =         9.1892  DIHED      =         1.0706
 1-4 NB =         0.0642  1-4 EEL =       104.0366  VDWAALS    =       160.7947
 EELEC  =     -1374.3757  EHBOND  =         0.0000  RESTRAINT  =         0.0000
 EKCMT  =       115.3683  VIRIAL  =       271.6734  VOLUME     =      6031.6694
                                                    Density    =         0.5972
 Ewald error estimate:   0.1272E-01
 ------------------------------------------------------------------------------


 NSTEP =    10500   TIME(PS) =     160.500  TEMP(K) =   306.41  PRESS =  -595.6
 Etot   =      -871.4091  EKtot   =       219.5103  EPtot      =     -1090.9194
 BOND   =         1.6538  ANGLE   =         4.9239  DIHED      =         1.1027
 1-4 NB =         0.0663  1-4 EEL =       105.5109  VDWAALS    =       172.0512
 EELEC  =     -1376.2281  EHBOND  =         0.0000  RESTRAINT  =         0.0000
 EKCMT  =       109.3612  VIRIAL  =       185.8292  VOLUME     =      5946.7770
                                                    Density    =         0.6058
 Ewald error estimate:   0.1626E-01
 ------------------------------------------------------------------------------

wrapping first mol.:       -0.00000      -17.62895        0.00000

 NSTEP =    11000   TIME(PS) =     161.000  TEMP(K) =   306.33  PRESS =   132.4
 Etot   =      -855.1287  EKtot   =       219.4499  EPtot      =     -1074.5787
 BOND   =         1.7721  ANGLE   =         4.1598  DIHED      =         1.5921
 1-4 NB =         0.0877  1-4 EEL =       107.9063  VDWAALS    =       181.3981
 EELEC  =     -1371.4947  EHBOND  =         0.0000  RESTRAINT  =         0.0000
 EKCMT  =       105.9117  VIRIAL  =        89.1150  VOLUME     =      5874.4148
                                                    Density    =         0.6132
 Ewald error estimate:   0.6573E-02
 ------------------------------------------------------------------------------


 NSTEP =    11500   TIME(PS) =     161.500  TEMP(K) =   282.77  PRESS = -1869.6
 Etot   =      -880.7231  EKtot   =       202.5720  EPtot      =     -1083.2951
 BOND   =         0.0569  ANGLE   =         6.4737  DIHED      =         0.8835
 1-4 NB =         0.2048  1-4 EEL =       106.4113  VDWAALS    =       135.9612
 EELEC  =     -1333.2865  EHBOND  =         0.0000  RESTRAINT  =         0.0000
 EKCMT  =       107.8425  VIRIAL  =       342.6486  VOLUME     =      5816.8430
                                                    Density    =         0.6193
 Ewald error estimate:   0.1444E-01
 ------------------------------------------------------------------------------

wrapping first mol.:       -0.00000      -17.49016        0.00000

 NSTEP =    12000   TIME(PS) =     162.000  TEMP(K) =   294.14  PRESS = -1178.6
 Etot   =      -883.7849  EKtot   =       210.7189  EPtot      =     -1094.5038
 BOND   =         1.7367  ANGLE   =         5.0315  DIHED      =         1.0570
 1-4 NB =         0.1168  1-4 EEL =       104.9391  VDWAALS    =       155.2441
 EELEC  =     -1362.6291  EHBOND  =         0.0000  RESTRAINT  =         0.0000
 EKCMT  =       104.7293  VIRIAL  =       250.7214  VOLUME     =      5736.9211
                                                    Density    =         0.6279
 Ewald error estimate:   0.4276E-02
 ------------------------------------------------------------------------------


 NSTEP =    12500   TIME(PS) =     162.500  TEMP(K) =   302.78  PRESS = -2274.1
 Etot   =      -877.9434  EKtot   =       216.9078  EPtot      =     -1094.8512
 BOND   =         1.0417  ANGLE   =         3.2479  DIHED      =         1.0715
 1-4 NB =         0.0199  1-4 EEL =       107.9429  VDWAALS    =       132.2169
 EELEC  =     -1340.3919  EHBOND  =         0.0000  RESTRAINT  =         0.0000
 EKCMT  =       101.7215  VIRIAL  =       379.6482  VOLUME     =      5660.4207
                                                    Density    =         0.6364
 Ewald error estimate:   0.9937E-02
 ------------------------------------------------------------------------------

wrapping first mol.:       -0.00000      -17.32591        0.00000

 NSTEP =    13000   TIME(PS) =     163.000  TEMP(K) =   300.35  PRESS = -1232.5
 Etot   =      -872.5806  EKtot   =       215.1635  EPtot      =     -1087.7441
 BOND   =         0.8559  ANGLE   =         5.8591  DIHED      =         1.2365
 1-4 NB =        -0.0524  1-4 EEL =       105.3736  VDWAALS    =       146.1491
 EELEC  =     -1347.1659  EHBOND  =         0.0000  RESTRAINT  =         0.0000
 EKCMT  =       110.7059  VIRIAL  =       259.1139  VOLUME     =      5576.8134
                                                    Density    =         0.6460
 Ewald error estimate:   0.1247E-01
 ------------------------------------------------------------------------------


 NSTEP =    13500   TIME(PS) =     163.500  TEMP(K) =   288.58  PRESS = -1390.7
 Etot   =      -889.0193  EKtot   =       206.7317  EPtot      =     -1095.7509
 BOND   =         0.5279  ANGLE   =         5.6036  DIHED      =         0.9909
 1-4 NB =         0.1213  1-4 EEL =       107.0060  VDWAALS    =       151.8203
 EELEC  =     -1361.8211  EHBOND  =         0.0000  RESTRAINT  =         0.0000
 EKCMT  =       101.5279  VIRIAL  =       266.4642  VOLUME     =      5492.9088
                                                    Density    =         0.6558
 Ewald error estimate:   0.4645E-02
 ------------------------------------------------------------------------------

wrapping first mol.:       -0.00000      -17.16717        0.00000

 NSTEP =    14000   TIME(PS) =     164.000  TEMP(K) =   294.52  PRESS = -1355.7
 Etot   =      -880.1078  EKtot   =       210.9896  EPtot      =     -1091.0975
 BOND   =         0.3905  ANGLE   =         2.6659  DIHED      =         1.7047
 1-4 NB =         0.1492  1-4 EEL =       108.7560  VDWAALS    =       146.5082
 EELEC  =     -1351.2719  EHBOND  =         0.0000  RESTRAINT  =         0.0000
 EKCMT  =       106.8686  VIRIAL  =       265.6671  VOLUME     =      5424.9499
                                                    Density    =         0.6640
 Ewald error estimate:   0.6876E-02
 ------------------------------------------------------------------------------


 NSTEP =    14500   TIME(PS) =     164.500  TEMP(K) =   278.34  PRESS =     7.8
 Etot   =      -880.6348  EKtot   =       199.3954  EPtot      =     -1080.0302
 BOND   =         0.5632  ANGLE   =         5.9556  DIHED      =         2.9107
 1-4 NB =        -0.1335  1-4 EEL =       101.7454  VDWAALS    =       187.6852
 EELEC  =     -1378.7569  EHBOND  =         0.0000  RESTRAINT  =         0.0000
 EKCMT  =       101.0027  VIRIAL  =       100.1009  VOLUME     =      5342.0393
                                                    Density    =         0.6744
 Ewald error estimate:   0.6491E-02
 ------------------------------------------------------------------------------

wrapping first mol.:       -0.00000      -16.98021        0.00000

 NSTEP =    15000   TIME(PS) =     165.000  TEMP(K) =   291.98  PRESS = -2922.8
 Etot   =      -883.2840  EKtot   =       209.1675  EPtot      =     -1092.4516
 BOND   =         1.0934  ANGLE   =         3.1255  DIHED      =         1.6772
 1-4 NB =         0.1572  1-4 EEL =       107.1572  VDWAALS    =       119.4556
 EELEC  =     -1325.1176  EHBOND  =         0.0000  RESTRAINT  =         0.0000
 EKCMT  =       101.9725  VIRIAL  =       433.2688  VOLUME     =      5249.8085
                                                    Density    =         0.6862
 Ewald error estimate:   0.7760E-02
 ------------------------------------------------------------------------------


 NSTEP =    15500   TIME(PS) =     165.500  TEMP(K) =   278.36  PRESS = -2191.3
 Etot   =      -907.0941  EKtot   =       199.4147  EPtot      =     -1106.5088
 BOND   =         0.4336  ANGLE   =         3.5208  DIHED      =         0.9247
 1-4 NB =         0.0092  1-4 EEL =       104.2975  VDWAALS    =       136.8626
 EELEC  =     -1352.5571  EHBOND  =         0.0000  RESTRAINT  =         0.0000
 EKCMT  =       101.1456  VIRIAL  =       344.8075  VOLUME     =      5149.9056
                                                    Density    =         0.6995
 Ewald error estimate:   0.6870E-02
 ------------------------------------------------------------------------------

wrapping first mol.:       -0.00000      -16.73559        0.00000

 NSTEP =    16000   TIME(PS) =     166.000  TEMP(K) =   291.08  PRESS = -2768.9
 Etot   =      -915.4921  EKtot   =       208.5281  EPtot      =     -1124.0202
 BOND   =         0.8503  ANGLE   =         3.8957  DIHED      =         1.1940
 1-4 NB =         0.3337  1-4 EEL =       111.0592  VDWAALS    =       137.8308
 EELEC  =     -1379.1839  EHBOND  =         0.0000  RESTRAINT  =         0.0000
 EKCMT  =       102.9204  VIRIAL  =       403.4053  VOLUME     =      5026.1629
                                                    Density    =         0.7167
 Ewald error estimate:   0.1258E-02
 ------------------------------------------------------------------------------


 NSTEP =    16500   TIME(PS) =     166.500  TEMP(K) =   298.82  PRESS =  -579.2
 Etot   =      -894.2433  EKtot   =       214.0664  EPtot      =     -1108.3097
 BOND   =         2.3358  ANGLE   =         4.5583  DIHED      =         1.7453
 1-4 NB =         0.0294  1-4 EEL =       101.9516  VDWAALS    =       167.4663
 EELEC  =     -1386.3965  EHBOND  =         0.0000  RESTRAINT  =         0.0000
 EKCMT  =       108.0128  VIRIAL  =       169.8150  VOLUME     =      4942.0261
                                                    Density    =         0.7289
 Ewald error estimate:   0.1213E-01
 ------------------------------------------------------------------------------

wrapping first mol.:       -0.00000      -16.54603        0.00000

 NSTEP =    17000   TIME(PS) =     167.000  TEMP(K) =   291.03  PRESS =   -36.0
 Etot   =      -919.2109  EKtot   =       208.4868  EPtot      =     -1127.6977
 BOND   =         0.6661  ANGLE   =         3.4214  DIHED      =         1.8227
 1-4 NB =         0.1588  1-4 EEL =       107.9536  VDWAALS    =       195.2520
 EELEC  =     -1436.9722  EHBOND  =         0.0000  RESTRAINT  =         0.0000
 EKCMT  =        90.6883  VIRIAL  =        94.4638  VOLUME     =      4856.9996
                                                    Density    =         0.7417
 Ewald error estimate:   0.1868E-02
 ------------------------------------------------------------------------------


 NSTEP =    17500   TIME(PS) =     167.500  TEMP(K) =   307.51  PRESS = -2217.4
 Etot   =      -924.2028  EKtot   =       220.2924  EPtot      =     -1144.4952
 BOND   =         0.2806  ANGLE   =         7.0093  DIHED      =         3.4929
 1-4 NB =         0.1317  1-4 EEL =       110.9181  VDWAALS    =       149.6027
 EELEC  =     -1415.9306  EHBOND  =         0.0000  RESTRAINT  =         0.0000
 EKCMT  =       109.4215  VIRIAL  =       337.6429  VOLUME     =      4766.8163
                                                    Density    =         0.7557
 Ewald error estimate:   0.2626E-02
 ------------------------------------------------------------------------------

wrapping first mol.:       -0.00000      -16.37633        0.00000

 NSTEP =    18000   TIME(PS) =     168.000  TEMP(K) =   313.00  PRESS =  -905.9
 Etot   =      -911.1160  EKtot   =       224.2292  EPtot      =     -1135.3452
 BOND   =         1.4772  ANGLE   =         5.3613  DIHED      =         1.1266
 1-4 NB =         0.3196  1-4 EEL =       110.4908  VDWAALS    =       168.9026
 EELEC  =     -1423.0233  EHBOND  =         0.0000  RESTRAINT  =         0.0000
 EKCMT  =       112.7486  VIRIAL  =       204.8607  VOLUME     =      4709.1727
                                                    Density    =         0.7650
 Ewald error estimate:   0.4364E-02
 ------------------------------------------------------------------------------


 NSTEP =    18500   TIME(PS) =     168.500  TEMP(K) =   278.96  PRESS = -2723.4
 Etot   =      -929.0295  EKtot   =       199.8405  EPtot      =     -1128.8700
 BOND   =         0.6916  ANGLE   =         3.6371  DIHED      =         2.0149
 1-4 NB =         0.6513  1-4 EEL =       113.9547  VDWAALS    =       139.5170
 EELEC  =     -1389.3366  EHBOND  =         0.0000  RESTRAINT  =         0.0000
 EKCMT  =        98.6358  VIRIAL  =       370.0826  VOLUME     =      4616.3313
                                                    Density    =         0.7804
 Ewald error estimate:   0.1220E-02
 ------------------------------------------------------------------------------

wrapping first mol.:       -0.00000      -16.12700        0.00000

 NSTEP =    19000   TIME(PS) =     169.000  TEMP(K) =   324.03  PRESS = -1440.9
 Etot   =      -919.8873  EKtot   =       232.1279  EPtot      =     -1152.0153
 BOND   =         0.3764  ANGLE   =         7.2769  DIHED      =         1.4988
 1-4 NB =         0.1361  1-4 EEL =       107.7895  VDWAALS    =       160.8144
 EELEC  =     -1429.9074  EHBOND  =         0.0000  RESTRAINT  =         0.0000
 EKCMT  =       114.2298  VIRIAL  =       254.1458  VOLUME     =      4497.3953
                                                    Density    =         0.8010
 Ewald error estimate:   0.3746E-03
 ------------------------------------------------------------------------------


 NSTEP =    19500   TIME(PS) =     169.500  TEMP(K) =   312.83  PRESS = -1642.8
 Etot   =      -919.8710  EKtot   =       224.1055  EPtot      =     -1143.9765
 BOND   =         1.4065  ANGLE   =         2.4070  DIHED      =         0.6864
 1-4 NB =         0.3822  1-4 EEL =       109.1708  VDWAALS    =       154.5565
 EELEC  =     -1412.5859  EHBOND  =         0.0000  RESTRAINT  =         0.0000
 EKCMT  =       117.0518  VIRIAL  =       273.9645  VOLUME     =      4423.8071
                                                    Density    =         0.8143
 Ewald error estimate:   0.4716E-02
 ------------------------------------------------------------------------------

wrapping first mol.:       -0.00000      -15.95381        0.00000

 NSTEP =    20000   TIME(PS) =     170.000  TEMP(K) =   284.04  PRESS = -2172.7
 Etot   =      -963.8612  EKtot   =       203.4846  EPtot      =     -1167.3458
 BOND   =         0.4652  ANGLE   =         5.6550  DIHED      =         2.1743
 1-4 NB =         0.5338  1-4 EEL =       111.6793  VDWAALS    =       153.3912
 EELEC  =     -1441.2448  EHBOND  =         0.0000  RESTRAINT  =         0.0000
 EKCMT  =       102.7197  VIRIAL  =       306.9779  VOLUME     =      4354.1218
                                                    Density    =         0.8274
 Ewald error estimate:   0.1423E-02
 ------------------------------------------------------------------------------


 NSTEP =    20500   TIME(PS) =     170.500  TEMP(K) =   322.69  PRESS =  -641.7
 Etot   =      -977.8771  EKtot   =       231.1666  EPtot      =     -1209.0437
 BOND   =         2.3132  ANGLE   =         8.8350  DIHED      =         1.6250
 1-4 NB =         0.4776  1-4 EEL =       108.0583  VDWAALS    =       187.6120
 EELEC  =     -1517.9648  EHBOND  =         0.0000  RESTRAINT  =         0.0000
 EKCMT  =       113.0585  VIRIAL  =       172.1698  VOLUME     =      4266.3659
                                                    Density    =         0.8444
 Ewald error estimate:   0.2475E-02
 ------------------------------------------------------------------------------

wrapping first mol.:       -0.00000      -15.73840        0.00000

 NSTEP =    21000   TIME(PS) =     171.000  TEMP(K) =   274.43  PRESS = -1737.7
 Etot   =      -983.2184  EKtot   =       196.5958  EPtot      =     -1179.8142
 BOND   =         2.2255  ANGLE   =         5.1909  DIHED      =         0.7585
 1-4 NB =        -0.0126  1-4 EEL =       104.0473  VDWAALS    =       165.9607
 EELEC  =     -1457.9845  EHBOND  =         0.0000  RESTRAINT  =         0.0000
 EKCMT  =        90.8550  VIRIAL  =       247.6862  VOLUME     =      4180.0853
                                                    Density    =         0.8618
 Ewald error estimate:   0.2263E-02
 ------------------------------------------------------------------------------


 NSTEP =    21500   TIME(PS) =     171.500  TEMP(K) =   285.66  PRESS = -2862.1
 Etot   =      -984.9452  EKtot   =       204.6402  EPtot      =     -1189.5853
 BOND   =         1.8949  ANGLE   =         7.4552  DIHED      =         1.1445
 1-4 NB =         0.0246  1-4 EEL =       104.8608  VDWAALS    =       144.3055
 EELEC  =     -1449.2709  EHBOND  =         0.0000  RESTRAINT  =         0.0000
 EKCMT  =       104.9533  VIRIAL  =       359.7697  VOLUME     =      4123.4809
                                                    Density    =         0.8736
 Ewald error estimate:   0.1208E-02
 ------------------------------------------------------------------------------

wrapping first mol.:       -0.00000      -15.55070        0.00000

 NSTEP =    22000   TIME(PS) =     172.000  TEMP(K) =   285.19  PRESS =  -789.4
 Etot   =      -976.6533  EKtot   =       204.3045  EPtot      =     -1180.9578
 BOND   =         1.8715  ANGLE   =         4.0972  DIHED      =         1.8548
 1-4 NB =         0.0642  1-4 EEL =       109.1502  VDWAALS    =       175.0690
 EELEC  =     -1473.0646  EHBOND  =         0.0000  RESTRAINT  =         0.0000
 EKCMT  =       101.2787  VIRIAL  =       170.0007  VOLUME     =      4032.2179
                                                    Density    =         0.8934
 Ewald error estimate:   0.3177E-02
 ------------------------------------------------------------------------------


 NSTEP =    22500   TIME(PS) =     172.500  TEMP(K) =   278.68  PRESS = -1894.8
 Etot   =      -979.1815  EKtot   =       199.6430  EPtot      =     -1178.8245
 BOND   =         3.4429  ANGLE   =         4.7547  DIHED      =         1.3012
 1-4 NB =         0.2961  1-4 EEL =       109.4654  VDWAALS    =       147.7813
 EELEC  =     -1445.8662  EHBOND  =         0.0000  RESTRAINT  =         0.0000
 EKCMT  =       100.5817  VIRIAL  =       263.3654  VOLUME     =      3978.8882
                                                    Density    =         0.9054
 Ewald error estimate:   0.1356E-02
 ------------------------------------------------------------------------------

wrapping first mol.:       -0.00000      -15.40204        0.00000

 NSTEP =    23000   TIME(PS) =     173.000  TEMP(K) =   301.75  PRESS =  -744.7
 Etot   =      -975.7442  EKtot   =       216.1710  EPtot      =     -1191.9152
 BOND   =         0.4989  ANGLE   =         2.5635  DIHED      =         1.3771
 1-4 NB =         0.1577  1-4 EEL =       108.9849  VDWAALS    =       176.9083
 EELEC  =     -1482.4056  EHBOND  =         0.0000  RESTRAINT  =         0.0000
 EKCMT  =       103.1791  VIRIAL  =       166.1753  VOLUME     =      3917.6715
                                                    Density    =         0.9195
 Ewald error estimate:   0.3524E-02
 ------------------------------------------------------------------------------


 NSTEP =    23500   TIME(PS) =     173.500  TEMP(K) =   325.14  PRESS = -1089.1
 Etot   =      -984.8365  EKtot   =       232.9265  EPtot      =     -1217.7630
 BOND   =         0.4576  ANGLE   =        15.8917  DIHED      =         0.8245
 1-4 NB =        -0.0809  1-4 EEL =       103.5468  VDWAALS    =       177.0250
 EELEC  =     -1515.4277  EHBOND  =         0.0000  RESTRAINT  =         0.0000
 EKCMT  =       115.1953  VIRIAL  =       206.6132  VOLUME     =      3887.7496
                                                    Density    =         0.9266
 Ewald error estimate:   0.2953E-02
 ------------------------------------------------------------------------------

wrapping first mol.:       -0.00000      -15.30681        0.00000

 NSTEP =    24000   TIME(PS) =     174.000  TEMP(K) =   290.80  PRESS =  -495.3
 Etot   =      -986.5256  EKtot   =       208.3244  EPtot      =     -1194.8500
 BOND   =         0.9356  ANGLE   =        10.1794  DIHED      =         0.8477
 1-4 NB =        -0.0572  1-4 EEL =       102.0958  VDWAALS    =       176.6476
 EELEC  =     -1485.4989  EHBOND  =         0.0000  RESTRAINT  =         0.0000
 EKCMT  =        98.5867  VIRIAL  =       139.7137  VOLUME     =      3845.4352
                                                    Density    =         0.9368
 Ewald error estimate:   0.2950E-02
 ------------------------------------------------------------------------------


 NSTEP =    24500   TIME(PS) =     174.500  TEMP(K) =   283.96  PRESS =  1075.0
 Etot   =     -1014.4679  EKtot   =       203.4215  EPtot      =     -1217.8894
 BOND   =         0.3186  ANGLE   =         2.3837  DIHED      =         2.0769
 1-4 NB =         0.1768  1-4 EEL =       101.8697  VDWAALS    =       204.5542
 EELEC  =     -1529.2693  EHBOND  =         0.0000  RESTRAINT  =         0.0000
 EKCMT  =       105.2329  VIRIAL  =        16.9343  VOLUME     =      3804.2106
                                                    Density    =         0.9470
 Ewald error estimate:   0.7290E-03
 ------------------------------------------------------------------------------

wrapping first mol.:       -0.00000      -15.21154        0.00000

 NSTEP =    25000   TIME(PS) =     175.000  TEMP(K) =   298.14  PRESS = -1940.0
 Etot   =      -971.2812  EKtot   =       213.5834  EPtot      =     -1184.8646
 BOND   =         0.0524  ANGLE   =         4.5171  DIHED      =         2.4111
 1-4 NB =         0.2985  1-4 EEL =       108.5235  VDWAALS    =       146.3293
 EELEC  =     -1446.9965  EHBOND  =         0.0000  RESTRAINT  =         0.0000
 EKCMT  =        93.1479  VIRIAL  =       251.2405  VOLUME     =      3774.1955
                                                    Density    =         0.9545
 Ewald error estimate:   0.6361E-02
 ------------------------------------------------------------------------------


 NSTEP =    25500   TIME(PS) =     175.500  TEMP(K) =   276.44  PRESS = -2266.4
 Etot   =     -1008.2535  EKtot   =       198.0395  EPtot      =     -1206.2931
 BOND   =         0.0621  ANGLE   =         2.1248  DIHED      =         2.2434
 1-4 NB =         0.0773  1-4 EEL =       108.8022  VDWAALS    =       147.9261
 EELEC  =     -1467.5289  EHBOND  =         0.0000  RESTRAINT  =         0.0000
 EKCMT  =        98.4702  VIRIAL  =       282.1695  VOLUME     =      3753.9406
                                                    Density    =         0.9596
 Ewald error estimate:   0.7094E-03
 ------------------------------------------------------------------------------

wrapping first mol.:       -0.00000      -15.07093        0.00000

 NSTEP =    26000   TIME(PS) =     176.000  TEMP(K) =   280.38  PRESS = -1720.2
 Etot   =      -994.7563  EKtot   =       200.8622  EPtot      =     -1195.6185
 BOND   =         1.3032  ANGLE   =         3.9291  DIHED      =         1.2566
 1-4 NB =         0.1429  1-4 EEL =       107.4185  VDWAALS    =       146.3671
 EELEC  =     -1456.0359  EHBOND  =         0.0000  RESTRAINT  =         0.0000
 EKCMT  =       104.6639  VIRIAL  =       240.9914  VOLUME     =      3670.4792
                                                    Density    =         0.9815
 Ewald error estimate:   0.2717E-02
 ------------------------------------------------------------------------------


 NSTEP =    26500   TIME(PS) =     176.500  TEMP(K) =   285.50  PRESS = -1434.7
 Etot   =     -1004.3306  EKtot   =       204.5292  EPtot      =     -1208.8599
 BOND   =         1.0988  ANGLE   =         3.6625  DIHED      =         1.3701
 1-4 NB =         0.3154  1-4 EEL =       109.1697  VDWAALS    =       157.7333
 EELEC  =     -1482.2095  EHBOND  =         0.0000  RESTRAINT  =         0.0000
 EKCMT  =       101.5726  VIRIAL  =       215.3158  VOLUME     =      3671.8279
                                                    Density    =         0.9811
 Ewald error estimate:   0.4793E-03
 ------------------------------------------------------------------------------

wrapping first mol.:       -0.00000      -15.05365        0.00000

 NSTEP =    27000   TIME(PS) =     177.000  TEMP(K) =   297.67  PRESS = -1501.9
 Etot   =     -1012.4725  EKtot   =       213.2486  EPtot      =     -1225.7211
 BOND   =         1.1461  ANGLE   =         6.6835  DIHED      =         1.7085
 1-4 NB =         0.1850  1-4 EEL =       107.9154  VDWAALS    =       160.6298
 EELEC  =     -1503.9894  EHBOND  =         0.0000  RESTRAINT  =         0.0000
 EKCMT  =       111.7305  VIRIAL  =       230.3509  VOLUME     =      3657.8526
                                                    Density    =         0.9848
 Ewald error estimate:   0.3917E-03
 ------------------------------------------------------------------------------


 NSTEP =    27500   TIME(PS) =     177.500  TEMP(K) =   304.11  PRESS = -1358.3
 Etot   =      -991.3870  EKtot   =       217.8613  EPtot      =     -1209.2483
 BOND   =         0.1522  ANGLE   =         6.4538  DIHED      =         1.7625
 1-4 NB =        -0.0017  1-4 EEL =       103.3279  VDWAALS    =       162.1448
 EELEC  =     -1483.0877  EHBOND  =         0.0000  RESTRAINT  =         0.0000
 EKCMT  =        98.6853  VIRIAL  =       205.0610  VOLUME     =      3627.1100
                                                    Density    =         0.9932
 Ewald error estimate:   0.2212E-03
 ------------------------------------------------------------------------------

wrapping first mol.:       -0.00000      -15.01396        0.00000

 NSTEP =    28000   TIME(PS) =     178.000  TEMP(K) =   293.78  PRESS = -1434.4
 Etot   =     -1001.2846  EKtot   =       210.4610  EPtot      =     -1211.7456
 BOND   =         0.2864  ANGLE   =         4.1544  DIHED      =         1.8062
 1-4 NB =        -0.0492  1-4 EEL =       105.2035  VDWAALS    =       154.9405
 EELEC  =     -1478.0873  EHBOND  =         0.0000  RESTRAINT  =         0.0000
 EKCMT  =       110.8384  VIRIAL  =       223.2296  VOLUME     =      3628.9944
                                                    Density    =         0.9927
 Ewald error estimate:   0.1796E-02
 ------------------------------------------------------------------------------


 NSTEP =    28500   TIME(PS) =     178.500  TEMP(K) =   311.40  PRESS =   139.6
 Etot   =      -994.3149  EKtot   =       223.0817  EPtot      =     -1217.3965
 BOND   =         0.0901  ANGLE   =         6.5480  DIHED      =         2.4666
 1-4 NB =         0.4881  1-4 EEL =       109.8242  VDWAALS    =       178.9201
 EELEC  =     -1515.7336  EHBOND  =         0.0000  RESTRAINT  =         0.0000
 EKCMT  =       105.0061  VIRIAL  =        94.1219  VOLUME     =      3610.2063
                                                    Density    =         0.9978
 Ewald error estimate:   0.1038E-02
 ------------------------------------------------------------------------------

wrapping first mol.:       -0.00000      -15.00098        0.00000

 NSTEP =    29000   TIME(PS) =     179.000  TEMP(K) =   297.87  PRESS =  -698.3
 Etot   =      -983.8038  EKtot   =       213.3863  EPtot      =     -1197.1901
 BOND   =         0.8327  ANGLE   =         4.7677  DIHED      =         1.4451
 1-4 NB =         0.0969  1-4 EEL =       104.0286  VDWAALS    =       154.5053
 EELEC  =     -1462.8664  EHBOND  =         0.0000  RESTRAINT  =         0.0000
 EKCMT  =       102.5623  VIRIAL  =       157.1367  VOLUME     =      3619.5282
                                                    Density    =         0.9953
 Ewald error estimate:   0.1953E-03
 ------------------------------------------------------------------------------


 NSTEP =    29500   TIME(PS) =     179.500  TEMP(K) =   290.97  PRESS =  -613.4
 Etot   =      -991.6359  EKtot   =       208.4464  EPtot      =     -1200.0823
 BOND   =         3.3935  ANGLE   =         2.1524  DIHED      =         1.9699
 1-4 NB =         1.2249  1-4 EEL =       115.1514  VDWAALS    =       166.1993
 EELEC  =     -1490.1737  EHBOND  =         0.0000  RESTRAINT  =         0.0000
 EKCMT  =       101.9764  VIRIAL  =       149.6784  VOLUME     =      3601.7103
                                                    Density    =         1.0002
 Ewald error estimate:   0.2516E-03
 ------------------------------------------------------------------------------

wrapping first mol.:       -0.00000      -14.97177        0.00000

 NSTEP =    30000   TIME(PS) =     180.000  TEMP(K) =   286.53  PRESS =   216.6
 Etot   =     -1001.1060  EKtot   =       205.2627  EPtot      =     -1206.3687
 BOND   =         0.6336  ANGLE   =         4.4424  DIHED      =         1.0579
 1-4 NB =        -0.0215  1-4 EEL =       105.0029  VDWAALS    =       180.6325
 EELEC  =     -1498.1165  EHBOND  =         0.0000  RESTRAINT  =         0.0000
 EKCMT  =        97.5080  VIRIAL  =        80.6759  VOLUME     =      3598.3489
                                                    Density    =         1.0011
 Ewald error estimate:   0.4388E-03
 ------------------------------------------------------------------------------


 NSTEP =    30500   TIME(PS) =     180.500  TEMP(K) =   306.92  PRESS =  1139.1
 Etot   =      -993.7413  EKtot   =       219.8716  EPtot      =     -1213.6128
 BOND   =         1.4681  ANGLE   =         5.9089  DIHED      =         1.3666
 1-4 NB =         0.4441  1-4 EEL =       112.9228  VDWAALS    =       200.1370
 EELEC  =     -1535.8603  EHBOND  =         0.0000  RESTRAINT  =         0.0000
 EKCMT  =        99.3560  VIRIAL  =        10.9559  VOLUME     =      3594.4239
                                                    Density    =         1.0022
 Ewald error estimate:   0.6875E-03
 ------------------------------------------------------------------------------

wrapping first mol.:       -0.00000      -14.94234        0.00000

 NSTEP =    31000   TIME(PS) =     181.000  TEMP(K) =   299.22  PRESS = -2412.6
 Etot   =      -980.0667  EKtot   =       214.3528  EPtot      =     -1194.4195
 BOND   =         0.4718  ANGLE   =         8.8632  DIHED      =         0.9949
 1-4 NB =        -0.0207  1-4 EEL =       106.0341  VDWAALS    =       126.7951
 EELEC  =     -1437.5579  EHBOND  =         0.0000  RESTRAINT  =         0.0000
 EKCMT  =       105.7662  VIRIAL  =       292.1136  VOLUME     =      3577.3821
                                                    Density    =         1.0070
 Ewald error estimate:   0.1353E-02
 ------------------------------------------------------------------------------


 NSTEP =    31500   TIME(PS) =     181.500  TEMP(K) =   305.15  PRESS =  1080.5
 Etot   =     -1013.0649  EKtot   =       218.6064  EPtot      =     -1231.6713
 BOND   =         0.7384  ANGLE   =         7.8389  DIHED      =         1.4631
 1-4 NB =        -0.0297  1-4 EEL =       105.5822  VDWAALS    =       199.6319
 EELEC  =     -1546.8962  EHBOND  =         0.0000  RESTRAINT  =         0.0000
 EKCMT  =       110.9110  VIRIAL  =        27.3997  VOLUME     =      3579.5364
                                                    Density    =         1.0064
 Ewald error estimate:   0.1090E-02
 ------------------------------------------------------------------------------

wrapping first mol.:       -0.00000      -14.93223        0.00000

 NSTEP =    32000   TIME(PS) =     182.000  TEMP(K) =   310.89  PRESS =    28.8
 Etot   =      -979.4570  EKtot   =       222.7132  EPtot      =     -1202.1702
 BOND   =         0.6298  ANGLE   =         3.9658  DIHED      =         1.0463
 1-4 NB =        -0.1089  1-4 EEL =       102.3996  VDWAALS    =       170.2815
 EELEC  =     -1480.3842  EHBOND  =         0.0000  RESTRAINT  =         0.0000
 EKCMT  =       109.3234  VIRIAL  =       107.1029  VOLUME     =      3569.9293
                                                    Density    =         1.0091
 Ewald error estimate:   0.1787E-02
 ------------------------------------------------------------------------------


 NSTEP =    32500   TIME(PS) =     182.500  TEMP(K) =   258.53  PRESS =  -130.8
 Etot   =     -1007.1031  EKtot   =       185.2094  EPtot      =     -1192.3124
 BOND   =         0.2880  ANGLE   =         3.4185  DIHED      =         1.5998
 1-4 NB =         0.3442  1-4 EEL =       106.7315  VDWAALS    =       170.5301
 EELEC  =     -1475.2245  EHBOND  =         0.0000  RESTRAINT  =         0.0000
 EKCMT  =        86.5544  VIRIAL  =        96.6718  VOLUME     =      3583.0368
                                                    Density    =         1.0054
 Ewald error estimate:   0.2796E-02
 ------------------------------------------------------------------------------

wrapping first mol.:       -0.00000      -14.95955        0.00000

 NSTEP =    33000   TIME(PS) =     183.000  TEMP(K) =   289.98  PRESS =  -194.1
 Etot   =     -1009.1692  EKtot   =       207.7355  EPtot      =     -1216.9047
 BOND   =         1.1571  ANGLE   =         2.6837  DIHED      =         1.0025
 1-4 NB =         0.2037  1-4 EEL =       108.7523  VDWAALS    =       178.8623
 EELEC  =     -1509.5663  EHBOND  =         0.0000  RESTRAINT  =         0.0000
 EKCMT  =        97.4173  VIRIAL  =       112.4585  VOLUME     =      3589.5829
                                                    Density    =         1.0036
 Ewald error estimate:   0.1052E-02
 ------------------------------------------------------------------------------


 NSTEP =    33500   TIME(PS) =     183.500  TEMP(K) =   296.44  PRESS =    47.4
 Etot   =     -1012.9990  EKtot   =       212.3666  EPtot      =     -1225.3656
 BOND   =         0.7500  ANGLE   =         8.3046  DIHED      =         1.0925
 1-4 NB =         0.0747  1-4 EEL =       105.9684  VDWAALS    =       178.5454
 EELEC  =     -1520.1012  EHBOND  =         0.0000  RESTRAINT  =         0.0000
 EKCMT  =        92.5919  VIRIAL  =        88.9401  VOLUME     =      3571.8131
                                                    Density    =         1.0086
 Ewald error estimate:   0.2817E-03
 ------------------------------------------------------------------------------

wrapping first mol.:       -0.00000      -14.93854        0.00000

 NSTEP =    34000   TIME(PS) =     184.000  TEMP(K) =   296.09  PRESS = -1115.4
 Etot   =     -1010.2634  EKtot   =       212.1107  EPtot      =     -1222.3742
 BOND   =         0.3837  ANGLE   =         3.1908  DIHED      =         3.1751
 1-4 NB =         1.2487  1-4 EEL =       115.9513  VDWAALS    =       164.3172
 EELEC  =     -1510.6410  EHBOND  =         0.0000  RESTRAINT  =         0.0000
 EKCMT  =        93.4873  VIRIAL  =       179.5700  VOLUME     =      3574.5539
                                                    Density    =         1.0078
 Ewald error estimate:   0.3848E-02
 ------------------------------------------------------------------------------


 NSTEP =    34500   TIME(PS) =     184.500  TEMP(K) =   276.28  PRESS =  -641.2
 Etot   =     -1035.7305  EKtot   =       197.9208  EPtot      =     -1233.6513
 BOND   =         0.4126  ANGLE   =         5.9505  DIHED      =         0.8688
 1-4 NB =        -0.0974  1-4 EEL =       104.3094  VDWAALS    =       172.3388
 EELEC  =     -1517.4340  EHBOND  =         0.0000  RESTRAINT  =         0.0000
 EKCMT  =        98.2730  VIRIAL  =       147.4846  VOLUME     =      3554.8771
                                                    Density    =         1.0134
 Ewald error estimate:   0.6896E-03
 ------------------------------------------------------------------------------

wrapping first mol.:       -0.00000      -14.90924        0.00000

 NSTEP =    35000   TIME(PS) =     185.000  TEMP(K) =   278.98  PRESS =  1223.3
 Etot   =     -1038.2403  EKtot   =       199.8553  EPtot      =     -1238.0956
 BOND   =         0.1976  ANGLE   =         4.0532  DIHED      =         1.5552
 1-4 NB =         0.1994  1-4 EEL =       108.4011  VDWAALS    =       203.2961
 EELEC  =     -1555.7983  EHBOND  =         0.0000  RESTRAINT  =         0.0000
 EKCMT  =        94.1313  VIRIAL  =         0.2793  VOLUME     =      3553.3743
                                                    Density    =         1.0138
 Ewald error estimate:   0.1747E-03
 ------------------------------------------------------------------------------


 NSTEP =    35500   TIME(PS) =     185.500  TEMP(K) =   262.75  PRESS = -1274.4
 Etot   =     -1038.6313  EKtot   =       188.2260  EPtot      =     -1226.8573
 BOND   =         0.6070  ANGLE   =         6.2674  DIHED      =         0.9398
 1-4 NB =        -0.0783  1-4 EEL =       103.9500  VDWAALS    =       166.3610
 EELEC  =     -1504.9043  EHBOND  =         0.0000  RESTRAINT  =         0.0000
 EKCMT  =        90.6440  VIRIAL  =       188.7960  VOLUME     =      3567.1545
                                                    Density    =         1.0099
 Ewald error estimate:   0.1234E-02
 ------------------------------------------------------------------------------

wrapping first mol.:       -0.00000      -14.90263        0.00000

 NSTEP =    36000   TIME(PS) =     186.000  TEMP(K) =   289.31  PRESS = -1493.3
 Etot   =     -1008.1153  EKtot   =       207.2573  EPtot      =     -1215.3726
 BOND   =         0.3120  ANGLE   =         6.0177  DIHED      =         0.9091
 1-4 NB =        -0.0543  1-4 EEL =       104.5333  VDWAALS    =       154.6184
 EELEC  =     -1481.7089  EHBOND  =         0.0000  RESTRAINT  =         0.0000
 EKCMT  =        90.2760  VIRIAL  =       204.6994  VOLUME     =      3548.8688
                                                    Density    =         1.0151
 Ewald error estimate:   0.9377E-03
 ------------------------------------------------------------------------------


 NSTEP =    36500   TIME(PS) =     186.500  TEMP(K) =   317.75  PRESS =   867.3
 Etot   =     -1005.1943  EKtot   =       227.6295  EPtot      =     -1232.8238
 BOND   =         0.7831  ANGLE   =         7.4603  DIHED      =         2.1884
 1-4 NB =         0.2638  1-4 EEL =       108.3920  VDWAALS    =       188.7083
 EELEC  =     -1540.6198  EHBOND  =         0.0000  RESTRAINT  =         0.0000
 EKCMT  =       113.7039  VIRIAL  =        47.2021  VOLUME     =      3551.0886
                                                    Density    =         1.0145
 Ewald error estimate:   0.2032E-02
 ------------------------------------------------------------------------------

wrapping first mol.:       -0.00000      -14.91760        0.00000

 NSTEP =    37000   TIME(PS) =     187.000  TEMP(K) =   319.55  PRESS = -1736.3
 Etot   =      -999.9383  EKtot   =       228.9236  EPtot      =     -1228.8619
 BOND   =         0.7581  ANGLE   =         4.7746  DIHED      =         1.7540
 1-4 NB =         0.1223  1-4 EEL =       106.8178  VDWAALS    =       152.5131
 EELEC  =     -1495.6019  EHBOND  =         0.0000  RESTRAINT  =         0.0000
 EKCMT  =       111.6793  VIRIAL  =       245.1242  VOLUME     =      3559.5894
                                                    Density    =         1.0120
 Ewald error estimate:   0.9302E-03
 ------------------------------------------------------------------------------


 NSTEP =    37500   TIME(PS) =     187.500  TEMP(K) =   301.51  PRESS =   590.8
 Etot   =      -992.1248  EKtot   =       215.9989  EPtot      =     -1208.1237
 BOND   =         0.4158  ANGLE   =         2.9888  DIHED      =         0.8933
 1-4 NB =         0.3365  1-4 EEL =       108.7453  VDWAALS    =       179.9057
 EELEC  =     -1501.4092  EHBOND  =         0.0000  RESTRAINT  =         0.0000
 EKCMT  =        93.2983  VIRIAL  =        47.8915  VOLUME     =      3559.3686
                                                    Density    =         1.0121
 Ewald error estimate:   0.1838E-02
 ------------------------------------------------------------------------------

wrapping first mol.:       -0.00000      -14.92751        0.00000

 NSTEP =    38000   TIME(PS) =     188.000  TEMP(K) =   254.83  PRESS =   -86.7
 Etot   =     -1044.1095  EKtot   =       182.5583  EPtot      =     -1226.6679
 BOND   =         1.2763  ANGLE   =         2.8455  DIHED      =         1.4381
 1-4 NB =         0.3185  1-4 EEL =       109.7891  VDWAALS    =       176.6219
 EELEC  =     -1518.9571  EHBOND  =         0.0000  RESTRAINT  =         0.0000
 EKCMT  =        81.0713  VIRIAL  =        87.7463  VOLUME     =      3566.5571
                                                    Density    =         1.0101
 Ewald error estimate:   0.1207E-02
 ------------------------------------------------------------------------------


 NSTEP =    38500   TIME(PS) =     188.500  TEMP(K) =   248.58  PRESS =  1517.2
 Etot   =     -1043.3296  EKtot   =       178.0801  EPtot      =     -1221.4096
 BOND   =         1.3001  ANGLE   =         6.3822  DIHED      =         2.4508
 1-4 NB =         0.2828  1-4 EEL =       110.7142  VDWAALS    =       205.4391
 EELEC  =     -1547.9788  EHBOND  =         0.0000  RESTRAINT  =         0.0000
 EKCMT  =        78.3953  VIRIAL  =       -38.2305  VOLUME     =      3560.1737
                                                    Density    =         1.0119
 Ewald error estimate:   0.1824E-02
 ------------------------------------------------------------------------------

wrapping first mol.:       -0.00000      -14.91779        0.00000

 NSTEP =    39000   TIME(PS) =     189.000  TEMP(K) =   278.96  PRESS =  -456.2
 Etot   =     -1053.2650  EKtot   =       199.8432  EPtot      =     -1253.1082
 BOND   =         0.3141  ANGLE   =         4.8555  DIHED      =         1.4470
 1-4 NB =         0.7975  1-4 EEL =       112.5393  VDWAALS    =       179.2648
 EELEC  =     -1552.3264  EHBOND  =         0.0000  RESTRAINT  =         0.0000
 EKCMT  =       104.3343  VIRIAL  =       139.3963  VOLUME     =      3559.6242
                                                    Density    =         1.0120
 Ewald error estimate:   0.1609E-02
 ------------------------------------------------------------------------------


 NSTEP =    39500   TIME(PS) =     189.500  TEMP(K) =   272.47  PRESS =  1014.2
 Etot   =     -1033.9387  EKtot   =       195.1907  EPtot      =     -1229.1294
 BOND   =         0.4833  ANGLE   =         7.3386  DIHED      =         0.9007
 1-4 NB =         0.3163  1-4 EEL =       106.0295  VDWAALS    =       193.7426
 EELEC  =     -1537.9404  EHBOND  =         0.0000  RESTRAINT  =         0.0000
 EKCMT  =        95.7076  VIRIAL  =        17.5975  VOLUME     =      3566.9145
                                                    Density    =         1.0100
 Ewald error estimate:   0.1894E-02
 ------------------------------------------------------------------------------

wrapping first mol.:       -0.00000      -14.93924        0.00000

 NSTEP =    40000   TIME(PS) =     190.000  TEMP(K) =   291.49  PRESS =  -378.1
 Etot   =      -999.4293  EKtot   =       208.8173  EPtot      =     -1208.2466
 BOND   =         0.2508  ANGLE   =         8.4451  DIHED      =         0.7401
 1-4 NB =        -0.0749  1-4 EEL =       103.4149  VDWAALS    =       163.6426
 EELEC  =     -1484.6652  EHBOND  =         0.0000  RESTRAINT  =         0.0000
 EKCMT  =       108.9936  VIRIAL  =       138.1781  VOLUME     =      3574.9960
                                                    Density    =         1.0077
 Ewald error estimate:   0.1403E-02
 ------------------------------------------------------------------------------


 NSTEP =    40500   TIME(PS) =     190.500  TEMP(K) =   297.76  PRESS =   120.4
 Etot   =      -995.0257  EKtot   =       213.3116  EPtot      =     -1208.3374
 BOND   =         2.3643  ANGLE   =         3.8914  DIHED      =         0.9735
 1-4 NB =         0.0996  1-4 EEL =       107.3797  VDWAALS    =       178.5082
 EELEC  =     -1501.5541  EHBOND  =         0.0000  RESTRAINT  =         0.0000
 EKCMT  =       100.3056  VIRIAL  =        91.0033  VOLUME     =      3579.3298
                                                    Density    =         1.0064
 Ewald error estimate:   0.7002E-04
 ------------------------------------------------------------------------------

wrapping first mol.:       -0.00000      -14.93133        0.00000

 NSTEP =    41000   TIME(PS) =     191.000  TEMP(K) =   282.92  PRESS =  -352.9
 Etot   =     -1018.4420  EKtot   =       202.6815  EPtot      =     -1221.1235
 BOND   =         0.6253  ANGLE   =         3.4779  DIHED      =         1.5173
 1-4 NB =        -0.0887  1-4 EEL =       102.4785  VDWAALS    =       164.8816
 EELEC  =     -1494.0154  EHBOND  =         0.0000  RESTRAINT  =         0.0000
 EKCMT  =        98.3532  VIRIAL  =       125.5533  VOLUME     =      3569.3183
                                                    Density    =         1.0093
 Ewald error estimate:   0.4005E-03
 ------------------------------------------------------------------------------


 NSTEP =    41500   TIME(PS) =     191.500  TEMP(K) =   328.19  PRESS =  -483.7
 Etot   =     -1002.8798  EKtot   =       235.1117  EPtot      =     -1237.9915
 BOND   =         0.8702  ANGLE   =         5.2109  DIHED      =         2.2107
 1-4 NB =         0.0915  1-4 EEL =       101.6167  VDWAALS    =       175.5767
 EELEC  =     -1523.5684  EHBOND  =         0.0000  RESTRAINT  =         0.0000
 EKCMT  =       122.3623  VIRIAL  =       159.8790  VOLUME     =      3592.4510
                                                    Density    =         1.0028
 Ewald error estimate:   0.2001E-02
 ------------------------------------------------------------------------------

wrapping first mol.:       -0.00000      -14.98575        0.00000

 NSTEP =    42000   TIME(PS) =     192.000  TEMP(K) =   291.27  PRESS =  -603.1
 Etot   =      -993.8046  EKtot   =       208.6624  EPtot      =     -1202.4669
 BOND   =         0.3905  ANGLE   =         3.9988  DIHED      =         1.5188
 1-4 NB =         0.0960  1-4 EEL =       101.6471  VDWAALS    =       161.6781
 EELEC  =     -1471.7962  EHBOND  =         0.0000  RESTRAINT  =         0.0000
 EKCMT  =        94.5515  VIRIAL  =       141.5438  VOLUME     =      3608.5067
                                                    Density    =         0.9983
 Ewald error estimate:   0.7627E-03
 ------------------------------------------------------------------------------


 NSTEP =    42500   TIME(PS) =     192.500  TEMP(K) =   299.66  PRESS =   682.6
 Etot   =     -1010.3579  EKtot   =       214.6728  EPtot      =     -1225.0308
 BOND   =         0.7105  ANGLE   =         4.1125  DIHED      =         0.8473
 1-4 NB =         0.3191  1-4 EEL =       109.6244  VDWAALS    =       188.9204
 EELEC  =     -1529.5649  EHBOND  =         0.0000  RESTRAINT  =         0.0000
 EKCMT  =       113.8532  VIRIAL  =        60.9783  VOLUME     =      3587.8484
                                                    Density    =         1.0041
 Ewald error estimate:   0.1077E-02
 ------------------------------------------------------------------------------

wrapping first mol.:       -0.00000      -14.95881        0.00000

 NSTEP =    43000   TIME(PS) =     193.000  TEMP(K) =   308.31  PRESS =   157.7
 Etot   =     -1008.5264  EKtot   =       220.8672  EPtot      =     -1229.3936
 BOND   =         0.3674  ANGLE   =         3.2643  DIHED      =         0.4691
 1-4 NB =        -0.1073  1-4 EEL =       102.3594  VDWAALS    =       182.4852
 EELEC  =     -1518.2317  EHBOND  =         0.0000  RESTRAINT  =         0.0000
 EKCMT  =       115.5081  VIRIAL  =       103.2912  VOLUME     =      3589.0186
                                                    Density    =         1.0037
 Ewald error estimate:   0.3648E-03
 ------------------------------------------------------------------------------


 NSTEP =    43500   TIME(PS) =     193.500  TEMP(K) =   289.38  PRESS =  2089.8
 Etot   =     -1013.4305  EKtot   =       207.3099  EPtot      =     -1220.7404
 BOND   =         0.6147  ANGLE   =         5.8954  DIHED      =         0.6056
 1-4 NB =         0.3254  1-4 EEL =       106.3005  VDWAALS    =       207.9083
 EELEC  =     -1542.3903  EHBOND  =         0.0000  RESTRAINT  =         0.0000
 EKCMT  =       100.2479  VIRIAL  =       -62.1903  VOLUME     =      3600.0827
                                                    Density    =         1.0006
 Ewald error estimate:   0.4099E-02
 ------------------------------------------------------------------------------

wrapping first mol.:       -0.00000      -15.01740        0.00000

 NSTEP =    44000   TIME(PS) =     194.000  TEMP(K) =   298.68  PRESS =    63.3
 Etot   =      -999.4792  EKtot   =       213.9670  EPtot      =     -1213.4463
 BOND   =         1.9116  ANGLE   =         4.9108  DIHED      =         0.9973
 1-4 NB =         0.0461  1-4 EEL =       106.8580  VDWAALS    =       177.7347
 EELEC  =     -1505.9046  EHBOND  =         0.0000  RESTRAINT  =         0.0000
 EKCMT  =       111.3223  VIRIAL  =       106.3627  VOLUME     =      3631.3687
                                                    Density    =         0.9920
 Ewald error estimate:   0.2329E-02
 ------------------------------------------------------------------------------


 NSTEP =    44500   TIME(PS) =     194.500  TEMP(K) =   288.51  PRESS =  -901.3
 Etot   =     -1016.4322  EKtot   =       206.6828  EPtot      =     -1223.1150
 BOND   =         0.4479  ANGLE   =         6.6799  DIHED      =         1.2540
 1-4 NB =         0.1196  1-4 EEL =       108.4853  VDWAALS    =       166.3584
 EELEC  =     -1506.4601  EHBOND  =         0.0000  RESTRAINT  =         0.0000
 EKCMT  =        95.4048  VIRIAL  =       166.1103  VOLUME     =      3633.2520
                                                    Density    =         0.9915
 Ewald error estimate:   0.8743E-03
 ------------------------------------------------------------------------------

wrapping first mol.:       -0.00000      -15.00167        0.00000

 NSTEP =    45000   TIME(PS) =     195.000  TEMP(K) =   280.88  PRESS =   781.7
 Etot   =      -996.0279  EKtot   =       201.2166  EPtot      =     -1197.2445
 BOND   =         3.2952  ANGLE   =         4.6211  DIHED      =         1.1690
 1-4 NB =        -0.1350  1-4 EEL =       102.3926  VDWAALS    =       181.4421
 EELEC  =     -1490.0294  EHBOND  =         0.0000  RESTRAINT  =         0.0000
 EKCMT  =        95.0305  VIRIAL  =        33.9366  VOLUME     =      3619.9079
                                                    Density    =         0.9952
 Ewald error estimate:   0.1770E-02
 ------------------------------------------------------------------------------


 NSTEP =    45500   TIME(PS) =     195.500  TEMP(K) =   273.22  PRESS =   208.6
 Etot   =     -1029.4520  EKtot   =       195.7292  EPtot      =     -1225.1812
 BOND   =         0.9309  ANGLE   =         8.5052  DIHED      =         0.7585
 1-4 NB =         0.0070  1-4 EEL =       105.2705  VDWAALS    =       176.3717
 EELEC  =     -1517.0251  EHBOND  =         0.0000  RESTRAINT  =         0.0000
 EKCMT  =        99.3624  VIRIAL  =        83.0923  VOLUME     =      3611.8246
                                                    Density    =         0.9974
 Ewald error estimate:   0.1588E-02
 ------------------------------------------------------------------------------

wrapping first mol.:       -0.00000      -14.99903        0.00000

 NSTEP =    46000   TIME(PS) =     196.000  TEMP(K) =   271.20  PRESS =   285.2
 Etot   =     -1015.4303  EKtot   =       194.2837  EPtot      =     -1209.7141
 BOND   =         0.7160  ANGLE   =         3.7840  DIHED      =         2.7736
 1-4 NB =         0.4360  1-4 EEL =       112.6078  VDWAALS    =       177.6921
 EELEC  =     -1507.7236  EHBOND  =         0.0000  RESTRAINT  =         0.0000
 EKCMT  =        92.1810  VIRIAL  =        69.9053  VOLUME     =      3618.0349
                                                    Density    =         0.9957
 Ewald error estimate:   0.2655E-02
 ------------------------------------------------------------------------------


 NSTEP =    46500   TIME(PS) =     196.500  TEMP(K) =   271.32  PRESS = -1949.8
 Etot   =     -1040.9715  EKtot   =       194.3686  EPtot      =     -1235.3401
 BOND   =         0.3325  ANGLE   =         5.4887  DIHED      =         2.1374
 1-4 NB =         0.3817  1-4 EEL =       111.9309  VDWAALS    =       159.3273
 EELEC  =     -1514.9386  EHBOND  =         0.0000  RESTRAINT  =         0.0000
 EKCMT  =        93.8619  VIRIAL  =       246.7371  VOLUME     =      3631.3353
                                                    Density    =         0.9920
 Ewald error estimate:   0.3322E-02
 ------------------------------------------------------------------------------

wrapping first mol.:       -0.00000      -14.97803        0.00000

 NSTEP =    47000   TIME(PS) =     197.000  TEMP(K) =   268.52  PRESS =   235.3
 Etot   =     -1031.8088  EKtot   =       192.3628  EPtot      =     -1224.1716
 BOND   =         0.4354  ANGLE   =         9.0422  DIHED      =         1.1102
 1-4 NB =         0.1574  1-4 EEL =       106.9562  VDWAALS    =       188.9127
 EELEC  =     -1530.7856  EHBOND  =         0.0000  RESTRAINT  =         0.0000
 EKCMT  =        90.0552  VIRIAL  =        71.7477  VOLUME     =      3602.8664
                                                    Density    =         0.9999
 Ewald error estimate:   0.2940E-02
 ------------------------------------------------------------------------------


 NSTEP =    47500   TIME(PS) =     197.500  TEMP(K) =   309.67  PRESS =    -8.3
 Etot   =     -1019.7538  EKtot   =       221.8403  EPtot      =     -1241.5941
 BOND   =         0.2664  ANGLE   =        11.4224  DIHED      =         2.0208
 1-4 NB =         0.6177  1-4 EEL =       111.4664  VDWAALS    =       190.1646
 EELEC  =     -1557.5525  EHBOND  =         0.0000  RESTRAINT  =         0.0000
 EKCMT  =       113.8653  VIRIAL  =       114.5071  VOLUME     =      3595.3082
                                                    Density    =         1.0020
 Ewald error estimate:   0.2967E-02
 ------------------------------------------------------------------------------

wrapping first mol.:       -0.00000      -14.96579        0.00000

 NSTEP =    48000   TIME(PS) =     198.000  TEMP(K) =   283.12  PRESS =  1338.2
 Etot   =     -1002.6366  EKtot   =       202.8240  EPtot      =     -1205.4606
 BOND   =         0.9179  ANGLE   =         7.3131  DIHED      =         1.3424
 1-4 NB =         0.2857  1-4 EEL =       107.3157  VDWAALS    =       188.1235
 EELEC  =     -1510.7588  EHBOND  =         0.0000  RESTRAINT  =         0.0000
 EKCMT  =        95.6421  VIRIAL  =        -8.2017  VOLUME     =      3593.9493
                                                    Density    =         1.0024
 Ewald error estimate:   0.3020E-02
 ------------------------------------------------------------------------------


 NSTEP =    48500   TIME(PS) =     198.500  TEMP(K) =   295.07  PRESS =   104.7
 Etot   =     -1013.2312  EKtot   =       211.3866  EPtot      =     -1224.6178
 BOND   =         4.1879  ANGLE   =         3.8982  DIHED      =         1.1143
 1-4 NB =        -0.0974  1-4 EEL =        99.4170  VDWAALS    =       178.1632
 EELEC  =     -1511.3008  EHBOND  =         0.0000  RESTRAINT  =         0.0000
 EKCMT  =        95.0105  VIRIAL  =        86.9349  VOLUME     =      3571.9873
                                                    Density    =         1.0085
 Ewald error estimate:   0.7448E-04
 ------------------------------------------------------------------------------

wrapping first mol.:       -0.00000      -14.95843        0.00000

 NSTEP =    49000   TIME(PS) =     199.000  TEMP(K) =   271.47  PRESS =   459.1
 Etot   =     -1037.0222  EKtot   =       194.4747  EPtot      =     -1231.4969
 BOND   =         0.2461  ANGLE   =         7.2872  DIHED      =         1.0391
 1-4 NB =         0.0282  1-4 EEL =       102.0636  VDWAALS    =       191.7832
 EELEC  =     -1533.9444  EHBOND  =         0.0000  RESTRAINT  =         0.0000
 EKCMT  =        99.4119  VIRIAL  =        63.8383  VOLUME     =      3588.7228
                                                    Density    =         1.0038
 Ewald error estimate:   0.2090E-02
 ------------------------------------------------------------------------------


 NSTEP =    49500   TIME(PS) =     199.500  TEMP(K) =   296.05  PRESS =   -28.7
 Etot   =     -1003.4951  EKtot   =       212.0853  EPtot      =     -1215.5804
 BOND   =         1.3438  ANGLE   =         4.5450  DIHED      =         1.9030
 1-4 NB =        -0.0666  1-4 EEL =       104.7840  VDWAALS    =       177.2701
 EELEC  =     -1505.3596  EHBOND  =         0.0000  RESTRAINT  =         0.0000
 EKCMT  =        99.3198  VIRIAL  =       101.5468  VOLUME     =      3593.9906
                                                    Density    =         1.0023
 Ewald error estimate:   0.2868E-02
 ------------------------------------------------------------------------------

wrapping first mol.:       -0.00000      -15.00496        0.00000

 NSTEP =    50000   TIME(PS) =     200.000  TEMP(K) =   282.76  PRESS =  1135.0
 Etot   =     -1007.2158  EKtot   =       202.5668  EPtot      =     -1209.7826
 BOND   =         0.1031  ANGLE   =         4.6352  DIHED      =         1.5435
 1-4 NB =         0.5088  1-4 EEL =       110.8362  VDWAALS    =       187.8115
 EELEC  =     -1515.2210  EHBOND  =         0.0000  RESTRAINT  =         0.0000
 EKCMT  =       103.0851  VIRIAL  =        14.3212  VOLUME     =      3622.2617
                                                    Density    =         0.9945
 Ewald error estimate:   0.2889E-02
 ------------------------------------------------------------------------------


 NSTEP =    50500   TIME(PS) =     200.500  TEMP(K) =   300.83  PRESS =   164.1
 Etot   =      -995.7070  EKtot   =       215.5090  EPtot      =     -1211.2160
 BOND   =         0.9774  ANGLE   =         4.1084  DIHED      =         1.7793
 1-4 NB =         0.5117  1-4 EEL =       110.0268  VDWAALS    =       175.9582
 EELEC  =     -1504.5778  EHBOND  =         0.0000  RESTRAINT  =         0.0000
 EKCMT  =       103.3320  VIRIAL  =        90.4932  VOLUME     =      3622.5715
                                                    Density    =         0.9944
 Ewald error estimate:   0.9649E-03
 ------------------------------------------------------------------------------

wrapping first mol.:       -0.00000      -14.99754        0.00000

 NSTEP =    51000   TIME(PS) =     201.000  TEMP(K) =   283.11  PRESS = -2249.8
 Etot   =     -1021.8851  EKtot   =       202.8136  EPtot      =     -1224.6987
 BOND   =         0.4045  ANGLE   =         9.0210  DIHED      =         1.4166
 1-4 NB =         0.5225  1-4 EEL =       110.5952  VDWAALS    =       147.0367
 EELEC  =     -1493.6952  EHBOND  =         0.0000  RESTRAINT  =         0.0000
 EKCMT  =       103.0121  VIRIAL  =       278.7208  VOLUME     =      3617.1618
                                                    Density    =         0.9959
 Ewald error estimate:   0.2347E-02
 ------------------------------------------------------------------------------


 NSTEP =    51500   TIME(PS) =     201.500  TEMP(K) =   303.14  PRESS = -1120.2
 Etot   =     -1002.6932  EKtot   =       217.1665  EPtot      =     -1219.8597
 BOND   =         1.9698  ANGLE   =         7.5191  DIHED      =         2.0121
 1-4 NB =         0.3240  1-4 EEL =       106.2090  VDWAALS    =       163.5561
 EELEC  =     -1501.4497  EHBOND  =         0.0000  RESTRAINT  =         0.0000
 EKCMT  =       100.1437  VIRIAL  =       186.5394  VOLUME     =      3572.0540
                                                    Density    =         1.0085
 Ewald error estimate:   0.9509E-03
 ------------------------------------------------------------------------------

wrapping first mol.:       -0.00000      -14.90052        0.00000

 NSTEP =    52000   TIME(PS) =     202.000  TEMP(K) =   266.91  PRESS =    51.0
 Etot   =     -1031.5448  EKtot   =       191.2099  EPtot      =     -1222.7548
 BOND   =         0.2013  ANGLE   =         5.7360  DIHED      =         2.0512
 1-4 NB =         0.1442  1-4 EEL =       109.8248  VDWAALS    =       178.0415
 EELEC  =     -1518.7538  EHBOND  =         0.0000  RESTRAINT  =         0.0000
 EKCMT  =        93.9236  VIRIAL  =        90.0157  VOLUME     =      3547.2348
                                                    Density    =         1.0156
 Ewald error estimate:   0.2578E-02
 ------------------------------------------------------------------------------


 NSTEP =    52500   TIME(PS) =     202.500  TEMP(K) =   309.18  PRESS =   147.8
 Etot   =     -1023.7094  EKtot   =       221.4943  EPtot      =     -1245.2037
 BOND   =         2.2226  ANGLE   =         6.4095  DIHED      =         2.3177
 1-4 NB =        -0.0694  1-4 EEL =        99.5177  VDWAALS    =       188.1234
 EELEC  =     -1543.7252  EHBOND  =         0.0000  RESTRAINT  =         0.0000
 EKCMT  =       109.3621  VIRIAL  =        97.9974  VOLUME     =      3562.3768
                                                    Density    =         1.0112
 Ewald error estimate:   0.2612E-02
 ------------------------------------------------------------------------------

wrapping first mol.:       -0.00000      -14.93528        0.00000

 NSTEP =    53000   TIME(PS) =     203.000  TEMP(K) =   306.67  PRESS =  -109.2
 Etot   =      -998.9815  EKtot   =       219.6904  EPtot      =     -1218.6719
 BOND   =         0.1717  ANGLE   =         4.5423  DIHED      =         0.8469
 1-4 NB =         0.2111  1-4 EEL =       108.4374  VDWAALS    =       176.0323
 EELEC  =     -1508.9135  EHBOND  =         0.0000  RESTRAINT  =         0.0000
 EKCMT  =        97.6322  VIRIAL  =       106.0527  VOLUME     =      3572.1340
                                                    Density    =         1.0085
 Ewald error estimate:   0.1306E-02
 ------------------------------------------------------------------------------


 NSTEP =    53500   TIME(PS) =     203.500  TEMP(K) =   297.71  PRESS =  1098.6
 Etot   =      -982.6352  EKtot   =       213.2712  EPtot      =     -1195.9064
 BOND   =         0.1432  ANGLE   =         7.2199  DIHED      =         1.0287
 1-4 NB =         0.0516  1-4 EEL =       103.8285  VDWAALS    =       186.9111
 EELEC  =     -1495.0895  EHBOND  =         0.0000  RESTRAINT  =         0.0000
 EKCMT  =       104.9802  VIRIAL  =        20.7247  VOLUME     =      3552.1168
                                                    Density    =         1.0142
 Ewald error estimate:   0.7485E-03
 ------------------------------------------------------------------------------

wrapping first mol.:       -0.00000      -14.89209        0.00000

 NSTEP =    54000   TIME(PS) =     204.000  TEMP(K) =   319.41  PRESS =   338.0
 Etot   =      -954.7084  EKtot   =       228.8192  EPtot      =     -1183.5276
 BOND   =         0.1187  ANGLE   =         7.7995  DIHED      =         1.5259
 1-4 NB =         0.5849  1-4 EEL =       111.8524  VDWAALS    =       160.9551
 EELEC  =     -1466.3641  EHBOND  =         0.0000  RESTRAINT  =         0.0000
 EKCMT  =       107.2133  VIRIAL  =        81.3733  VOLUME     =      3541.1964
                                                    Density    =         1.0173
 Ewald error estimate:   0.8163E-04
 ------------------------------------------------------------------------------


 NSTEP =    54500   TIME(PS) =     204.500  TEMP(K) =   327.86  PRESS =  1295.0
 Etot   =      -961.9177  EKtot   =       234.8758  EPtot      =     -1196.7935
 BOND   =         0.3453  ANGLE   =         6.3020  DIHED      =         2.7975
 1-4 NB =         0.7427  1-4 EEL =       112.3174  VDWAALS    =       182.9912
 EELEC  =     -1502.2897  EHBOND  =         0.0000  RESTRAINT  =         0.0000
 EKCMT  =       113.5158  VIRIAL  =        14.7151  VOLUME     =      3533.6068
                                                    Density    =         1.0195
 Ewald error estimate:   0.1317E-02
 ------------------------------------------------------------------------------

wrapping first mol.:       -0.00000      -14.90458        0.00000

 NSTEP =    55000   TIME(PS) =     205.000  TEMP(K) =   278.43  PRESS =  -541.3
 Etot   =     -1001.1962  EKtot   =       199.4636  EPtot      =     -1200.6598
 BOND   =         0.2791  ANGLE   =         5.8555  DIHED      =         1.3358
 1-4 NB =         0.4571  1-4 EEL =       110.6176  VDWAALS    =       157.7562
 EELEC  =     -1476.9610  EHBOND  =         0.0000  RESTRAINT  =         0.0000
 EKCMT  =        98.3443  VIRIAL  =       139.8340  VOLUME     =      3550.1839
                                                    Density    =         1.0147
 Ewald error estimate:   0.3788E-02
 ------------------------------------------------------------------------------


 NSTEP =    55500   TIME(PS) =     205.500  TEMP(K) =   286.67  PRESS =  1240.3
 Etot   =     -1003.0032  EKtot   =       205.3628  EPtot      =     -1208.3660
 BOND   =         2.4871  ANGLE   =         8.6410  DIHED      =         1.5163
 1-4 NB =         0.2924  1-4 EEL =       109.8956  VDWAALS    =       190.3701
 EELEC  =     -1521.5686  EHBOND  =         0.0000  RESTRAINT  =         0.0000
 EKCMT  =       102.9112  VIRIAL  =         7.5921  VOLUME     =      3559.4047
                                                    Density    =         1.0121
 Ewald error estimate:   0.1663E-02
 ------------------------------------------------------------------------------

wrapping first mol.:       -0.00000      -14.94585        0.00000

 NSTEP =    56000   TIME(PS) =     206.000  TEMP(K) =   317.60  PRESS =  1356.8
 Etot   =      -990.5374  EKtot   =       227.5197  EPtot      =     -1218.0572
 BOND   =         3.9493  ANGLE   =         5.9999  DIHED      =         1.5998
 1-4 NB =         0.4057  1-4 EEL =       110.0393  VDWAALS    =       194.0223
 EELEC  =     -1534.0734  EHBOND  =         0.0000  RESTRAINT  =         0.0000
 EKCMT  =       117.1595  VIRIAL  =        12.2936  VOLUME     =      3579.6065
                                                    Density    =         1.0064
 Ewald error estimate:   0.1727E-02
 ------------------------------------------------------------------------------


 NSTEP =    56500   TIME(PS) =     206.500  TEMP(K) =   296.29  PRESS = -2335.7
 Etot   =     -1011.8096  EKtot   =       212.2589  EPtot      =     -1224.0685
 BOND   =         1.1067  ANGLE   =        10.2416  DIHED      =         1.6472
 1-4 NB =         0.3534  1-4 EEL =       107.9564  VDWAALS    =       148.0040
 EELEC  =     -1493.3778  EHBOND  =         0.0000  RESTRAINT  =         0.0000
 EKCMT  =       102.9682  VIRIAL  =       284.0140  VOLUME     =      3590.0550
                                                    Density    =         1.0034
 Ewald error estimate:   0.7398E-03
 ------------------------------------------------------------------------------

wrapping first mol.:       -0.00000      -14.94185        0.00000

 NSTEP =    57000   TIME(PS) =     207.000  TEMP(K) =   300.06  PRESS =   616.1
 Etot   =     -1002.6180  EKtot   =       214.9613  EPtot      =     -1217.5792
 BOND   =         0.8266  ANGLE   =         5.5870  DIHED      =         1.6580
 1-4 NB =         0.1396  1-4 EEL =       109.3871  VDWAALS    =       183.9330
 EELEC  =     -1519.1104  EHBOND  =         0.0000  RESTRAINT  =         0.0000
 EKCMT  =       104.5469  VIRIAL  =        56.9704  VOLUME     =      3576.7916
                                                    Density    =         1.0072
 Ewald error estimate:   0.3309E-04
 ------------------------------------------------------------------------------


 NSTEP =    57500   TIME(PS) =     207.500  TEMP(K) =   297.42  PRESS =  -462.3
 Etot   =     -1000.5314  EKtot   =       213.0691  EPtot      =     -1213.6005
 BOND   =         0.6621  ANGLE   =         7.9186  DIHED      =         2.3443
 1-4 NB =         0.3387  1-4 EEL =       110.0581  VDWAALS    =       169.4840
 EELEC  =     -1504.4064  EHBOND  =         0.0000  RESTRAINT  =         0.0000
 EKCMT  =       104.6034  VIRIAL  =       140.3756  VOLUME     =      3583.9559
                                                    Density    =         1.0051
 Ewald error estimate:   0.1285E-02
 ------------------------------------------------------------------------------

wrapping first mol.:       -0.00000      -14.93259        0.00000

 NSTEP =    58000   TIME(PS) =     208.000  TEMP(K) =   305.93  PRESS = -1050.8
 Etot   =      -976.6061  EKtot   =       219.1623  EPtot      =     -1195.7684
 BOND   =         0.3970  ANGLE   =         4.5653  DIHED      =         2.2594
 1-4 NB =         0.2689  1-4 EEL =       110.1895  VDWAALS    =       153.2857
 EELEC  =     -1466.7342  EHBOND  =         0.0000  RESTRAINT  =         0.0000
 EKCMT  =       109.5620  VIRIAL  =       190.5649  VOLUME     =      3570.2798
                                                    Density    =         1.0090
 Ewald error estimate:   0.3105E-03
 ------------------------------------------------------------------------------


 NSTEP =    58500   TIME(PS) =     208.500  TEMP(K) =   293.83  PRESS =  1855.2
 Etot   =      -985.7504  EKtot   =       210.4983  EPtot      =     -1196.2487
 BOND   =         1.3569  ANGLE   =         7.6006  DIHED      =         1.2774
 1-4 NB =         0.0965  1-4 EEL =       108.8485  VDWAALS    =       196.5107
 EELEC  =     -1511.9392  EHBOND  =         0.0000  RESTRAINT  =         0.0000
 EKCMT  =       112.8602  VIRIAL  =       -30.7730  VOLUME     =      3585.8591
                                                    Density    =         1.0046
 Ewald error estimate:   0.2252E-03
 ------------------------------------------------------------------------------

wrapping first mol.:       -0.00000      -14.97777        0.00000

 NSTEP =    59000   TIME(PS) =     209.000  TEMP(K) =   301.25  PRESS =   948.7
 Etot   =      -987.3797  EKtot   =       215.8123  EPtot      =     -1203.1919
 BOND   =         0.2611  ANGLE   =         5.2458  DIHED      =         1.9928
 1-4 NB =         1.5045  1-4 EEL =       114.8515  VDWAALS    =       183.7381
 EELEC  =     -1510.7857  EHBOND  =         0.0000  RESTRAINT  =         0.0000
 EKCMT  =        98.5851  VIRIAL  =        24.7938  VOLUME     =      3602.6243
                                                    Density    =         0.9999
 Ewald error estimate:   0.1136E-02
 ------------------------------------------------------------------------------


 NSTEP =    59500   TIME(PS) =     209.500  TEMP(K) =   293.84  PRESS =  -554.5
 Etot   =      -972.6029  EKtot   =       210.5052  EPtot      =     -1183.1081
 BOND   =         0.6343  ANGLE   =         2.6604  DIHED      =         1.3663
 1-4 NB =         0.0239  1-4 EEL =       106.7317  VDWAALS    =       157.1132
 EELEC  =     -1451.6379  EHBOND  =         0.0000  RESTRAINT  =         0.0000
 EKCMT  =       100.9853  VIRIAL  =       144.0530  VOLUME     =      3597.4859
                                                    Density    =         1.0014
 Ewald error estimate:   0.6221E-03
 ------------------------------------------------------------------------------

wrapping first mol.:       -0.00000      -14.94330        0.00000

 NSTEP =    60000   TIME(PS) =     210.000  TEMP(K) =   298.17  PRESS =  -668.8
 Etot   =      -995.3580  EKtot   =       213.6023  EPtot      =     -1208.9602
 BOND   =         0.1649  ANGLE   =         5.6791  DIHED      =         0.5198
 1-4 NB =         0.0008  1-4 EEL =       105.5344  VDWAALS    =       160.1681
 EELEC  =     -1481.0273  EHBOND  =         0.0000  RESTRAINT  =         0.0000
 EKCMT  =       109.4376  VIRIAL  =       161.1030  VOLUME     =      3577.9372
                                                    Density    =         1.0068
 Ewald error estimate:   0.1314E-02
 ------------------------------------------------------------------------------


 NSTEP =    60500   TIME(PS) =     210.500  TEMP(K) =   306.48  PRESS =   268.6
 Etot   =      -977.2031  EKtot   =       219.5562  EPtot      =     -1196.7593
 BOND   =         1.2761  ANGLE   =         4.1902  DIHED      =         0.9354
 1-4 NB =         0.1172  1-4 EEL =       107.4392  VDWAALS    =       166.9241
 EELEC  =     -1477.6416  EHBOND  =         0.0000  RESTRAINT  =         0.0000
 EKCMT  =       103.9797  VIRIAL  =        83.3707  VOLUME     =      3553.0348
                                                    Density    =         1.0139
 Ewald error estimate:   0.8559E-03
 ------------------------------------------------------------------------------

wrapping first mol.:       -0.00000      -14.96249        0.00000

 NSTEP =    61000   TIME(PS) =     211.000  TEMP(K) =   297.59  PRESS =   777.9
 Etot   =      -994.6741  EKtot   =       213.1886  EPtot      =     -1207.8627
 BOND   =         1.4889  ANGLE   =         5.5363  DIHED      =         1.6400
 1-4 NB =         0.1733  1-4 EEL =       108.1606  VDWAALS    =       183.3040
 EELEC  =     -1508.1659  EHBOND  =         0.0000  RESTRAINT  =         0.0000
 EKCMT  =       107.9031  VIRIAL  =        47.5793  VOLUME     =      3591.6168
                                                    Density    =         1.0030
 Ewald error estimate:   0.8520E-03
 ------------------------------------------------------------------------------


 NSTEP =    61500   TIME(PS) =     211.500  TEMP(K) =   317.52  PRESS =  1827.6
 Etot   =      -973.3370  EKtot   =       227.4678  EPtot      =     -1200.8048
 BOND   =         3.2184  ANGLE   =         4.7684  DIHED      =         1.1031
 1-4 NB =        -0.0747  1-4 EEL =       103.0829  VDWAALS    =       201.3471
 EELEC  =     -1514.2501  EHBOND  =         0.0000  RESTRAINT  =         0.0000
 EKCMT  =       109.1691  VIRIAL  =       -33.9083  VOLUME     =      3625.9383
                                                    Density    =         0.9935
 Ewald error estimate:   0.3194E-02
 ------------------------------------------------------------------------------

wrapping first mol.:       -0.00000      -15.00888        0.00000

 NSTEP =    62000   TIME(PS) =     212.000  TEMP(K) =   292.55  PRESS =    35.9
 Etot   =      -981.7422  EKtot   =       209.5763  EPtot      =     -1191.3185
 BOND   =         0.3864  ANGLE   =         3.2330  DIHED      =         1.0793
 1-4 NB =         0.0903  1-4 EEL =       108.9881  VDWAALS    =       171.3603
 EELEC  =     -1476.4558  EHBOND  =         0.0000  RESTRAINT  =         0.0000
 EKCMT  =        99.0329  VIRIAL  =        96.2217  VOLUME     =      3625.1909
                                                    Density    =         0.9937
 Ewald error estimate:   0.1890E-03
 ------------------------------------------------------------------------------


 NSTEP =    62500   TIME(PS) =     212.500  TEMP(K) =   306.22  PRESS = -1041.4
 Etot   =      -996.5896  EKtot   =       219.3677  EPtot      =     -1215.9573
 BOND   =         1.0976  ANGLE   =         5.0712  DIHED      =         2.8609
 1-4 NB =         0.0950  1-4 EEL =       107.6142  VDWAALS    =       158.6205
 EELEC  =     -1491.3167  EHBOND  =         0.0000  RESTRAINT  =         0.0000
 EKCMT  =       101.7451  VIRIAL  =       182.5202  VOLUME     =      3592.2814
                                                    Density    =         1.0028
 Ewald error estimate:   0.2581E-04
 ------------------------------------------------------------------------------

wrapping first mol.:       -0.00000      -14.95004        0.00000

 NSTEP =    63000   TIME(PS) =     213.000  TEMP(K) =   284.13  PRESS =   413.2
 Etot   =     -1015.8180  EKtot   =       203.5441  EPtot      =     -1219.3621
 BOND   =         1.0830  ANGLE   =         9.6413  DIHED      =         1.0746
 1-4 NB =         0.2196  1-4 EEL =       107.1148  VDWAALS    =       183.9894
 EELEC  =     -1522.4848  EHBOND  =         0.0000  RESTRAINT  =         0.0000
 EKCMT  =       104.6017  VIRIAL  =        72.6355  VOLUME     =      3582.6939
                                                    Density    =         1.0055
 Ewald error estimate:   0.8898E-03
 ------------------------------------------------------------------------------


 NSTEP =    63500   TIME(PS) =     213.500  TEMP(K) =   295.44  PRESS = -1088.8
 Etot   =      -988.2401  EKtot   =       211.6492  EPtot      =     -1199.8892
 BOND   =         0.8084  ANGLE   =         6.7932  DIHED      =         1.5515
 1-4 NB =         0.7525  1-4 EEL =       114.7258  VDWAALS    =       155.0580
 EELEC  =     -1479.5787  EHBOND  =         0.0000  RESTRAINT  =         0.0000
 EKCMT  =       103.2902  VIRIAL  =       187.3844  VOLUME     =      3577.1277
                                                    Density    =         1.0071
 Ewald error estimate:   0.1518E-02
 ------------------------------------------------------------------------------

wrapping first mol.:       -0.00000      -14.92961        0.00000

 NSTEP =    64000   TIME(PS) =     214.000  TEMP(K) =   284.97  PRESS =  1631.0
 Etot   =      -975.2793  EKtot   =       204.1466  EPtot      =     -1179.4259
 BOND   =         2.4169  ANGLE   =         4.9874  DIHED      =         1.5587
 1-4 NB =        -0.0149  1-4 EEL =       104.3271  VDWAALS    =       189.4985
 EELEC  =     -1482.1995  EHBOND  =         0.0000  RESTRAINT  =         0.0000
 EKCMT  =       105.5839  VIRIAL  =       -20.0595  VOLUME     =      3567.9298
                                                    Density    =         1.0097
 Ewald error estimate:   0.7880E-03
 ------------------------------------------------------------------------------


 NSTEP =    64500   TIME(PS) =     214.500  TEMP(K) =   313.85  PRESS =  -668.0
 Etot   =      -986.5931  EKtot   =       224.8344  EPtot      =     -1211.4275
 BOND   =         0.3381  ANGLE   =         6.2155  DIHED      =         1.5626
 1-4 NB =         0.1675  1-4 EEL =       107.8437  VDWAALS    =       163.3394
 EELEC  =     -1490.8943  EHBOND  =         0.0000  RESTRAINT  =         0.0000
 EKCMT  =       115.6635  VIRIAL  =       167.1170  VOLUME     =      3567.3300
                                                    Density    =         1.0098
 Ewald error estimate:   0.2287E-02
 ------------------------------------------------------------------------------

wrapping first mol.:       -0.00000      -14.93558        0.00000

 NSTEP =    65000   TIME(PS) =     215.000  TEMP(K) =   287.93  PRESS =   337.3
 Etot   =      -999.7857  EKtot   =       206.2700  EPtot      =     -1206.0557
 BOND   =         1.7222  ANGLE   =         3.8126  DIHED      =         1.8726
 1-4 NB =         0.4168  1-4 EEL =       110.9031  VDWAALS    =       178.1264
 EELEC  =     -1502.9094  EHBOND  =         0.0000  RESTRAINT  =         0.0000
 EKCMT  =        95.2500  VIRIAL  =        69.2329  VOLUME     =      3572.3109
                                                    Density    =         1.0084
 Ewald error estimate:   0.3003E-02
 ------------------------------------------------------------------------------


 NSTEP =    65500   TIME(PS) =     215.500  TEMP(K) =   325.31  PRESS =  -843.8
 Etot   =      -982.9249  EKtot   =       233.0491  EPtot      =     -1215.9741
 BOND   =         0.1233  ANGLE   =         5.0067  DIHED      =         1.9659
 1-4 NB =         0.6699  1-4 EEL =       111.8019  VDWAALS    =       155.4859
 EELEC  =     -1491.0278  EHBOND  =         0.0000  RESTRAINT  =         0.0000
 EKCMT  =       113.1288  VIRIAL  =       177.8381  VOLUME     =      3551.9325
                                                    Density    =         1.0142
 Ewald error estimate:   0.1121E-02
 ------------------------------------------------------------------------------

wrapping first mol.:       -0.00000      -14.94794        0.00000

 NSTEP =    66000   TIME(PS) =     216.000  TEMP(K) =   330.93  PRESS =   594.3
 Etot   =      -956.6996  EKtot   =       237.0726  EPtot      =     -1193.7722
 BOND   =         1.0652  ANGLE   =         5.3177  DIHED      =         1.3609
 1-4 NB =         0.1140  1-4 EEL =       109.7711  VDWAALS    =       175.0313
 EELEC  =     -1486.4324  EHBOND  =         0.0000  RESTRAINT  =         0.0000
 EKCMT  =       111.4794  VIRIAL  =        65.5258  VOLUME     =      3581.1681
                                                    Density    =         1.0059
 Ewald error estimate:   0.2926E-02
 ------------------------------------------------------------------------------


 NSTEP =    66500   TIME(PS) =     216.500  TEMP(K) =   276.66  PRESS =   612.4
 Etot   =      -979.0735  EKtot   =       198.1969  EPtot      =     -1177.2703
 BOND   =         0.5981  ANGLE   =         8.2384  DIHED      =         2.5518
 1-4 NB =         0.0793  1-4 EEL =       104.5893  VDWAALS    =       173.9369
 EELEC  =     -1467.2640  EHBOND  =         0.0000  RESTRAINT  =         0.0000
 EKCMT  =        96.6960  VIRIAL  =        49.3893  VOLUME     =      3577.5595
                                                    Density    =         1.0069
 Ewald error estimate:   0.5285E-03
 ------------------------------------------------------------------------------

wrapping first mol.:       -0.00000      -14.93530        0.00000

 NSTEP =    67000   TIME(PS) =     217.000  TEMP(K) =   304.19  PRESS =   513.7
 Etot   =      -984.2367  EKtot   =       217.9147  EPtot      =     -1202.1513
 BOND   =         1.5921  ANGLE   =         4.4829  DIHED      =         1.6745
 1-4 NB =         0.4065  1-4 EEL =       111.1690  VDWAALS    =       170.6587
 EELEC  =     -1492.1350  EHBOND  =         0.0000  RESTRAINT  =         0.0000
 EKCMT  =       116.3823  VIRIAL  =        76.7655  VOLUME     =      3572.0931
                                                    Density    =         1.0085
 Ewald error estimate:   0.7782E-04
 ------------------------------------------------------------------------------


 NSTEP =    67500   TIME(PS) =     217.500  TEMP(K) =   322.81  PRESS = -1623.8
 Etot   =      -964.3808  EKtot   =       231.2555  EPtot      =     -1195.6363
 BOND   =         0.2756  ANGLE   =         4.8019  DIHED      =         2.9681
 1-4 NB =        -0.0092  1-4 EEL =       106.3918  VDWAALS    =       143.2281
 EELEC  =     -1453.2926  EHBOND  =         0.0000  RESTRAINT  =         0.0000
 EKCMT  =       107.8153  VIRIAL  =       233.4594  VOLUME     =      3583.7151
                                                    Density    =         1.0052
 Ewald error estimate:   0.2413E-03
 ------------------------------------------------------------------------------

wrapping first mol.:       -0.00000      -14.99705        0.00000

 NSTEP =    68000   TIME(PS) =     218.000  TEMP(K) =   292.77  PRESS =  -838.4
 Etot   =      -976.0039  EKtot   =       209.7364  EPtot      =     -1185.7403
 BOND   =         0.6254  ANGLE   =         3.9740  DIHED      =         2.7438
 1-4 NB =        -0.0253  1-4 EEL =       104.7484  VDWAALS    =       157.4154
 EELEC  =     -1455.2220  EHBOND  =         0.0000  RESTRAINT  =         0.0000
 EKCMT  =       102.7037  VIRIAL  =       168.1724  VOLUME     =      3616.6975
                                                    Density    =         0.9960
 Ewald error estimate:   0.2348E-03
 ------------------------------------------------------------------------------


 NSTEP =    68500   TIME(PS) =     218.500  TEMP(K) =   301.52  PRESS =  1334.4
 Etot   =      -975.8430  EKtot   =       216.0056  EPtot      =     -1191.8486
 BOND   =         0.5015  ANGLE   =         6.6911  DIHED      =         2.5510
 1-4 NB =         0.6965  1-4 EEL =       110.8790  VDWAALS    =       188.0621
 EELEC  =     -1501.2297  EHBOND  =         0.0000  RESTRAINT  =         0.0000
 EKCMT  =       104.2180  VIRIAL  =         0.0030  VOLUME     =      3617.1909
                                                    Density    =         0.9959
 Ewald error estimate:   0.3201E-02
 ------------------------------------------------------------------------------

wrapping first mol.:       -0.00000      -14.99722        0.00000

 NSTEP =    69000   TIME(PS) =     219.000  TEMP(K) =   301.94  PRESS =   -20.3
 Etot   =     -1000.7452  EKtot   =       216.3022  EPtot      =     -1217.0475
 BOND   =         1.0730  ANGLE   =         4.1282  DIHED      =         3.5920
 1-4 NB =         0.0786  1-4 EEL =       108.7327  VDWAALS    =       175.4444
 EELEC  =     -1510.0964  EHBOND  =         0.0000  RESTRAINT  =         0.0000
 EKCMT  =        98.0609  VIRIAL  =        99.6440  VOLUME     =      3616.7510
                                                    Density    =         0.9960
 Ewald error estimate:   0.1390E-02
 ------------------------------------------------------------------------------


 NSTEP =    69500   TIME(PS) =     219.500  TEMP(K) =   333.50  PRESS = -1202.6
 Etot   =      -982.0347  EKtot   =       238.9161  EPtot      =     -1220.9508
 BOND   =         3.2743  ANGLE   =         7.3635  DIHED      =         0.6910
 1-4 NB =         0.0505  1-4 EEL =       105.6937  VDWAALS    =       161.4265
 EELEC  =     -1499.4502  EHBOND  =         0.0000  RESTRAINT  =         0.0000
 EKCMT  =       111.4019  VIRIAL  =       205.6167  VOLUME     =      3628.5065
                                                    Density    =         0.9928
 Ewald error estimate:   0.1272E-02
 ------------------------------------------------------------------------------

wrapping first mol.:       -0.00000      -14.98551        0.00000

 NSTEP =    70000   TIME(PS) =     220.000  TEMP(K) =   292.82  PRESS = -1332.1
 Etot   =      -996.9472  EKtot   =       209.7683  EPtot      =     -1206.7155
 BOND   =         1.8721  ANGLE   =         6.7942  DIHED      =         1.0952
 1-4 NB =         0.0301  1-4 EEL =       103.1908  VDWAALS    =       150.7218
 EELEC  =     -1470.4197  EHBOND  =         0.0000  RESTRAINT  =         0.0000
 EKCMT  =       105.4971  VIRIAL  =       209.2786  VOLUME     =      3608.3936
                                                    Density    =         0.9983
 Ewald error estimate:   0.1298E-02
 ------------------------------------------------------------------------------


 NSTEP =    70500   TIME(PS) =     220.500  TEMP(K) =   298.42  PRESS = -1389.7
 Etot   =     -1003.2991  EKtot   =       213.7833  EPtot      =     -1217.0824
 BOND   =         1.3672  ANGLE   =         5.7626  DIHED      =         1.2878
 1-4 NB =        -0.0856  1-4 EEL =       106.2050  VDWAALS    =       155.3823
 EELEC  =     -1487.0016  EHBOND  =         0.0000  RESTRAINT  =         0.0000
 EKCMT  =       104.1243  VIRIAL  =       212.0499  VOLUME     =      3596.9347
                                                    Density    =         1.0015
 Ewald error estimate:   0.2298E-02
 ------------------------------------------------------------------------------

wrapping first mol.:       -0.00000      -14.95234        0.00000

 NSTEP =    71000   TIME(PS) =     221.000  TEMP(K) =   289.06  PRESS =    94.3
 Etot   =      -993.5163  EKtot   =       207.0779  EPtot      =     -1200.5943
 BOND   =         0.7959  ANGLE   =         2.0883  DIHED      =         1.1016
 1-4 NB =         0.0023  1-4 EEL =       104.7586  VDWAALS    =       172.6936
 EELEC  =     -1482.0345  EHBOND  =         0.0000  RESTRAINT  =         0.0000
 EKCMT  =       103.6696  VIRIAL  =        96.3709  VOLUME     =      3584.3702
                                                    Density    =         1.0050
 Ewald error estimate:   0.1440E-03
 ------------------------------------------------------------------------------


 NSTEP =    71500   TIME(PS) =     221.500  TEMP(K) =   315.77  PRESS =   147.2
 Etot   =     -1002.4128  EKtot   =       226.2145  EPtot      =     -1228.6273
 BOND   =         3.0510  ANGLE   =         8.9200  DIHED      =         1.1497
 1-4 NB =        -0.1148  1-4 EEL =       103.0747  VDWAALS    =       192.0281
 EELEC  =     -1536.7359  EHBOND  =         0.0000  RESTRAINT  =         0.0000
 EKCMT  =       102.5116  VIRIAL  =        91.1020  VOLUME     =      3589.1752
                                                    Density    =         1.0037
 Ewald error estimate:   0.6163E-03
 ------------------------------------------------------------------------------

wrapping first mol.:       -0.00000      -15.00650        0.00000

 NSTEP =    72000   TIME(PS) =     222.000  TEMP(K) =   297.19  PRESS =   549.2
 Etot   =      -984.8533  EKtot   =       212.8990  EPtot      =     -1197.7523
 BOND   =         0.8992  ANGLE   =         5.4087  DIHED      =         1.2251
 1-4 NB =         0.0230  1-4 EEL =       106.4359  VDWAALS    =       179.6135
 EELEC  =     -1491.3578  EHBOND  =         0.0000  RESTRAINT  =         0.0000
 EKCMT  =       106.0237  VIRIAL  =        63.0587  VOLUME     =      3623.4255
                                                    Density    =         0.9942
 Ewald error estimate:   0.4206E-03
 ------------------------------------------------------------------------------


 NSTEP =    72500   TIME(PS) =     222.500  TEMP(K) =   322.92  PRESS = -1650.3
 Etot   =      -980.7560  EKtot   =       231.3326  EPtot      =     -1212.0886
 BOND   =         0.5795  ANGLE   =         6.3345  DIHED      =         1.5648
 1-4 NB =         0.5304  1-4 EEL =       109.7080  VDWAALS    =       150.2742
 EELEC  =     -1481.0802  EHBOND  =         0.0000  RESTRAINT  =         0.0000
 EKCMT  =       117.1917  VIRIAL  =       245.6654  VOLUME     =      3605.5941
                                                    Density    =         0.9991
 Ewald error estimate:   0.6932E-03
 ------------------------------------------------------------------------------

wrapping first mol.:       -0.00000      -14.99852        0.00000

 NSTEP =    73000   TIME(PS) =     223.000  TEMP(K) =   333.67  PRESS =   624.9
 Etot   =      -966.5946  EKtot   =       239.0379  EPtot      =     -1205.6324
 BOND   =         0.7166  ANGLE   =         6.4822  DIHED      =         1.3316
 1-4 NB =         0.1773  1-4 EEL =       109.4583  VDWAALS    =       178.8356
 EELEC  =     -1502.6342  EHBOND  =         0.0000  RESTRAINT  =         0.0000
 EKCMT  =       122.5139  VIRIAL  =        73.6995  VOLUME     =      3617.6416
                                                    Density    =         0.9958
 Ewald error estimate:   0.2211E-02
 ------------------------------------------------------------------------------


 NSTEP =    73500   TIME(PS) =     223.500  TEMP(K) =   307.03  PRESS =  -674.8
 Etot   =      -996.0138  EKtot   =       219.9503  EPtot      =     -1215.9641
 BOND   =         0.4040  ANGLE   =         5.7303  DIHED      =         1.4598
 1-4 NB =         0.2145  1-4 EEL =       110.0573  VDWAALS    =       168.6055
 EELEC  =     -1502.4355  EHBOND  =         0.0000  RESTRAINT  =         0.0000
 EKCMT  =       104.4371  VIRIAL  =       157.0203  VOLUME     =      3609.0990
                                                    Density    =         0.9981
 Ewald error estimate:   0.1495E-02
 ------------------------------------------------------------------------------

wrapping first mol.:       -0.00000      -14.95097        0.00000

 NSTEP =    74000   TIME(PS) =     224.000  TEMP(K) =   294.10  PRESS =  -366.3
 Etot   =     -1023.8283  EKtot   =       210.6911  EPtot      =     -1234.5194
 BOND   =         0.0631  ANGLE   =         5.8180  DIHED      =         2.1241
 1-4 NB =         0.0992  1-4 EEL =       107.1807  VDWAALS    =       179.8727
 EELEC  =     -1529.6772  EHBOND  =         0.0000  RESTRAINT  =         0.0000
 EKCMT  =       100.6284  VIRIAL  =       128.9709  VOLUME     =      3583.4253
                                                    Density    =         1.0053
 Ewald error estimate:   0.7216E-03
 ------------------------------------------------------------------------------


 NSTEP =    74500   TIME(PS) =     224.500  TEMP(K) =   281.77  PRESS =  -837.5
 Etot   =     -1014.1115  EKtot   =       201.8534  EPtot      =     -1215.9649
 BOND   =         1.2264  ANGLE   =         6.9051  DIHED      =         0.6888
 1-4 NB =         0.2475  1-4 EEL =       106.0536  VDWAALS    =       162.0115
 EELEC  =     -1493.0977  EHBOND  =         0.0000  RESTRAINT  =         0.0000
 EKCMT  =        97.8680  VIRIAL  =       162.3946  VOLUME     =      3568.2431
                                                    Density    =         1.0096
 Ewald error estimate:   0.6343E-03
 ------------------------------------------------------------------------------

wrapping first mol.:       -0.00000      -14.89801        0.00000

 NSTEP =    75000   TIME(PS) =     225.000  TEMP(K) =   297.32  PRESS =  -727.4
 Etot   =      -996.8815  EKtot   =       212.9955  EPtot      =     -1209.8770
 BOND   =         0.7212  ANGLE   =        11.1514  DIHED      =         1.6751
 1-4 NB =         0.2380  1-4 EEL =       111.7087  VDWAALS    =       163.3543
 EELEC  =     -1498.7257  EHBOND  =         0.0000  RESTRAINT  =         0.0000
 EKCMT  =        97.9850  VIRIAL  =       153.6682  VOLUME     =      3545.5081
                                                    Density    =         1.0160
 Ewald error estimate:   0.2168E-03
 ------------------------------------------------------------------------------


 NSTEP =    75500   TIME(PS) =     225.500  TEMP(K) =   311.33  PRESS =   152.5
 Etot   =     -1006.8351  EKtot   =       223.0302  EPtot      =     -1229.8653
 BOND   =         0.5239  ANGLE   =         2.9123  DIHED      =         1.0889
 1-4 NB =         0.2395  1-4 EEL =       108.9284  VDWAALS    =       177.1067
 EELEC  =     -1520.6649  EHBOND  =         0.0000  RESTRAINT  =         0.0000
 EKCMT  =       109.5515  VIRIAL  =        97.8942  VOLUME     =      3540.9811
                                                    Density    =         1.0173
 Ewald error estimate:   0.3332E-03
 ------------------------------------------------------------------------------

wrapping first mol.:       -0.00000      -14.91314        0.00000

 NSTEP =    76000   TIME(PS) =     226.000  TEMP(K) =   289.88  PRESS =   -54.6
 Etot   =     -1008.0679  EKtot   =       207.6642  EPtot      =     -1215.7321
 BOND   =         1.3413  ANGLE   =         3.4278  DIHED      =         1.0912
 1-4 NB =         0.0416  1-4 EEL =       104.7258  VDWAALS    =       174.5353
 EELEC  =     -1500.8952  EHBOND  =         0.0000  RESTRAINT  =         0.0000
 EKCMT  =       110.4438  VIRIAL  =       114.6355  VOLUME     =      3556.2655
                                                    Density    =         1.0130
 Ewald error estimate:   0.1909E-03
 ------------------------------------------------------------------------------


 NSTEP =    76500   TIME(PS) =     226.500  TEMP(K) =   293.21  PRESS = -1450.6
 Etot   =      -991.8812  EKtot   =       210.0473  EPtot      =     -1201.9286
 BOND   =         0.8078  ANGLE   =         5.5803  DIHED      =         0.6707
 1-4 NB =         0.1129  1-4 EEL =       105.4168  VDWAALS    =       150.3926
 EELEC  =     -1464.9098  EHBOND  =         0.0000  RESTRAINT  =         0.0000
 EKCMT  =        99.7450  VIRIAL  =       211.7429  VOLUME     =      3575.8386
                                                    Density    =         1.0074
 Ewald error estimate:   0.1741E-02
 ------------------------------------------------------------------------------

wrapping first mol.:       -0.00000      -14.92985        0.00000

 NSTEP =    77000   TIME(PS) =     227.000  TEMP(K) =   279.19  PRESS =    68.8
 Etot   =     -1002.2383  EKtot   =       200.0064  EPtot      =     -1202.2446
 BOND   =         0.0524  ANGLE   =         4.3279  DIHED      =         1.2431
 1-4 NB =         0.7430  1-4 EEL =       112.2577  VDWAALS    =       171.0070
 EELEC  =     -1491.8757  EHBOND  =         0.0000  RESTRAINT  =         0.0000
 EKCMT  =        93.3754  VIRIAL  =        88.0774  VOLUME     =      3568.2222
                                                    Density    =         1.0096
 Ewald error estimate:   0.5588E-02
 ------------------------------------------------------------------------------


 NSTEP =    77500   TIME(PS) =     227.500  TEMP(K) =   283.18  PRESS =  -646.7
 Etot   =     -1004.9810  EKtot   =       202.8646  EPtot      =     -1207.8456
 BOND   =         2.3463  ANGLE   =         6.4499  DIHED      =         1.6284
 1-4 NB =         0.0637  1-4 EEL =       104.9113  VDWAALS    =       161.9420
 EELEC  =     -1485.1873  EHBOND  =         0.0000  RESTRAINT  =         0.0000
 EKCMT  =        91.2954  VIRIAL  =       141.2922  VOLUME     =      3580.8607
                                                    Density    =         1.0060
 Ewald error estimate:   0.2606E-02
 ------------------------------------------------------------------------------

wrapping first mol.:       -0.00000      -14.95826        0.00000

 NSTEP =    78000   TIME(PS) =     228.000  TEMP(K) =   311.92  PRESS =    -4.8
 Etot   =      -993.3645  EKtot   =       223.4543  EPtot      =     -1216.8188
 BOND   =         2.7827  ANGLE   =         4.3395  DIHED      =         0.5532
 1-4 NB =         0.2595  1-4 EEL =       107.3133  VDWAALS    =       174.6599
 EELEC  =     -1506.7270  EHBOND  =         0.0000  RESTRAINT  =         0.0000
 EKCMT  =       108.8936  VIRIAL  =       109.2684  VOLUME     =      3588.6339
                                                    Density    =         1.0038
 Ewald error estimate:   0.1286E-02
 ------------------------------------------------------------------------------


 NSTEP =    78500   TIME(PS) =     228.500  TEMP(K) =   299.16  PRESS =  2113.4
 Etot   =      -998.0178  EKtot   =       214.3099  EPtot      =     -1212.3277
 BOND   =         0.0117  ANGLE   =         4.6888  DIHED      =         0.9088
 1-4 NB =         0.1006  1-4 EEL =       107.3370  VDWAALS    =       206.5263
 EELEC  =     -1531.9010  EHBOND  =         0.0000  RESTRAINT  =         0.0000
 EKCMT  =       110.3883  VIRIAL  =       -53.1889  VOLUME     =      3584.7557
                                                    Density    =         1.0049
 Ewald error estimate:   0.4898E-03
 ------------------------------------------------------------------------------

wrapping first mol.:       -0.00000      -14.97061        0.00000

 NSTEP =    79000   TIME(PS) =     229.000  TEMP(K) =   281.91  PRESS =  -265.1
 Etot   =     -1006.4740  EKtot   =       201.9522  EPtot      =     -1208.4261
 BOND   =         1.5356  ANGLE   =         4.5398  DIHED      =         0.5702
 1-4 NB =        -0.0039  1-4 EEL =       105.0805  VDWAALS    =       168.9207
 EELEC  =     -1489.0690  EHBOND  =         0.0000  RESTRAINT  =         0.0000
 EKCMT  =        96.3015  VIRIAL  =       116.8954  VOLUME     =      3597.5534
                                                    Density    =         1.0013
 Ewald error estimate:   0.3394E-02
 ------------------------------------------------------------------------------


 NSTEP =    79500   TIME(PS) =     229.500  TEMP(K) =   276.98  PRESS = -1084.6
 Etot   =     -1017.4717  EKtot   =       198.4225  EPtot      =     -1215.8943
 BOND   =         1.1374  ANGLE   =         3.2188  DIHED      =         0.5377
 1-4 NB =        -0.0534  1-4 EEL =       103.8774  VDWAALS    =       163.4389
 EELEC  =     -1488.0511  EHBOND  =         0.0000  RESTRAINT  =         0.0000
 EKCMT  =        98.1682  VIRIAL  =       182.1411  VOLUME     =      3585.8857
                                                    Density    =         1.0046
 Ewald error estimate:   0.1745E-02
 ------------------------------------------------------------------------------

wrapping first mol.:       -0.00000      -14.94907        0.00000

 NSTEP =    80000   TIME(PS) =     230.000  TEMP(K) =   270.12  PRESS = -1318.8
 Etot   =     -1023.1690  EKtot   =       193.5058  EPtot      =     -1216.6747
 BOND   =         0.0574  ANGLE   =         3.3651  DIHED      =         1.0771
 1-4 NB =         0.5326  1-4 EEL =       111.8574  VDWAALS    =       152.2760
 EELEC  =     -1485.8402  EHBOND  =         0.0000  RESTRAINT  =         0.0000
 EKCMT  =        92.9332  VIRIAL  =       194.9321  VOLUME     =      3582.1304
                                                    Density    =         1.0057
 Ewald error estimate:   0.5135E-04
 ------------------------------------------------------------------------------


 NSTEP =    80500   TIME(PS) =     230.500  TEMP(K) =   292.97  PRESS =  -457.5
 Etot   =      -997.8626  EKtot   =       209.8754  EPtot      =     -1207.7380
 BOND   =         1.7579  ANGLE   =         4.4471  DIHED      =         3.1456
 1-4 NB =         0.5340  1-4 EEL =       112.0561  VDWAALS    =       167.5536
 EELEC  =     -1497.2322  EHBOND  =         0.0000  RESTRAINT  =         0.0000
 EKCMT  =       101.5056  VIRIAL  =       136.8585  VOLUME     =      3579.2662
                                                    Density    =         1.0065
 Ewald error estimate:   0.2374E-02
 ------------------------------------------------------------------------------

wrapping first mol.:       -0.00000      -14.93707        0.00000

 NSTEP =    81000   TIME(PS) =     231.000  TEMP(K) =   298.72  PRESS =  1073.2
 Etot   =     -1015.4993  EKtot   =       213.9952  EPtot      =     -1229.4944
 BOND   =         1.0219  ANGLE   =         5.7815  DIHED      =         0.6583
 1-4 NB =        -0.0526  1-4 EEL =       103.9933  VDWAALS    =       194.4362
 EELEC  =     -1535.3330  EHBOND  =         0.0000  RESTRAINT  =         0.0000
 EKCMT  =       103.8670  VIRIAL  =        21.0683  VOLUME     =      3573.3201
                                                    Density    =         1.0081
 Ewald error estimate:   0.1231E-02
 ------------------------------------------------------------------------------


 NSTEP =    81500   TIME(PS) =     231.500  TEMP(K) =   305.71  PRESS =   305.6
 Etot   =     -1003.6920  EKtot   =       219.0075  EPtot      =     -1222.6995
 BOND   =         0.1776  ANGLE   =         5.1415  DIHED      =         0.6883
 1-4 NB =         0.0131  1-4 EEL =       105.1582  VDWAALS    =       184.1276
 EELEC  =     -1518.0058  EHBOND  =         0.0000  RESTRAINT  =         0.0000
 EKCMT  =       102.8594  VIRIAL  =        79.2827  VOLUME     =      3573.3518
                                                    Density    =         1.0081
 Ewald error estimate:   0.1647E-02
 ------------------------------------------------------------------------------

wrapping first mol.:       -0.00000      -14.95502        0.00000

 NSTEP =    82000   TIME(PS) =     232.000  TEMP(K) =   288.33  PRESS =   853.9
 Etot   =     -1020.5190  EKtot   =       206.5550  EPtot      =     -1227.0740
 BOND   =         1.7946  ANGLE   =         8.9719  DIHED      =         1.3974
 1-4 NB =        -0.0184  1-4 EEL =       105.3777  VDWAALS    =       191.0013
 EELEC  =     -1535.5985  EHBOND  =         0.0000  RESTRAINT  =         0.0000
 EKCMT  =       111.4447  VIRIAL  =        45.3236  VOLUME     =      3586.2346
                                                    Density    =         1.0045
 Ewald error estimate:   0.6944E-04
 ------------------------------------------------------------------------------


 NSTEP =    82500   TIME(PS) =     232.500  TEMP(K) =   314.15  PRESS =  1216.1
 Etot   =     -1000.6233  EKtot   =       225.0529  EPtot      =     -1225.6762
 BOND   =         0.1848  ANGLE   =         5.0601  DIHED      =         1.0223
 1-4 NB =        -0.0797  1-4 EEL =       103.1377  VDWAALS    =       192.1213
 EELEC  =     -1527.1226  EHBOND  =         0.0000  RESTRAINT  =         0.0000
 EKCMT  =       111.0950  VIRIAL  =        16.1459  VOLUME     =      3615.9837
                                                    Density    =         0.9962
 Ewald error estimate:   0.3772E-03
 ------------------------------------------------------------------------------

wrapping first mol.:       -0.00000      -14.98061        0.00000

 NSTEP =    83000   TIME(PS) =     233.000  TEMP(K) =   309.50  PRESS =  -819.5
 Etot   =      -997.3646  EKtot   =       221.7190  EPtot      =     -1219.0835
 BOND   =         0.2243  ANGLE   =         6.5779  DIHED      =         1.4695
 1-4 NB =         0.9046  1-4 EEL =       111.9699  VDWAALS    =       161.9354
 EELEC  =     -1502.1651  EHBOND  =         0.0000  RESTRAINT  =         0.0000
 EKCMT  =       110.3819  VIRIAL  =       174.1681  VOLUME     =      3604.8123
                                                    Density    =         0.9993
 Ewald error estimate:   0.7338E-03
 ------------------------------------------------------------------------------


 NSTEP =    83500   TIME(PS) =     233.500  TEMP(K) =   317.08  PRESS =  -559.9
 Etot   =      -988.9511  EKtot   =       227.1479  EPtot      =     -1216.0990
 BOND   =         1.0981  ANGLE   =         5.1174  DIHED      =         1.2887
 1-4 NB =         0.8551  1-4 EEL =       113.8014  VDWAALS    =       167.2698
 EELEC  =     -1505.5294  EHBOND  =         0.0000  RESTRAINT  =         0.0000
 EKCMT  =       124.0819  VIRIAL  =       167.7097  VOLUME     =      3608.6566
                                                    Density    =         0.9983
 Ewald error estimate:   0.6768E-03
 ------------------------------------------------------------------------------

wrapping first mol.:       -0.00000      -14.96275        0.00000

 NSTEP =    84000   TIME(PS) =     234.000  TEMP(K) =   300.99  PRESS =  -533.8
 Etot   =      -999.1725  EKtot   =       215.6244  EPtot      =     -1214.7969
 BOND   =         0.4668  ANGLE   =         6.3967  DIHED      =         1.4964
 1-4 NB =         0.0633  1-4 EEL =       106.6626  VDWAALS    =       168.8457
 EELEC  =     -1498.7284  EHBOND  =         0.0000  RESTRAINT  =         0.0000
 EKCMT  =        99.6142  VIRIAL  =       141.0087  VOLUME     =      3591.9152
                                                    Density    =         1.0029
 Ewald error estimate:   0.1438E-02
 ------------------------------------------------------------------------------


 NSTEP =    84500   TIME(PS) =     234.500  TEMP(K) =   303.13  PRESS =  -898.3
 Etot   =      -992.7164  EKtot   =       217.1564  EPtot      =     -1209.8728
 BOND   =         0.9483  ANGLE   =         7.0837  DIHED      =         4.4410
 1-4 NB =         0.0495  1-4 EEL =       108.4893  VDWAALS    =       160.7968
 EELEC  =     -1491.6814  EHBOND  =         0.0000  RESTRAINT  =         0.0000
 EKCMT  =       108.4006  VIRIAL  =       177.8169  VOLUME     =      3578.9408
                                                    Density    =         1.0066
 Ewald error estimate:   0.1134E-03
 ------------------------------------------------------------------------------

wrapping first mol.:       -0.00000      -14.91819        0.00000

 NSTEP =    85000   TIME(PS) =     235.000  TEMP(K) =   294.45  PRESS = -2249.0
 Etot   =     -1013.3804  EKtot   =       210.9382  EPtot      =     -1224.3185
 BOND   =         0.6109  ANGLE   =        10.2231  DIHED      =         1.3428
 1-4 NB =         0.4448  1-4 EEL =       109.5733  VDWAALS    =       155.4208
 EELEC  =     -1501.9342  EHBOND  =         0.0000  RESTRAINT  =         0.0000
 EKCMT  =        93.4911  VIRIAL  =       266.3636  VOLUME     =      3560.0507
                                                    Density    =         1.0119
 Ewald error estimate:   0.2130E-02
 ------------------------------------------------------------------------------


 NSTEP =    85500   TIME(PS) =     235.500  TEMP(K) =   292.82  PRESS = -1049.4
 Etot   =     -1017.5931  EKtot   =       209.7726  EPtot      =     -1227.3657
 BOND   =         0.8763  ANGLE   =         6.4986  DIHED      =         1.0080
 1-4 NB =        -0.0132  1-4 EEL =       107.3580  VDWAALS    =       159.9804
 EELEC  =     -1503.0737  EHBOND  =         0.0000  RESTRAINT  =         0.0000
 EKCMT  =       111.1270  VIRIAL  =       191.4640  VOLUME     =      3545.7285
                                                    Density    =         1.0160
 Ewald error estimate:   0.3776E-03
 ------------------------------------------------------------------------------

wrapping first mol.:       -0.00000      -14.91302        0.00000

 NSTEP =    86000   TIME(PS) =     236.000  TEMP(K) =   266.46  PRESS =  2525.5
 Etot   =     -1004.5228  EKtot   =       190.8906  EPtot      =     -1195.4134
 BOND   =         1.1268  ANGLE   =         2.2884  DIHED      =         2.2193
 1-4 NB =         0.5094  1-4 EEL =       112.7790  VDWAALS    =       204.9718
 EELEC  =     -1519.3081  EHBOND  =         0.0000  RESTRAINT  =         0.0000
 EKCMT  =        87.3110  VIRIAL  =      -106.5900  VOLUME     =      3555.9723
                                                    Density    =         1.0131
 Ewald error estimate:   0.1233E-02
 ------------------------------------------------------------------------------


 NSTEP =    86500   TIME(PS) =     236.500  TEMP(K) =   276.88  PRESS =  1877.6
 Etot   =     -1009.6539  EKtot   =       198.3509  EPtot      =     -1208.0048
 BOND   =         0.0183  ANGLE   =         8.6556  DIHED      =         1.7384
 1-4 NB =        -0.0018  1-4 EEL =       104.3092  VDWAALS    =       204.7851
 EELEC  =     -1527.5096  EHBOND  =         0.0000  RESTRAINT  =         0.0000
 EKCMT  =        93.4956  VIRIAL  =       -51.8556  VOLUME     =      3585.4539
                                                    Density    =         1.0047
 Ewald error estimate:   0.1710E-02
 ------------------------------------------------------------------------------

wrapping first mol.:       -0.00000      -14.97342        0.00000

 NSTEP =    87000   TIME(PS) =     237.000  TEMP(K) =   276.39  PRESS =   264.4
 Etot   =     -1002.0887  EKtot   =       198.0032  EPtot      =     -1200.0919
 BOND   =         2.7270  ANGLE   =         7.6415  DIHED      =         0.9225
 1-4 NB =         0.2198  1-4 EEL =       102.9449  VDWAALS    =       176.4525
 EELEC  =     -1491.0001  EHBOND  =         0.0000  RESTRAINT  =         0.0000
 EKCMT  =        90.4745  VIRIAL  =        69.9221  VOLUME     =      3599.5379
                                                    Density    =         1.0008
 Ewald error estimate:   0.1215E-02
 ------------------------------------------------------------------------------


 NSTEP =    87500   TIME(PS) =     237.500  TEMP(K) =   310.43  PRESS = -1009.4
 Etot   =     -1003.1859  EKtot   =       222.3837  EPtot      =     -1225.5696
 BOND   =         1.4763  ANGLE   =         7.4309  DIHED      =         2.0587
 1-4 NB =         0.8995  1-4 EEL =       112.6003  VDWAALS    =       162.7443
 EELEC  =     -1512.7796  EHBOND  =         0.0000  RESTRAINT  =         0.0000
 EKCMT  =        99.1953  VIRIAL  =       177.8272  VOLUME     =      3608.0488
                                                    Density    =         0.9984
 Ewald error estimate:   0.9958E-03
 ------------------------------------------------------------------------------

wrapping first mol.:       -0.00000      -29.93873        0.00000

 NSTEP =    88000   TIME(PS) =     238.000  TEMP(K) =   283.46  PRESS =  -271.8
 Etot   =      -999.7168  EKtot   =       203.0676  EPtot      =     -1202.7844
 BOND   =         0.6860  ANGLE   =         6.3635  DIHED      =         0.8234
 1-4 NB =         0.3778  1-4 EEL =       110.6676  VDWAALS    =       169.9385
 EELEC  =     -1491.6410  EHBOND  =         0.0000  RESTRAINT  =         0.0000
 EKCMT  =        90.2297  VIRIAL  =       111.3397  VOLUME     =      3596.6585
                                                    Density    =         1.0016
 Ewald error estimate:   0.5063E-03
 ------------------------------------------------------------------------------


 NSTEP =    88500   TIME(PS) =     238.500  TEMP(K) =   296.96  PRESS =  1073.5
 Etot   =      -969.8979  EKtot   =       212.7395  EPtot      =     -1182.6375
 BOND   =         0.6606  ANGLE   =         4.2319  DIHED      =         0.9160
 1-4 NB =         1.0473  1-4 EEL =       114.3373  VDWAALS    =       177.5819
 EELEC  =     -1481.4126  EHBOND  =         0.0000  RESTRAINT  =         0.0000
 EKCMT  =       109.2386  VIRIAL  =        26.3467  VOLUME     =      3576.2632
                                                    Density    =         1.0073
 Ewald error estimate:   0.2242E-03
 ------------------------------------------------------------------------------

wrapping first mol.:       -0.00000      -29.85928        0.00000

 NSTEP =    89000   TIME(PS) =     239.000  TEMP(K) =   313.17  PRESS =   696.1
 Etot   =      -985.6253  EKtot   =       224.3521  EPtot      =     -1209.9774
 BOND   =         1.0613  ANGLE   =         9.3493  DIHED      =         0.8465
 1-4 NB =         0.5111  1-4 EEL =       111.2141  VDWAALS    =       187.7017
 EELEC  =     -1520.6614  EHBOND  =         0.0000  RESTRAINT  =         0.0000
 EKCMT  =       104.0425  VIRIAL  =        50.4138  VOLUME     =      3568.0215
                                                    Density    =         1.0096
 Ewald error estimate:   0.9251E-03
 ------------------------------------------------------------------------------


 NSTEP =    89500   TIME(PS) =     239.500  TEMP(K) =   291.29  PRESS = -1599.4
 Etot   =      -997.2600  EKtot   =       208.6773  EPtot      =     -1205.9373
 BOND   =         2.6762  ANGLE   =         6.0209  DIHED      =         1.9387
 1-4 NB =         0.0663  1-4 EEL =       107.9948  VDWAALS    =       146.4941
 EELEC  =     -1471.1282  EHBOND  =         0.0000  RESTRAINT  =         0.0000
 EKCMT  =        93.0151  VIRIAL  =       216.1755  VOLUME     =      3566.3482
                                                    Density    =         1.0101
 Ewald error estimate:   0.1381E-02
 ------------------------------------------------------------------------------

wrapping first mol.:       -0.00000      -29.81832        0.00000

 NSTEP =    90000   TIME(PS) =     240.000  TEMP(K) =   306.38  PRESS =   390.2
 Etot   =      -991.2414  EKtot   =       219.4826  EPtot      =     -1210.7240
 BOND   =         2.0898  ANGLE   =         6.2055  DIHED      =         0.8591
 1-4 NB =         0.0816  1-4 EEL =       104.6655  VDWAALS    =       173.9067
 EELEC  =     -1498.5323  EHBOND  =         0.0000  RESTRAINT  =         0.0000
 EKCMT  =       103.9857  VIRIAL  =        74.0451  VOLUME     =      3553.3820
                                                    Density    =         1.0138
 Ewald error estimate:   0.3023E-03
 ------------------------------------------------------------------------------


 NSTEP =    90500   TIME(PS) =     240.500  TEMP(K) =   327.18  PRESS =   658.8
 Etot   =      -975.3066  EKtot   =       234.3863  EPtot      =     -1209.6930
 BOND   =         0.8450  ANGLE   =         6.8015  DIHED      =         2.2884
 1-4 NB =         0.1580  1-4 EEL =       108.3318  VDWAALS    =       179.2155
 EELEC  =     -1507.3332  EHBOND  =         0.0000  RESTRAINT  =         0.0000
 EKCMT  =       113.1073  VIRIAL  =        62.2172  VOLUME     =      3577.7527
                                                    Density    =         1.0069
 Ewald error estimate:   0.3437E-02
 ------------------------------------------------------------------------------

wrapping first mol.:       -0.00000      -29.80124        0.00000

 NSTEP =    91000   TIME(PS) =     241.000  TEMP(K) =   301.01  PRESS = -1919.9
 Etot   =      -989.5510  EKtot   =       215.6363  EPtot      =     -1205.1872
 BOND   =         1.6129  ANGLE   =         5.7613  DIHED      =         1.3208
 1-4 NB =         0.0716  1-4 EEL =       104.0484  VDWAALS    =       137.3586
 EELEC  =     -1455.3608  EHBOND  =         0.0000  RESTRAINT  =         0.0000
 EKCMT  =       107.0793  VIRIAL  =       254.1311  VOLUME     =      3547.4640
                                                    Density    =         1.0155
 Ewald error estimate:   0.2209E-02
 ------------------------------------------------------------------------------


 NSTEP =    91500   TIME(PS) =     241.500  TEMP(K) =   281.11  PRESS =   101.3
 Etot   =     -1011.7885  EKtot   =       201.3809  EPtot      =     -1213.1694
 BOND   =         1.6488  ANGLE   =         5.5607  DIHED      =         0.9377
 1-4 NB =         0.3018  1-4 EEL =       109.2255  VDWAALS    =       176.5105
 EELEC  =     -1507.3545  EHBOND  =         0.0000  RESTRAINT  =         0.0000
 EKCMT  =        99.4094  VIRIAL  =        91.6955  VOLUME     =      3527.6066
                                                    Density    =         1.0212
 Ewald error estimate:   0.1577E-02
 ------------------------------------------------------------------------------

wrapping first mol.:       -0.00000      -14.84630        0.00000

 NSTEP =    92000   TIME(PS) =     242.000  TEMP(K) =   264.29  PRESS =   574.2
 Etot   =      -994.6517  EKtot   =       189.3347  EPtot      =     -1183.9864
 BOND   =         1.8948  ANGLE   =         5.9291  DIHED      =         0.9934
 1-4 NB =         0.4360  1-4 EEL =       110.8404  VDWAALS    =       168.5247
 EELEC  =     -1472.6048  EHBOND  =         0.0000  RESTRAINT  =         0.0000
 EKCMT  =       104.3277  VIRIAL  =        60.8284  VOLUME     =      3508.6147
                                                    Density    =         1.0267
 Ewald error estimate:   0.1087E-02
 ------------------------------------------------------------------------------


 NSTEP =    92500   TIME(PS) =     242.500  TEMP(K) =   301.15  PRESS =   308.4
 Etot   =     -1006.0436  EKtot   =       215.7403  EPtot      =     -1221.7839
 BOND   =         1.2211  ANGLE   =         4.9740  DIHED      =         1.7904
 1-4 NB =         0.1446  1-4 EEL =       110.1153  VDWAALS    =       171.2604
 EELEC  =     -1511.2896  EHBOND  =         0.0000  RESTRAINT  =         0.0000
 EKCMT  =       107.9730  VIRIAL  =        84.5360  VOLUME     =      3519.3167
                                                    Density    =         1.0236
 Ewald error estimate:   0.2073E-02
 ------------------------------------------------------------------------------

wrapping first mol.:       -0.00000      -14.88387        0.00000

 NSTEP =    93000   TIME(PS) =     243.000  TEMP(K) =   278.15  PRESS =   399.8
 Etot   =     -1015.6400  EKtot   =       199.2620  EPtot      =     -1214.9020
 BOND   =         0.1627  ANGLE   =         9.4131  DIHED      =         2.5586
 1-4 NB =         0.6768  1-4 EEL =       114.1188  VDWAALS    =       179.6409
 EELEC  =     -1521.4729  EHBOND  =         0.0000  RESTRAINT  =         0.0000
 EKCMT  =        99.2024  VIRIAL  =        68.6881  VOLUME     =      3535.3292
                                                    Density    =         1.0190
 Ewald error estimate:   0.2692E-02
 ------------------------------------------------------------------------------


 NSTEP =    93500   TIME(PS) =     243.500  TEMP(K) =   305.76  PRESS =  1261.5
 Etot   =     -1018.5184  EKtot   =       219.0435  EPtot      =     -1237.5619
 BOND   =         0.4210  ANGLE   =         6.4164  DIHED      =         0.8610
 1-4 NB =         0.6021  1-4 EEL =       111.7388  VDWAALS    =       192.6669
 EELEC  =     -1550.2680  EHBOND  =         0.0000  RESTRAINT  =         0.0000
 EKCMT  =       110.4821  VIRIAL  =        14.7892  VOLUME     =      3513.1696
                                                    Density    =         1.0254
 Ewald error estimate:   0.1386E-02
 ------------------------------------------------------------------------------

wrapping first mol.:       -0.00000      -14.88824        0.00000

 NSTEP =    94000   TIME(PS) =     244.000  TEMP(K) =   303.30  PRESS =  -937.9
 Etot   =     -1002.0613  EKtot   =       217.2785  EPtot      =     -1219.3399
 BOND   =         0.5403  ANGLE   =         3.9789  DIHED      =         2.9327
 1-4 NB =         1.0476  1-4 EEL =       114.1150  VDWAALS    =       161.8594
 EELEC  =     -1503.8137  EHBOND  =         0.0000  RESTRAINT  =         0.0000
 EKCMT  =       102.2969  VIRIAL  =       173.9551  VOLUME     =      3538.5476
                                                    Density    =         1.0180
 Ewald error estimate:   0.2627E-02
 ------------------------------------------------------------------------------


 NSTEP =    94500   TIME(PS) =     244.500  TEMP(K) =   299.31  PRESS =   367.6
 Etot   =      -986.1750  EKtot   =       214.4206  EPtot      =     -1200.5956
 BOND   =         1.1420  ANGLE   =         5.6724  DIHED      =         1.8606
 1-4 NB =         0.1314  1-4 EEL =       107.7939  VDWAALS    =       170.4081
 EELEC  =     -1487.6040  EHBOND  =         0.0000  RESTRAINT  =         0.0000
 EKCMT  =       101.3585  VIRIAL  =        73.1017  VOLUME     =      3559.8562
                                                    Density    =         1.0120
 Ewald error estimate:   0.2376E-05
 ------------------------------------------------------------------------------

wrapping first mol.:       -0.00000      -14.96315        0.00000

 NSTEP =    95000   TIME(PS) =     245.000  TEMP(K) =   290.77  PRESS =  -164.2
 Etot   =      -984.5010  EKtot   =       208.3034  EPtot      =     -1192.8044
 BOND   =         2.4213  ANGLE   =         5.8443  DIHED      =         1.1607
 1-4 NB =        -0.0369  1-4 EEL =       104.0822  VDWAALS    =       165.3303
 EELEC  =     -1471.6063  EHBOND  =         0.0000  RESTRAINT  =         0.0000
 EKCMT  =       109.6062  VIRIAL  =       122.3415  VOLUME     =      3592.1697
                                                    Density    =         1.0028
 Ewald error estimate:   0.1213E-02
 ------------------------------------------------------------------------------


 NSTEP =    95500   TIME(PS) =     245.500  TEMP(K) =   295.82  PRESS =  -564.3
 Etot   =     -1013.5400  EKtot   =       211.9179  EPtot      =     -1225.4579
 BOND   =         1.6583  ANGLE   =         7.9520  DIHED      =         1.8582
 1-4 NB =         0.1929  1-4 EEL =       107.2547  VDWAALS    =       169.4531
 EELEC  =     -1513.8271  EHBOND  =         0.0000  RESTRAINT  =         0.0000
 EKCMT  =       107.1370  VIRIAL  =       150.8473  VOLUME     =      3587.7987
                                                    Density    =         1.0041
 Ewald error estimate:   0.1071E-02
 ------------------------------------------------------------------------------

wrapping first mol.:       -0.00000      -14.95246        0.00000

 NSTEP =    96000   TIME(PS) =     246.000  TEMP(K) =   265.94  PRESS =    -4.9
 Etot   =     -1013.3633  EKtot   =       190.5150  EPtot      =     -1203.8782
 BOND   =         0.3869  ANGLE   =         8.6079  DIHED      =         1.7832
 1-4 NB =         0.4514  1-4 EEL =       108.0348  VDWAALS    =       169.0038
 EELEC  =     -1492.1463  EHBOND  =         0.0000  RESTRAINT  =         0.0000
 EKCMT  =       100.7693  VIRIAL  =       101.1498  VOLUME     =      3584.4666
                                                    Density    =         1.0050
 Ewald error estimate:   0.1446E-02
 ------------------------------------------------------------------------------


 NSTEP =    96500   TIME(PS) =     246.500  TEMP(K) =   277.75  PRESS =  -308.8
 Etot   =     -1002.3068  EKtot   =       198.9739  EPtot      =     -1201.2807
 BOND   =         0.6165  ANGLE   =         3.0460  DIHED      =         1.7766
 1-4 NB =         0.6135  1-4 EEL =       112.2850  VDWAALS    =       169.1527
 EELEC  =     -1488.7710  EHBOND  =         0.0000  RESTRAINT  =         0.0000
 EKCMT  =       106.3791  VIRIAL  =       130.3070  VOLUME     =      3589.2522
                                                    Density    =         1.0037
 Ewald error estimate:   0.1885E-02
 ------------------------------------------------------------------------------

wrapping first mol.:       -0.00000      -14.93712        0.00000

 NSTEP =    97000   TIME(PS) =     247.000  TEMP(K) =   292.99  PRESS =    17.3
 Etot   =     -1016.1052  EKtot   =       209.8904  EPtot      =     -1225.9956
 BOND   =         0.9712  ANGLE   =         5.3247  DIHED      =         0.9094
 1-4 NB =        -0.0285  1-4 EEL =       104.7900  VDWAALS    =       180.8214
 EELEC  =     -1518.7839  EHBOND  =         0.0000  RESTRAINT  =         0.0000
 EKCMT  =       109.6359  VIRIAL  =       108.2991  VOLUME     =      3573.4399
                                                    Density    =         1.0081
 Ewald error estimate:   0.2229E-02
 ------------------------------------------------------------------------------


 NSTEP =    97500   TIME(PS) =     247.500  TEMP(K) =   287.33  PRESS =   758.2
 Etot   =      -987.2267  EKtot   =       205.8392  EPtot      =     -1193.0659
 BOND   =         0.5014  ANGLE   =         7.1199  DIHED      =         1.0254
 1-4 NB =         0.1129  1-4 EEL =       106.2732  VDWAALS    =       173.7133
 EELEC  =     -1481.8120  EHBOND  =         0.0000  RESTRAINT  =         0.0000
 EKCMT  =       100.9352  VIRIAL  =        43.0607  VOLUME     =      3535.2088
                                                    Density    =         1.0190
 Ewald error estimate:   0.4083E-02
 ------------------------------------------------------------------------------

wrapping first mol.:       -0.00000      -14.89800        0.00000

 NSTEP =    98000   TIME(PS) =     248.000  TEMP(K) =   295.76  PRESS =   139.5
 Etot   =      -989.2203  EKtot   =       211.8771  EPtot      =     -1201.0974
 BOND   =         0.2602  ANGLE   =         3.4945  DIHED      =         1.8947
 1-4 NB =         0.3683  1-4 EEL =       111.8019  VDWAALS    =       171.1644
 EELEC  =     -1490.0814  EHBOND  =         0.0000  RESTRAINT  =         0.0000
 EKCMT  =       109.1001  VIRIAL  =        98.4232  VOLUME     =      3545.4286
                                                    Density    =         1.0161
 Ewald error estimate:   0.1920E-03
 ------------------------------------------------------------------------------


 NSTEP =    98500   TIME(PS) =     248.500  TEMP(K) =   276.61  PRESS =   544.0
 Etot   =     -1035.5429  EKtot   =       198.1560  EPtot      =     -1233.6989
 BOND   =         0.6273  ANGLE   =         5.4589  DIHED      =         1.2881
 1-4 NB =         0.3329  1-4 EEL =       108.9568  VDWAALS    =       189.4489
 EELEC  =     -1539.8119  EHBOND  =         0.0000  RESTRAINT  =         0.0000
 EKCMT  =        94.1940  VIRIAL  =        52.7956  VOLUME     =      3524.7340
                                                    Density    =         1.0220
 Ewald error estimate:   0.1176E-02
 ------------------------------------------------------------------------------

wrapping first mol.:       -0.00000      -14.86938        0.00000

 NSTEP =    99000   TIME(PS) =     249.000  TEMP(K) =   281.74  PRESS =  -358.1
 Etot   =     -1043.8613  EKtot   =       201.8361  EPtot      =     -1245.6975
 BOND   =         1.4455  ANGLE   =         4.7889  DIHED      =         1.3338
 1-4 NB =         0.3833  1-4 EEL =       111.1879  VDWAALS    =       181.1663
 EELEC  =     -1546.0032  EHBOND  =         0.0000  RESTRAINT  =         0.0000
 EKCMT  =        89.1445  VIRIAL  =       116.3967  VOLUME     =      3525.0771
                                                    Density    =         1.0219
 Ewald error estimate:   0.2068E-03
 ------------------------------------------------------------------------------


 NSTEP =    99500   TIME(PS) =     249.500  TEMP(K) =   285.23  PRESS =  -918.6
 Etot   =     -1031.4354  EKtot   =       204.3331  EPtot      =     -1235.7686
 BOND   =         0.6958  ANGLE   =         3.7706  DIHED      =         2.2332
 1-4 NB =         0.2243  1-4 EEL =       109.8630  VDWAALS    =       168.4438
 EELEC  =     -1520.9993  EHBOND  =         0.0000  RESTRAINT  =         0.0000
 EKCMT  =        93.1757  VIRIAL  =       162.7387  VOLUME     =      3507.1890
                                                    Density    =         1.0271
 Ewald error estimate:   0.1549E-03
 ------------------------------------------------------------------------------

wrapping first mol.:       -0.00000      -14.84361        0.00000
wrapping first mol.:       -0.00000      -14.84361        0.00000

 NSTEP =   100000   TIME(PS) =     250.000  TEMP(K) =   290.97  PRESS =   108.1
 Etot   =     -1000.8984  EKtot   =       208.4424  EPtot      =     -1209.3408
 BOND   =         3.0262  ANGLE   =         5.8083  DIHED      =         1.1762
 1-4 NB =         0.5843  1-4 EEL =       109.6801  VDWAALS    =       173.1894
 EELEC  =     -1502.8053  EHBOND  =         0.0000  RESTRAINT  =         0.0000
 EKCMT  =       100.1128  VIRIAL  =        91.9258  VOLUME     =      3506.7392
                                                    Density    =         1.0273
 Ewald error estimate:   0.2264E-02
 ------------------------------------------------------------------------------


      A V E R A G E S   O V E R  100000 S T E P S


 NSTEP =   100000   TIME(PS) =     250.000  TEMP(K) =   297.65  PRESS =  -332.6
 Etot   =      -976.1579  EKtot   =       213.2331  EPtot      =     -1189.3909
 BOND   =         1.0201  ANGLE   =         5.7208  DIHED      =         1.4765
 1-4 NB =         0.2468  1-4 EEL =       107.7770  VDWAALS    =       171.1611
 EELEC  =     -1476.7932  EHBOND  =         0.0000  RESTRAINT  =         0.0000
 EKCMT  =       104.2210  VIRIAL  =       141.6302  VOLUME     =      4078.8240
                                                    Density    =         0.9227
 Ewald error estimate:   0.3139E-02
 ------------------------------------------------------------------------------


      R M S  F L U C T U A T I O N S


 NSTEP =   100000   TIME(PS) =     250.000  TEMP(K) =    15.10  PRESS =  1061.6
 Etot   =        53.2760  EKtot   =        10.8191  EPtot      =        51.7013
 BOND   =         0.8206  ANGLE   =         2.0256  DIHED      =         0.6793
 1-4 NB =         0.3296  1-4 EEL =         3.4126  VDWAALS    =        16.8844
 EELEC  =        60.3527  EHBOND  =         0.0000  RESTRAINT  =         0.0000
 EKCMT  =         7.7438  VIRIAL  =        98.4189  VOLUME     =      1018.4831
                                                    Density    =         0.1599
 Ewald error estimate:   0.4513E-02
 ------------------------------------------------------------------------------


--------------------------------------------------------------------------------
   5.  TIMINGS
--------------------------------------------------------------------------------

|                Build the list             2.65 (98.11% of List )
|                Other                      0.05 ( 1.89% of List )
|             List time                  2.71 ( 5.26% of Nonbo)
|                   Short_ene time            23.50 (96.67% of Direc)
|                   Other                      0.81 ( 3.33% of Direc)
|                Direct Ewald time         24.31 (49.86% of Ewald)
|                Adjust Ewald time          0.73 ( 1.50% of Ewald)
|                Self Ewald time            0.02 ( 0.04% of Ewald)
|                   Fill Bspline coeffs        1.11 ( 4.71% of Recip)
|                   Fill charge grid           2.52 (10.71% of Recip)
|                   Scalar sum                 5.98 (25.43% of Recip)
|                   Grad sum                   3.71 (15.78% of Recip)
|                   FFT time                  10.19 (43.30% of Recip)
|                   Other                      0.02 ( 0.08% of Recip)
|                Recip Ewald time          23.52 (48.26% of Ewald)
|                Force Adjust               0.02 ( 0.04% of Ewald)
|                Virial junk                0.08 ( 0.15% of Ewald)
|                Start synchronizatio       0.00 ( 0.01% of Ewald)
|                Other                      0.07 ( 0.14% of Ewald)
|             Ewald time                48.74 (94.70% of Nonbo)
|             IPS excludes               0.00 ( 0.01% of Nonbo)
|             Other                      0.02 ( 0.04% of Nonbo)
|          Nonbond force             51.47 (99.23% of Force)
|          Bond/Angle/Dihedral        0.36 ( 0.70% of Force)
|          Other                      0.04 ( 0.07% of Force)
|       Force time                51.87 (80.11% of Runmd)
|       Shake time                 1.06 ( 1.64% of Runmd)
|       Verlet update time        11.66 (18.01% of Runmd)
|       Ekcmr time                 0.09 ( 0.14% of Runmd)
|       Other                      0.06 ( 0.10% of Runmd)
|    Runmd Time                64.75 (100.0% of Total)
|    Other                      0.01 ( 0.01% of Total)
| Total time                64.76 (100.0% of ALL  )

| Number of list builds   :       3652

| Highest rstack allocated:      28432
| Highest istack allocated:        358

| Final Performance Info:
| -----------------------------------------------------
| Average timings for all steps:
|     Elapsed(s) =      64.75 Per Step(ms) =       0.65
|         ns/day =     133.43   seconds/ns =     647.52
| -----------------------------------------------------

|           Job began  at 16:17:30.492  on 02/02/2026
|           Setup done at 16:17:30.504  on 02/02/2026
|           Run   done at 16:18:35.255  on 02/02/2026
|     wallclock() was called 4607517 times

|3D-RISM memory allocation summary
|Type          Maximum        Current   
|Integer       0.00000 GB     0.00000 GB
|Real          0.00000 GB     0.00000 GB
|Logical       0.00000 GB     0.00000 GB
|Character     0.00000 GB     0.00000 GB
|---------------------------------------
|Total         0.00000 GB     0.00000 GB
