
          -------------------------------------------------------
          Amber 24 SANDER                              2024
          -------------------------------------------------------

| Run on 02/02/2026 at 16:16:33

|   Executable path: sander
| Working directory: /nas/longleaf/home/emainas/software/dcdftbmd.2.0/molecules/MEA/qmmd/systems/MEA/solv_5.5/mdequil
|          Hostname: nep15080302

  [-O]verwriting output

File Assignments:
|  MDIN: equil-nvt.in                                                          
| MDOUT: equil-nvt.out                                                         
|INPCRD: heat.rst7                                                             
|  PARM: /nas/longleaf/home/emainas/software/dcdftbmd.2.0/molecules/MEA/qmmd/sy
|RESTRT: equil-nvt.rst7                                                        
|  REFC: refc                                                                  
| MDVEL: mdvel                                                                 
| MDFRC: mdfrc                                                                 
|  MDEN: mden                                                                  
| MDCRD: equil-nvt.nc                                                          
|MDINFO: equil-nvt.info                                                        
|  MTMD: mtmd                                                                  
|INPDIP: inpdip                                                                
|RSTDIP: rstdip                                                                
|INPTRA: inptraj                                                               


 Here is the input file:

Equilibrate at 300 K                                                           
&cntrl                                                                         
  imin=0,                                                                      
  irest=1,                                                                     
  ntx=5,                                                                       
  nstlim=100000,                                                               
  dt=0.001,                                                                    
  temp0=300.0,                                                                 
  ntt=3,                                                                       
  gamma_ln=2.0,                                                                
  ntb=1,                                                                       
  ntp=0,                                                                       
  ntc=2,                                                                       
  ntf=2,                                                                       
  cut=5.0,                                                                     
  ntpr=500,                                                                    
  ntwx=1000,                                                                   
  ntwe=0,                                                                      
/                                                                              

--------------------------------------------------------------------------------
   1.  RESOURCE   USE: 
--------------------------------------------------------------------------------

| Flags:                                                                        
 getting box info from netcdf restart file
| NetCDF restart box info found
|Largest sphere to fit in unit cell has radius =     9.338
| New format PARM file being parsed.
| Version =    1.000 Date = 02/02/26 Time = 16:15:27
 NATOM  =     358 NTYPES =      10 NBONH =     353 MBONA  =       3
 NTHETH =      17 MTHETA =       2 NPHIH =      20 MPHIA  =       2
 NHPARM =       0 NPARM  =       0 NNB   =     514 NRES   =     117
 NBONA  =       3 NTHETA =       2 NPHIA =       2 NUMBND =       9
 NUMANG =      11 NPTRA  =       5 NATYP =      10 NPHB   =       0
 IFBOX  =       1 NMXRS  =      12 IFCAP =       0 NEXTRA =       0
 NCOPY  =       0


|     Memory Use     Allocated
|     Real              612555
|     Hollerith           1193
|     Integer            29403
|     Max Pairs          40931
|     nblistReal          4296
|     nblist Int         56984
|       Total             5321 kbytes

| Note: 1-4 EEL scale factors are being read from the topology file.

| Note: 1-4 VDW scale factors are being read from the topology file.
| Duplicated    0 dihedrals
| Duplicated    0 dihedrals

     BOX TYPE: RECTILINEAR

--------------------------------------------------------------------------------
   2.  CONTROL  DATA  FOR  THE  RUN
--------------------------------------------------------------------------------

MEA                                                                             

General flags:
     imin    =       0, nmropt  =       0

Nature and format of input:
     ntx     =       5, irest   =       1, ntrx    =       1

Nature and format of output:
     ntxo    =       2, ntpr    =     500, ntrx    =       1, ntwr    =  100000
     iwrap   =       0, ntwx    =    1000, ntwv    =       0, ntwe    =       0
     ioutfm  =       1, ntwprt  =       0, idecomp =       0, rbornstat=      0

Potential function:
     ntf     =       2, ntb     =       1, igb     =       0, nsnb    =      25
     ipol    =       0, gbsa    =       0, iesp    =       0
     dielc   =   1.00000, cut     =   5.00000, intdiel =   1.00000

Frozen or restrained atoms:
     ibelly  =       0, ntr     =       0

Molecular dynamics:
     nstlim  =    100000, nscm    =      1000, nrespa  =         1
     t       =   0.00000, dt      =   0.00100, vlimit  =  20.00000

Langevin dynamics temperature regulation:
     ig      =   71277
     temp0   = 300.00000, tempi   =   0.00000, gamma_ln=   2.00000

SHAKE:
     ntc     =       2, jfastw  =       0
     tol     =   0.00001

Ewald parameters:
     verbose =       0, ew_type =       0, nbflag  =       1, use_pme =       1
     vdwmeth =       1, eedmeth =       1, netfrc  =       1
     Box X =   20.772   Box Y =   19.022   Box Z =   18.677
     Alpha =   90.000   Beta  =   90.000   Gamma =   90.000
     NFFT1 =   20       NFFT2 =   20       NFFT3 =   18
     Cutoff=    5.000   Tol   =0.100E-04
     Ewald Coefficient =  0.57355
     Interpolation order =    4
|  INFO: Old style inpcrd file read


--------------------------------------------------------------------------------
   3.  ATOMIC COORDINATES AND VELOCITIES
--------------------------------------------------------------------------------

MEA                                                                             
 begin time read from input coords =    50.000 ps

 Number of triangulated 3-point waters found:      115

     Sum of charges from parm topology file =   0.00100100
     Forcing neutrality...

--------------------------------------------------------------------------------
   4.  RESULTS
--------------------------------------------------------------------------------

|  # of SOLUTE  degrees of freedom (RNDFP):     721.
|  # of SOLVENT degrees of freedom (RNDFS):       0.
|  NDFMIN =     721.     NUM_NOSHAKE =      0     CORRECTED RNDFP =     721.
|  TOTAL # of degrees of freedom (RNDF) =     721.
 ---------------------------------------------------
 APPROXIMATING switch and d/dx switch using CUBIC SPLINE INTERPOLATION
 using   5000.0 points per unit in tabled values
 TESTING RELATIVE ERROR over r ranging from 0.0 to cutoff
| CHECK switch(x): max rel err =   0.2738E-14   at   2.422500
| CHECK d/dx switch(x): max rel err =   0.8719E-11   at   2.851960
 ---------------------------------------------------
| Local SIZE OF NONBOND LIST =      15793
| TOTAL SIZE OF NONBOND LIST =      15793

 NSTEP =      500   TIME(PS) =      50.500  TEMP(K) =   282.82  PRESS =     0.0
 Etot   =      -867.5350  EKtot   =       202.6090  EPtot      =     -1070.1441
 BOND   =         1.9411  ANGLE   =         7.2645  DIHED      =         2.9160
 1-4 NB =         0.2350  1-4 EEL =       101.0935  VDWAALS    =       152.6084
 EELEC  =     -1336.2026  EHBOND  =         0.0000  RESTRAINT  =         0.0000
 Ewald error estimate:   0.1988E-01
 ------------------------------------------------------------------------------


 NSTEP =     1000   TIME(PS) =      51.000  TEMP(K) =   318.51  PRESS =     0.0
 Etot   =      -853.6317  EKtot   =       228.1776  EPtot      =     -1081.8093
 BOND   =         0.2646  ANGLE   =         6.4749  DIHED      =         0.7487
 1-4 NB =         0.0666  1-4 EEL =       107.5354  VDWAALS    =       163.1803
 EELEC  =     -1360.0799  EHBOND  =         0.0000  RESTRAINT  =         0.0000
 Ewald error estimate:   0.9625E-02
 ------------------------------------------------------------------------------


 NSTEP =     1500   TIME(PS) =      51.500  TEMP(K) =   312.47  PRESS =     0.0
 Etot   =      -881.6894  EKtot   =       223.8477  EPtot      =     -1105.5371
 BOND   =         2.9658  ANGLE   =         3.9371  DIHED      =         0.8110
 1-4 NB =         0.2557  1-4 EEL =       108.7739  VDWAALS    =       162.7752
 EELEC  =     -1385.0558  EHBOND  =         0.0000  RESTRAINT  =         0.0000
 Ewald error estimate:   0.2404E-01
 ------------------------------------------------------------------------------


 NSTEP =     2000   TIME(PS) =      52.000  TEMP(K) =   300.07  PRESS =     0.0
 Etot   =      -893.6592  EKtot   =       214.9617  EPtot      =     -1108.6209
 BOND   =         0.3530  ANGLE   =         5.3595  DIHED      =         0.9492
 1-4 NB =         0.0405  1-4 EEL =       105.9622  VDWAALS    =       174.8778
 EELEC  =     -1396.1631  EHBOND  =         0.0000  RESTRAINT  =         0.0000
 Ewald error estimate:   0.1818E-01
 ------------------------------------------------------------------------------


 NSTEP =     2500   TIME(PS) =      52.500  TEMP(K) =   292.31  PRESS =     0.0
 Etot   =      -884.7144  EKtot   =       209.4069  EPtot      =     -1094.1214
 BOND   =         1.5288  ANGLE   =         5.5878  DIHED      =         1.0230
 1-4 NB =         0.0672  1-4 EEL =       105.5491  VDWAALS    =       183.2760
 EELEC  =     -1391.1533  EHBOND  =         0.0000  RESTRAINT  =         0.0000
 Ewald error estimate:   0.2522E-01
 ------------------------------------------------------------------------------


 NSTEP =     3000   TIME(PS) =      53.000  TEMP(K) =   278.10  PRESS =     0.0
 Etot   =      -898.0215  EKtot   =       199.2292  EPtot      =     -1097.2507
 BOND   =         2.1658  ANGLE   =         4.9522  DIHED      =         0.5339
 1-4 NB =        -0.1614  1-4 EEL =       101.8536  VDWAALS    =       181.3634
 EELEC  =     -1387.9583  EHBOND  =         0.0000  RESTRAINT  =         0.0000
 Ewald error estimate:   0.1563E-01
 ------------------------------------------------------------------------------


 NSTEP =     3500   TIME(PS) =      53.500  TEMP(K) =   290.50  PRESS =     0.0
 Etot   =      -872.7148  EKtot   =       208.1058  EPtot      =     -1080.8206
 BOND   =         0.3638  ANGLE   =         8.8818  DIHED      =         1.1558
 1-4 NB =         0.4907  1-4 EEL =       109.8356  VDWAALS    =       168.8276
 EELEC  =     -1370.3759  EHBOND  =         0.0000  RESTRAINT  =         0.0000
 Ewald error estimate:   0.1483E-01
 ------------------------------------------------------------------------------


 NSTEP =     4000   TIME(PS) =      54.000  TEMP(K) =   279.96  PRESS =     0.0
 Etot   =      -879.5284  EKtot   =       200.5600  EPtot      =     -1080.0884
 BOND   =         0.3873  ANGLE   =         5.6982  DIHED      =         1.7758
 1-4 NB =         0.3511  1-4 EEL =       111.1869  VDWAALS    =       154.6767
 EELEC  =     -1354.1645  EHBOND  =         0.0000  RESTRAINT  =         0.0000
 Ewald error estimate:   0.2068E-01
 ------------------------------------------------------------------------------


 NSTEP =     4500   TIME(PS) =      54.500  TEMP(K) =   290.06  PRESS =     0.0
 Etot   =      -841.2616  EKtot   =       207.7925  EPtot      =     -1049.0541
 BOND   =         0.6040  ANGLE   =         5.3283  DIHED      =         2.0334
 1-4 NB =         0.0053  1-4 EEL =       107.0640  VDWAALS    =       133.0542
 EELEC  =     -1297.1432  EHBOND  =         0.0000  RESTRAINT  =         0.0000
 Ewald error estimate:   0.2271E-01
 ------------------------------------------------------------------------------


 NSTEP =     5000   TIME(PS) =      55.000  TEMP(K) =   292.04  PRESS =     0.0
 Etot   =      -866.6582  EKtot   =       209.2127  EPtot      =     -1075.8709
 BOND   =         2.0461  ANGLE   =         6.3445  DIHED      =         1.2962
 1-4 NB =        -0.0566  1-4 EEL =       103.5978  VDWAALS    =       178.7543
 EELEC  =     -1367.8533  EHBOND  =         0.0000  RESTRAINT  =         0.0000
 Ewald error estimate:   0.2188E-01
 ------------------------------------------------------------------------------


 NSTEP =     5500   TIME(PS) =      55.500  TEMP(K) =   309.00  PRESS =     0.0
 Etot   =      -860.0170  EKtot   =       221.3604  EPtot      =     -1081.3774
 BOND   =         0.8343  ANGLE   =         4.6388  DIHED      =         1.8598
 1-4 NB =        -0.0274  1-4 EEL =       102.1036  VDWAALS    =       140.7256
 EELEC  =     -1331.5119  EHBOND  =         0.0000  RESTRAINT  =         0.0000
 Ewald error estimate:   0.2807E-01
 ------------------------------------------------------------------------------


 NSTEP =     6000   TIME(PS) =      56.000  TEMP(K) =   321.41  PRESS =     0.0
 Etot   =      -845.8746  EKtot   =       230.2559  EPtot      =     -1076.1305
 BOND   =         1.0352  ANGLE   =         5.8197  DIHED      =         1.6495
 1-4 NB =         0.0245  1-4 EEL =        99.4350  VDWAALS    =       156.9681
 EELEC  =     -1341.0624  EHBOND  =         0.0000  RESTRAINT  =         0.0000
 Ewald error estimate:   0.2284E-01
 ------------------------------------------------------------------------------


 NSTEP =     6500   TIME(PS) =      56.500  TEMP(K) =   338.90  PRESS =     0.0
 Etot   =      -839.5806  EKtot   =       242.7821  EPtot      =     -1082.3627
 BOND   =         2.3676  ANGLE   =         2.3438  DIHED      =         1.0298
 1-4 NB =         0.3040  1-4 EEL =       110.3158  VDWAALS    =       152.5855
 EELEC  =     -1351.3092  EHBOND  =         0.0000  RESTRAINT  =         0.0000
 Ewald error estimate:   0.2398E-01
 ------------------------------------------------------------------------------


 NSTEP =     7000   TIME(PS) =      57.000  TEMP(K) =   326.16  PRESS =     0.0
 Etot   =      -850.9494  EKtot   =       233.6572  EPtot      =     -1084.6066
 BOND   =         1.8123  ANGLE   =         6.0270  DIHED      =         3.3697
 1-4 NB =         0.7972  1-4 EEL =       112.4569  VDWAALS    =       167.5811
 EELEC  =     -1376.6507  EHBOND  =         0.0000  RESTRAINT  =         0.0000
 Ewald error estimate:   0.1648E-01
 ------------------------------------------------------------------------------


 NSTEP =     7500   TIME(PS) =      57.500  TEMP(K) =   316.61  PRESS =     0.0
 Etot   =      -828.1490  EKtot   =       226.8139  EPtot      =     -1054.9628
 BOND   =         0.4155  ANGLE   =         7.9940  DIHED      =         1.7596
 1-4 NB =         0.0157  1-4 EEL =       106.4883  VDWAALS    =       189.5455
 EELEC  =     -1361.1814  EHBOND  =         0.0000  RESTRAINT  =         0.0000
 Ewald error estimate:   0.1678E-01
 ------------------------------------------------------------------------------


 NSTEP =     8000   TIME(PS) =      58.000  TEMP(K) =   317.01  PRESS =     0.0
 Etot   =      -812.2845  EKtot   =       227.0971  EPtot      =     -1039.3816
 BOND   =         2.5335  ANGLE   =         8.0238  DIHED      =         1.6518
 1-4 NB =         0.7248  1-4 EEL =       112.6331  VDWAALS    =       155.7024
 EELEC  =     -1320.6510  EHBOND  =         0.0000  RESTRAINT  =         0.0000
 Ewald error estimate:   0.1258E-01
 ------------------------------------------------------------------------------


 NSTEP =     8500   TIME(PS) =      58.500  TEMP(K) =   329.33  PRESS =     0.0
 Etot   =      -844.9721  EKtot   =       235.9273  EPtot      =     -1080.8995
 BOND   =         0.7584  ANGLE   =         3.2506  DIHED      =         1.5944
 1-4 NB =         0.9185  1-4 EEL =       115.5809  VDWAALS    =       170.1138
 EELEC  =     -1373.1162  EHBOND  =         0.0000  RESTRAINT  =         0.0000
 Ewald error estimate:   0.2202E-01
 ------------------------------------------------------------------------------


 NSTEP =     9000   TIME(PS) =      59.000  TEMP(K) =   301.03  PRESS =     0.0
 Etot   =      -842.3063  EKtot   =       215.6508  EPtot      =     -1057.9571
 BOND   =         0.7164  ANGLE   =         3.5821  DIHED      =         0.8272
 1-4 NB =        -0.0598  1-4 EEL =       103.4587  VDWAALS    =       164.9854
 EELEC  =     -1331.4671  EHBOND  =         0.0000  RESTRAINT  =         0.0000
 Ewald error estimate:   0.2003E-01
 ------------------------------------------------------------------------------


 NSTEP =     9500   TIME(PS) =      59.500  TEMP(K) =   294.22  PRESS =     0.0
 Etot   =      -868.1963  EKtot   =       210.7730  EPtot      =     -1078.9693
 BOND   =         1.4524  ANGLE   =         5.5313  DIHED      =         1.5118
 1-4 NB =         0.4585  1-4 EEL =       109.8698  VDWAALS    =       151.0520
 EELEC  =     -1348.8451  EHBOND  =         0.0000  RESTRAINT  =         0.0000
 Ewald error estimate:   0.1672E-01
 ------------------------------------------------------------------------------


 NSTEP =    10000   TIME(PS) =      60.000  TEMP(K) =   299.98  PRESS =     0.0
 Etot   =      -859.7592  EKtot   =       214.9034  EPtot      =     -1074.6625
 BOND   =         0.1204  ANGLE   =         8.7476  DIHED      =         2.0673
 1-4 NB =         0.7054  1-4 EEL =       112.1706  VDWAALS    =       159.0190
 EELEC  =     -1357.4928  EHBOND  =         0.0000  RESTRAINT  =         0.0000
 Ewald error estimate:   0.1684E-01
 ------------------------------------------------------------------------------


 NSTEP =    10500   TIME(PS) =      60.500  TEMP(K) =   308.67  PRESS =     0.0
 Etot   =      -886.3714  EKtot   =       221.1283  EPtot      =     -1107.4997
 BOND   =         1.6530  ANGLE   =         8.0768  DIHED      =         1.9685
 1-4 NB =         0.5234  1-4 EEL =       111.7953  VDWAALS    =       188.7765
 EELEC  =     -1420.2931  EHBOND  =         0.0000  RESTRAINT  =         0.0000
 Ewald error estimate:   0.2345E-01
 ------------------------------------------------------------------------------


 NSTEP =    11000   TIME(PS) =      61.000  TEMP(K) =   275.25  PRESS =     0.0
 Etot   =      -915.5074  EKtot   =       197.1822  EPtot      =     -1112.6896
 BOND   =         0.4802  ANGLE   =         5.0708  DIHED      =         2.8797
 1-4 NB =         0.1269  1-4 EEL =       106.3030  VDWAALS    =       159.1797
 EELEC  =     -1386.7299  EHBOND  =         0.0000  RESTRAINT  =         0.0000
 Ewald error estimate:   0.1847E-01
 ------------------------------------------------------------------------------


 NSTEP =    11500   TIME(PS) =      61.500  TEMP(K) =   290.61  PRESS =     0.0
 Etot   =      -873.8901  EKtot   =       208.1849  EPtot      =     -1082.0750
 BOND   =         0.1911  ANGLE   =         6.3869  DIHED      =         0.9675
 1-4 NB =         0.0855  1-4 EEL =       106.1896  VDWAALS    =       177.8453
 EELEC  =     -1373.7409  EHBOND  =         0.0000  RESTRAINT  =         0.0000
 Ewald error estimate:   0.2335E-01
 ------------------------------------------------------------------------------


 NSTEP =    12000   TIME(PS) =      62.000  TEMP(K) =   307.33  PRESS =     0.0
 Etot   =      -879.2620  EKtot   =       220.1689  EPtot      =     -1099.4309
 BOND   =         1.3203  ANGLE   =         7.2594  DIHED      =         1.4540
 1-4 NB =         0.4691  1-4 EEL =       110.5356  VDWAALS    =       155.3625
 EELEC  =     -1375.8318  EHBOND  =         0.0000  RESTRAINT  =         0.0000
 Ewald error estimate:   0.1905E-01
 ------------------------------------------------------------------------------


 NSTEP =    12500   TIME(PS) =      62.500  TEMP(K) =   314.83  PRESS =     0.0
 Etot   =      -855.5812  EKtot   =       225.5359  EPtot      =     -1081.1171
 BOND   =         2.4867  ANGLE   =         5.1183  DIHED      =         1.0075
 1-4 NB =         0.3578  1-4 EEL =       107.3802  VDWAALS    =       152.5738
 EELEC  =     -1350.0415  EHBOND  =         0.0000  RESTRAINT  =         0.0000
 Ewald error estimate:   0.2766E-01
 ------------------------------------------------------------------------------


 NSTEP =    13000   TIME(PS) =      63.000  TEMP(K) =   292.90  PRESS =     0.0
 Etot   =      -839.5263  EKtot   =       209.8303  EPtot      =     -1049.3566
 BOND   =         0.0895  ANGLE   =         6.1579  DIHED      =         1.3675
 1-4 NB =         0.2044  1-4 EEL =       107.9777  VDWAALS    =       149.6934
 EELEC  =     -1314.8472  EHBOND  =         0.0000  RESTRAINT  =         0.0000
 Ewald error estimate:   0.1974E-01
 ------------------------------------------------------------------------------


 NSTEP =    13500   TIME(PS) =      63.500  TEMP(K) =   276.03  PRESS =     0.0
 Etot   =      -860.9162  EKtot   =       197.7411  EPtot      =     -1058.6573
 BOND   =         0.8025  ANGLE   =         4.5165  DIHED      =         1.7610
 1-4 NB =         1.4392  1-4 EEL =       115.2878  VDWAALS    =       134.1399
 EELEC  =     -1316.6042  EHBOND  =         0.0000  RESTRAINT  =         0.0000
 Ewald error estimate:   0.2225E-01
 ------------------------------------------------------------------------------


 NSTEP =    14000   TIME(PS) =      64.000  TEMP(K) =   284.23  PRESS =     0.0
 Etot   =      -888.3845  EKtot   =       203.6187  EPtot      =     -1092.0032
 BOND   =         0.3451  ANGLE   =         6.3817  DIHED      =         1.1435
 1-4 NB =         0.3770  1-4 EEL =       109.5069  VDWAALS    =       167.3886
 EELEC  =     -1377.1460  EHBOND  =         0.0000  RESTRAINT  =         0.0000
 Ewald error estimate:   0.1557E-01
 ------------------------------------------------------------------------------


 NSTEP =    14500   TIME(PS) =      64.500  TEMP(K) =   307.83  PRESS =     0.0
 Etot   =      -874.9789  EKtot   =       220.5240  EPtot      =     -1095.5028
 BOND   =         0.1051  ANGLE   =         6.4689  DIHED      =         4.2357
 1-4 NB =         0.9703  1-4 EEL =       114.2242  VDWAALS    =       163.2124
 EELEC  =     -1384.7195  EHBOND  =         0.0000  RESTRAINT  =         0.0000
 Ewald error estimate:   0.2085E-01
 ------------------------------------------------------------------------------


 NSTEP =    15000   TIME(PS) =      65.000  TEMP(K) =   275.30  PRESS =     0.0
 Etot   =      -874.7374  EKtot   =       197.2205  EPtot      =     -1071.9580
 BOND   =         1.2799  ANGLE   =         7.2658  DIHED      =         2.0090
 1-4 NB =        -0.0696  1-4 EEL =       101.9500  VDWAALS    =       174.8692
 EELEC  =     -1359.2623  EHBOND  =         0.0000  RESTRAINT  =         0.0000
 Ewald error estimate:   0.1653E-01
 ------------------------------------------------------------------------------


 NSTEP =    15500   TIME(PS) =      65.500  TEMP(K) =   289.15  PRESS =     0.0
 Etot   =      -887.0169  EKtot   =       207.1397  EPtot      =     -1094.1566
 BOND   =         0.8373  ANGLE   =         5.6125  DIHED      =         1.9903
 1-4 NB =         0.0617  1-4 EEL =       108.6947  VDWAALS    =       167.5019
 EELEC  =     -1378.8550  EHBOND  =         0.0000  RESTRAINT  =         0.0000
 Ewald error estimate:   0.2503E-01
 ------------------------------------------------------------------------------


 NSTEP =    16000   TIME(PS) =      66.000  TEMP(K) =   318.23  PRESS =     0.0
 Etot   =      -845.5959  EKtot   =       227.9723  EPtot      =     -1073.5683
 BOND   =         1.4973  ANGLE   =         3.6436  DIHED      =         2.0262
 1-4 NB =         0.4151  1-4 EEL =       111.1695  VDWAALS    =       179.9404
 EELEC  =     -1372.2602  EHBOND  =         0.0000  RESTRAINT  =         0.0000
 Ewald error estimate:   0.1883E-01
 ------------------------------------------------------------------------------


 NSTEP =    16500   TIME(PS) =      66.500  TEMP(K) =   318.44  PRESS =     0.0
 Etot   =      -869.7189  EKtot   =       228.1246  EPtot      =     -1097.8436
 BOND   =         0.3034  ANGLE   =         8.9419  DIHED      =         1.3639
 1-4 NB =         0.6993  1-4 EEL =       109.1106  VDWAALS    =       169.2736
 EELEC  =     -1387.5363  EHBOND  =         0.0000  RESTRAINT  =         0.0000
 Ewald error estimate:   0.1280E-01
 ------------------------------------------------------------------------------


 NSTEP =    17000   TIME(PS) =      67.000  TEMP(K) =   307.06  PRESS =     0.0
 Etot   =      -848.3051  EKtot   =       219.9754  EPtot      =     -1068.2805
 BOND   =         0.2235  ANGLE   =         3.7845  DIHED      =         4.9993
 1-4 NB =         1.7816  1-4 EEL =       117.0495  VDWAALS    =       151.2788
 EELEC  =     -1347.3977  EHBOND  =         0.0000  RESTRAINT  =         0.0000
 Ewald error estimate:   0.2024E-01
 ------------------------------------------------------------------------------


 NSTEP =    17500   TIME(PS) =      67.500  TEMP(K) =   302.18  PRESS =     0.0
 Etot   =      -864.4609  EKtot   =       216.4771  EPtot      =     -1080.9381
 BOND   =         0.4240  ANGLE   =         5.7263  DIHED      =         1.6658
 1-4 NB =         0.0878  1-4 EEL =       107.5939  VDWAALS    =       174.0885
 EELEC  =     -1370.5243  EHBOND  =         0.0000  RESTRAINT  =         0.0000
 Ewald error estimate:   0.1182E-01
 ------------------------------------------------------------------------------


 NSTEP =    18000   TIME(PS) =      68.000  TEMP(K) =   321.40  PRESS =     0.0
 Etot   =      -839.6945  EKtot   =       230.2484  EPtot      =     -1069.9429
 BOND   =         0.4669  ANGLE   =         3.6657  DIHED      =         0.6360
 1-4 NB =         0.4741  1-4 EEL =       112.5645  VDWAALS    =       169.6574
 EELEC  =     -1357.4074  EHBOND  =         0.0000  RESTRAINT  =         0.0000
 Ewald error estimate:   0.2179E-01
 ------------------------------------------------------------------------------


 NSTEP =    18500   TIME(PS) =      68.500  TEMP(K) =   295.94  PRESS =     0.0
 Etot   =      -864.7551  EKtot   =       212.0077  EPtot      =     -1076.7628
 BOND   =         0.4184  ANGLE   =         4.3326  DIHED      =         0.6012
 1-4 NB =         0.0619  1-4 EEL =       108.0111  VDWAALS    =       146.5128
 EELEC  =     -1336.7008  EHBOND  =         0.0000  RESTRAINT  =         0.0000
 Ewald error estimate:   0.1273E-01
 ------------------------------------------------------------------------------


 NSTEP =    19000   TIME(PS) =      69.000  TEMP(K) =   310.49  PRESS =     0.0
 Etot   =      -863.5518  EKtot   =       222.4308  EPtot      =     -1085.9826
 BOND   =         0.0870  ANGLE   =         4.4510  DIHED      =         1.0337
 1-4 NB =         0.5414  1-4 EEL =       111.0253  VDWAALS    =       163.6496
 EELEC  =     -1366.7706  EHBOND  =         0.0000  RESTRAINT  =         0.0000
 Ewald error estimate:   0.1756E-01
 ------------------------------------------------------------------------------


 NSTEP =    19500   TIME(PS) =      69.500  TEMP(K) =   307.65  PRESS =     0.0
 Etot   =      -840.3972  EKtot   =       220.3932  EPtot      =     -1060.7905
 BOND   =         0.9703  ANGLE   =         4.0700  DIHED      =         1.1507
 1-4 NB =         0.5200  1-4 EEL =       110.4837  VDWAALS    =       152.8269
 EELEC  =     -1330.8120  EHBOND  =         0.0000  RESTRAINT  =         0.0000
 Ewald error estimate:   0.1377E-01
 ------------------------------------------------------------------------------


 NSTEP =    20000   TIME(PS) =      70.000  TEMP(K) =   298.51  PRESS =     0.0
 Etot   =      -832.8869  EKtot   =       213.8444  EPtot      =     -1046.7313
 BOND   =         0.6109  ANGLE   =         4.2715  DIHED      =         1.6503
 1-4 NB =         0.4612  1-4 EEL =       110.7887  VDWAALS    =       145.9027
 EELEC  =     -1310.4167  EHBOND  =         0.0000  RESTRAINT  =         0.0000
 Ewald error estimate:   0.1661E-01
 ------------------------------------------------------------------------------


 NSTEP =    20500   TIME(PS) =      70.500  TEMP(K) =   345.74  PRESS =     0.0
 Etot   =      -807.8809  EKtot   =       247.6856  EPtot      =     -1055.5665
 BOND   =         0.2638  ANGLE   =         5.4904  DIHED      =         2.0956
 1-4 NB =         0.1609  1-4 EEL =       108.2760  VDWAALS    =       156.1812
 EELEC  =     -1328.0344  EHBOND  =         0.0000  RESTRAINT  =         0.0000
 Ewald error estimate:   0.2292E-01
 ------------------------------------------------------------------------------


 NSTEP =    21000   TIME(PS) =      71.000  TEMP(K) =   317.89  PRESS =     0.0
 Etot   =      -813.6478  EKtot   =       227.7321  EPtot      =     -1041.3799
 BOND   =         3.2951  ANGLE   =         6.0851  DIHED      =         1.2407
 1-4 NB =        -0.0030  1-4 EEL =       105.7591  VDWAALS    =       158.2458
 EELEC  =     -1316.0027  EHBOND  =         0.0000  RESTRAINT  =         0.0000
 Ewald error estimate:   0.1782E-01
 ------------------------------------------------------------------------------


 NSTEP =    21500   TIME(PS) =      71.500  TEMP(K) =   312.48  PRESS =     0.0
 Etot   =      -841.7689  EKtot   =       223.8587  EPtot      =     -1065.6276
 BOND   =         3.1828  ANGLE   =         6.1878  DIHED      =         1.0615
 1-4 NB =        -0.0736  1-4 EEL =       105.2044  VDWAALS    =       155.9362
 EELEC  =     -1337.1266  EHBOND  =         0.0000  RESTRAINT  =         0.0000
 Ewald error estimate:   0.2232E-01
 ------------------------------------------------------------------------------


 NSTEP =    22000   TIME(PS) =      72.000  TEMP(K) =   294.90  PRESS =     0.0
 Etot   =      -843.3276  EKtot   =       211.2616  EPtot      =     -1054.5892
 BOND   =         1.1472  ANGLE   =         6.6420  DIHED      =         2.2472
 1-4 NB =         0.2692  1-4 EEL =       110.2795  VDWAALS    =       152.5283
 EELEC  =     -1327.7026  EHBOND  =         0.0000  RESTRAINT  =         0.0000
 Ewald error estimate:   0.2749E-01
 ------------------------------------------------------------------------------


 NSTEP =    22500   TIME(PS) =      72.500  TEMP(K) =   300.29  PRESS =     0.0
 Etot   =      -841.7388  EKtot   =       215.1208  EPtot      =     -1056.8596
 BOND   =         0.6800  ANGLE   =         5.0141  DIHED      =         0.9424
 1-4 NB =         0.3541  1-4 EEL =       110.7565  VDWAALS    =       164.5159
 EELEC  =     -1339.1227  EHBOND  =         0.0000  RESTRAINT  =         0.0000
 Ewald error estimate:   0.1999E-01
 ------------------------------------------------------------------------------


 NSTEP =    23000   TIME(PS) =      73.000  TEMP(K) =   311.34  PRESS =     0.0
 Etot   =      -843.1121  EKtot   =       223.0356  EPtot      =     -1066.1477
 BOND   =         0.9670  ANGLE   =         6.5496  DIHED      =         1.0900
 1-4 NB =         0.0244  1-4 EEL =       102.2146  VDWAALS    =       153.1385
 EELEC  =     -1330.1318  EHBOND  =         0.0000  RESTRAINT  =         0.0000
 Ewald error estimate:   0.1914E-01
 ------------------------------------------------------------------------------


 NSTEP =    23500   TIME(PS) =      73.500  TEMP(K) =   292.83  PRESS =     0.0
 Etot   =      -868.7116  EKtot   =       209.7776  EPtot      =     -1078.4893
 BOND   =         1.9709  ANGLE   =         6.5600  DIHED      =         0.7430
 1-4 NB =         0.0132  1-4 EEL =       105.5003  VDWAALS    =       157.4406
 EELEC  =     -1350.7173  EHBOND  =         0.0000  RESTRAINT  =         0.0000
 Ewald error estimate:   0.1592E-01
 ------------------------------------------------------------------------------


 NSTEP =    24000   TIME(PS) =      74.000  TEMP(K) =   285.06  PRESS =     0.0
 Etot   =      -883.4059  EKtot   =       204.2101  EPtot      =     -1087.6160
 BOND   =         0.2465  ANGLE   =         8.5326  DIHED      =         0.9946
 1-4 NB =        -0.0442  1-4 EEL =       106.0014  VDWAALS    =       160.7695
 EELEC  =     -1364.1163  EHBOND  =         0.0000  RESTRAINT  =         0.0000
 Ewald error estimate:   0.2067E-01
 ------------------------------------------------------------------------------


 NSTEP =    24500   TIME(PS) =      74.500  TEMP(K) =   287.43  PRESS =     0.0
 Etot   =      -888.4601  EKtot   =       205.9093  EPtot      =     -1094.3694
 BOND   =         1.5601  ANGLE   =         5.7480  DIHED      =         0.8632
 1-4 NB =         0.1177  1-4 EEL =       106.9324  VDWAALS    =       180.1053
 EELEC  =     -1389.6961  EHBOND  =         0.0000  RESTRAINT  =         0.0000
 Ewald error estimate:   0.2498E-01
 ------------------------------------------------------------------------------


 NSTEP =    25000   TIME(PS) =      75.000  TEMP(K) =   309.76  PRESS =     0.0
 Etot   =      -859.0510  EKtot   =       221.9063  EPtot      =     -1080.9573
 BOND   =         0.0457  ANGLE   =        10.5204  DIHED      =         1.8037
 1-4 NB =         0.9645  1-4 EEL =       114.0103  VDWAALS    =       178.9947
 EELEC  =     -1387.2966  EHBOND  =         0.0000  RESTRAINT  =         0.0000
 Ewald error estimate:   0.2662E-01
 ------------------------------------------------------------------------------


 NSTEP =    25500   TIME(PS) =      75.500  TEMP(K) =   316.45  PRESS =     0.0
 Etot   =      -856.4411  EKtot   =       226.7011  EPtot      =     -1083.1421
 BOND   =         0.8629  ANGLE   =         3.7500  DIHED      =         0.8734
 1-4 NB =         0.0117  1-4 EEL =       103.5684  VDWAALS    =       193.2302
 EELEC  =     -1385.4387  EHBOND  =         0.0000  RESTRAINT  =         0.0000
 Ewald error estimate:   0.1766E-01
 ------------------------------------------------------------------------------


 NSTEP =    26000   TIME(PS) =      76.000  TEMP(K) =   311.78  PRESS =     0.0
 Etot   =      -858.0206  EKtot   =       223.3513  EPtot      =     -1081.3719
 BOND   =         0.4204  ANGLE   =         3.5525  DIHED      =         0.7853
 1-4 NB =         0.3489  1-4 EEL =       110.2169  VDWAALS    =       204.7128
 EELEC  =     -1401.4087  EHBOND  =         0.0000  RESTRAINT  =         0.0000
 Ewald error estimate:   0.1569E-01
 ------------------------------------------------------------------------------


 NSTEP =    26500   TIME(PS) =      76.500  TEMP(K) =   323.84  PRESS =     0.0
 Etot   =      -841.8659  EKtot   =       231.9926  EPtot      =     -1073.8586
 BOND   =         0.1938  ANGLE   =         5.7186  DIHED      =         1.9548
 1-4 NB =         0.7862  1-4 EEL =       113.1422  VDWAALS    =       180.4785
 EELEC  =     -1376.1327  EHBOND  =         0.0000  RESTRAINT  =         0.0000
 Ewald error estimate:   0.1931E-01
 ------------------------------------------------------------------------------


 NSTEP =    27000   TIME(PS) =      77.000  TEMP(K) =   315.71  PRESS =     0.0
 Etot   =      -843.2204  EKtot   =       226.1703  EPtot      =     -1069.3907
 BOND   =         0.0928  ANGLE   =         6.3483  DIHED      =         1.7696
 1-4 NB =         0.7642  1-4 EEL =       112.1237  VDWAALS    =       149.8388
 EELEC  =     -1340.3282  EHBOND  =         0.0000  RESTRAINT  =         0.0000
 Ewald error estimate:   0.1732E-01
 ------------------------------------------------------------------------------


 NSTEP =    27500   TIME(PS) =      77.500  TEMP(K) =   305.10  PRESS =     0.0
 Etot   =      -859.2430  EKtot   =       218.5692  EPtot      =     -1077.8123
 BOND   =         1.6374  ANGLE   =         4.5937  DIHED      =         2.0286
 1-4 NB =         0.1050  1-4 EEL =       106.3930  VDWAALS    =       184.3653
 EELEC  =     -1376.9352  EHBOND  =         0.0000  RESTRAINT  =         0.0000
 Ewald error estimate:   0.2012E-01
 ------------------------------------------------------------------------------


 NSTEP =    28000   TIME(PS) =      78.000  TEMP(K) =   281.44  PRESS =     0.0
 Etot   =      -863.1514  EKtot   =       201.6206  EPtot      =     -1064.7720
 BOND   =         1.2056  ANGLE   =         3.1804  DIHED      =         1.1964
 1-4 NB =        -0.0039  1-4 EEL =       106.4585  VDWAALS    =       150.2943
 EELEC  =     -1327.1033  EHBOND  =         0.0000  RESTRAINT  =         0.0000
 Ewald error estimate:   0.1809E-01
 ------------------------------------------------------------------------------


 NSTEP =    28500   TIME(PS) =      78.500  TEMP(K) =   272.16  PRESS =     0.0
 Etot   =      -892.7161  EKtot   =       194.9724  EPtot      =     -1087.6885
 BOND   =         0.4370  ANGLE   =         3.8860  DIHED      =         1.4195
 1-4 NB =         0.1640  1-4 EEL =       105.5566  VDWAALS    =       165.5491
 EELEC  =     -1364.7007  EHBOND  =         0.0000  RESTRAINT  =         0.0000
 Ewald error estimate:   0.1297E-01
 ------------------------------------------------------------------------------


 NSTEP =    29000   TIME(PS) =      79.000  TEMP(K) =   284.64  PRESS =     0.0
 Etot   =      -897.2119  EKtot   =       203.9084  EPtot      =     -1101.1203
 BOND   =         0.7859  ANGLE   =         5.8089  DIHED      =         2.9494
 1-4 NB =         0.1588  1-4 EEL =        98.1708  VDWAALS    =       175.2383
 EELEC  =     -1384.2324  EHBOND  =         0.0000  RESTRAINT  =         0.0000
 Ewald error estimate:   0.2164E-01
 ------------------------------------------------------------------------------


 NSTEP =    29500   TIME(PS) =      79.500  TEMP(K) =   310.09  PRESS =     0.0
 Etot   =      -878.2593  EKtot   =       222.1435  EPtot      =     -1100.4028
 BOND   =         0.3363  ANGLE   =         6.0529  DIHED      =         3.3898
 1-4 NB =        -0.0506  1-4 EEL =       104.1720  VDWAALS    =       165.7363
 EELEC  =     -1380.0395  EHBOND  =         0.0000  RESTRAINT  =         0.0000
 Ewald error estimate:   0.2335E-01
 ------------------------------------------------------------------------------


 NSTEP =    30000   TIME(PS) =      80.000  TEMP(K) =   303.46  PRESS =     0.0
 Etot   =      -886.9418  EKtot   =       217.3961  EPtot      =     -1104.3379
 BOND   =         0.4956  ANGLE   =         9.7899  DIHED      =         3.5817
 1-4 NB =        -0.0699  1-4 EEL =       105.5565  VDWAALS    =       180.7413
 EELEC  =     -1404.4329  EHBOND  =         0.0000  RESTRAINT  =         0.0000
 Ewald error estimate:   0.1828E-01
 ------------------------------------------------------------------------------


 NSTEP =    30500   TIME(PS) =      80.500  TEMP(K) =   328.02  PRESS =     0.0
 Etot   =      -848.4847  EKtot   =       234.9864  EPtot      =     -1083.4711
 BOND   =         0.6816  ANGLE   =         2.9096  DIHED      =         1.8396
 1-4 NB =         0.4971  1-4 EEL =       110.7451  VDWAALS    =       191.5007
 EELEC  =     -1391.6447  EHBOND  =         0.0000  RESTRAINT  =         0.0000
 Ewald error estimate:   0.2325E-01
 ------------------------------------------------------------------------------


 NSTEP =    31000   TIME(PS) =      81.000  TEMP(K) =   315.93  PRESS =     0.0
 Etot   =      -862.6338  EKtot   =       226.3250  EPtot      =     -1088.9588
 BOND   =         0.7650  ANGLE   =         6.1642  DIHED      =         1.5383
 1-4 NB =         0.0923  1-4 EEL =       102.2380  VDWAALS    =       137.2744
 EELEC  =     -1337.0309  EHBOND  =         0.0000  RESTRAINT  =         0.0000
 Ewald error estimate:   0.2719E-01
 ------------------------------------------------------------------------------


 NSTEP =    31500   TIME(PS) =      81.500  TEMP(K) =   304.01  PRESS =     0.0
 Etot   =      -868.9097  EKtot   =       217.7860  EPtot      =     -1086.6958
 BOND   =         1.9610  ANGLE   =         5.2776  DIHED      =         0.9016
 1-4 NB =         0.1383  1-4 EEL =       108.4177  VDWAALS    =       180.9317
 EELEC  =     -1384.3237  EHBOND  =         0.0000  RESTRAINT  =         0.0000
 Ewald error estimate:   0.1678E-01
 ------------------------------------------------------------------------------


 NSTEP =    32000   TIME(PS) =      82.000  TEMP(K) =   285.28  PRESS =     0.0
 Etot   =      -847.6390  EKtot   =       204.3686  EPtot      =     -1052.0076
 BOND   =         2.7686  ANGLE   =        11.7968  DIHED      =         3.2890
 1-4 NB =         0.1602  1-4 EEL =       107.0976  VDWAALS    =       181.8173
 EELEC  =     -1358.9371  EHBOND  =         0.0000  RESTRAINT  =         0.0000
 Ewald error estimate:   0.1624E-01
 ------------------------------------------------------------------------------


 NSTEP =    32500   TIME(PS) =      82.500  TEMP(K) =   288.98  PRESS =     0.0
 Etot   =      -860.2739  EKtot   =       207.0178  EPtot      =     -1067.2917
 BOND   =         0.8563  ANGLE   =         3.0596  DIHED      =         2.3540
 1-4 NB =        -0.0165  1-4 EEL =       104.2092  VDWAALS    =       168.9833
 EELEC  =     -1346.7376  EHBOND  =         0.0000  RESTRAINT  =         0.0000
 Ewald error estimate:   0.2068E-01
 ------------------------------------------------------------------------------


 NSTEP =    33000   TIME(PS) =      83.000  TEMP(K) =   312.75  PRESS =     0.0
 Etot   =      -854.9823  EKtot   =       224.0475  EPtot      =     -1079.0299
 BOND   =         1.0228  ANGLE   =         4.9904  DIHED      =         1.0212
 1-4 NB =         0.0253  1-4 EEL =       103.8408  VDWAALS    =       162.0338
 EELEC  =     -1351.9643  EHBOND  =         0.0000  RESTRAINT  =         0.0000
 Ewald error estimate:   0.2917E-01
 ------------------------------------------------------------------------------


 NSTEP =    33500   TIME(PS) =      83.500  TEMP(K) =   318.53  PRESS =     0.0
 Etot   =      -873.1178  EKtot   =       228.1886  EPtot      =     -1101.3064
 BOND   =         0.4916  ANGLE   =         5.1059  DIHED      =         1.0695
 1-4 NB =        -0.1075  1-4 EEL =       104.5979  VDWAALS    =       185.1925
 EELEC  =     -1397.6564  EHBOND  =         0.0000  RESTRAINT  =         0.0000
 Ewald error estimate:   0.1732E-01
 ------------------------------------------------------------------------------


 NSTEP =    34000   TIME(PS) =      84.000  TEMP(K) =   304.67  PRESS =     0.0
 Etot   =      -857.1693  EKtot   =       218.2616  EPtot      =     -1075.4310
 BOND   =         0.1518  ANGLE   =         3.8533  DIHED      =         2.2832
 1-4 NB =         0.4257  1-4 EEL =       111.3719  VDWAALS    =       170.5085
 EELEC  =     -1364.0254  EHBOND  =         0.0000  RESTRAINT  =         0.0000
 Ewald error estimate:   0.2541E-01
 ------------------------------------------------------------------------------


 NSTEP =    34500   TIME(PS) =      84.500  TEMP(K) =   285.72  PRESS =     0.0
 Etot   =      -871.0571  EKtot   =       204.6838  EPtot      =     -1075.7409
 BOND   =         0.5010  ANGLE   =         3.1794  DIHED      =         1.2435
 1-4 NB =        -0.0161  1-4 EEL =       105.4187  VDWAALS    =       155.0285
 EELEC  =     -1341.0961  EHBOND  =         0.0000  RESTRAINT  =         0.0000
 Ewald error estimate:   0.1941E-01
 ------------------------------------------------------------------------------


 NSTEP =    35000   TIME(PS) =      85.000  TEMP(K) =   319.72  PRESS =     0.0
 Etot   =      -881.3456  EKtot   =       229.0445  EPtot      =     -1110.3901
 BOND   =         0.5418  ANGLE   =         4.6192  DIHED      =         1.7010
 1-4 NB =         0.4844  1-4 EEL =       110.8550  VDWAALS    =       171.2298
 EELEC  =     -1399.8212  EHBOND  =         0.0000  RESTRAINT  =         0.0000
 Ewald error estimate:   0.1948E-01
 ------------------------------------------------------------------------------


 NSTEP =    35500   TIME(PS) =      85.500  TEMP(K) =   313.17  PRESS =     0.0
 Etot   =      -867.0947  EKtot   =       224.3513  EPtot      =     -1091.4460
 BOND   =         0.1377  ANGLE   =         5.2420  DIHED      =         2.2688
 1-4 NB =         0.1281  1-4 EEL =       108.0680  VDWAALS    =       187.5801
 EELEC  =     -1394.8707  EHBOND  =         0.0000  RESTRAINT  =         0.0000
 Ewald error estimate:   0.1852E-01
 ------------------------------------------------------------------------------


 NSTEP =    36000   TIME(PS) =      86.000  TEMP(K) =   331.03  PRESS =     0.0
 Etot   =      -846.0217  EKtot   =       237.1436  EPtot      =     -1083.1653
 BOND   =         1.5252  ANGLE   =         9.3957  DIHED      =         3.1593
 1-4 NB =        -0.1656  1-4 EEL =       101.4391  VDWAALS    =       126.3060
 EELEC  =     -1324.8251  EHBOND  =         0.0000  RESTRAINT  =         0.0000
 Ewald error estimate:   0.2265E-01
 ------------------------------------------------------------------------------


 NSTEP =    36500   TIME(PS) =      86.500  TEMP(K) =   302.62  PRESS =     0.0
 Etot   =      -883.7559  EKtot   =       216.7942  EPtot      =     -1100.5501
 BOND   =         0.5881  ANGLE   =         7.0532  DIHED      =         0.9842
 1-4 NB =        -0.0881  1-4 EEL =       105.2627  VDWAALS    =       160.2378
 EELEC  =     -1374.5879  EHBOND  =         0.0000  RESTRAINT  =         0.0000
 Ewald error estimate:   0.1826E-01
 ------------------------------------------------------------------------------


 NSTEP =    37000   TIME(PS) =      87.000  TEMP(K) =   326.28  PRESS =     0.0
 Etot   =      -844.3777  EKtot   =       233.7437  EPtot      =     -1078.1213
 BOND   =         0.0747  ANGLE   =         6.6380  DIHED      =         1.1540
 1-4 NB =         0.0727  1-4 EEL =       107.4440  VDWAALS    =       154.9142
 EELEC  =     -1348.4191  EHBOND  =         0.0000  RESTRAINT  =         0.0000
 Ewald error estimate:   0.2276E-01
 ------------------------------------------------------------------------------


 NSTEP =    37500   TIME(PS) =      87.500  TEMP(K) =   282.93  PRESS =     0.0
 Etot   =      -864.6384  EKtot   =       202.6844  EPtot      =     -1067.3228
 BOND   =         0.0930  ANGLE   =         3.4688  DIHED      =         1.1642
 1-4 NB =         0.2238  1-4 EEL =       109.9011  VDWAALS    =       154.5231
 EELEC  =     -1336.6967  EHBOND  =         0.0000  RESTRAINT  =         0.0000
 Ewald error estimate:   0.2431E-01
 ------------------------------------------------------------------------------


 NSTEP =    38000   TIME(PS) =      88.000  TEMP(K) =   284.54  PRESS =     0.0
 Etot   =      -871.5462  EKtot   =       203.8410  EPtot      =     -1075.3872
 BOND   =         0.5435  ANGLE   =         5.0366  DIHED      =         1.4737
 1-4 NB =         0.7097  1-4 EEL =       111.3127  VDWAALS    =       182.8161
 EELEC  =     -1377.2793  EHBOND  =         0.0000  RESTRAINT  =         0.0000
 Ewald error estimate:   0.1619E-01
 ------------------------------------------------------------------------------


 NSTEP =    38500   TIME(PS) =      88.500  TEMP(K) =   307.45  PRESS =     0.0
 Etot   =      -863.5710  EKtot   =       220.2510  EPtot      =     -1083.8220
 BOND   =         0.4015  ANGLE   =         2.9329  DIHED      =         1.4410
 1-4 NB =         0.4397  1-4 EEL =       113.3457  VDWAALS    =       156.9905
 EELEC  =     -1359.3731  EHBOND  =         0.0000  RESTRAINT  =         0.0000
 Ewald error estimate:   0.1988E-01
 ------------------------------------------------------------------------------


 NSTEP =    39000   TIME(PS) =      89.000  TEMP(K) =   298.81  PRESS =     0.0
 Etot   =      -847.7261  EKtot   =       214.0589  EPtot      =     -1061.7849
 BOND   =         3.4914  ANGLE   =         4.2993  DIHED      =         0.7083
 1-4 NB =        -0.1442  1-4 EEL =       104.6188  VDWAALS    =       155.2472
 EELEC  =     -1330.0056  EHBOND  =         0.0000  RESTRAINT  =         0.0000
 Ewald error estimate:   0.1991E-01
 ------------------------------------------------------------------------------


 NSTEP =    39500   TIME(PS) =      89.500  TEMP(K) =   295.35  PRESS =     0.0
 Etot   =      -849.7940  EKtot   =       211.5808  EPtot      =     -1061.3748
 BOND   =         0.5891  ANGLE   =         3.8664  DIHED      =         2.7977
 1-4 NB =         0.4453  1-4 EEL =       111.4052  VDWAALS    =       165.9291
 EELEC  =     -1346.4078  EHBOND  =         0.0000  RESTRAINT  =         0.0000
 Ewald error estimate:   0.2180E-01
 ------------------------------------------------------------------------------


 NSTEP =    40000   TIME(PS) =      90.000  TEMP(K) =   281.13  PRESS =     0.0
 Etot   =      -846.4353  EKtot   =       201.3940  EPtot      =     -1047.8293
 BOND   =         1.6431  ANGLE   =         3.7109  DIHED      =         1.3510
 1-4 NB =        -0.0217  1-4 EEL =       106.5354  VDWAALS    =       161.7433
 EELEC  =     -1322.7913  EHBOND  =         0.0000  RESTRAINT  =         0.0000
 Ewald error estimate:   0.1576E-01
 ------------------------------------------------------------------------------


 NSTEP =    40500   TIME(PS) =      90.500  TEMP(K) =   282.63  PRESS =     0.0
 Etot   =      -873.8732  EKtot   =       202.4742  EPtot      =     -1076.3475
 BOND   =         0.9081  ANGLE   =         5.4126  DIHED      =         1.8850
 1-4 NB =         0.2325  1-4 EEL =       109.4584  VDWAALS    =       172.9192
 EELEC  =     -1367.1632  EHBOND  =         0.0000  RESTRAINT  =         0.0000
 Ewald error estimate:   0.1832E-01
 ------------------------------------------------------------------------------


 NSTEP =    41000   TIME(PS) =      91.000  TEMP(K) =   300.63  PRESS =     0.0
 Etot   =      -870.7215  EKtot   =       215.3653  EPtot      =     -1086.0868
 BOND   =         0.3229  ANGLE   =         4.5624  DIHED      =         1.3811
 1-4 NB =         0.1501  1-4 EEL =       110.4310  VDWAALS    =       169.2236
 EELEC  =     -1372.1578  EHBOND  =         0.0000  RESTRAINT  =         0.0000
 Ewald error estimate:   0.1501E-01
 ------------------------------------------------------------------------------


 NSTEP =    41500   TIME(PS) =      91.500  TEMP(K) =   291.84  PRESS =     0.0
 Etot   =      -861.6174  EKtot   =       209.0695  EPtot      =     -1070.6869
 BOND   =         1.4093  ANGLE   =         4.7940  DIHED      =         0.9079
 1-4 NB =         0.2720  1-4 EEL =       106.6523  VDWAALS    =       176.3259
 EELEC  =     -1361.0483  EHBOND  =         0.0000  RESTRAINT  =         0.0000
 Ewald error estimate:   0.2203E-01
 ------------------------------------------------------------------------------


 NSTEP =    42000   TIME(PS) =      92.000  TEMP(K) =   287.28  PRESS =     0.0
 Etot   =      -892.8816  EKtot   =       205.8035  EPtot      =     -1098.6851
 BOND   =         0.7304  ANGLE   =         5.9881  DIHED      =         1.6537
 1-4 NB =         0.3630  1-4 EEL =       103.5452  VDWAALS    =       174.0828
 EELEC  =     -1385.0483  EHBOND  =         0.0000  RESTRAINT  =         0.0000
 Ewald error estimate:   0.6961E-02
 ------------------------------------------------------------------------------


 NSTEP =    42500   TIME(PS) =      92.500  TEMP(K) =   300.17  PRESS =     0.0
 Etot   =      -884.0846  EKtot   =       215.0386  EPtot      =     -1099.1232
 BOND   =         0.9868  ANGLE   =         3.3283  DIHED      =         0.5320
 1-4 NB =        -0.0396  1-4 EEL =       103.5932  VDWAALS    =       147.1485
 EELEC  =     -1354.6725  EHBOND  =         0.0000  RESTRAINT  =         0.0000
 Ewald error estimate:   0.1537E-01
 ------------------------------------------------------------------------------


 NSTEP =    43000   TIME(PS) =      93.000  TEMP(K) =   319.80  PRESS =     0.0
 Etot   =      -873.7028  EKtot   =       229.0969  EPtot      =     -1102.7997
 BOND   =         1.7589  ANGLE   =         5.4911  DIHED      =         1.6270
 1-4 NB =         0.7380  1-4 EEL =       111.0843  VDWAALS    =       162.2965
 EELEC  =     -1385.7955  EHBOND  =         0.0000  RESTRAINT  =         0.0000
 Ewald error estimate:   0.2174E-01
 ------------------------------------------------------------------------------


 NSTEP =    43500   TIME(PS) =      93.500  TEMP(K) =   299.94  PRESS =     0.0
 Etot   =      -874.3993  EKtot   =       214.8703  EPtot      =     -1089.2697
 BOND   =         1.1464  ANGLE   =         3.7381  DIHED      =         1.0542
 1-4 NB =         0.4151  1-4 EEL =       109.9708  VDWAALS    =       191.7835
 EELEC  =     -1397.3778  EHBOND  =         0.0000  RESTRAINT  =         0.0000
 Ewald error estimate:   0.2187E-01
 ------------------------------------------------------------------------------


 NSTEP =    44000   TIME(PS) =      94.000  TEMP(K) =   272.56  PRESS =     0.0
 Etot   =      -884.6422  EKtot   =       195.2576  EPtot      =     -1079.8998
 BOND   =         0.9181  ANGLE   =         2.0425  DIHED      =         0.8918
 1-4 NB =         0.1570  1-4 EEL =       109.0831  VDWAALS    =       165.3336
 EELEC  =     -1358.3260  EHBOND  =         0.0000  RESTRAINT  =         0.0000
 Ewald error estimate:   0.1550E-01
 ------------------------------------------------------------------------------


 NSTEP =    44500   TIME(PS) =      94.500  TEMP(K) =   277.57  PRESS =     0.0
 Etot   =      -873.6759  EKtot   =       198.8494  EPtot      =     -1072.5254
 BOND   =         0.5733  ANGLE   =         9.3125  DIHED      =         1.0219
 1-4 NB =         0.2328  1-4 EEL =       106.2468  VDWAALS    =       161.1620
 EELEC  =     -1351.0747  EHBOND  =         0.0000  RESTRAINT  =         0.0000
 Ewald error estimate:   0.1761E-01
 ------------------------------------------------------------------------------


 NSTEP =    45000   TIME(PS) =      95.000  TEMP(K) =   299.83  PRESS =     0.0
 Etot   =      -864.6069  EKtot   =       214.7962  EPtot      =     -1079.4031
 BOND   =         1.9347  ANGLE   =         6.1747  DIHED      =         1.1923
 1-4 NB =         1.1635  1-4 EEL =       114.6564  VDWAALS    =       181.9971
 EELEC  =     -1386.5219  EHBOND  =         0.0000  RESTRAINT  =         0.0000
 Ewald error estimate:   0.1138E-01
 ------------------------------------------------------------------------------


 NSTEP =    45500   TIME(PS) =      95.500  TEMP(K) =   285.81  PRESS =     0.0
 Etot   =      -888.1537  EKtot   =       204.7496  EPtot      =     -1092.9033
 BOND   =         1.7350  ANGLE   =         4.9337  DIHED      =         1.3046
 1-4 NB =         0.9916  1-4 EEL =       114.1704  VDWAALS    =       171.9434
 EELEC  =     -1387.9820  EHBOND  =         0.0000  RESTRAINT  =         0.0000
 Ewald error estimate:   0.2002E-01
 ------------------------------------------------------------------------------


 NSTEP =    46000   TIME(PS) =      96.000  TEMP(K) =   287.44  PRESS =     0.0
 Etot   =      -904.1200  EKtot   =       205.9170  EPtot      =     -1110.0370
 BOND   =         0.6407  ANGLE   =         4.0571  DIHED      =         1.3326
 1-4 NB =         0.2191  1-4 EEL =       105.8273  VDWAALS    =       170.5732
 EELEC  =     -1392.6870  EHBOND  =         0.0000  RESTRAINT  =         0.0000
 Ewald error estimate:   0.1543E-01
 ------------------------------------------------------------------------------


 NSTEP =    46500   TIME(PS) =      96.500  TEMP(K) =   281.76  PRESS =     0.0
 Etot   =      -910.0299  EKtot   =       201.8502  EPtot      =     -1111.8801
 BOND   =         0.8698  ANGLE   =         4.6226  DIHED      =         1.0575
 1-4 NB =         0.2876  1-4 EEL =       107.5548  VDWAALS    =       166.7600
 EELEC  =     -1393.0324  EHBOND  =         0.0000  RESTRAINT  =         0.0000
 Ewald error estimate:   0.1993E-01
 ------------------------------------------------------------------------------


 NSTEP =    47000   TIME(PS) =      97.000  TEMP(K) =   271.21  PRESS =     0.0
 Etot   =      -904.0010  EKtot   =       194.2896  EPtot      =     -1098.2906
 BOND   =         0.3589  ANGLE   =         3.9979  DIHED      =         1.7333
 1-4 NB =         0.1955  1-4 EEL =       107.8514  VDWAALS    =       164.8481
 EELEC  =     -1377.2757  EHBOND  =         0.0000  RESTRAINT  =         0.0000
 Ewald error estimate:   0.1182E-01
 ------------------------------------------------------------------------------


 NSTEP =    47500   TIME(PS) =      97.500  TEMP(K) =   299.21  PRESS =     0.0
 Etot   =      -878.1355  EKtot   =       214.3498  EPtot      =     -1092.4852
 BOND   =         2.9339  ANGLE   =         3.6351  DIHED      =         2.1630
 1-4 NB =        -0.1082  1-4 EEL =       104.0069  VDWAALS    =       155.8075
 EELEC  =     -1360.9235  EHBOND  =         0.0000  RESTRAINT  =         0.0000
 Ewald error estimate:   0.1515E-01
 ------------------------------------------------------------------------------


 NSTEP =    48000   TIME(PS) =      98.000  TEMP(K) =   295.47  PRESS =     0.0
 Etot   =      -870.4718  EKtot   =       211.6664  EPtot      =     -1082.1382
 BOND   =         3.7704  ANGLE   =         5.3608  DIHED      =         0.6631
 1-4 NB =         0.4504  1-4 EEL =       111.6573  VDWAALS    =       170.5746
 EELEC  =     -1374.6148  EHBOND  =         0.0000  RESTRAINT  =         0.0000
 Ewald error estimate:   0.1965E-01
 ------------------------------------------------------------------------------


 NSTEP =    48500   TIME(PS) =      98.500  TEMP(K) =   295.17  PRESS =     0.0
 Etot   =      -872.3315  EKtot   =       211.4562  EPtot      =     -1083.7877
 BOND   =         0.2675  ANGLE   =         9.3310  DIHED      =         0.6181
 1-4 NB =         0.5595  1-4 EEL =       108.3697  VDWAALS    =       155.0262
 EELEC  =     -1357.9597  EHBOND  =         0.0000  RESTRAINT  =         0.0000
 Ewald error estimate:   0.1575E-01
 ------------------------------------------------------------------------------


 NSTEP =    49000   TIME(PS) =      99.000  TEMP(K) =   291.52  PRESS =     0.0
 Etot   =      -872.4215  EKtot   =       208.8392  EPtot      =     -1081.2607
 BOND   =         0.4998  ANGLE   =         4.9623  DIHED      =         1.2988
 1-4 NB =         0.2858  1-4 EEL =       109.1863  VDWAALS    =       192.8414
 EELEC  =     -1390.3351  EHBOND  =         0.0000  RESTRAINT  =         0.0000
 Ewald error estimate:   0.1897E-01
 ------------------------------------------------------------------------------


 NSTEP =    49500   TIME(PS) =      99.500  TEMP(K) =   285.14  PRESS =     0.0
 Etot   =      -869.3322  EKtot   =       204.2680  EPtot      =     -1073.6002
 BOND   =         0.3127  ANGLE   =         3.3715  DIHED      =         1.5727
 1-4 NB =         0.3630  1-4 EEL =       110.5314  VDWAALS    =       174.1762
 EELEC  =     -1363.9277  EHBOND  =         0.0000  RESTRAINT  =         0.0000
 Ewald error estimate:   0.1770E-01
 ------------------------------------------------------------------------------


 NSTEP =    50000   TIME(PS) =     100.000  TEMP(K) =   300.66  PRESS =     0.0
 Etot   =      -856.5315  EKtot   =       215.3905  EPtot      =     -1071.9220
 BOND   =         4.6286  ANGLE   =         4.2158  DIHED      =         1.0425
 1-4 NB =        -0.0810  1-4 EEL =       105.0861  VDWAALS    =       149.4093
 EELEC  =     -1336.2233  EHBOND  =         0.0000  RESTRAINT  =         0.0000
 Ewald error estimate:   0.1599E-01
 ------------------------------------------------------------------------------


 NSTEP =    50500   TIME(PS) =     100.500  TEMP(K) =   332.60  PRESS =     0.0
 Etot   =      -838.9472  EKtot   =       238.2667  EPtot      =     -1077.2139
 BOND   =         0.5963  ANGLE   =         5.1958  DIHED      =         1.8590
 1-4 NB =        -0.0707  1-4 EEL =       107.1665  VDWAALS    =       159.2996
 EELEC  =     -1351.2606  EHBOND  =         0.0000  RESTRAINT  =         0.0000
 Ewald error estimate:   0.2643E-01
 ------------------------------------------------------------------------------


 NSTEP =    51000   TIME(PS) =     101.000  TEMP(K) =   325.39  PRESS =     0.0
 Etot   =      -843.9491  EKtot   =       233.1061  EPtot      =     -1077.0551
 BOND   =         0.0081  ANGLE   =         7.5334  DIHED      =         0.8627
 1-4 NB =         0.0977  1-4 EEL =       107.1364  VDWAALS    =       207.1922
 EELEC  =     -1399.8857  EHBOND  =         0.0000  RESTRAINT  =         0.0000
 Ewald error estimate:   0.1493E-01
 ------------------------------------------------------------------------------


 NSTEP =    51500   TIME(PS) =     101.500  TEMP(K) =   289.10  PRESS =     0.0
 Etot   =      -883.5775  EKtot   =       207.1044  EPtot      =     -1090.6819
 BOND   =         0.8390  ANGLE   =         7.6875  DIHED      =         1.4154
 1-4 NB =         0.2975  1-4 EEL =       111.4749  VDWAALS    =       173.0329
 EELEC  =     -1385.4290  EHBOND  =         0.0000  RESTRAINT  =         0.0000
 Ewald error estimate:   0.2793E-01
 ------------------------------------------------------------------------------


 NSTEP =    52000   TIME(PS) =     102.000  TEMP(K) =   304.80  PRESS =     0.0
 Etot   =      -893.1743  EKtot   =       218.3501  EPtot      =     -1111.5244
 BOND   =         0.3560  ANGLE   =         4.2949  DIHED      =         0.8787
 1-4 NB =         0.6621  1-4 EEL =       112.2760  VDWAALS    =       171.3745
 EELEC  =     -1401.3667  EHBOND  =         0.0000  RESTRAINT  =         0.0000
 Ewald error estimate:   0.2623E-01
 ------------------------------------------------------------------------------


 NSTEP =    52500   TIME(PS) =     102.500  TEMP(K) =   290.66  PRESS =     0.0
 Etot   =      -877.1359  EKtot   =       208.2221  EPtot      =     -1085.3580
 BOND   =         0.1461  ANGLE   =         3.2805  DIHED      =         1.6814
 1-4 NB =         0.7268  1-4 EEL =       112.0571  VDWAALS    =       172.3930
 EELEC  =     -1375.6428  EHBOND  =         0.0000  RESTRAINT  =         0.0000
 Ewald error estimate:   0.1833E-01
 ------------------------------------------------------------------------------


 NSTEP =    53000   TIME(PS) =     103.000  TEMP(K) =   292.84  PRESS =     0.0
 Etot   =      -888.1748  EKtot   =       209.7842  EPtot      =     -1097.9590
 BOND   =         0.4110  ANGLE   =         3.3504  DIHED      =         0.8559
 1-4 NB =         0.1232  1-4 EEL =       105.3003  VDWAALS    =       161.9725
 EELEC  =     -1369.9722  EHBOND  =         0.0000  RESTRAINT  =         0.0000
 Ewald error estimate:   0.2019E-01
 ------------------------------------------------------------------------------


 NSTEP =    53500   TIME(PS) =     103.500  TEMP(K) =   291.66  PRESS =     0.0
 Etot   =      -866.4117  EKtot   =       208.9418  EPtot      =     -1075.3535
 BOND   =         0.7223  ANGLE   =         6.1949  DIHED      =         0.9662
 1-4 NB =        -0.0711  1-4 EEL =       104.0626  VDWAALS    =       166.8370
 EELEC  =     -1354.0653  EHBOND  =         0.0000  RESTRAINT  =         0.0000
 Ewald error estimate:   0.1074E-01
 ------------------------------------------------------------------------------


 NSTEP =    54000   TIME(PS) =     104.000  TEMP(K) =   282.82  PRESS =     0.0
 Etot   =      -864.2590  EKtot   =       202.6046  EPtot      =     -1066.8636
 BOND   =         0.8708  ANGLE   =         6.1307  DIHED      =         1.0253
 1-4 NB =         0.3407  1-4 EEL =       111.5428  VDWAALS    =       153.1571
 EELEC  =     -1339.9309  EHBOND  =         0.0000  RESTRAINT  =         0.0000
 Ewald error estimate:   0.2142E-01
 ------------------------------------------------------------------------------


 NSTEP =    54500   TIME(PS) =     104.500  TEMP(K) =   292.75  PRESS =     0.0
 Etot   =      -869.7500  EKtot   =       209.7201  EPtot      =     -1079.4700
 BOND   =         0.8080  ANGLE   =         6.8942  DIHED      =         1.2036
 1-4 NB =         0.1095  1-4 EEL =       107.2808  VDWAALS    =       159.9124
 EELEC  =     -1355.6785  EHBOND  =         0.0000  RESTRAINT  =         0.0000
 Ewald error estimate:   0.2123E-01
 ------------------------------------------------------------------------------


 NSTEP =    55000   TIME(PS) =     105.000  TEMP(K) =   307.31  PRESS =     0.0
 Etot   =      -847.3592  EKtot   =       220.1499  EPtot      =     -1067.5091
 BOND   =         0.8499  ANGLE   =         8.1235  DIHED      =         0.5988
 1-4 NB =         0.4812  1-4 EEL =       108.6856  VDWAALS    =       163.7678
 EELEC  =     -1350.0159  EHBOND  =         0.0000  RESTRAINT  =         0.0000
 Ewald error estimate:   0.1637E-01
 ------------------------------------------------------------------------------


 NSTEP =    55500   TIME(PS) =     105.500  TEMP(K) =   293.36  PRESS =     0.0
 Etot   =      -834.8293  EKtot   =       210.1547  EPtot      =     -1044.9840
 BOND   =         0.0491  ANGLE   =         4.6155  DIHED      =         0.8131
 1-4 NB =         0.5243  1-4 EEL =       109.5864  VDWAALS    =       128.1043
 EELEC  =     -1288.6765  EHBOND  =         0.0000  RESTRAINT  =         0.0000
 Ewald error estimate:   0.1587E-01
 ------------------------------------------------------------------------------


 NSTEP =    56000   TIME(PS) =     106.000  TEMP(K) =   295.24  PRESS =     0.0
 Etot   =      -855.0718  EKtot   =       211.5032  EPtot      =     -1066.5750
 BOND   =         0.2346  ANGLE   =         5.2350  DIHED      =         3.6089
 1-4 NB =         0.4024  1-4 EEL =       109.7814  VDWAALS    =       165.1299
 EELEC  =     -1350.9673  EHBOND  =         0.0000  RESTRAINT  =         0.0000
 Ewald error estimate:   0.2758E-01
 ------------------------------------------------------------------------------


 NSTEP =    56500   TIME(PS) =     106.500  TEMP(K) =   308.80  PRESS =     0.0
 Etot   =      -829.2692  EKtot   =       221.2165  EPtot      =     -1050.4857
 BOND   =         0.5923  ANGLE   =         6.4615  DIHED      =         3.1000
 1-4 NB =         1.6001  1-4 EEL =       116.6368  VDWAALS    =       172.1409
 EELEC  =     -1351.0173  EHBOND  =         0.0000  RESTRAINT  =         0.0000
 Ewald error estimate:   0.2131E-01
 ------------------------------------------------------------------------------


 NSTEP =    57000   TIME(PS) =     107.000  TEMP(K) =   304.00  PRESS =     0.0
 Etot   =      -815.5149  EKtot   =       217.7790  EPtot      =     -1033.2939
 BOND   =         0.7534  ANGLE   =         7.1657  DIHED      =         0.9579
 1-4 NB =         0.0323  1-4 EEL =       103.0101  VDWAALS    =       159.2502
 EELEC  =     -1304.4636  EHBOND  =         0.0000  RESTRAINT  =         0.0000
 Ewald error estimate:   0.1773E-01
 ------------------------------------------------------------------------------


 NSTEP =    57500   TIME(PS) =     107.500  TEMP(K) =   322.11  PRESS =     0.0
 Etot   =      -828.3997  EKtot   =       230.7518  EPtot      =     -1059.1514
 BOND   =         0.0966  ANGLE   =         3.8865  DIHED      =         0.7253
 1-4 NB =         0.0631  1-4 EEL =       106.2718  VDWAALS    =       188.8478
 EELEC  =     -1359.0425  EHBOND  =         0.0000  RESTRAINT  =         0.0000
 Ewald error estimate:   0.2258E-01
 ------------------------------------------------------------------------------


 NSTEP =    58000   TIME(PS) =     108.000  TEMP(K) =   288.92  PRESS =     0.0
 Etot   =      -890.2857  EKtot   =       206.9783  EPtot      =     -1097.2641
 BOND   =         1.6673  ANGLE   =         3.1079  DIHED      =         1.1168
 1-4 NB =         0.1525  1-4 EEL =       108.0253  VDWAALS    =       127.9575
 EELEC  =     -1339.2913  EHBOND  =         0.0000  RESTRAINT  =         0.0000
 Ewald error estimate:   0.2353E-01
 ------------------------------------------------------------------------------


 NSTEP =    58500   TIME(PS) =     108.500  TEMP(K) =   306.46  PRESS =     0.0
 Etot   =      -881.1269  EKtot   =       219.5430  EPtot      =     -1100.6699
 BOND   =         0.7312  ANGLE   =         5.4474  DIHED      =         0.7019
 1-4 NB =         0.0330  1-4 EEL =       106.2997  VDWAALS    =       178.0749
 EELEC  =     -1391.9581  EHBOND  =         0.0000  RESTRAINT  =         0.0000
 Ewald error estimate:   0.2146E-01
 ------------------------------------------------------------------------------


 NSTEP =    59000   TIME(PS) =     109.000  TEMP(K) =   295.24  PRESS =     0.0
 Etot   =      -883.0077  EKtot   =       211.5081  EPtot      =     -1094.5158
 BOND   =         0.8423  ANGLE   =         1.4113  DIHED      =         1.2495
 1-4 NB =         0.2242  1-4 EEL =       110.9719  VDWAALS    =       153.0733
 EELEC  =     -1362.2883  EHBOND  =         0.0000  RESTRAINT  =         0.0000
 Ewald error estimate:   0.2360E-01
 ------------------------------------------------------------------------------


 NSTEP =    59500   TIME(PS) =     109.500  TEMP(K) =   277.39  PRESS =     0.0
 Etot   =      -867.6381  EKtot   =       198.7164  EPtot      =     -1066.3544
 BOND   =         1.4334  ANGLE   =         5.0829  DIHED      =         1.0849
 1-4 NB =        -0.0971  1-4 EEL =       104.0881  VDWAALS    =       173.1161
 EELEC  =     -1351.0627  EHBOND  =         0.0000  RESTRAINT  =         0.0000
 Ewald error estimate:   0.2082E-01
 ------------------------------------------------------------------------------


 NSTEP =    60000   TIME(PS) =     110.000  TEMP(K) =   321.46  PRESS =     0.0
 Etot   =      -852.8697  EKtot   =       230.2862  EPtot      =     -1083.1560
 BOND   =         0.9120  ANGLE   =         4.7228  DIHED      =         1.1578
 1-4 NB =         0.1817  1-4 EEL =       108.5634  VDWAALS    =       166.5811
 EELEC  =     -1365.2749  EHBOND  =         0.0000  RESTRAINT  =         0.0000
 Ewald error estimate:   0.1922E-01
 ------------------------------------------------------------------------------


 NSTEP =    60500   TIME(PS) =     110.500  TEMP(K) =   312.47  PRESS =     0.0
 Etot   =      -835.9586  EKtot   =       223.8508  EPtot      =     -1059.8094
 BOND   =         0.3602  ANGLE   =         5.0028  DIHED      =         1.6012
 1-4 NB =         0.8996  1-4 EEL =       112.5988  VDWAALS    =       158.4052
 EELEC  =     -1338.6771  EHBOND  =         0.0000  RESTRAINT  =         0.0000
 Ewald error estimate:   0.1234E-01
 ------------------------------------------------------------------------------


 NSTEP =    61000   TIME(PS) =     111.000  TEMP(K) =   281.59  PRESS =     0.0
 Etot   =      -871.7490  EKtot   =       201.7282  EPtot      =     -1073.4771
 BOND   =         0.1098  ANGLE   =         4.3738  DIHED      =         1.4640
 1-4 NB =         0.4511  1-4 EEL =       110.3490  VDWAALS    =       148.5197
 EELEC  =     -1338.7445  EHBOND  =         0.0000  RESTRAINT  =         0.0000
 Ewald error estimate:   0.1913E-01
 ------------------------------------------------------------------------------


 NSTEP =    61500   TIME(PS) =     111.500  TEMP(K) =   295.79  PRESS =     0.0
 Etot   =      -856.7409  EKtot   =       211.8999  EPtot      =     -1068.6408
 BOND   =         0.1027  ANGLE   =         6.6868  DIHED      =         2.9102
 1-4 NB =         0.7268  1-4 EEL =       114.7342  VDWAALS    =       170.4481
 EELEC  =     -1364.2498  EHBOND  =         0.0000  RESTRAINT  =         0.0000
 Ewald error estimate:   0.1593E-01
 ------------------------------------------------------------------------------


 NSTEP =    62000   TIME(PS) =     112.000  TEMP(K) =   303.56  PRESS =     0.0
 Etot   =      -837.9333  EKtot   =       217.4674  EPtot      =     -1055.4007
 BOND   =         0.7869  ANGLE   =         6.2701  DIHED      =         1.5554
 1-4 NB =         0.3828  1-4 EEL =       110.3624  VDWAALS    =       166.9283
 EELEC  =     -1341.6866  EHBOND  =         0.0000  RESTRAINT  =         0.0000
 Ewald error estimate:   0.2428E-01
 ------------------------------------------------------------------------------


 NSTEP =    62500   TIME(PS) =     112.500  TEMP(K) =   306.89  PRESS =     0.0
 Etot   =      -832.7144  EKtot   =       219.8492  EPtot      =     -1052.5636
 BOND   =         0.2867  ANGLE   =         6.7222  DIHED      =         3.0645
 1-4 NB =         0.0866  1-4 EEL =       108.0625  VDWAALS    =       169.8623
 EELEC  =     -1340.6483  EHBOND  =         0.0000  RESTRAINT  =         0.0000
 Ewald error estimate:   0.1428E-01
 ------------------------------------------------------------------------------


 NSTEP =    63000   TIME(PS) =     113.000  TEMP(K) =   278.45  PRESS =     0.0
 Etot   =      -862.9710  EKtot   =       199.4748  EPtot      =     -1062.4458
 BOND   =         0.7862  ANGLE   =         3.9025  DIHED      =         2.3128
 1-4 NB =         0.6307  1-4 EEL =       112.7655  VDWAALS    =       188.0759
 EELEC  =     -1370.9194  EHBOND  =         0.0000  RESTRAINT  =         0.0000
 Ewald error estimate:   0.1186E-01
 ------------------------------------------------------------------------------


 NSTEP =    63500   TIME(PS) =     113.500  TEMP(K) =   311.06  PRESS =     0.0
 Etot   =      -832.1164  EKtot   =       222.8361  EPtot      =     -1054.9525
 BOND   =         1.2482  ANGLE   =        12.7066  DIHED      =         2.5097
 1-4 NB =         0.4943  1-4 EEL =       110.6398  VDWAALS    =       174.1361
 EELEC  =     -1356.6872  EHBOND  =         0.0000  RESTRAINT  =         0.0000
 Ewald error estimate:   0.1948E-01
 ------------------------------------------------------------------------------


 NSTEP =    64000   TIME(PS) =     114.000  TEMP(K) =   314.02  PRESS =     0.0
 Etot   =      -830.5801  EKtot   =       224.9598  EPtot      =     -1055.5399
 BOND   =         0.9348  ANGLE   =         4.6725  DIHED      =         2.7494
 1-4 NB =         0.1729  1-4 EEL =       108.8175  VDWAALS    =       153.4575
 EELEC  =     -1326.3445  EHBOND  =         0.0000  RESTRAINT  =         0.0000
 Ewald error estimate:   0.1887E-01
 ------------------------------------------------------------------------------


 NSTEP =    64500   TIME(PS) =     114.500  TEMP(K) =   311.35  PRESS =     0.0
 Etot   =      -815.0696  EKtot   =       223.0464  EPtot      =     -1038.1161
 BOND   =         0.3083  ANGLE   =         5.0268  DIHED      =         1.3448
 1-4 NB =         0.6225  1-4 EEL =       112.3923  VDWAALS    =       150.7125
 EELEC  =     -1308.5233  EHBOND  =         0.0000  RESTRAINT  =         0.0000
 Ewald error estimate:   0.1677E-01
 ------------------------------------------------------------------------------


 NSTEP =    65000   TIME(PS) =     115.000  TEMP(K) =   308.44  PRESS =     0.0
 Etot   =      -856.1236  EKtot   =       220.9637  EPtot      =     -1077.0873
 BOND   =         0.8056  ANGLE   =        10.1197  DIHED      =         1.6771
 1-4 NB =         0.2143  1-4 EEL =       108.2686  VDWAALS    =       154.7051
 EELEC  =     -1352.8777  EHBOND  =         0.0000  RESTRAINT  =         0.0000
 Ewald error estimate:   0.1409E-01
 ------------------------------------------------------------------------------


 NSTEP =    65500   TIME(PS) =     115.500  TEMP(K) =   295.43  PRESS =     0.0
 Etot   =      -859.1678  EKtot   =       211.6424  EPtot      =     -1070.8103
 BOND   =         0.5116  ANGLE   =         6.8530  DIHED      =         1.1958
 1-4 NB =         0.0373  1-4 EEL =       105.4830  VDWAALS    =       146.3898
 EELEC  =     -1331.2807  EHBOND  =         0.0000  RESTRAINT  =         0.0000
 Ewald error estimate:   0.2060E-01
 ------------------------------------------------------------------------------


 NSTEP =    66000   TIME(PS) =     116.000  TEMP(K) =   294.20  PRESS =     0.0
 Etot   =      -851.8564  EKtot   =       210.7625  EPtot      =     -1062.6188
 BOND   =         1.1501  ANGLE   =        10.2240  DIHED      =         1.5057
 1-4 NB =         0.2844  1-4 EEL =       109.3072  VDWAALS    =       158.6712
 EELEC  =     -1343.7614  EHBOND  =         0.0000  RESTRAINT  =         0.0000
 Ewald error estimate:   0.2848E-01
 ------------------------------------------------------------------------------


 NSTEP =    66500   TIME(PS) =     116.500  TEMP(K) =   281.40  PRESS =     0.0
 Etot   =      -879.0517  EKtot   =       201.5928  EPtot      =     -1080.6446
 BOND   =         1.2320  ANGLE   =         5.9495  DIHED      =         2.2372
 1-4 NB =         0.2100  1-4 EEL =       110.7034  VDWAALS    =       167.9622
 EELEC  =     -1368.9390  EHBOND  =         0.0000  RESTRAINT  =         0.0000
 Ewald error estimate:   0.2023E-01
 ------------------------------------------------------------------------------


 NSTEP =    67000   TIME(PS) =     117.000  TEMP(K) =   289.65  PRESS =     0.0
 Etot   =      -864.5748  EKtot   =       207.4993  EPtot      =     -1072.0741
 BOND   =         0.3808  ANGLE   =         6.2526  DIHED      =         1.7692
 1-4 NB =         0.3223  1-4 EEL =       109.7870  VDWAALS    =       164.8067
 EELEC  =     -1355.3928  EHBOND  =         0.0000  RESTRAINT  =         0.0000
 Ewald error estimate:   0.2884E-01
 ------------------------------------------------------------------------------


 NSTEP =    67500   TIME(PS) =     117.500  TEMP(K) =   292.44  PRESS =     0.0
 Etot   =      -873.9545  EKtot   =       209.4992  EPtot      =     -1083.4537
 BOND   =         1.4197  ANGLE   =         4.2220  DIHED      =         1.9620
 1-4 NB =         0.4661  1-4 EEL =       106.3132  VDWAALS    =       185.2289
 EELEC  =     -1383.0656  EHBOND  =         0.0000  RESTRAINT  =         0.0000
 Ewald error estimate:   0.1500E-01
 ------------------------------------------------------------------------------


 NSTEP =    68000   TIME(PS) =     118.000  TEMP(K) =   314.64  PRESS =     0.0
 Etot   =      -857.1103  EKtot   =       225.4000  EPtot      =     -1082.5102
 BOND   =         0.4814  ANGLE   =         5.3426  DIHED      =         0.7790
 1-4 NB =        -0.0173  1-4 EEL =       105.1178  VDWAALS    =       182.4491
 EELEC  =     -1376.6628  EHBOND  =         0.0000  RESTRAINT  =         0.0000
 Ewald error estimate:   0.1409E-01
 ------------------------------------------------------------------------------


 NSTEP =    68500   TIME(PS) =     118.500  TEMP(K) =   292.76  PRESS =     0.0
 Etot   =      -865.9303  EKtot   =       209.7255  EPtot      =     -1075.6558
 BOND   =         0.2884  ANGLE   =         8.0946  DIHED      =         1.4915
 1-4 NB =        -0.1320  1-4 EEL =       100.8344  VDWAALS    =       139.9922
 EELEC  =     -1326.2249  EHBOND  =         0.0000  RESTRAINT  =         0.0000
 Ewald error estimate:   0.1357E-01
 ------------------------------------------------------------------------------


 NSTEP =    69000   TIME(PS) =     119.000  TEMP(K) =   281.39  PRESS =     0.0
 Etot   =      -862.3219  EKtot   =       201.5833  EPtot      =     -1063.9052
 BOND   =         0.1576  ANGLE   =         4.4046  DIHED      =         1.9015
 1-4 NB =        -0.0184  1-4 EEL =       101.7100  VDWAALS    =       189.0543
 EELEC  =     -1361.1149  EHBOND  =         0.0000  RESTRAINT  =         0.0000
 Ewald error estimate:   0.2137E-01
 ------------------------------------------------------------------------------


 NSTEP =    69500   TIME(PS) =     119.500  TEMP(K) =   289.07  PRESS =     0.0
 Etot   =      -876.6818  EKtot   =       207.0826  EPtot      =     -1083.7644
 BOND   =         1.2120  ANGLE   =         3.1718  DIHED      =         1.5522
 1-4 NB =         0.2527  1-4 EEL =       109.9705  VDWAALS    =       188.3943
 EELEC  =     -1388.3179  EHBOND  =         0.0000  RESTRAINT  =         0.0000
 Ewald error estimate:   0.1909E-01
 ------------------------------------------------------------------------------


 NSTEP =    70000   TIME(PS) =     120.000  TEMP(K) =   295.73  PRESS =     0.0
 Etot   =      -864.0452  EKtot   =       211.8549  EPtot      =     -1075.9001
 BOND   =         0.6629  ANGLE   =         5.4115  DIHED      =         0.7773
 1-4 NB =        -0.0138  1-4 EEL =       105.9176  VDWAALS    =       177.3217
 EELEC  =     -1365.9772  EHBOND  =         0.0000  RESTRAINT  =         0.0000
 Ewald error estimate:   0.2000E-01
 ------------------------------------------------------------------------------


 NSTEP =    70500   TIME(PS) =     120.500  TEMP(K) =   311.05  PRESS =     0.0
 Etot   =      -851.5879  EKtot   =       222.8335  EPtot      =     -1074.4214
 BOND   =         0.0632  ANGLE   =         2.7761  DIHED      =         1.4900
 1-4 NB =         0.6495  1-4 EEL =       111.9318  VDWAALS    =       164.4739
 EELEC  =     -1355.8060  EHBOND  =         0.0000  RESTRAINT  =         0.0000
 Ewald error estimate:   0.1756E-01
 ------------------------------------------------------------------------------


 NSTEP =    71000   TIME(PS) =     121.000  TEMP(K) =   327.46  PRESS =     0.0
 Etot   =      -859.2278  EKtot   =       234.5877  EPtot      =     -1093.8156
 BOND   =         0.9277  ANGLE   =         6.3498  DIHED      =         0.7845
 1-4 NB =         0.0505  1-4 EEL =       103.0444  VDWAALS    =       193.9948
 EELEC  =     -1398.9673  EHBOND  =         0.0000  RESTRAINT  =         0.0000
 Ewald error estimate:   0.2067E-01
 ------------------------------------------------------------------------------


 NSTEP =    71500   TIME(PS) =     121.500  TEMP(K) =   288.33  PRESS =     0.0
 Etot   =      -849.2551  EKtot   =       206.5518  EPtot      =     -1055.8069
 BOND   =         1.1123  ANGLE   =         6.4714  DIHED      =         1.1471
 1-4 NB =         0.3760  1-4 EEL =       107.9347  VDWAALS    =       164.8482
 EELEC  =     -1337.6964  EHBOND  =         0.0000  RESTRAINT  =         0.0000
 Ewald error estimate:   0.1096E-01
 ------------------------------------------------------------------------------


 NSTEP =    72000   TIME(PS) =     122.000  TEMP(K) =   321.72  PRESS =     0.0
 Etot   =      -836.5498  EKtot   =       230.4758  EPtot      =     -1067.0256
 BOND   =         2.9675  ANGLE   =         9.9435  DIHED      =         1.2577
 1-4 NB =        -0.1127  1-4 EEL =       101.6141  VDWAALS    =       166.2338
 EELEC  =     -1348.9296  EHBOND  =         0.0000  RESTRAINT  =         0.0000
 Ewald error estimate:   0.2392E-01
 ------------------------------------------------------------------------------


 NSTEP =    72500   TIME(PS) =     122.500  TEMP(K) =   277.59  PRESS =     0.0
 Etot   =      -859.6085  EKtot   =       198.8614  EPtot      =     -1058.4699
 BOND   =         0.3604  ANGLE   =         9.5090  DIHED      =         1.6103
 1-4 NB =         0.2658  1-4 EEL =       112.2590  VDWAALS    =       132.4453
 EELEC  =     -1314.9197  EHBOND  =         0.0000  RESTRAINT  =         0.0000
 Ewald error estimate:   0.2576E-01
 ------------------------------------------------------------------------------


 NSTEP =    73000   TIME(PS) =     123.000  TEMP(K) =   322.45  PRESS =     0.0
 Etot   =      -852.4623  EKtot   =       230.9945  EPtot      =     -1083.4568
 BOND   =         3.3215  ANGLE   =         2.7264  DIHED      =         0.9760
 1-4 NB =        -0.0970  1-4 EEL =       103.7377  VDWAALS    =       176.6055
 EELEC  =     -1370.7268  EHBOND  =         0.0000  RESTRAINT  =         0.0000
 Ewald error estimate:   0.1403E-01
 ------------------------------------------------------------------------------


 NSTEP =    73500   TIME(PS) =     123.500  TEMP(K) =   294.33  PRESS =     0.0
 Etot   =      -852.8340  EKtot   =       210.8505  EPtot      =     -1063.6845
 BOND   =         1.4578  ANGLE   =         8.6897  DIHED      =         1.9941
 1-4 NB =         1.3567  1-4 EEL =       113.6218  VDWAALS    =       174.7942
 EELEC  =     -1365.5988  EHBOND  =         0.0000  RESTRAINT  =         0.0000
 Ewald error estimate:   0.1441E-01
 ------------------------------------------------------------------------------


 NSTEP =    74000   TIME(PS) =     124.000  TEMP(K) =   290.49  PRESS =     0.0
 Etot   =      -871.0658  EKtot   =       208.1042  EPtot      =     -1079.1700
 BOND   =         1.6061  ANGLE   =         6.8248  DIHED      =         1.3523
 1-4 NB =         0.0282  1-4 EEL =       102.7644  VDWAALS    =       159.6352
 EELEC  =     -1351.3810  EHBOND  =         0.0000  RESTRAINT  =         0.0000
 Ewald error estimate:   0.2091E-01
 ------------------------------------------------------------------------------


 NSTEP =    74500   TIME(PS) =     124.500  TEMP(K) =   307.61  PRESS =     0.0
 Etot   =      -837.4543  EKtot   =       220.3642  EPtot      =     -1057.8185
 BOND   =         0.7715  ANGLE   =         6.1320  DIHED      =         1.2311
 1-4 NB =         0.0861  1-4 EEL =       107.9751  VDWAALS    =       155.8252
 EELEC  =     -1329.8395  EHBOND  =         0.0000  RESTRAINT  =         0.0000
 Ewald error estimate:   0.2778E-01
 ------------------------------------------------------------------------------


 NSTEP =    75000   TIME(PS) =     125.000  TEMP(K) =   313.33  PRESS =     0.0
 Etot   =      -868.0059  EKtot   =       224.4616  EPtot      =     -1092.4675
 BOND   =         1.8313  ANGLE   =         3.5039  DIHED      =         1.3231
 1-4 NB =        -0.1185  1-4 EEL =       103.5373  VDWAALS    =       160.8780
 EELEC  =     -1363.4225  EHBOND  =         0.0000  RESTRAINT  =         0.0000
 Ewald error estimate:   0.1779E-01
 ------------------------------------------------------------------------------


 NSTEP =    75500   TIME(PS) =     125.500  TEMP(K) =   291.13  PRESS =     0.0
 Etot   =      -868.0611  EKtot   =       208.5606  EPtot      =     -1076.6217
 BOND   =         0.1813  ANGLE   =         3.4584  DIHED      =         4.1208
 1-4 NB =         1.2973  1-4 EEL =       116.3388  VDWAALS    =       140.6875
 EELEC  =     -1342.7057  EHBOND  =         0.0000  RESTRAINT  =         0.0000
 Ewald error estimate:   0.1948E-01
 ------------------------------------------------------------------------------


 NSTEP =    76000   TIME(PS) =     126.000  TEMP(K) =   288.65  PRESS =     0.0
 Etot   =      -876.8795  EKtot   =       206.7821  EPtot      =     -1083.6616
 BOND   =         0.9965  ANGLE   =         4.4766  DIHED      =         2.2912
 1-4 NB =         0.1913  1-4 EEL =       109.4093  VDWAALS    =       175.0311
 EELEC  =     -1376.0576  EHBOND  =         0.0000  RESTRAINT  =         0.0000
 Ewald error estimate:   0.1506E-01
 ------------------------------------------------------------------------------


 NSTEP =    76500   TIME(PS) =     126.500  TEMP(K) =   312.10  PRESS =     0.0
 Etot   =      -834.3247  EKtot   =       223.5848  EPtot      =     -1057.9095
 BOND   =         0.1639  ANGLE   =        12.2333  DIHED      =         0.8762
 1-4 NB =        -0.0293  1-4 EEL =       103.9734  VDWAALS    =       185.1481
 EELEC  =     -1360.2751  EHBOND  =         0.0000  RESTRAINT  =         0.0000
 Ewald error estimate:   0.2578E-01
 ------------------------------------------------------------------------------


 NSTEP =    77000   TIME(PS) =     127.000  TEMP(K) =   313.46  PRESS =     0.0
 Etot   =      -866.8366  EKtot   =       224.5594  EPtot      =     -1091.3961
 BOND   =         1.1079  ANGLE   =         4.4472  DIHED      =         2.3607
 1-4 NB =         0.2796  1-4 EEL =        97.8029  VDWAALS    =       142.5550
 EELEC  =     -1339.9494  EHBOND  =         0.0000  RESTRAINT  =         0.0000
 Ewald error estimate:   0.1907E-01
 ------------------------------------------------------------------------------


 NSTEP =    77500   TIME(PS) =     127.500  TEMP(K) =   299.77  PRESS =     0.0
 Etot   =      -862.6668  EKtot   =       214.7527  EPtot      =     -1077.4195
 BOND   =         0.9565  ANGLE   =         6.4151  DIHED      =         0.8874
 1-4 NB =         0.3575  1-4 EEL =       109.7771  VDWAALS    =       158.3734
 EELEC  =     -1354.1864  EHBOND  =         0.0000  RESTRAINT  =         0.0000
 Ewald error estimate:   0.1897E-01
 ------------------------------------------------------------------------------


 NSTEP =    78000   TIME(PS) =     128.000  TEMP(K) =   297.66  PRESS =     0.0
 Etot   =      -864.6562  EKtot   =       213.2379  EPtot      =     -1077.8941
 BOND   =         0.6114  ANGLE   =         4.2719  DIHED      =         1.3305
 1-4 NB =        -0.0007  1-4 EEL =       104.4476  VDWAALS    =       154.0447
 EELEC  =     -1342.5994  EHBOND  =         0.0000  RESTRAINT  =         0.0000
 Ewald error estimate:   0.8604E-02
 ------------------------------------------------------------------------------


 NSTEP =    78500   TIME(PS) =     128.500  TEMP(K) =   314.46  PRESS =     0.0
 Etot   =      -864.0819  EKtot   =       225.2707  EPtot      =     -1089.3527
 BOND   =         1.2005  ANGLE   =         3.9306  DIHED      =         1.1197
 1-4 NB =         0.3360  1-4 EEL =       108.8819  VDWAALS    =       175.6325
 EELEC  =     -1380.4539  EHBOND  =         0.0000  RESTRAINT  =         0.0000
 Ewald error estimate:   0.2806E-01
 ------------------------------------------------------------------------------


 NSTEP =    79000   TIME(PS) =     129.000  TEMP(K) =   313.59  PRESS =     0.0
 Etot   =      -850.3887  EKtot   =       224.6520  EPtot      =     -1075.0408
 BOND   =         0.4861  ANGLE   =         6.9446  DIHED      =         1.3899
 1-4 NB =         0.2974  1-4 EEL =       109.5050  VDWAALS    =       189.1050
 EELEC  =     -1382.7688  EHBOND  =         0.0000  RESTRAINT  =         0.0000
 Ewald error estimate:   0.1826E-01
 ------------------------------------------------------------------------------


 NSTEP =    79500   TIME(PS) =     129.500  TEMP(K) =   299.33  PRESS =     0.0
 Etot   =      -862.4128  EKtot   =       214.4349  EPtot      =     -1076.8477
 BOND   =         0.8869  ANGLE   =         6.9850  DIHED      =         1.9707
 1-4 NB =         0.0458  1-4 EEL =       107.3093  VDWAALS    =       156.2584
 EELEC  =     -1350.3037  EHBOND  =         0.0000  RESTRAINT  =         0.0000
 Ewald error estimate:   0.1851E-01
 ------------------------------------------------------------------------------


 NSTEP =    80000   TIME(PS) =     130.000  TEMP(K) =   310.16  PRESS =     0.0
 Etot   =      -850.3175  EKtot   =       222.1946  EPtot      =     -1072.5121
 BOND   =         1.7021  ANGLE   =         7.2828  DIHED      =         2.4825
 1-4 NB =         0.1023  1-4 EEL =       104.0775  VDWAALS    =       180.8217
 EELEC  =     -1368.9809  EHBOND  =         0.0000  RESTRAINT  =         0.0000
 Ewald error estimate:   0.2385E-01
 ------------------------------------------------------------------------------


 NSTEP =    80500   TIME(PS) =     130.500  TEMP(K) =   286.74  PRESS =     0.0
 Etot   =      -866.3436  EKtot   =       205.4126  EPtot      =     -1071.7561
 BOND   =         1.0337  ANGLE   =         4.1686  DIHED      =         0.5228
 1-4 NB =        -0.0282  1-4 EEL =       103.1189  VDWAALS    =       163.6196
 EELEC  =     -1344.1916  EHBOND  =         0.0000  RESTRAINT  =         0.0000
 Ewald error estimate:   0.1834E-01
 ------------------------------------------------------------------------------


 NSTEP =    81000   TIME(PS) =     131.000  TEMP(K) =   301.80  PRESS =     0.0
 Etot   =      -879.5760  EKtot   =       216.2034  EPtot      =     -1095.7795
 BOND   =         0.1001  ANGLE   =         2.7596  DIHED      =         0.6614
 1-4 NB =         0.1243  1-4 EEL =       105.9079  VDWAALS    =       191.1556
 EELEC  =     -1396.4883  EHBOND  =         0.0000  RESTRAINT  =         0.0000
 Ewald error estimate:   0.2466E-01
 ------------------------------------------------------------------------------


 NSTEP =    81500   TIME(PS) =     131.500  TEMP(K) =   259.93  PRESS =     0.0
 Etot   =      -885.2128  EKtot   =       186.2120  EPtot      =     -1071.4249
 BOND   =         1.4443  ANGLE   =         4.0641  DIHED      =         0.6196
 1-4 NB =         0.0960  1-4 EEL =       107.0470  VDWAALS    =       167.4607
 EELEC  =     -1352.1567  EHBOND  =         0.0000  RESTRAINT  =         0.0000
 Ewald error estimate:   0.1315E-01
 ------------------------------------------------------------------------------


 NSTEP =    82000   TIME(PS) =     132.000  TEMP(K) =   283.44  PRESS =     0.0
 Etot   =      -880.9007  EKtot   =       203.0547  EPtot      =     -1083.9554
 BOND   =         0.0893  ANGLE   =         2.8330  DIHED      =         1.8094
 1-4 NB =         0.0052  1-4 EEL =       102.3838  VDWAALS    =       185.3211
 EELEC  =     -1376.3972  EHBOND  =         0.0000  RESTRAINT  =         0.0000
 Ewald error estimate:   0.2452E-01
 ------------------------------------------------------------------------------


 NSTEP =    82500   TIME(PS) =     132.500  TEMP(K) =   295.67  PRESS =     0.0
 Etot   =      -871.2066  EKtot   =       211.8106  EPtot      =     -1083.0172
 BOND   =         0.1768  ANGLE   =         6.3114  DIHED      =         1.0109
 1-4 NB =         0.0270  1-4 EEL =       104.3025  VDWAALS    =       155.7697
 EELEC  =     -1350.6156  EHBOND  =         0.0000  RESTRAINT  =         0.0000
 Ewald error estimate:   0.1820E-01
 ------------------------------------------------------------------------------


 NSTEP =    83000   TIME(PS) =     133.000  TEMP(K) =   326.69  PRESS =     0.0
 Etot   =      -842.4808  EKtot   =       234.0358  EPtot      =     -1076.5166
 BOND   =         1.1853  ANGLE   =         6.4731  DIHED      =         1.2116
 1-4 NB =        -0.1357  1-4 EEL =       104.6618  VDWAALS    =       187.9238
 EELEC  =     -1377.8365  EHBOND  =         0.0000  RESTRAINT  =         0.0000
 Ewald error estimate:   0.1967E-01
 ------------------------------------------------------------------------------


 NSTEP =    83500   TIME(PS) =     133.500  TEMP(K) =   297.58  PRESS =     0.0
 Etot   =      -855.0881  EKtot   =       213.1797  EPtot      =     -1068.2678
 BOND   =         0.8458  ANGLE   =         6.0627  DIHED      =         1.2989
 1-4 NB =         0.2010  1-4 EEL =       106.7725  VDWAALS    =       186.6820
 EELEC  =     -1370.1307  EHBOND  =         0.0000  RESTRAINT  =         0.0000
 Ewald error estimate:   0.2432E-01
 ------------------------------------------------------------------------------


 NSTEP =    84000   TIME(PS) =     134.000  TEMP(K) =   287.14  PRESS =     0.0
 Etot   =      -840.1155  EKtot   =       205.6990  EPtot      =     -1045.8145
 BOND   =         2.4925  ANGLE   =         5.3025  DIHED      =         1.5072
 1-4 NB =         0.6357  1-4 EEL =       111.6858  VDWAALS    =       158.3454
 EELEC  =     -1325.7835  EHBOND  =         0.0000  RESTRAINT  =         0.0000
 Ewald error estimate:   0.2592E-01
 ------------------------------------------------------------------------------


 NSTEP =    84500   TIME(PS) =     134.500  TEMP(K) =   281.08  PRESS =     0.0
 Etot   =      -870.0450  EKtot   =       201.3585  EPtot      =     -1071.4035
 BOND   =         0.2257  ANGLE   =         5.3949  DIHED      =         1.2518
 1-4 NB =         0.6763  1-4 EEL =       113.4539  VDWAALS    =       165.2550
 EELEC  =     -1357.6612  EHBOND  =         0.0000  RESTRAINT  =         0.0000
 Ewald error estimate:   0.2335E-01
 ------------------------------------------------------------------------------


 NSTEP =    85000   TIME(PS) =     135.000  TEMP(K) =   322.77  PRESS =     0.0
 Etot   =      -859.6017  EKtot   =       231.2246  EPtot      =     -1090.8262
 BOND   =         1.2332  ANGLE   =         9.1726  DIHED      =         1.3679
 1-4 NB =         0.0532  1-4 EEL =       106.1571  VDWAALS    =       150.9223
 EELEC  =     -1359.7325  EHBOND  =         0.0000  RESTRAINT  =         0.0000
 Ewald error estimate:   0.1883E-01
 ------------------------------------------------------------------------------


 NSTEP =    85500   TIME(PS) =     135.500  TEMP(K) =   305.35  PRESS =     0.0
 Etot   =      -877.2393  EKtot   =       218.7461  EPtot      =     -1095.9854
 BOND   =         0.5863  ANGLE   =         5.3377  DIHED      =         1.1285
 1-4 NB =         0.1437  1-4 EEL =       108.9182  VDWAALS    =       197.7339
 EELEC  =     -1409.8338  EHBOND  =         0.0000  RESTRAINT  =         0.0000
 Ewald error estimate:   0.1892E-01
 ------------------------------------------------------------------------------


 NSTEP =    86000   TIME(PS) =     136.000  TEMP(K) =   323.52  PRESS =     0.0
 Etot   =      -857.1875  EKtot   =       231.7613  EPtot      =     -1088.9489
 BOND   =         2.0223  ANGLE   =         7.9098  DIHED      =         1.2190
 1-4 NB =         0.0754  1-4 EEL =       108.1863  VDWAALS    =       185.6397
 EELEC  =     -1394.0013  EHBOND  =         0.0000  RESTRAINT  =         0.0000
 Ewald error estimate:   0.2579E-01
 ------------------------------------------------------------------------------


 NSTEP =    86500   TIME(PS) =     136.500  TEMP(K) =   315.29  PRESS =     0.0
 Etot   =      -873.8100  EKtot   =       225.8673  EPtot      =     -1099.6773
 BOND   =         0.8918  ANGLE   =         6.6619  DIHED      =         0.6133
 1-4 NB =         0.2357  1-4 EEL =       107.5967  VDWAALS    =       171.5325
 EELEC  =     -1387.2092  EHBOND  =         0.0000  RESTRAINT  =         0.0000
 Ewald error estimate:   0.1678E-01
 ------------------------------------------------------------------------------


 NSTEP =    87000   TIME(PS) =     137.000  TEMP(K) =   306.40  PRESS =     0.0
 Etot   =      -872.5374  EKtot   =       219.5009  EPtot      =     -1092.0383
 BOND   =         0.4815  ANGLE   =         2.4553  DIHED      =         1.2795
 1-4 NB =         0.0463  1-4 EEL =       108.4184  VDWAALS    =       168.6661
 EELEC  =     -1373.3855  EHBOND  =         0.0000  RESTRAINT  =         0.0000
 Ewald error estimate:   0.1799E-01
 ------------------------------------------------------------------------------


 NSTEP =    87500   TIME(PS) =     137.500  TEMP(K) =   321.15  PRESS =     0.0
 Etot   =      -847.8652  EKtot   =       230.0692  EPtot      =     -1077.9344
 BOND   =         0.0139  ANGLE   =         6.0806  DIHED      =         1.2821
 1-4 NB =         0.1670  1-4 EEL =       107.9135  VDWAALS    =       166.3091
 EELEC  =     -1359.7006  EHBOND  =         0.0000  RESTRAINT  =         0.0000
 Ewald error estimate:   0.1831E-01
 ------------------------------------------------------------------------------


 NSTEP =    88000   TIME(PS) =     138.000  TEMP(K) =   311.71  PRESS =     0.0
 Etot   =      -879.0532  EKtot   =       223.3069  EPtot      =     -1102.3601
 BOND   =         0.1347  ANGLE   =         3.2787  DIHED      =         0.8295
 1-4 NB =        -0.0184  1-4 EEL =       106.6475  VDWAALS    =       179.8088
 EELEC  =     -1393.0408  EHBOND  =         0.0000  RESTRAINT  =         0.0000
 Ewald error estimate:   0.2470E-01
 ------------------------------------------------------------------------------


 NSTEP =    88500   TIME(PS) =     138.500  TEMP(K) =   286.59  PRESS =     0.0
 Etot   =      -864.0312  EKtot   =       205.3072  EPtot      =     -1069.3384
 BOND   =         0.5072  ANGLE   =         2.2559  DIHED      =         1.2484
 1-4 NB =        -0.1149  1-4 EEL =       104.3356  VDWAALS    =       151.0000
 EELEC  =     -1328.5706  EHBOND  =         0.0000  RESTRAINT  =         0.0000
 Ewald error estimate:   0.2224E-01
 ------------------------------------------------------------------------------


 NSTEP =    89000   TIME(PS) =     139.000  TEMP(K) =   292.46  PRESS =     0.0
 Etot   =      -864.3195  EKtot   =       209.5107  EPtot      =     -1073.8301
 BOND   =         0.5087  ANGLE   =        10.4560  DIHED      =         1.4330
 1-4 NB =        -0.0483  1-4 EEL =       102.0176  VDWAALS    =       154.1843
 EELEC  =     -1342.3814  EHBOND  =         0.0000  RESTRAINT  =         0.0000
 Ewald error estimate:   0.1826E-01
 ------------------------------------------------------------------------------


 NSTEP =    89500   TIME(PS) =     139.500  TEMP(K) =   325.31  PRESS =     0.0
 Etot   =      -852.7295  EKtot   =       233.0432  EPtot      =     -1085.7728
 BOND   =         0.6882  ANGLE   =         3.9444  DIHED      =         1.4148
 1-4 NB =         0.0242  1-4 EEL =       106.6864  VDWAALS    =       171.0579
 EELEC  =     -1369.5887  EHBOND  =         0.0000  RESTRAINT  =         0.0000
 Ewald error estimate:   0.1652E-01
 ------------------------------------------------------------------------------


 NSTEP =    90000   TIME(PS) =     140.000  TEMP(K) =   312.55  PRESS =     0.0
 Etot   =      -844.9570  EKtot   =       223.9036  EPtot      =     -1068.8606
 BOND   =         0.8558  ANGLE   =         3.7810  DIHED      =         0.5567
 1-4 NB =         0.1100  1-4 EEL =       107.0758  VDWAALS    =       135.6074
 EELEC  =     -1316.8473  EHBOND  =         0.0000  RESTRAINT  =         0.0000
 Ewald error estimate:   0.2087E-01
 ------------------------------------------------------------------------------


 NSTEP =    90500   TIME(PS) =     140.500  TEMP(K) =   316.57  PRESS =     0.0
 Etot   =      -854.0385  EKtot   =       226.7853  EPtot      =     -1080.8238
 BOND   =         0.6941  ANGLE   =         7.0068  DIHED      =         1.7461
 1-4 NB =        -0.0241  1-4 EEL =       101.9385  VDWAALS    =       185.4125
 EELEC  =     -1377.5978  EHBOND  =         0.0000  RESTRAINT  =         0.0000
 Ewald error estimate:   0.2179E-01
 ------------------------------------------------------------------------------


 NSTEP =    91000   TIME(PS) =     141.000  TEMP(K) =   323.14  PRESS =     0.0
 Etot   =      -865.9771  EKtot   =       231.4902  EPtot      =     -1097.4672
 BOND   =         0.5750  ANGLE   =         9.0192  DIHED      =         1.2972
 1-4 NB =        -0.0456  1-4 EEL =       104.2459  VDWAALS    =       148.0285
 EELEC  =     -1360.5875  EHBOND  =         0.0000  RESTRAINT  =         0.0000
 Ewald error estimate:   0.2323E-01
 ------------------------------------------------------------------------------


 NSTEP =    91500   TIME(PS) =     141.500  TEMP(K) =   306.56  PRESS =     0.0
 Etot   =      -853.2172  EKtot   =       219.6168  EPtot      =     -1072.8340
 BOND   =         0.6057  ANGLE   =         4.6804  DIHED      =         1.3818
 1-4 NB =         0.2916  1-4 EEL =       110.4212  VDWAALS    =       160.8729
 EELEC  =     -1351.0875  EHBOND  =         0.0000  RESTRAINT  =         0.0000
 Ewald error estimate:   0.1331E-01
 ------------------------------------------------------------------------------


 NSTEP =    92000   TIME(PS) =     142.000  TEMP(K) =   283.17  PRESS =     0.0
 Etot   =      -872.1781  EKtot   =       202.8603  EPtot      =     -1075.0385
 BOND   =         2.4583  ANGLE   =         3.4019  DIHED      =         1.4089
 1-4 NB =         0.3601  1-4 EEL =       111.2823  VDWAALS    =       160.1892
 EELEC  =     -1354.1393  EHBOND  =         0.0000  RESTRAINT  =         0.0000
 Ewald error estimate:   0.2003E-01
 ------------------------------------------------------------------------------


 NSTEP =    92500   TIME(PS) =     142.500  TEMP(K) =   305.78  PRESS =     0.0
 Etot   =      -874.1660  EKtot   =       219.0526  EPtot      =     -1093.2186
 BOND   =         0.6673  ANGLE   =         7.7278  DIHED      =         1.2492
 1-4 NB =         0.3140  1-4 EEL =       107.8978  VDWAALS    =       170.7294
 EELEC  =     -1381.8041  EHBOND  =         0.0000  RESTRAINT  =         0.0000
 Ewald error estimate:   0.2220E-01
 ------------------------------------------------------------------------------


 NSTEP =    93000   TIME(PS) =     143.000  TEMP(K) =   307.21  PRESS =     0.0
 Etot   =      -874.1303  EKtot   =       220.0808  EPtot      =     -1094.2112
 BOND   =         0.6997  ANGLE   =         3.3571  DIHED      =         1.1794
 1-4 NB =         0.0437  1-4 EEL =       107.2550  VDWAALS    =       195.9096
 EELEC  =     -1402.6557  EHBOND  =         0.0000  RESTRAINT  =         0.0000
 Ewald error estimate:   0.2297E-01
 ------------------------------------------------------------------------------


 NSTEP =    93500   TIME(PS) =     143.500  TEMP(K) =   286.28  PRESS =     0.0
 Etot   =      -880.9964  EKtot   =       205.0878  EPtot      =     -1086.0842
 BOND   =         1.7676  ANGLE   =         5.6541  DIHED      =         1.8575
 1-4 NB =         0.6552  1-4 EEL =       112.5509  VDWAALS    =       135.3439
 EELEC  =     -1343.9133  EHBOND  =         0.0000  RESTRAINT  =         0.0000
 Ewald error estimate:   0.1593E-01
 ------------------------------------------------------------------------------


 NSTEP =    94000   TIME(PS) =     144.000  TEMP(K) =   295.34  PRESS =     0.0
 Etot   =      -877.9034  EKtot   =       211.5737  EPtot      =     -1089.4771
 BOND   =         0.2450  ANGLE   =         3.1188  DIHED      =         1.2008
 1-4 NB =        -0.0099  1-4 EEL =       104.9268  VDWAALS    =       166.8788
 EELEC  =     -1365.8375  EHBOND  =         0.0000  RESTRAINT  =         0.0000
 Ewald error estimate:   0.2356E-01
 ------------------------------------------------------------------------------


 NSTEP =    94500   TIME(PS) =     144.500  TEMP(K) =   306.60  PRESS =     0.0
 Etot   =      -882.4428  EKtot   =       219.6408  EPtot      =     -1102.0835
 BOND   =         0.0631  ANGLE   =         3.1828  DIHED      =         1.4861
 1-4 NB =         0.1409  1-4 EEL =       108.7579  VDWAALS    =       175.6002
 EELEC  =     -1391.3145  EHBOND  =         0.0000  RESTRAINT  =         0.0000
 Ewald error estimate:   0.1502E-01
 ------------------------------------------------------------------------------


 NSTEP =    95000   TIME(PS) =     145.000  TEMP(K) =   288.69  PRESS =     0.0
 Etot   =      -888.4913  EKtot   =       206.8096  EPtot      =     -1095.3009
 BOND   =         1.6670  ANGLE   =         9.7751  DIHED      =         1.5874
 1-4 NB =         0.0921  1-4 EEL =       107.2351  VDWAALS    =       164.1857
 EELEC  =     -1379.8434  EHBOND  =         0.0000  RESTRAINT  =         0.0000
 Ewald error estimate:   0.1989E-01
 ------------------------------------------------------------------------------


 NSTEP =    95500   TIME(PS) =     145.500  TEMP(K) =   285.85  PRESS =     0.0
 Etot   =      -888.5521  EKtot   =       204.7749  EPtot      =     -1093.3270
 BOND   =         2.2575  ANGLE   =         5.8983  DIHED      =         1.3063
 1-4 NB =        -0.1540  1-4 EEL =       100.2212  VDWAALS    =       181.2071
 EELEC  =     -1384.0635  EHBOND  =         0.0000  RESTRAINT  =         0.0000
 Ewald error estimate:   0.2450E-01
 ------------------------------------------------------------------------------


 NSTEP =    96000   TIME(PS) =     146.000  TEMP(K) =   306.45  PRESS =     0.0
 Etot   =      -867.6430  EKtot   =       219.5387  EPtot      =     -1087.1817
 BOND   =         0.6896  ANGLE   =         7.1833  DIHED      =         0.4975
 1-4 NB =        -0.0869  1-4 EEL =       106.6159  VDWAALS    =       182.7070
 EELEC  =     -1384.7882  EHBOND  =         0.0000  RESTRAINT  =         0.0000
 Ewald error estimate:   0.2450E-01
 ------------------------------------------------------------------------------


 NSTEP =    96500   TIME(PS) =     146.500  TEMP(K) =   315.44  PRESS =     0.0
 Etot   =      -865.1677  EKtot   =       225.9726  EPtot      =     -1091.1403
 BOND   =         0.5515  ANGLE   =         7.9301  DIHED      =         1.5691
 1-4 NB =         0.1402  1-4 EEL =       105.7426  VDWAALS    =       157.3238
 EELEC  =     -1364.3975  EHBOND  =         0.0000  RESTRAINT  =         0.0000
 Ewald error estimate:   0.2043E-01
 ------------------------------------------------------------------------------


 NSTEP =    97000   TIME(PS) =     147.000  TEMP(K) =   269.58  PRESS =     0.0
 Etot   =      -895.5407  EKtot   =       193.1214  EPtot      =     -1088.6621
 BOND   =         1.4631  ANGLE   =         4.5568  DIHED      =         1.4187
 1-4 NB =         0.1783  1-4 EEL =       109.6617  VDWAALS    =       156.1974
 EELEC  =     -1362.1380  EHBOND  =         0.0000  RESTRAINT  =         0.0000
 Ewald error estimate:   0.1674E-01
 ------------------------------------------------------------------------------


 NSTEP =    97500   TIME(PS) =     147.500  TEMP(K) =   249.62  PRESS =     0.0
 Etot   =      -895.6701  EKtot   =       178.8228  EPtot      =     -1074.4929
 BOND   =         1.6588  ANGLE   =         4.2252  DIHED      =         1.7198
 1-4 NB =         0.4160  1-4 EEL =       111.7741  VDWAALS    =       168.4059
 EELEC  =     -1362.6928  EHBOND  =         0.0000  RESTRAINT  =         0.0000
 Ewald error estimate:   0.2957E-01
 ------------------------------------------------------------------------------


 NSTEP =    98000   TIME(PS) =     148.000  TEMP(K) =   326.36  PRESS =     0.0
 Etot   =      -841.9681  EKtot   =       233.7999  EPtot      =     -1075.7680
 BOND   =         0.9549  ANGLE   =         6.9095  DIHED      =         2.0997
 1-4 NB =         0.0562  1-4 EEL =       102.7170  VDWAALS    =       171.1680
 EELEC  =     -1359.6734  EHBOND  =         0.0000  RESTRAINT  =         0.0000
 Ewald error estimate:   0.2130E-01
 ------------------------------------------------------------------------------


 NSTEP =    98500   TIME(PS) =     148.500  TEMP(K) =   284.05  PRESS =     0.0
 Etot   =      -883.3230  EKtot   =       203.4904  EPtot      =     -1086.8134
 BOND   =         1.7487  ANGLE   =         2.3421  DIHED      =         0.8689
 1-4 NB =        -0.0216  1-4 EEL =       107.2241  VDWAALS    =       154.9784
 EELEC  =     -1353.9539  EHBOND  =         0.0000  RESTRAINT  =         0.0000
 Ewald error estimate:   0.2421E-01
 ------------------------------------------------------------------------------


 NSTEP =    99000   TIME(PS) =     149.000  TEMP(K) =   317.79  PRESS =     0.0
 Etot   =      -832.7078  EKtot   =       227.6605  EPtot      =     -1060.3682
 BOND   =         0.8018  ANGLE   =         5.3000  DIHED      =         2.3723
 1-4 NB =         0.8718  1-4 EEL =       113.5509  VDWAALS    =       149.3917
 EELEC  =     -1332.6568  EHBOND  =         0.0000  RESTRAINT  =         0.0000
 Ewald error estimate:   0.2257E-01
 ------------------------------------------------------------------------------


 NSTEP =    99500   TIME(PS) =     149.500  TEMP(K) =   318.07  PRESS =     0.0
 Etot   =      -829.4971  EKtot   =       227.8592  EPtot      =     -1057.3563
 BOND   =         0.4048  ANGLE   =         6.0920  DIHED      =         1.0352
 1-4 NB =         0.3035  1-4 EEL =       110.3335  VDWAALS    =       166.5011
 EELEC  =     -1342.0264  EHBOND  =         0.0000  RESTRAINT  =         0.0000
 Ewald error estimate:   0.2270E-01
 ------------------------------------------------------------------------------


 NSTEP =   100000   TIME(PS) =     150.000  TEMP(K) =   304.34  PRESS =     0.0
 Etot   =      -845.3882  EKtot   =       218.0258  EPtot      =     -1063.4140
 BOND   =         0.3299  ANGLE   =         5.7593  DIHED      =         1.8074
 1-4 NB =         0.2908  1-4 EEL =       108.3474  VDWAALS    =       189.2897
 EELEC  =     -1369.2385  EHBOND  =         0.0000  RESTRAINT  =         0.0000
 Ewald error estimate:   0.2010E-01
 ------------------------------------------------------------------------------


      A V E R A G E S   O V E R  100000 S T E P S


 NSTEP =   100000   TIME(PS) =     150.000  TEMP(K) =   300.55  PRESS =     0.0
 Etot   =      -862.5371  EKtot   =       215.3083  EPtot      =     -1077.8453
 BOND   =         1.0816  ANGLE   =         5.6772  DIHED      =         1.5623
 1-4 NB =         0.2310  1-4 EEL =       107.6334  VDWAALS    =       166.1363
 EELEC  =     -1360.1672  EHBOND  =         0.0000  RESTRAINT  =         0.0000
 Ewald error estimate:   0.1927E-01
 ------------------------------------------------------------------------------


      R M S  F L U C T U A T I O N S


 NSTEP =   100000   TIME(PS) =     150.000  TEMP(K) =    15.82  PRESS =     0.0
 Etot   =        19.8634  EKtot   =        11.3362  EPtot      =        16.4539
 BOND   =         0.8637  ANGLE   =         2.0136  DIHED      =         0.7605
 1-4 NB =         0.3244  1-4 EEL =         3.4681  VDWAALS    =        15.5670
 EELEC  =        25.8202  EHBOND  =         0.0000  RESTRAINT  =         0.0000
 Ewald error estimate:   0.4621E-02
 ------------------------------------------------------------------------------


--------------------------------------------------------------------------------
   5.  TIMINGS
--------------------------------------------------------------------------------

|                Build the list             1.95 (97.63% of List )
|                Other                      0.05 ( 2.37% of List )
|             List time                  2.00 ( 4.51% of Nonbo)
|                   Short_ene time            17.17 (95.58% of Direc)
|                   Other                      0.79 ( 4.42% of Direc)
|                Direct Ewald time         17.96 (42.53% of Ewald)
|                Adjust Ewald time          0.72 ( 1.71% of Ewald)
|                Self Ewald time            0.02 ( 0.05% of Ewald)
|                   Fill Bspline coeffs        1.07 ( 4.60% of Recip)
|                   Fill charge grid           2.46 (10.55% of Recip)
|                   Scalar sum                 5.99 (25.63% of Recip)
|                   Grad sum                   3.67 (15.72% of Recip)
|                   FFT time                  10.15 (43.43% of Recip)
|                   Other                      0.02 ( 0.07% of Recip)
|                Recip Ewald time          23.36 (55.33% of Ewald)
|                Force Adjust               0.02 ( 0.05% of Ewald)
|                Virial junk                0.07 ( 0.18% of Ewald)
|                Start synchronizatio       0.00 ( 0.01% of Ewald)
|                Other                      0.06 ( 0.15% of Ewald)
|             Ewald time                42.22 (95.44% of Nonbo)
|             IPS excludes               0.00 ( 0.01% of Nonbo)
|             Other                      0.02 ( 0.04% of Nonbo)
|          Nonbond force             44.24 (99.17% of Force)
|          Bond/Angle/Dihedral        0.34 ( 0.76% of Force)
|          Other                      0.03 ( 0.07% of Force)
|       Force time                44.61 (78.44% of Runmd)
|       Shake time                 1.06 ( 1.86% of Runmd)
|       Verlet update time        11.17 (19.63% of Runmd)
|       Other                      0.04 ( 0.07% of Runmd)
|    Runmd Time                56.88 (100.0% of Total)
|    Other                      0.01 ( 0.01% of Total)
| Total time                56.89 (100.0% of ALL  )

| Number of list builds   :       3857

| Highest rstack allocated:      28432
| Highest istack allocated:        358

| Final Performance Info:
| -----------------------------------------------------
| Average timings for all steps:
|     Elapsed(s) =      56.88 Per Step(ms) =       0.57
|         ns/day =     151.90   seconds/ns =     568.78
| -----------------------------------------------------

|           Job began  at 16:16:33.574  on 02/02/2026
|           Setup done at 16:16:33.585  on 02/02/2026
|           Run   done at 16:17:30.461  on 02/02/2026
|     wallclock() was called 4407927 times

|3D-RISM memory allocation summary
|Type          Maximum        Current   
|Integer       0.00000 GB     0.00000 GB
|Real          0.00000 GB     0.00000 GB
|Logical       0.00000 GB     0.00000 GB
|Character     0.00000 GB     0.00000 GB
|---------------------------------------
|Total         0.00000 GB     0.00000 GB
