# STEP_NO SUBSYSTEMS FINAL_ITERATIONS STEP_SECONDS
0 424 92 31.336000
1 425 27 9.428000
2 425 23 8.244000
3 426 24 8.587000
4 423 23 8.015000
5 425 24 8.741000
6 425 22 7.841000
7 427 23 8.245000
8 428 25 8.917000
9 425 27 9.715000
10 426 29 10.501000
11 427 27 9.838000
12 426 23 8.498000
13 427 25 9.203000
14 425 25 9.281000
15 420 22 8.269000
16 421 23 8.463000
17 424 25 9.352000
18 425 28 10.097000
19 425 25 9.225000
20 425 23 8.487000
21 424 23 8.530000
22 424 24 9.017000
23 424 25 9.216000
24 424 25 9.119000
25 424 23 8.487000
26 423 26 9.569000
27 419 27 10.043000
28 408 27 9.930000
29 409 40 14.934000
30 411 26 9.628000
31 410 24 9.211000
32 409 22 8.384000
33 409 24 8.820000
34 409 23 8.390000
35 409 24 8.690000
36 411 22 7.979000
37 410 23 8.786000
38 411 27 10.276000
39 411 23 8.539000
40 410 23 8.339000
41 411 25 8.962000
42 412 19 6.905000
43 413 24 8.573000
44 417 26 9.246000
45 417 25 8.939000
46 417 24 8.718000
47 418 24 8.842000
48 419 24 9.418000
49 419 23 9.368000
50 419 22 8.707000
51 420 21 7.764000
52 420 20 7.288000
53 418 22 7.930000
54 416 22 8.012000
55 416 22 8.036000
56 417 24 8.743000
57 417 26 9.377000
58 427 22 8.063000
59 427 20 7.330000
60 427 23 8.376000
61 424 14 5.240000
62 425 20 7.303000
63 424 20 7.426000
64 429 20 7.429000
65 429 20 7.387000
66 429 21 7.763000
67 427 22 8.073000
68 409 23 8.500000
69 417 25 9.046000
70 419 22 8.111000
71 421 20 7.374000
72 420 20 7.334000
73 421 22 7.992000
74 421 23 8.357000
75 422 21 7.638000
76 419 21 7.552000
77 419 20 7.205000
78 419 20 7.245000
79 419 21 7.592000
80 420 21 7.531000
81 420 20 7.230000
82 420 22 7.888000
83 416 23 8.280000
84 416 22 7.937000
85 418 21 7.601000
86 419 23 8.286000
87 419 20 7.335000
88 419 21 7.648000
89 419 20 7.323000
90 420 24 8.680000
91 421 20 7.322000
92 421 22 7.999000
93 421 19 6.907000
94 420 20 7.284000
95 422 20 7.387000
96 422 21 7.768000
97 422 19 6.998000
98 422 16 5.930000
99 421 20 7.374000
100 421 19 6.969000
101 422 18 6.681000
102 421 19 7.029000
103 423 20 7.346000
104 422 19 7.001000
105 412 17 6.329000
106 413 12 4.563000
107 415 19 7.002000
108 413 18 6.780000
109 412 17 6.389000
110 414 16 6.050000
111 412 16 6.096000
112 415 20 7.450000
113 440 22 8.023000
114 441 20 7.220000
115 440 20 7.256000
116 439 19 6.935000
117 433 19 6.975000
118 438 22 7.893000
119 437 11 4.131000
120 437 20 7.145000
121 438 18 6.432000
122 439 19 6.926000
123 440 20 7.337000
124 440 21 7.783000
125 442 22 8.115000
126 444 20 7.394000
127 443 19 7.117000
128 440 19 6.981000
129 439 19 7.118000
130 440 20 7.376000
131 441 21 7.809000
132 441 21 7.865000
133 443 20 7.513000
134 423 21 7.801000
135 428 21 7.844000
136 428 16 6.072000
137 430 18 6.766000
138 429 18 6.681000
139 428 17 6.360000
140 427 17 6.404000
141 430 9 3.495000
142 432 19 6.962000
143 432 18 6.626000
144 434 21 7.660000
145 434 22 7.994000
146 428 21 7.606000
147 429 21 7.692000
148 430 12 4.565000
149 430 19 6.908000
150 429 19 6.971000
151 426 21 7.736000
152 425 19 6.987000
153 428 19 7.042000
154 428 19 7.033000
155 427 13 4.898000
156 426 13 4.892000
157 421 17 6.337000
158 421 18 6.697000
159 422 14 5.284000
160 427 17 6.269000
161 432 11 4.156000
162 431 11 4.146000
163 431 17 6.147000
164 431 11 4.186000
165 430 18 6.531000
166 426 19 7.073000
167 426 20 7.361000
168 426 20 7.372000
169 426 20 7.544000
170 427 20 7.414000
171 429 19 7.069000
172 430 20 7.400000
173 428 19 7.107000
174 427 18 6.690000
175 427 19 7.019000
176 418 21 7.830000
177 418 22 8.147000
178 419 19 7.154000
179 419 17 6.319000
180 417 20 7.424000
181 418 20 7.400000
182 418 21 7.671000
183 421 22 8.019000
184 420 16 5.889000
185 420 19 7.042000
186 421 17 6.288000
187 420 18 6.601000
188 420 15 5.616000
189 418 15 5.582000
190 417 18 6.778000
191 417 19 6.993000
192 417 20 7.463000
193 419 19 6.995000
194 419 20 7.406000
195 419 21 7.783000
196 421 18 6.599000
197 420 19 6.956000
198 422 16 6.035000
199 420 18 6.765000
200 420 15 5.682000
201 419 18 6.618000
202 419 12 4.614000
203 421 13 4.910000
204 422 14 5.373000
205 421 12 4.526000
206 421 11 4.213000
207 419 17 6.338000
208 417 17 6.232000
209 416 19 6.942000
210 415 18 6.629000
211 416 19 6.989000
212 416 19 6.956000
213 413 20 7.303000
214 414 22 8.005000
215 416 19 6.990000
216 416 19 6.958000
217 416 21 7.616000
218 416 22 7.967000
219 415 22 7.896000
220 416 19 6.925000
221 418 19 6.941000
222 418 20 7.236000
223 418 19 6.910000
224 419 19 7.100000
225 419 21 7.660000
226 419 20 7.383000
227 414 23 8.463000
228 417 23 8.341000
229 414 20 7.267000
230 416 20 7.437000
231 415 22 8.106000
232 432 23 8.726000
233 432 23 8.846000
234 432 19 7.430000
235 430 21 8.120000
236 432 21 8.073000
237 433 19 7.302000
238 434 19 7.273000
239 427 22 8.369000
240 424 24 9.145000
241 427 23 8.692000
242 428 22 8.307000
243 429 21 7.787000
244 429 23 8.548000
245 429 24 8.884000
246 429 22 8.215000
247 431 23 8.589000
248 432 22 8.221000
249 429 17 6.410000
250 431 20 7.440000
251 431 19 7.146000
252 430 14 5.363000
253 431 20 7.537000
254 433 24 8.927000
255 435 25 9.295000
256 431 22 8.248000
257 432 21 7.868000
258 435 22 8.187000
259 433 21 7.866000
260 433 22 8.222000
261 433 20 7.574000
262 432 22 8.194000
263 431 22 8.344000
264 432 21 7.837000
265 433 22 8.237000
266 434 23 8.638000
267 431 24 8.859000
268 432 21 7.893000
269 432 21 7.841000
270 432 21 7.904000
271 431 22 8.198000
272 432 21 7.859000
273 432 22 8.219000
274 431 23 8.645000
275 431 21 7.834000
276 433 19 7.089000
277 436 23 8.568000
278 434 22 8.450000
279 434 23 8.726000
280 434 20 7.591000
281 434 22 8.253000
282 434 19 7.245000
283 435 21 7.940000
284 435 20 7.577000
285 434 20 7.857000
286 434 19 7.469000
287 433 20 7.714000
288 432 19 7.637000
289 434 19 7.344000
290 433 20 7.659000
291 430 21 7.914000
292 429 21 7.862000
293 428 20 7.608000
294 431 20 7.663000
295 433 20 7.823000
296 432 20 7.729000
297 432 21 8.187000
298 431 20 7.787000
299 425 19 7.407000
300 425 22 8.558000
301 424 18 7.204000
302 424 19 7.484000
303 423 19 7.482000
304 423 20 7.926000
305 421 12 4.870000
306 424 20 7.855000
307 424 20 7.801000
308 423 20 7.884000
309 425 20 7.774000
310 424 19 7.491000
311 425 18 7.140000
312 427 20 7.835000
313 425 18 7.025000
314 433 22 8.578000
315 433 23 8.777000
316 432 21 8.070000
317 433 20 7.720000
318 433 21 8.152000
319 424 20 7.735000
320 429 21 8.196000
321 427 20 7.924000
322 425 20 7.845000
323 425 19 7.460000
324 425 20 7.966000
325 427 19 7.490000
326 425 19 7.580000
327 424 18 7.098000
328 426 21 8.334000
329 425 21 8.302000
330 426 21 8.350000
331 426 20 7.975000
332 426 21 8.261000
333 426 19 7.504000
334 428 18 7.166000
335 429 19 7.404000
336 430 20 7.719000
337 427 20 7.891000
338 425 20 7.815000
339 426 20 7.771000
340 429 19 7.424000
341 428 22 8.537000
342 427 22 8.481000
343 427 20 7.852000
344 427 22 8.576000
345 426 21 8.178000
346 426 20 7.822000
347 429 20 7.809000
348 424 23 8.823000
349 425 19 7.474000
350 424 22 8.435000
351 425 20 7.774000
352 434 19 7.254000
353 438 21 7.887000
354 437 21 7.855000
355 437 19 7.196000
356 438 21 7.841000
357 436 21 7.834000
358 437 21 7.871000
359 437 18 6.801000
360 435 18 6.833000
361 435 21 7.986000
362 435 19 7.223000
363 435 20 7.701000
364 437 20 7.755000
365 437 20 7.675000
366 436 19 7.289000
367 435 23 8.887000
368 435 21 8.045000
369 436 20 7.686000
370 436 19 7.336000
371 436 19 7.224000
372 432 20 7.542000
373 433 19 7.193000
374 436 21 7.975000
375 437 21 7.966000
376 436 23 8.624000
377 436 22 8.281000
378 435 21 7.893000
379 433 22 8.496000
380 432 18 6.900000
381 432 20 7.603000
382 432 13 5.172000
383 432 22 8.376000
384 433 23 8.752000
385 433 20 7.554000
386 434 21 7.945000
387 433 21 8.050000
388 434 22 8.500000
389 435 22 8.395000
390 435 22 8.352000
391 436 22 8.411000
392 436 22 8.405000
393 436 13 5.167000
394 436 19 7.335000
395 435 22 8.471000
396 432 22 8.453000
397 434 21 8.116000
398 436 19 7.231000
399 435 19 7.298000
400 435 20 7.658000
401 435 17 6.610000
402 435 16 6.127000
403 435 19 7.259000
404 438 19 7.411000
405 439 19 7.331000
406 437 18 7.062000
407 439 19 7.381000
408 440 19 7.293000
409 440 18 6.967000
410 436 18 6.939000
411 438 19 7.286000
412 437 21 8.187000
413 437 19 7.248000
414 433 19 7.318000
415 433 13 5.098000
416 434 19 7.263000
417 433 19 7.350000
418 433 19 7.319000
419 433 19 7.260000
420 435 20 7.628000
421 432 22 8.338000
422 436 22 8.356000
423 437 22 8.303000
424 426 22 8.479000
425 429 23 8.935000
426 428 21 8.225000
427 434 22 8.416000
428 433 23 8.781000
429 434 22 8.295000
430 436 23 8.668000
431 436 22 8.342000
432 439 23 8.726000
433 440 21 8.031000
434 440 23 8.673000
435 439 21 8.060000
436 436 20 7.583000
437 438 22 8.446000
438 439 21 7.924000
439 434 21 8.045000
440 433 21 8.022000
441 435 21 8.032000
442 435 20 7.645000
443 435 20 7.640000
444 431 10 4.017000
445 432 19 7.301000
446 428 20 7.912000
447 429 20 7.890000
448 430 18 7.117000
449 431 17 6.832000
450 425 17 6.830000
451 426 19 7.649000
452 428 18 7.271000
453 426 19 7.688000
454 426 18 7.376000
455 426 18 7.404000
456 429 19 7.654000
457 429 19 7.681000
458 423 19 7.622000
459 424 10 4.216000
460 424 18 7.274000
461 425 16 6.478000
462 425 19 7.685000
463 423 21 8.434000
464 426 22 8.747000
465 425 20 8.029000
466 425 18 7.283000
467 427 20 8.059000
468 427 16 6.534000
469 425 20 8.015000
470 426 19 7.639000
471 426 20 7.977000
472 428 20 7.944000
473 426 21 8.230000
474 426 21 8.254000
475 426 19 7.572000
476 426 19 7.555000
477 425 20 7.901000
478 425 21 8.214000
479 424 20 7.908000
480 429 18 7.133000
481 429 19 7.500000
482 429 11 4.445000
483 430 18 7.087000
484 427 20 7.894000
485 425 20 7.865000
486 424 16 6.405000
487 425 19 7.490000
488 427 18 7.114000
489 427 17 6.713000
490 426 17 6.818000
491 428 19 7.421000
492 428 19 7.453000
493 427 19 7.624000
494 427 20 8.032000
495 428 20 8.037000
496 427 11 4.643000
497 425 17 6.993000
498 424 18 7.359000
499 425 15 6.058000
500 426 18 7.182000
501 425 14 5.727000
502 425 18 7.173000
503 425 18 7.167000
504 425 16 6.426000
505 423 17 6.871000
506 422 18 7.343000
507 422 19 7.718000
508 421 19 7.566000
509 419 19 7.611000
510 419 17 6.956000
511 419 17 6.901000
512 417 16 6.504000
513 418 18 7.214000
514 419 13 5.264000
515 419 21 8.241000
516 419 21 8.220000
517 409 23 8.691000
518 408 23 8.708000
519 409 20 7.595000
520 410 20 7.625000
521 407 19 7.280000
522 407 20 7.680000
523 407 17 6.683000
524 405 19 7.400000
525 407 19 7.401000
526 407 21 8.173000
527 407 23 8.880000
528 404 19 7.432000
529 404 15 5.866000
530 407 19 7.280000
531 406 22 8.412000
532 405 18 6.936000
533 404 18 6.994000
534 405 18 6.899000
535 403 14 5.484000
536 402 19 7.320000
537 402 11 4.438000
538 403 19 7.417000
539 403 19 7.401000
540 404 19 7.424000
541 410 19 7.409000
542 409 21 8.201000
543 410 20 7.830000
544 410 20 7.784000
545 410 20 7.797000
546 410 19 7.476000
547 409 20 7.770000
548 408 19 7.344000
549 408 20 7.656000
550 407 20 7.707000
551 406 22 8.522000
552 439 23 9.009000
553 437 23 9.055000
554 437 21 8.187000
555 437 22 8.547000
556 438 22 8.540000
557 436 21 8.187000
558 436 19 7.438000
559 430 19 7.397000
560 434 21 8.153000
561 434 20 7.913000
562 434 14 5.652000
563 433 16 6.302000
564 439 20 7.770000
565 433 19 7.402000
566 440 22 8.527000
567 441 21 8.227000
568 438 20 7.732000
569 431 20 7.780000
570 432 20 7.657000
571 434 18 6.969000
572 434 17 6.705000
573 435 16 6.271000
574 436 17 6.741000
575 441 17 6.735000
576 440 18 7.069000
577 439 19 7.355000
578 441 17 6.794000
579 438 16 6.254000
580 438 17 6.655000
581 439 17 6.749000
582 438 19 7.434000
583 438 18 6.989000
584 439 16 6.239000
585 437 19 7.487000
586 438 17 6.531000
587 437 19 7.245000
588 436 17 6.499000
589 435 10 3.957000
590 435 17 6.487000
591 435 12 4.728000
592 434 17 6.674000
593 435 16 6.261000
594 434 16 6.268000
595 436 18 6.969000
596 438 19 7.324000
597 439 16 6.191000
598 437 17 6.542000
599 437 17 6.574000
600 437 18 6.841000
601 435 20 7.612000
602 434 15 5.823000
603 424 17 6.654000
604 417 20 7.713000
605 419 20 7.775000
606 420 18 7.087000
607 420 19 7.448000
608 419 18 7.173000
609 418 19 7.510000
610 425 15 6.019000
611 425 18 7.060000
612 424 18 7.089000
613 425 19 7.388000
614 423 17 6.643000
615 422 20 7.700000
616 425 20 7.839000
617 425 19 7.417000
618 422 20 7.964000
619 422 11 4.519000
620 428 23 8.972000
621 431 23 8.969000
622 432 24 9.319000
623 431 22 8.750000
624 431 21 8.203000
625 430 19 7.510000
626 430 21 8.153000
627 430 23 8.937000
628 429 21 8.199000
629 428 20 7.776000
630 428 20 7.865000
631 433 20 7.782000
632 432 19 7.470000
633 429 19 7.452000
634 429 19 7.560000
635 428 20 7.841000
636 430 19 7.442000
637 430 18 7.165000
638 430 21 8.198000
639 427 20 7.742000
640 425 21 8.245000
641 424 18 7.081000
642 424 18 7.126000
643 423 18 7.105000
644 422 18 7.160000
645 421 18 7.113000
646 422 18 7.109000
647 422 9 3.763000
648 421 17 6.708000
649 424 19 7.453000
650 423 17 6.747000
651 423 18 7.168000
652 425 13 5.237000
653 425 16 6.405000
654 424 16 6.418000
655 420 16 6.246000
656 420 13 5.178000
657 420 17 6.584000
658 420 16 6.202000
659 419 15 5.946000
660 417 13 5.249000
661 416 11 4.450000
662 419 16 6.309000
663 418 16 6.234000
664 416 17 6.737000
665 417 17 6.640000
666 416 16 6.215000
667 416 16 6.194000
668 418 16 6.221000
669 417 16 6.169000
670 420 16 6.206000
671 419 21 7.992000
672 419 21 7.978000
673 420 20 7.739000
674 419 19 7.366000
675 417 20 7.688000
676 420 18 7.054000
677 421 17 6.631000
678 421 18 6.987000
679 420 19 7.390000
680 421 19 7.325000
681 422 19 7.365000
682 420 18 7.032000
683 422 10 4.049000
684 422 19 7.331000
685 416 20 7.643000
686 417 19 7.305000
687 406 18 6.799000
688 407 22 8.313000
689 407 21 7.920000
690 407 20 7.640000
691 407 19 7.282000
692 406 19 7.307000
693 406 19 7.363000
694 408 21 7.993000
695 405 21 7.980000
696 404 21 8.011000
697 405 19 7.288000
698 404 17 6.546000
699 406 19 7.335000
700 406 20 7.582000
701 407 20 7.585000
702 405 20 7.759000
703 406 21 8.019000
704 407 21 8.080000
705 406 16 6.215000
706 404 20 7.597000
707 406 19 7.252000
708 405 20 7.649000
709 404 16 6.172000
710 407 18 7.002000
711 406 12 4.729000
712 405 18 6.848000
713 409 20 7.622000
714 406 17 6.506000
715 403 17 6.550000
716 403 19 7.223000
717 403 20 7.651000
718 403 18 6.887000
719 404 18 6.912000
720 403 18 6.885000
721 402 17 6.530000
722 401 18 6.922000
723 401 18 6.910000
724 401 20 7.640000
725 403 19 7.231000
726 405 18 6.901000
727 406 20 7.743000
728 404 17 6.555000
729 405 19 7.269000
730 406 20 7.683000
731 406 18 6.905000
732 407 13 5.105000
733 407 17 6.571000
734 407 20 7.731000
735 404 20 7.714000
736 406 22 8.438000
737 410 22 8.439000
738 414 14 5.464000
739 411 21 8.009000
740 411 23 8.722000
741 412 24 9.011000
742 408 20 7.785000
743 402 15 5.802000
744 402 21 7.952000
745 404 10 4.031000
746 404 16 6.214000
747 405 17 6.582000
748 407 19 7.312000
749 407 19 7.340000
750 408 17 6.576000
751 407 17 6.535000
752 420 18 6.712000
753 419 21 7.810000
754 420 10 3.938000
755 418 18 6.709000
756 417 19 7.136000
757 417 16 6.053000
758 418 20 7.457000
759 420 20 7.529000
760 402 18 6.988000
761 401 20 7.721000
762 402 19 7.340000
763 399 16 6.163000
764 399 13 5.110000
765 413 17 6.564000
766 413 17 6.560000
767 409 16 6.209000
768 407 15 5.894000
769 408 13 5.138000
770 417 11 4.454000
771 418 15 5.887000
772 414 16 6.173000
773 420 15 5.874000
774 420 16 6.233000
775 420 13 5.145000
776 418 17 6.607000
777 417 16 6.306000
778 415 17 6.658000
779 416 15 5.946000
780 417 16 6.262000
781 419 14 5.600000
782 419 18 7.048000
783 420 17 6.662000
784 417 11 4.459000
785 418 15 5.922000
786 411 18 7.058000
787 412 18 7.055000
788 412 18 7.052000
789 417 14 5.546000
790 416 12 4.838000
791 416 14 5.568000
792 418 12 4.800000
793 420 12 4.794000
794 417 14 5.445000
795 420 20 7.722000
796 421 20 7.769000
797 421 19 7.323000
798 421 18 6.973000
799 421 18 6.971000
800 418 17 6.622000
801 421 11 4.458000
802 420 18 7.023000
803 419 19 7.450000
804 422 12 4.816000
805 423 18 7.094000
806 423 17 6.695000
807 424 16 6.349000
808 423 19 7.391000
809 425 20 7.838000
810 422 14 5.622000
811 422 20 7.732000
812 421 19 7.364000
813 419 21 8.086000
814 423 20 7.868000
815 422 23 8.901000
816 422 21 8.340000
817 423 21 8.260000
818 417 21 8.244000
819 422 22 8.558000
820 422 21 8.260000
821 420 22 8.515000
822 419 24 9.298000
823 413 24 9.172000
824 413 24 9.153000
825 412 20 7.789000
826 413 19 7.325000
827 413 19 7.261000
828 413 17 6.464000
829 413 19 7.183000
830 412 20 7.544000
831 412 17 6.523000
832 412 16 6.129000
833 410 16 6.158000
834 410 18 6.925000
835 410 12 4.741000
836 409 16 6.230000
837 408 18 7.038000
838 412 18 6.901000
839 424 14 5.744000
840 424 24 9.517000
841 423 18 7.213000
842 421 13 5.153000
843 424 18 7.011000
844 430 21 7.947000
845 430 24 9.000000
846 429 20 7.579000
847 429 20 7.543000
848 430 18 6.835000
849 431 19 7.221000
850 431 21 7.889000
851 431 21 7.886000
852 432 21 7.828000
853 431 19 7.156000
854 430 21 7.856000
855 431 21 7.831000
856 429 21 7.870000
857 427 20 7.542000
858 427 22 8.255000
859 427 24 8.927000
860 427 22 8.203000
861 428 22 8.256000
862 426 21 7.863000
863 427 20 7.487000
864 426 24 8.932000
865 425 24 9.070000
866 430 24 9.165000
867 429 23 8.647000
868 429 22 8.284000
869 427 20 7.582000
870 426 18 6.822000
871 430 18 6.732000
872 431 20 7.394000
873 428 20 7.535000
874 427 12 4.660000
875 406 23 8.863000
876 420 21 8.070000
877 422 24 9.002000
878 416 21 7.933000
879 419 22 8.214000
880 420 24 8.947000
881 419 24 8.969000
882 418 23 8.623000
883 419 27 10.029000
884 420 21 7.873000
885 412 23 8.601000
886 412 23 8.660000
887 412 23 8.609000
888 413 23 8.524000
889 413 14 5.364000
890 413 19 7.164000
891 411 21 7.933000
892 412 16 6.051000
893 410 20 7.630000
894 438 23 8.413000
895 438 24 8.761000
896 438 23 8.397000
897 438 22 8.104000
898 438 20 7.383000
899 438 19 7.039000
900 435 19 7.088000
901 440 19 7.073000
902 438 23 8.517000
903 438 23 8.497000
904 437 21 7.867000
905 435 14 5.370000
906 436 22 8.226000
907 433 23 8.544000
908 432 21 7.886000
909 431 20 7.531000
910 433 19 7.270000
911 434 19 7.205000
912 432 19 7.215000
913 432 18 6.852000
914 432 20 7.595000
915 431 20 7.450000
916 431 20 7.504000
917 431 18 6.724000
918 427 12 4.637000
919 429 21 7.793000
920 427 20 7.472000
921 427 19 7.106000
922 428 19 7.240000
923 427 19 7.167000
924 427 19 7.378000
925 427 17 6.490000
926 428 22 8.322000
927 426 23 8.628000
928 428 22 8.291000
929 427 20 7.500000
930 428 13 5.133000
931 428 22 8.467000
932 428 22 8.391000
933 428 20 7.606000
934 425 10 4.036000
935 430 21 7.975000
936 422 23 8.675000
937 420 22 8.431000
938 422 21 8.050000
939 424 22 8.476000
940 427 23 8.799000
941 427 21 8.051000
942 426 20 7.724000
943 427 23 8.800000
944 426 23 8.740000
945 425 20 7.777000
946 423 21 8.058000
947 423 19 7.350000
948 423 19 7.341000
949 425 23 8.595000
950 423 23 8.604000
951 413 23 8.805000
952 408 24 9.232000
953 410 13 5.203000
954 409 22 8.501000
955 409 21 8.088000
956 409 23 8.867000
957 409 24 9.198000
958 408 22 8.413000
959 408 22 8.510000
960 409 23 8.732000
961 409 20 7.666000
962 409 20 7.653000
963 410 21 8.015000
964 413 19 7.339000
965 414 22 8.402000
966 414 16 6.199000
967 409 21 8.061000
968 433 22 8.099000
969 433 21 7.721000
970 407 25 9.464000
971 408 25 9.392000
972 408 26 9.711000
973 411 21 7.934000
974 411 24 9.118000
975 409 22 8.369000
976 409 22 8.318000
977 412 19 7.254000
978 419 23 8.721000
979 420 24 9.177000
980 418 21 7.965000
981 420 21 7.984000
982 413 20 7.665000
983 414 21 7.954000
984 414 22 8.255000
985 415 19 7.194000
986 414 21 8.055000
987 411 20 7.710000
988 408 20 7.716000
989 412 21 8.001000
990 411 17 6.560000
991 414 22 8.347000
992 414 21 8.007000
993 415 19 7.282000
994 416 22 8.488000
995 414 22 8.501000
996 415 20 7.788000
997 416 22 8.535000
998 415 22 8.413000
999 416 22 8.499000
1000 411 24 9.161000
1001 412 23 8.694000
1002 411 22 8.437000
1003 412 22 8.365000
1004 413 22 8.458000
1005 413 23 8.759000
1006 416 21 8.090000
1007 417 22 8.404000
1008 417 22 8.499000
1009 418 20 7.715000
1010 418 20 7.676000
1011 419 23 8.900000
1012 419 20 7.670000
1013 419 20 7.730000
1014 417 19 7.322000
1015 418 20 7.605000
1016 419 20 7.609000
1017 419 21 8.059000
1018 420 22 8.538000
1019 419 21 8.098000
1020 419 21 8.127000
1021 420 19 7.321000
1022 419 19 7.424000
1023 419 21 8.090000
1024 419 21 8.208000
1025 419 19 7.300000
1026 420 22 8.428000
1027 418 24 9.192000
1028 426 25 9.445000
1029 424 23 8.714000
1030 423 24 9.112000
1031 417 24 9.158000
1032 418 24 9.184000
1033 421 23 8.884000
1034 422 24 9.226000
1035 416 23 8.753000
1036 417 23 8.864000
1037 421 23 8.773000
1038 421 24 9.157000
1039 422 24 9.095000
1040 423 15 5.850000
1041 423 21 7.978000
1042 422 22 8.364000
1043 423 20 7.581000
1044 424 24 9.070000
1045 422 23 8.717000
1046 421 25 9.479000
1047 424 24 9.153000
1048 426 24 9.095000
1049 425 24 9.127000
1050 426 23 8.787000
1051 426 22 8.357000
1052 426 22 8.305000
1053 424 21 7.992000
1054 424 20 7.671000
1055 424 23 8.712000
1056 424 22 8.434000
1057 422 21 8.033000
1058 421 19 7.326000
1059 421 24 9.135000
1060 423 24 9.286000
1061 423 21 8.090000
1062 423 23 8.794000
1063 422 22 8.483000
1064 423 21 8.041000
1065 423 18 6.923000
1066 423 19 7.389000
1067 424 19 7.274000
1068 422 20 7.571000
1069 419 17 6.616000
1070 419 10 4.095000
1071 420 23 8.750000
1072 420 21 8.011000
1073 421 20 7.667000
1074 422 21 8.032000
1075 422 20 7.646000
1076 421 22 8.598000
1077 420 22 8.490000
1078 420 18 7.007000
1079 420 20 7.690000
1080 419 21 8.057000
1081 420 22 8.527000
1082 420 21 8.008000
1083 419 21 8.075000
1084 417 20 7.665000
1085 418 21 7.974000
1086 417 18 6.797000
1087 416 21 7.902000
1088 417 19 7.109000
1089 418 18 6.767000
1090 422 20 7.470000
1091 423 21 7.894000
1092 423 21 7.833000
1093 423 13 5.001000
1094 422 19 7.146000
1095 410 25 9.819000
1096 411 25 9.786000
1097 402 23 8.861000
1098 397 22 8.466000
1099 397 23 8.767000
1100 397 22 8.506000
1101 410 23 8.891000
1102 403 21 8.127000
1103 404 24 9.309000
1104 403 22 8.667000
1105 404 23 8.906000
1106 404 23 9.003000
1107 407 21 8.177000
1108 406 21 8.168000
1109 404 19 7.407000
1110 402 20 7.877000
1111 403 20 7.853000
1112 403 20 7.849000
1113 415 22 8.142000
1114 415 21 7.858000
1115 415 19 7.153000
1116 416 21 7.858000
1117 415 21 7.879000
1118 412 22 8.475000
1119 412 22 8.478000
1120 412 21 8.079000
1121 412 20 7.610000
1122 411 19 7.315000
1123 411 20 7.716000
1124 410 19 7.360000
1125 408 19 7.321000
1126 408 19 7.295000
1127 408 18 7.002000
1128 404 19 7.344000
1129 405 19 7.366000
1130 405 19 7.350000
1131 405 21 8.225000
1132 406 21 8.126000
1133 424 24 9.107000
1134 423 25 9.437000
1135 425 20 7.585000
1136 407 22 8.372000
1137 408 22 8.319000
1138 407 17 6.550000
1139 407 21 7.949000
1140 407 19 7.215000
1141 405 22 8.329000
1142 406 20 7.568000
1143 407 19 7.276000
1144 407 21 8.012000
1145 407 21 7.983000
1146 402 23 8.936000
1147 403 22 8.534000
1148 401 21 8.083000
1149 400 21 8.052000
1150 408 22 8.542000
1151 408 19 7.390000
1152 407 19 7.326000
1153 409 21 8.069000
1154 408 21 8.088000
1155 406 21 8.010000
1156 406 20 7.617000
1157 407 19 7.377000
1158 408 21 8.100000
1159 406 22 8.420000
1160 404 22 8.476000
1161 405 21 8.074000
1162 407 12 4.771000
1163 406 20 7.719000
1164 406 20 7.744000
1165 410 20 7.623000
1166 408 21 8.061000
1167 408 19 7.302000
1168 409 20 7.634000
1169 410 21 8.093000
1170 411 21 8.084000
1171 411 20 7.710000
1172 411 23 8.786000
1173 409 22 8.454000
1174 409 20 7.696000
1175 409 19 7.386000
1176 419 23 8.693000
1177 420 24 9.000000
1178 423 21 7.966000
1179 423 20 7.660000
1180 425 21 7.972000
1181 426 21 7.937000
1182 426 21 7.962000
1183 427 21 7.920000
1184 426 21 7.935000
1185 426 21 8.032000
1186 427 20 7.562000
1187 425 22 8.304000
1188 427 25 9.353000
1189 427 23 8.640000
1190 426 15 5.766000
1191 424 23 8.701000
1192 424 24 9.075000
1193 423 23 8.717000
1194 423 23 8.767000
1195 421 24 9.101000
1196 422 26 9.893000
1197 425 21 7.994000
1198 419 23 8.735000
1199 419 24 9.155000
1200 420 22 8.458000
1201 420 22 8.436000
1202 419 24 9.158000
1203 419 22 8.491000
1204 422 21 8.015000
1205 422 21 8.047000
1206 423 22 8.529000
1207 422 21 8.052000
1208 421 21 8.008000
1209 421 22 8.499000
1210 422 23 8.724000
1211 422 23 8.725000
1212 422 22 8.310000
1213 422 23 8.765000
1214 422 23 8.710000
1215 422 22 8.407000
1216 423 22 8.474000
1217 423 21 8.132000
1218 424 20 7.888000
1219 423 19 7.403000
1220 428 19 7.445000
1221 422 16 6.312000
1222 428 20 7.705000
1223 427 20 7.608000
1224 428 20 7.690000
1225 421 20 7.753000
1226 420 22 8.490000
1227 421 24 9.195000
1228 422 22 8.422000
1229 421 20 7.758000
1230 422 22 8.582000
1231 421 19 7.458000
1232 419 20 7.728000
1233 409 24 9.205000
1234 407 26 9.928000
1235 405 22 8.459000
1236 417 23 8.889000
1237 415 25 9.650000
1238 419 22 8.561000
1239 420 20 7.837000
1240 420 15 5.988000
1241 416 22 8.600000
1242 415 23 8.873000
1243 415 25 9.728000
1244 416 25 9.653000
1245 416 22 8.522000
1246 413 19 7.434000
1247 414 21 8.178000
1248 416 22 8.380000
1249 417 21 8.048000
1250 417 24 9.325000
1251 419 24 9.137000
1252 422 19 7.296000
1253 409 21 8.256000
1254 410 22 8.616000
1255 405 21 8.243000
1256 406 21 8.176000
1257 408 22 8.519000
1258 408 22 8.425000
1259 406 23 8.921000
1260 408 23 8.949000
1261 408 22 8.504000
1262 409 21 8.064000
1263 409 19 7.469000
1264 406 20 7.736000
1265 412 18 6.977000
1266 409 20 7.691000
1267 409 18 7.045000
1268 412 21 8.225000
1269 412 22 8.515000
1270 412 20 7.751000
1271 408 18 7.064000
1272 406 20 7.820000
1273 405 22 8.604000
1274 406 22 8.452000
1275 411 23 8.820000
1276 409 20 7.689000
1277 406 21 8.094000
1278 407 21 8.087000
1279 408 23 8.813000
1280 410 23 8.896000
1281 409 24 9.423000
1282 407 22 8.595000
1283 403 20 7.859000
1284 404 20 7.828000
1285 405 23 8.925000
1286 405 24 9.282000
1287 406 23 8.911000
1288 418 25 9.675000
1289 420 27 10.585000
1290 417 21 8.333000
1291 417 21 8.377000
1292 419 21 8.370000
1293 422 21 8.302000
1294 422 20 7.969000
1295 419 20 7.919000
1296 421 22 8.593000
1297 420 19 7.418000
1298 426 18 7.099000
1299 424 18 7.111000
1300 424 18 7.164000
1301 420 17 6.664000
1302 419 19 7.477000
1303 419 17 6.759000
1304 419 16 6.320000
1305 419 17 6.793000
1306 420 15 5.956000
1307 427 18 7.147000
1308 428 19 7.426000
1309 428 19 7.416000
1310 429 19 7.379000
1311 427 10 4.066000
1312 426 20 7.750000
1313 425 20 7.736000
1314 427 20 7.852000
1315 427 19 7.430000
1316 430 19 7.443000
1317 431 18 7.065000
1318 427 19 7.422000
1319 420 19 7.457000
1320 421 23 9.068000
1321 426 22 8.603000
1322 425 23 8.906000
1323 423 21 8.290000
1324 424 21 8.359000
1325 418 21 8.023000
1326 416 22 8.373000
1327 416 22 8.414000
1328 419 19 7.394000
1329 404 23 9.017000
1330 416 22 8.243000
1331 416 22 8.337000
1332 419 11 4.310000
1333 419 20 7.580000
1334 419 16 6.209000
1335 420 18 6.848000
1336 420 21 8.003000
1337 419 19 7.371000
1338 417 18 6.978000
1339 416 15 5.851000
1340 420 20 7.656000
1341 418 24 9.147000
1342 418 21 8.022000
1343 419 20 7.675000
1344 419 19 7.233000
1345 416 21 7.984000
1346 418 22 8.388000
1347 419 23 8.676000
1348 419 22 8.248000
1349 419 19 7.277000
1350 421 21 7.921000
1351 421 22 8.269000
1352 422 20 7.706000
1353 422 19 7.212000
1354 422 20 7.608000
1355 420 22 8.339000
1356 420 21 7.988000
1357 424 20 7.653000
1358 404 21 8.099000
1359 405 25 9.508000
1360 409 22 8.405000
1361 410 21 8.113000
1362 410 21 8.151000
1363 410 19 7.440000
1364 407 20 7.960000
1365 407 12 4.939000
1366 406 21 8.398000
1367 409 19 7.527000
1368 407 18 7.237000
1369 408 19 7.583000
1370 408 20 7.978000
1371 407 18 7.303000
1372 408 20 7.921000
1373 433 21 8.060000
1374 432 23 8.837000
1375 433 20 7.575000
1376 433 21 7.889000
1377 433 17 6.476000
1378 434 18 6.863000
1379 428 17 6.491000
1380 426 21 8.034000
1381 428 21 7.994000
1382 426 12 4.729000
1383 425 19 7.264000
1384 426 18 6.823000
1385 425 13 5.058000
1386 426 19 7.227000
1387 425 16 6.111000
1388 428 19 7.261000
1389 429 18 6.880000
1390 430 19 7.207000
1391 430 18 6.850000
1392 430 19 7.255000
1393 429 19 7.265000
1394 421 21 8.163000
1395 421 21 8.276000
1396 419 20 7.861000
1397 422 20 7.827000
1398 431 14 5.446000
1399 430 24 9.027000
1400 428 20 7.506000
1401 429 21 7.901000
1402 431 21 7.880000
1403 427 21 7.876000
1404 429 20 7.706000
1405 429 22 8.329000
1406 430 23 8.664000
1407 432 20 7.525000
1408 433 24 8.866000
1409 436 24 9.042000
1410 437 22 8.206000
1411 437 23 8.626000
1412 438 21 7.840000
1413 438 21 7.826000
1414 438 22 8.134000
1415 437 21 7.887000
1416 437 20 7.430000
1417 427 19 7.214000
1418 429 20 7.588000
1419 431 21 7.905000
1420 432 20 7.618000
1421 430 21 7.940000
1422 431 19 7.270000
1423 436 18 6.911000
1424 435 15 5.667000
1425 435 20 7.408000
1426 436 19 7.051000
1427 433 18 6.742000
1428 434 20 7.431000
1429 428 20 7.465000
1430 428 22 8.259000
1431 416 23 8.692000
1432 420 22 8.268000
1433 420 23 8.761000
1434 418 22 8.342000
1435 419 21 8.061000
1436 417 20 7.619000
1437 419 19 7.245000
1438 419 19 7.270000
1439 419 21 7.942000
1440 418 20 7.642000
1441 420 18 6.911000
1442 430 24 9.520000
1443 429 25 10.001000
1444 428 23 9.158000
1445 428 21 8.408000
1446 425 21 8.400000
1447 423 21 8.481000
1448 422 24 9.630000
1449 423 19 7.594000
1450 424 23 9.128000
1451 423 20 7.890000
1452 423 20 7.988000
1453 423 21 8.310000
1454 422 19 7.597000
1455 426 19 7.572000
1456 426 20 7.867000
1457 427 22 8.756000
1458 426 20 7.868000
1459 422 19 7.606000
1460 423 18 7.201000
1461 422 19 7.512000
1462 421 18 7.113000
1463 425 18 7.188000
1464 426 18 7.038000
1465 425 21 8.197000
1466 425 21 8.157000
1467 427 21 8.380000
1468 426 22 8.574000
1469 429 20 7.910000
1470 400 21 8.362000
1471 399 26 10.254000
1472 400 22 8.715000
1473 412 23 8.973000
1474 412 24 9.468000
1475 413 21 8.214000
1476 414 21 8.240000
1477 415 20 7.807000
1478 415 23 8.991000
1479 414 23 8.940000
1480 413 24 9.328000
1481 414 24 9.491000
1482 412 21 8.290000
1483 414 20 7.940000
1484 414 22 8.615000
1485 414 19 7.517000
1486 415 21 8.244000
1487 416 20 7.875000
1488 417 21 8.214000
1489 413 23 9.107000
1490 414 22 8.476000
1491 411 22 7.963000
1492 411 22 7.951000
1493 412 20 7.435000
1494 411 21 7.849000
1495 412 17 6.395000
1496 411 10 4.102000
1497 414 20 8.348000
1498 417 20 8.276000
1499 418 20 7.724000
1500 418 11 4.348000
1501 419 18 6.818000
1502 420 21 7.605000
1503 421 23 8.360000
1504 421 22 8.016000
1505 420 21 7.761000
1506 420 20 7.416000
1507 418 20 7.493000
1508 420 22 8.244000
1509 424 21 7.714000
1510 421 14 5.323000
1511 428 23 8.306000
1512 425 13 4.881000
1513 425 20 7.396000
1514 424 20 7.316000
1515 425 13 4.922000
1516 426 22 8.071000
1517 429 22 8.058000
1518 429 23 8.385000
1519 427 22 7.969000
1520 428 24 8.650000
1521 429 19 6.974000
1522 428 21 7.662000
1523 424 19 7.020000
1524 424 21 7.755000
1525 423 13 4.974000
1526 424 15 5.649000
1527 423 21 7.751000
1528 425 19 7.004000
1529 420 21 7.713000
1530 420 16 5.962000
1531 423 21 7.771000
1532 421 21 7.750000
1533 420 21 7.742000
1534 422 20 7.413000
1535 425 19 7.073000
1536 420 18 6.644000
1537 420 12 4.519000
1538 419 18 6.598000
1539 420 19 6.990000
1540 420 18 6.600000
1541 426 19 7.250000
1542 426 20 7.629000
1543 429 13 5.050000
1544 429 20 8.040000
1545 430 21 8.698000
1546 431 19 7.889000
1547 432 22 8.350000
1548 430 19 7.101000
1549 438 19 7.070000
1550 435 20 7.363000
1551 416 24 8.818000
1552 417 22 8.138000
1553 415 22 8.090000
1554 418 19 7.178000
1555 418 13 5.100000
1556 414 21 7.975000
1557 413 12 4.622000
1558 420 20 7.444000
1559 419 18 6.727000
1560 418 19 7.867000
1561 412 21 8.718000
1562 414 23 8.906000
1563 406 23 8.901000
1564 407 24 9.241000
1565 406 21 8.144000
1566 406 23 8.897000
1567 406 21 8.141000
1568 409 22 8.425000
1569 408 23 8.813000
1570 415 12 4.714000
1571 416 20 7.582000
1572 416 22 8.270000
1573 418 22 8.304000
1574 418 22 8.245000
1575 419 20 7.209000
1576 420 20 7.226000
1577 422 20 7.259000
1578 417 20 7.272000
1579 418 23 8.242000
1580 422 22 8.026000
1581 422 22 7.991000
1582 422 22 8.044000
1583 415 23 8.646000
1584 415 25 9.462000
1585 413 22 8.343000
1586 414 22 8.403000
1587 416 21 7.982000
1588 417 21 7.999000
1589 418 23 8.703000
1590 420 24 9.064000
1591 420 23 8.675000
1592 421 23 8.669000
1593 420 24 9.040000
1594 420 23 8.655000
1595 422 21 8.184000
1596 421 21 8.183000
1597 419 20 7.918000
1598 419 21 8.237000
1599 419 23 8.990000
1600 419 21 8.233000
1601 420 19 7.467000
1602 419 22 8.602000
1603 419 20 7.905000
1604 419 22 8.543000
1605 420 23 8.972000
1606 421 21 8.286000
1607 420 21 8.259000
1608 418 19 7.520000
1609 417 23 9.056000
1610 419 23 9.107000
1611 417 22 8.618000
1612 415 23 9.024000
1613 412 23 9.008000
1614 412 22 8.639000
1615 411 23 8.942000
1616 411 20 7.893000
1617 409 21 8.256000
1618 409 22 8.582000
1619 410 22 8.549000
1620 409 22 8.583000
1621 409 20 7.913000
1622 409 23 8.977000
1623 428 19 7.386000
1624 427 19 7.453000
1625 427 20 7.784000
1626 427 19 7.367000
1627 426 21 8.095000
1628 405 18 7.290000
1629 403 25 9.881000
1630 404 21 8.295000
1631 403 11 4.570000
1632 406 21 8.356000
1633 406 22 8.733000
1634 408 24 9.614000
1635 408 22 8.988000
1636 410 22 8.802000
1637 405 21 8.442000
1638 406 20 8.043000
1639 425 24 9.143000
1640 426 27 10.386000
1641 425 22 8.608000
1642 427 24 9.351000
1643 426 24 9.232000
1644 425 23 9.085000
1645 425 22 8.602000
1646 426 24 9.514000
1647 427 23 9.033000
1648 426 22 8.585000
1649 422 23 8.986000
1650 421 22 8.579000
1651 421 23 8.752000
1652 423 24 9.243000
1653 422 23 9.024000
1654 420 19 7.378000
1655 419 21 8.177000
1656 422 22 8.423000
1657 419 22 8.495000
1658 421 23 8.757000
1659 421 21 8.061000
1660 420 21 7.995000
1661 417 20 7.615000
1662 420 21 7.983000
1663 422 20 7.610000
1664 423 18 6.920000
1665 424 19 7.394000
1666 422 23 8.942000
1667 419 19 7.569000
1668 417 21 8.299000
1669 414 18 6.961000
1670 415 19 7.302000
1671 413 20 7.949000
1672 411 21 8.069000
1673 415 22 8.407000
1674 414 20 7.669000
1675 415 21 8.008000
1676 406 22 8.668000
1677 407 24 9.402000
1678 406 21 8.245000
1679 409 21 8.246000
1680 408 21 8.305000
1681 407 19 7.522000
1682 412 22 8.509000
1683 411 21 8.131000
1684 412 22 8.538000
1685 410 21 8.191000
1686 407 23 9.000000
1687 405 22 8.635000
1688 408 22 8.698000
1689 408 20 7.845000
1690 408 20 7.905000
1691 410 21 8.215000
1692 410 22 8.544000
1693 406 21 8.133000
1694 402 19 7.447000
1695 403 20 7.790000
1696 402 13 5.182000
1697 402 20 7.803000
1698 404 21 8.121000
1699 402 18 7.093000
1700 401 23 8.967000
1701 402 25 9.830000
1702 404 24 9.368000
1703 401 22 8.655000
1704 401 23 9.064000
1705 427 21 8.103000
1706 427 20 7.650000
1707 426 19 7.406000
1708 424 19 7.372000
1709 422 19 7.282000
1710 420 18 6.938000
1711 418 20 7.544000
1712 418 21 7.948000
1713 420 20 7.569000
1714 417 20 7.652000
1715 419 19 7.309000
1716 423 20 7.866000
1717 422 21 8.126000
1718 421 22 8.540000
1719 421 18 6.913000
1720 421 20 7.637000
1721 421 11 4.398000
1722 420 19 7.326000
1723 419 22 8.432000
1724 419 22 8.395000
1725 418 19 7.241000
1726 418 19 7.290000
1727 416 19 7.266000
1728 415 20 7.656000
1729 418 20 7.651000
1730 417 21 8.132000
1731 418 21 8.092000
1732 417 22 8.315000
1733 418 19 7.299000
1734 418 20 7.574000
1735 420 19 7.293000
1736 420 20 7.680000
1737 414 20 7.804000
1738 413 21 8.258000
1739 414 22 8.538000
1740 415 20 7.719000
1741 415 19 7.407000
1742 431 17 6.466000
1743 430 22 8.362000
1744 429 19 7.260000
1745 429 18 6.951000
1746 429 19 7.131000
1747 428 19 7.178000
1748 426 18 6.834000
1749 427 20 7.577000
1750 427 20 7.619000
1751 428 19 7.269000
1752 427 21 7.983000
1753 426 23 8.756000
1754 424 22 8.297000
1755 425 21 8.001000
1756 428 20 7.642000
1757 425 22 8.254000
1758 425 21 7.979000
1759 425 20 7.497000
1760 424 21 7.944000
1761 407 20 7.759000
1762 407 16 6.170000
1763 408 16 6.211000
1764 415 20 7.931000
1765 409 24 9.548000
1766 410 23 9.121000
1767 414 22 8.717000
1768 413 24 9.397000
1769 413 21 8.312000
1770 416 23 9.035000
1771 412 23 9.048000
1772 411 21 8.213000
1773 416 20 7.887000
1774 417 20 7.783000
1775 415 22 8.520000
1776 414 21 8.125000
1777 412 23 8.841000
1778 414 22 8.464000
1779 415 19 7.321000
1780 413 21 8.327000
1781 414 22 8.670000
1782 414 19 7.624000
1783 410 22 8.725000
1784 411 21 8.184000
1785 411 19 7.497000
1786 410 19 7.618000
1787 408 11 4.566000
1788 407 21 8.316000
1789 407 20 8.045000
1790 407 17 6.906000
1791 406 19 7.590000
1792 407 21 8.478000
1793 407 16 6.477000
1794 405 22 8.848000
1795 406 22 8.883000
1796 404 20 8.100000
1797 403 21 8.540000
1798 405 21 8.525000
1799 405 21 8.507000
1800 405 19 7.737000
1801 407 11 4.582000
1802 408 21 8.469000
1803 406 21 8.438000
1804 406 21 8.450000
1805 405 20 7.993000
1806 404 21 8.534000
1807 405 19 7.768000
1808 404 19 7.835000
1809 406 22 8.883000
1810 406 22 8.851000
1811 406 19 7.709000
1812 404 23 9.272000
1813 403 22 8.826000
1814 404 21 8.469000
1815 403 20 8.036000
1816 405 21 8.380000
1817 405 23 9.147000
1818 405 21 8.364000
1819 406 21 8.375000
1820 404 21 8.443000
1821 401 22 8.661000
1822 401 22 8.733000
1823 400 21 8.321000
1824 401 20 7.882000
1825 400 20 7.873000
1826 399 20 7.952000
1827 399 20 7.856000
1828 399 19 7.515000
1829 399 20 7.870000
1830 400 20 7.899000
1831 400 21 8.329000
1832 401 20 7.990000
1833 399 21 8.334000
1834 400 19 7.560000
1835 395 19 7.603000
1836 395 18 7.257000
1837 395 16 6.399000
1838 396 19 7.590000
1839 395 17 6.821000
1840 395 21 8.320000
1841 394 20 7.924000
1842 396 20 7.947000
1843 396 17 6.798000
1844 395 19 7.656000
1845 394 21 8.296000
1846 394 18 7.221000
1847 394 19 7.625000
1848 395 20 7.889000
1849 394 20 7.912000
1850 396 21 8.248000
1851 401 21 8.205000
1852 401 23 8.904000
1853 400 17 6.661000
1854 401 15 5.937000
1855 402 19 7.462000
1856 401 20 7.836000
1857 398 19 7.390000
1858 403 21 8.180000
1859 402 19 7.451000
1860 400 19 7.493000
1861 395 20 7.719000
1862 399 21 8.107000
1863 400 21 8.160000
1864 402 22 8.539000
1865 403 15 5.962000
1866 403 19 7.605000
1867 404 20 7.931000
1868 405 19 7.472000
1869 405 22 8.782000
1870 400 21 8.325000
1871 400 23 9.035000
1872 402 22 8.561000
1873 401 21 8.159000
1874 398 21 8.185000
1875 399 22 8.574000
1876 398 22 8.745000
1877 399 18 7.149000
1878 399 18 7.215000
1879 403 21 8.202000
1880 404 22 8.609000
1881 405 24 9.348000
1882 405 22 8.607000
1883 406 21 8.251000
1884 403 21 8.241000
1885 403 21 8.348000
1886 402 19 7.571000
1887 402 21 8.277000
1888 403 19 7.492000
1889 402 23 8.984000
1890 404 24 9.434000
1891 405 21 8.280000
1892 407 22 8.691000
1893 405 22 8.608000
1894 405 23 8.978000
1895 405 22 8.627000
1896 400 21 8.342000
1897 404 21 8.283000
1898 405 21 8.289000
1899 404 20 7.925000
1900 403 19 7.599000
1901 405 18 7.254000
1902 406 17 6.792000
1903 413 21 8.353000
1904 413 22 8.622000
1905 409 19 7.517000
1906 414 22 8.701000
1907 411 19 7.509000
1908 412 20 8.027000
1909 414 10 4.115000
1910 418 21 8.262000
1911 418 19 7.545000
1912 417 20 7.951000
1913 418 19 7.624000
1914 416 20 7.924000
1915 416 21 8.320000
1916 407 21 8.208000
1917 405 22 8.525000
1918 406 19 7.588000
1919 406 19 7.501000
1920 397 22 8.536000
1921 399 23 9.019000
1922 402 22 8.566000
1923 401 23 8.901000
1924 401 21 8.218000
1925 400 20 7.819000
1926 402 21 8.315000
1927 399 23 9.073000
1928 404 21 8.351000
1929 405 21 8.196000
1930 408 21 8.228000
1931 403 19 7.608000
1932 397 21 8.264000
1933 398 21 8.243000
1934 398 21 8.177000
1935 395 19 7.488000
1936 396 21 8.285000
1937 410 24 8.957000
1938 410 23 8.877000
1939 411 20 7.670000
1940 414 23 8.736000
1941 397 23 8.918000
1942 397 24 9.195000
1943 397 25 9.565000
1944 398 22 8.454000
1945 399 21 8.114000
1946 399 23 8.818000
1947 402 24 9.119000
1948 396 20 7.769000
1949 398 23 8.806000
1950 397 23 8.979000
1951 398 24 9.378000
1952 400 24 9.341000
1953 400 22 8.580000
1954 404 23 8.987000
1955 406 22 8.691000
1956 405 22 8.521000
1957 405 22 8.555000
1958 404 20 7.779000
1959 405 24 9.216000
1960 406 25 9.566000
1961 403 22 8.494000
1962 403 21 8.099000
1963 404 20 7.748000
1964 404 22 8.435000
1965 411 20 7.526000
1966 410 22 8.314000
1967 410 20 7.606000
1968 410 18 6.850000
1969 409 19 7.183000
1970 411 10 3.981000
1971 414 19 7.116000
1972 410 19 7.210000
1973 409 11 4.409000
1974 410 16 6.103000
1975 409 19 7.164000
1976 411 20 7.534000
1977 413 20 7.541000
1978 412 22 8.289000
1979 412 19 7.285000
1980 417 14 5.383000
1981 418 18 6.753000
1982 418 16 6.074000
1983 417 18 6.784000
1984 420 22 8.404000
1985 425 22 8.046000
1986 422 20 7.411000
1987 422 20 7.445000
1988 421 20 7.372000
1989 425 15 5.617000
1990 427 20 7.353000
1991 420 20 7.390000
1992 421 20 7.350000
1993 424 19 6.981000
1994 421 20 7.335000
1995 420 21 7.763000
1996 421 19 7.011000
1997 424 18 6.690000
1998 423 20 7.383000
1999 422 16 6.057000
2000 421 19 7.052000
2001 421 18 6.662000
2002 420 17 6.416000
2003 422 11 4.276000
2004 419 20 7.633000
2005 417 20 7.516000
2006 426 20 7.542000
2007 424 20 7.516000
2008 426 19 7.037000
2009 425 20 7.379000
2010 421 20 7.646000
2011 421 15 5.832000
2012 422 9 3.651000
2013 422 12 4.788000
2014 424 16 6.248000
2015 425 19 7.419000
2016 426 12 4.711000
2017 424 17 6.524000
2018 427 19 7.221000
2019 427 13 5.103000
2020 428 18 7.004000
2021 428 19 7.331000
2022 429 21 8.107000
2023 426 21 8.003000
2024 426 19 7.370000
2025 426 19 7.412000
2026 428 19 7.393000
2027 427 18 7.041000
2028 428 17 6.664000
2029 427 19 7.392000
2030 425 19 7.432000
2031 425 19 7.292000
2032 427 19 7.334000
2033 435 20 7.636000
2034 437 19 7.273000
2035 437 18 6.858000
2036 435 15 5.732000
2037 434 15 5.816000
2038 434 15 5.772000
2039 434 18 6.874000
2040 432 19 7.137000
2041 429 20 7.441000
2042 431 21 7.840000
2043 430 21 7.976000
2044 429 18 6.862000
2045 428 15 5.763000
2046 429 19 7.091000
2047 427 20 7.565000
2048 426 20 7.515000
2049 427 22 8.039000
2050 427 21 7.882000
2051 418 22 8.281000
2052 417 22 8.126000
2053 419 22 8.225000
2054 420 21 7.820000
2055 417 20 7.421000
2056 417 14 5.331000
2057 421 18 6.701000
2058 419 16 6.075000
2059 418 13 4.985000
2060 420 16 6.006000
2061 420 18 6.679000
2062 416 17 6.353000
2063 416 17 6.390000
2064 418 18 6.733000
2065 417 17 6.547000
2066 419 20 7.634000
2067 420 21 7.931000
2068 420 20 7.697000
2069 420 22 8.310000
2070 420 22 8.408000
2071 423 19 7.198000
2072 426 19 7.127000
2073 426 19 7.111000
2074 426 19 7.126000
2075 428 17 6.519000
2076 423 21 7.980000
2077 423 22 8.335000
2078 427 18 6.853000
2079 426 19 7.202000
2080 425 10 3.908000
2081 425 20 7.601000
2082 430 21 8.107000
2083 431 21 8.098000
2084 430 19 7.307000
2085 431 19 7.320000
2086 430 21 8.064000
2087 427 22 8.020000
2088 426 21 7.715000
2089 424 22 8.144000
2090 422 21 7.896000
2091 422 20 7.328000
2092 421 20 7.483000
2093 421 22 8.313000
2094 424 23 8.794000
2095 426 25 9.412000
2096 426 25 9.272000
2097 426 23 8.449000
2098 425 23 8.820000
2099 424 23 8.831000
2100 425 23 8.716000
2101 426 21 8.085000
2102 424 23 8.896000
2103 424 24 9.261000
2104 424 19 7.366000
2105 424 21 8.091000
2106 423 20 7.780000
2107 422 12 4.812000
2108 423 22 8.349000
2109 421 11 4.392000
2110 422 20 7.790000
2111 421 19 7.366000
2112 423 18 6.962000
2113 421 20 7.714000
2114 419 19 7.417000
2115 419 20 7.624000
2116 419 19 7.298000
2117 420 24 8.710000
2118 421 26 9.518000
2119 421 22 8.031000
2120 424 22 8.103000
2121 426 22 8.226000
2122 427 20 7.398000
2123 425 18 6.655000
2124 425 20 7.286000
2125 420 21 7.728000
2126 421 21 7.728000
2127 420 21 7.749000
2128 421 21 7.773000
2129 419 22 8.107000
2130 420 20 7.341000
2131 422 20 7.365000
2132 421 20 7.346000
2133 421 12 4.603000
2134 416 22 8.099000
2135 414 22 8.179000
2136 414 22 8.241000
2137 415 18 6.677000
2138 415 20 7.474000
2139 414 20 7.530000
2140 416 19 7.100000
2141 415 18 6.755000
2142 417 18 6.793000
2143 421 19 7.071000
2144 420 18 6.849000
2145 422 18 6.724000
2146 421 19 7.200000
2147 421 22 8.141000
2148 421 22 8.283000
2149 420 22 8.154000
2150 421 19 7.113000
2151 418 15 5.734000
2152 419 17 6.458000
2153 423 20 7.447000
2154 422 18 6.692000
2155 421 20 7.479000
2156 421 19 7.094000
2157 415 20 7.501000
2158 417 19 7.212000
2159 418 18 6.877000
2160 418 19 7.166000
2161 418 20 7.471000
2162 419 22 8.093000
2163 420 21 7.904000
2164 421 22 8.200000
2165 422 22 8.111000
2166 424 21 7.779000
2167 424 18 6.818000
2168 422 19 7.265000
2169 421 22 8.255000
2170 422 23 8.542000
2171 419 19 7.115000
2172 419 20 7.389000
2173 419 21 7.786000
2174 417 21 7.820000
2175 417 21 7.763000
2176 418 19 7.137000
2177 417 19 7.201000
2178 418 20 7.664000
2179 415 22 8.326000
2180 413 24 9.075000
2181 411 22 8.358000
2182 412 18 6.866000
2183 413 20 7.653000
2184 414 21 7.960000
2185 401 21 7.989000
2186 401 23 8.693000
2187 401 23 8.587000
2188 401 22 8.328000
2189 404 22 8.273000
2190 403 20 7.594000
2191 401 20 7.717000
2192 400 22 8.424000
2193 402 21 8.087000
2194 402 21 8.049000
2195 401 19 7.417000
2196 402 19 7.437000
2197 400 17 6.517000
2198 404 22 8.396000
2199 404 21 8.077000
2200 404 22 8.419000
2201 404 20 7.711000
2202 404 11 4.406000
2203 403 20 7.647000
2204 402 11 4.348000
2205 403 22 8.436000
2206 401 24 9.248000
2207 402 23 8.854000
2208 402 23 8.734000
2209 402 19 7.255000
2210 401 24 9.072000
2211 400 25 9.457000
2212 401 22 8.344000
2213 405 24 9.112000
2214 405 24 9.203000
2215 400 23 8.661000
2216 401 21 7.990000
2217 401 22 8.351000
2218 401 23 8.684000
2219 401 20 7.646000
2220 403 21 7.954000
2221 402 21 8.019000
2222 407 22 8.342000
2223 405 21 8.113000
2224 405 21 8.012000
2225 402 23 8.694000
2226 401 25 9.640000
2227 419 21 7.870000
2228 422 21 7.885000
2229 423 20 7.507000
2230 425 21 7.833000
2231 424 18 6.806000
2232 426 20 7.440000
2233 425 20 7.434000
2234 425 20 7.419000
2235 424 20 7.556000
2236 426 16 5.985000
2237 424 17 6.376000
2238 422 19 7.108000
2239 426 17 6.296000
2240 426 16 6.025000
2241 424 19 7.059000
2242 426 21 7.673000
2243 427 19 6.978000
2244 425 20 7.504000
2245 422 21 7.748000
2246 421 20 7.375000
2247 421 19 7.039000
2248 421 19 7.027000
2249 419 20 7.388000
2250 418 21 7.849000
2251 416 21 7.790000
2252 417 21 7.765000
2253 418 21 7.834000
2254 418 22 8.259000
2255 418 22 8.289000
2256 416 22 8.165000
2257 417 22 8.308000
2258 415 21 7.751000
2259 415 19 7.238000
2260 418 20 7.487000
2261 418 23 8.526000
2262 419 23 8.691000
2263 413 21 7.859000
2264 415 21 7.665000
2265 416 21 7.665000
2266 415 21 7.429000
2267 414 21 7.675000
2268 415 19 6.961000
2269 415 20 7.281000
2270 419 22 7.926000
2271 418 23 8.259000
2272 421 21 7.591000
2273 422 14 5.239000
2274 424 16 5.972000
2275 421 20 7.381000
2276 420 21 7.744000
2277 420 21 7.728000
2278 420 19 7.041000
2279 422 18 6.726000
2280 424 13 4.945000
2281 417 12 4.657000
2282 417 23 8.324000
2283 417 21 7.696000
2284 419 20 7.329000
2285 417 21 7.618000
2286 417 22 7.858000
2287 416 22 7.896000
2288 418 23 8.344000
2289 418 11 4.155000
2290 419 20 7.293000
2291 417 20 7.284000
2292 418 21 7.714000
2293 417 22 7.929000
2294 419 21 7.684000
2295 412 20 7.280000
2296 410 21 7.695000
2297 413 22 8.011000
2298 414 23 8.421000
2299 414 22 7.931000
2300 416 17 6.141000
2301 417 19 7.073000
2302 417 19 7.008000
2303 416 20 7.391000
2304 429 21 7.859000
2305 427 22 8.193000
2306 425 19 7.084000
2307 424 19 7.061000
2308 423 18 6.919000
2309 416 22 8.213000
2310 420 21 7.707000
2311 419 22 8.062000
2312 417 23 8.632000
2313 423 23 8.374000
2314 401 17 6.478000
2315 399 21 7.935000
2316 398 19 7.313000
2317 427 23 8.624000
2318 427 23 8.577000
2319 425 21 7.758000
2320 426 22 8.122000
2321 425 22 8.263000
2322 423 24 9.113000
2323 423 23 8.596000
2324 425 20 7.653000
2325 426 20 7.584000
2326 426 19 7.129000
2327 425 21 7.834000
2328 423 19 7.120000
2329 422 20 7.462000
2330 429 22 8.211000
2331 429 20 7.434000
2332 429 20 7.387000
2333 426 22 8.011000
2334 423 22 8.048000
2335 423 22 8.136000
2336 413 22 8.150000
2337 416 21 7.765000
2338 414 22 8.141000
2339 416 19 7.113000
2340 420 20 7.568000
2341 420 20 7.379000
2342 420 24 8.779000
2343 421 23 8.618000
2344 423 21 7.902000
2345 422 22 8.309000
2346 422 21 7.897000
2347 422 23 8.779000
2348 422 23 8.457000
2349 422 22 8.196000
2350 421 23 8.464000
2351 421 21 7.974000
2352 423 20 7.501000
2353 425 18 6.839000
2354 424 21 7.973000
2355 424 21 7.983000
2356 429 21 7.815000
2357 424 21 7.746000
2358 425 23 8.512000
2359 424 20 7.705000
2360 423 20 7.666000
2361 426 21 8.015000
2362 426 21 7.918000
2363 426 22 8.255000
2364 426 21 7.825000
2365 421 21 7.868000
2366 422 21 7.934000
2367 419 23 8.766000
2368 420 24 9.148000
2369 420 23 8.710000
2370 425 22 8.370000
2371 419 23 8.633000
2372 421 25 9.362000
2373 424 22 8.382000
2374 424 22 8.538000
2375 424 23 8.724000
2376 425 24 9.133000
2377 414 23 8.794000
2378 413 25 9.357000
2379 412 22 8.166000
2380 413 21 7.899000
2381 415 20 7.635000
2382 412 22 8.322000
2383 411 19 7.323000
2384 412 19 7.321000
2385 414 17 6.600000
2386 415 18 6.927000
2387 415 20 7.657000
2388 418 21 8.212000
2389 418 21 8.210000
2390 418 20 7.785000
2391 418 19 7.505000
2392 415 20 7.851000
2393 419 21 7.905000
2394 418 20 7.528000
2395 422 22 8.334000
2396 425 23 8.608000
2397 425 21 7.930000
2398 428 19 7.189000
2399 428 20 7.485000
2400 431 19 7.144000
2401 432 18 6.637000
2402 430 18 6.653000
2403 430 20 7.418000
2404 432 20 7.366000
2405 434 19 7.200000
2406 431 22 8.276000
2407 429 23 8.806000
2408 429 22 8.422000
2409 429 22 8.382000
2410 430 22 8.310000
2411 439 21 7.940000
2412 438 22 8.346000
2413 439 20 7.579000
2414 436 20 7.666000
2415 439 20 7.585000
2416 439 21 8.099000
2417 439 21 8.100000
2418 437 24 8.999000
2419 426 22 8.364000
2420 409 23 8.923000
2421 411 23 8.785000
2422 414 21 8.313000
2423 414 20 7.811000
2424 415 22 8.342000
2425 413 21 8.110000
2426 411 20 7.872000
2427 429 22 8.399000
2428 426 14 5.345000
2429 429 17 6.444000
2430 429 16 6.016000
2431 429 15 5.544000
2432 433 16 5.980000
2433 431 15 5.844000
2434 428 13 5.119000
2435 425 19 7.121000
2436 430 16 6.215000
2437 428 18 6.822000
2438 429 15 5.793000
2439 430 16 5.973000
2440 430 16 5.876000
2441 424 16 5.959000
2442 423 16 5.988000
2443 425 16 6.153000
2444 425 16 6.079000
2445 429 20 7.607000
2446 434 22 8.241000
2447 433 20 7.670000
2448 432 19 7.037000
2449 434 22 8.258000
2450 431 22 8.290000
2451 430 21 7.896000
2452 431 18 6.773000
2453 430 22 8.181000
2454 432 21 7.783000
2455 431 20 7.379000
2456 431 21 7.953000
2457 431 19 7.267000
2458 433 20 7.556000
2459 435 20 7.595000
2460 437 20 7.602000
2461 433 22 8.214000
2462 432 23 8.590000
2463 431 21 7.969000
2464 430 20 7.708000
2465 436 19 7.362000
2466 435 17 6.640000
2467 437 19 7.248000
2468 437 20 7.487000
2469 436 20 7.487000
2470 433 20 7.529000
2471 434 21 7.926000
2472 435 20 7.511000
2473 436 19 7.272000
2474 435 20 7.655000
2475 435 15 5.823000
2476 437 13 5.175000
2477 439 18 6.910000
2478 436 16 6.209000
2479 438 19 7.326000
2480 437 19 7.314000
2481 436 21 8.051000
2482 436 21 7.982000
2483 437 20 7.714000
2484 432 18 7.022000
2485 432 18 6.935000
2486 433 17 6.508000
2487 432 16 6.248000
2488 435 20 7.728000
2489 435 20 7.791000
2490 436 21 8.055000
2491 434 18 6.935000
2492 434 20 7.628000
2493 433 21 8.057000
2494 437 20 7.642000
2495 429 18 6.799000
2496 429 18 6.789000
2497 431 17 6.512000
2498 430 17 6.573000
2499 432 18 7.023000
2500 431 18 6.919000
2501 431 17 6.581000
2502 431 16 6.113000
2503 432 17 6.556000
2504 432 14 5.473000
2505 433 16 6.203000
2506 431 21 8.063000
2507 431 21 8.083000
2508 430 21 8.030000
2509 427 19 7.256000
2510 431 17 6.598000
2511 428 19 7.297000
2512 429 19 7.252000
2513 432 20 7.469000
2514 430 18 6.820000
2515 430 18 6.873000
2516 429 19 7.232000
2517 431 23 8.589000
2518 431 22 8.353000
2519 433 19 7.226000
2520 434 20 7.695000
2521 427 22 8.553000
2522 427 24 9.216000
2523 429 23 8.868000
2524 422 22 8.603000
2525 425 21 8.122000
2526 425 17 6.684000
2527 425 22 8.400000
2528 425 22 8.419000
2529 425 22 8.566000
2530 425 20 7.868000
2531 424 19 7.473000
2532 426 19 7.573000
2533 426 20 7.734000
2534 426 22 8.672000
2535 430 20 7.947000
2536 429 21 8.162000
2537 429 19 7.457000
2538 430 19 7.444000
2539 429 21 8.238000
2540 431 19 7.432000
2541 432 20 7.876000
2542 431 21 8.365000
2543 432 21 8.357000
2544 431 23 9.143000
2545 433 21 8.382000
2546 433 20 8.020000
2547 433 21 8.339000
2548 433 20 7.942000
2549 433 13 5.295000
2550 433 16 6.452000
2551 435 22 8.641000
2552 435 18 7.100000
2553 434 20 7.909000
2554 433 20 7.965000
2555 433 18 7.176000
2556 433 18 7.168000
2557 435 21 8.293000
2558 433 20 7.723000
2559 433 18 7.029000
2560 433 21 8.120000
2561 434 19 7.448000
2562 436 21 8.180000
2563 437 16 6.332000
2564 436 16 6.326000
2565 435 22 8.530000
2566 438 20 7.756000
2567 439 21 8.145000
2568 440 21 8.232000
2569 427 24 9.564000
2570 427 24 9.485000
2571 431 22 8.773000
2572 430 20 7.985000
2573 429 21 8.369000
2574 430 21 8.306000
2575 433 20 7.984000
2576 433 15 6.151000
2577 432 22 8.770000
2578 433 16 6.472000
2579 433 22 8.754000
2580 433 19 7.616000
2581 432 20 7.944000
2582 432 21 8.355000
2583 430 20 7.960000
2584 430 21 8.372000
2585 433 21 8.282000
2586 434 23 9.088000
2587 426 21 8.354000
2588 427 22 8.629000
2589 427 16 6.352000
2590 428 18 6.995000
2591 429 17 6.567000
2592 429 20 7.599000
2593 427 20 7.596000
2594 426 18 6.938000
2595 422 21 8.037000
2596 419 22 8.516000
2597 421 18 7.040000
2598 418 17 6.580000
2599 419 18 6.883000
2600 417 16 6.252000
2601 417 17 6.687000
2602 418 15 5.804000
2603 421 16 6.179000
2604 419 12 4.772000
2605 419 17 6.553000
2606 420 17 6.650000
2607 420 13 5.054000
2608 420 17 6.490000
2609 416 17 6.455000
2610 417 17 6.429000
2611 415 17 6.523000
2612 415 17 6.483000
2613 415 17 6.483000
2614 418 17 6.609000
2615 417 18 6.933000
2616 421 10 4.048000
2617 423 19 7.193000
2618 421 19 7.186000
2619 419 19 7.138000
2620 420 14 5.407000
2621 420 20 7.659000
2622 421 21 7.987000
2623 422 18 6.805000
2624 423 20 7.692000
2625 423 20 7.606000
2626 427 21 8.044000
2627 426 23 8.707000
2628 427 22 8.376000
2629 428 20 7.659000
2630 425 22 8.265000
2631 427 23 8.575000
2632 429 21 7.886000
2633 427 21 8.006000
2634 427 21 7.881000
2635 428 21 7.799000
2636 426 21 7.877000
2637 426 21 7.787000
2638 426 21 7.859000
2639 426 13 5.001000
2640 428 19 7.216000
2641 428 20 7.657000
2642 427 19 7.173000
2643 427 20 7.466000
2644 428 19 7.181000
2645 429 20 7.483000
2646 429 21 8.035000
2647 428 16 6.251000
2648 427 19 7.302000
2649 426 18 6.795000
2650 427 17 6.410000
2651 431 16 6.093000
2652 431 15 5.744000
2653 432 16 6.073000
2654 433 16 6.053000
2655 432 17 6.406000
2656 432 20 7.535000
2657 431 21 7.864000
2658 431 22 8.243000
2659 429 19 7.220000
2660 433 22 8.270000
2661 433 24 9.084000
2662 433 20 7.655000
2663 434 20 7.646000
2664 430 22 8.219000
2665 434 20 7.572000
2666 434 21 7.920000
2667 432 23 8.662000
2668 432 19 7.186000
2669 437 21 7.877000
2670 437 20 7.413000
2671 437 20 7.385000
2672 437 23 8.541000
2673 438 23 8.474000
2674 437 22 8.177000
2675 435 22 8.171000
2676 436 23 8.706000
2677 436 13 4.957000
2678 430 24 8.796000
2679 431 25 9.407000
2680 431 22 8.374000
2681 431 23 8.575000
2682 432 22 8.330000
2683 427 19 7.190000
2684 428 20 7.418000
2685 429 20 7.426000
2686 429 20 7.526000
2687 429 19 7.213000
2688 429 20 7.620000
2689 428 21 7.872000
2690 427 20 7.546000
2691 428 19 7.047000
2692 426 20 7.371000
2693 425 19 7.114000
2694 431 20 7.453000
2695 429 21 7.925000
2696 432 22 8.115000
2697 430 23 8.527000
2698 429 18 6.686000
2699 428 22 8.093000
2700 427 20 7.532000
2701 426 11 4.405000
2702 425 15 5.816000
2703 426 9 3.637000
2704 427 17 6.638000
2705 427 10 4.041000
2706 429 18 6.957000
2707 430 20 7.664000
2708 429 16 6.071000
2709 427 18 6.938000
2710 427 19 7.337000
2711 425 19 7.094000
2712 426 22 8.249000
2713 424 21 7.867000
2714 425 19 7.190000
2715 424 19 7.090000
2716 422 21 7.881000
2717 422 18 6.936000
2718 422 21 7.920000
2719 425 21 7.952000
2720 426 24 9.104000
2721 427 24 8.886000
2722 427 21 7.875000
2723 426 22 8.330000
2724 434 24 9.217000
2725 429 19 7.234000
2726 431 20 7.655000
2727 431 20 7.601000
2728 429 19 7.227000
2729 431 18 6.932000
2730 431 21 8.024000
2731 431 19 7.282000
2732 431 20 7.782000
2733 427 18 6.988000
2734 429 21 8.062000
2735 429 18 6.864000
2736 424 19 7.289000
2737 424 20 7.658000
2738 424 19 7.262000
2739 425 20 7.561000
2740 424 20 7.591000
2741 419 18 6.869000
2742 419 20 7.718000
2743 418 20 7.664000
2744 418 12 4.746000
2745 423 19 7.259000
2746 421 18 6.941000
2747 421 17 6.591000
2748 421 20 7.746000
2749 416 21 8.032000
2750 417 20 7.714000
2751 418 20 7.637000
2752 417 19 7.279000
2753 418 20 7.612000
2754 418 19 7.244000
2755 421 18 6.814000
2756 421 20 7.610000
2757 423 20 7.559000
2758 421 20 7.492000
2759 421 19 7.136000
2760 421 22 8.217000
2761 423 21 7.916000
2762 422 21 7.992000
2763 421 21 8.004000
2764 424 24 9.057000
2765 423 24 9.078000
2766 424 20 7.554000
2767 423 23 8.652000
2768 423 23 8.606000
2769 425 23 8.690000
2770 424 18 6.914000
2771 423 20 7.552000
2772 423 22 8.312000
2773 423 22 8.317000
2774 424 19 7.220000
2775 425 20 7.706000
2776 430 20 7.439000
2777 428 12 4.611000
2778 425 19 7.080000
2779 427 19 7.002000
2780 422 18 6.781000
2781 421 18 6.788000
2782 420 18 6.816000
2783 420 15 5.678000
2784 425 22 8.261000
2785 427 23 8.651000
2786 425 15 5.692000
2787 426 19 7.173000
2788 427 18 6.832000
2789 429 17 6.466000
2790 425 20 7.432000
2791 421 20 7.526000
2792 421 19 7.205000
2793 419 20 7.513000
2794 419 16 6.085000
2795 417 21 7.870000
2796 417 19 7.212000
2797 415 20 7.452000
2798 414 22 8.182000
2799 415 22 8.218000
2800 416 22 8.225000
2801 422 21 8.023000
2802 424 19 7.036000
2803 422 21 7.786000
2804 422 22 8.134000
2805 423 21 7.773000
2806 424 21 7.697000
2807 426 22 8.154000
2808 425 22 8.157000
2809 424 17 6.414000
2810 424 17 6.342000
2811 424 18 6.594000
2812 427 15 5.683000
2813 428 18 6.728000
2814 427 16 6.068000
2815 427 17 6.353000
2816 427 15 5.741000
2817 425 16 6.012000
2818 426 16 6.016000
2819 426 18 6.706000
2820 427 16 6.047000
2821 427 16 6.000000
2822 426 15 5.615000
2823 428 16 6.103000
2824 428 12 4.638000
2825 429 17 6.274000
2826 429 17 6.348000
2827 433 18 6.642000
2828 433 17 6.296000
2829 431 16 6.076000
2830 430 15 5.682000
2831 431 14 5.392000
2832 431 11 4.309000
2833 431 16 6.089000
2834 434 11 4.305000
2835 434 14 5.409000
2836 433 14 5.468000
2837 433 16 6.127000
2838 432 19 7.203000
2839 429 13 5.038000
2840 431 18 6.865000
2841 431 17 6.500000
2842 428 13 5.031000
2843 428 12 4.722000
2844 430 14 5.366000
2845 430 15 5.849000
2846 428 17 6.480000
2847 428 15 5.754000
2848 427 17 6.422000
2849 429 15 5.752000
2850 430 15 5.739000
2851 430 15 5.741000
2852 430 17 6.540000
2853 432 17 6.386000
2854 433 15 5.688000
2855 434 18 6.736000
2856 431 19 7.068000
2857 430 11 4.264000
2858 429 15 5.652000
2859 431 18 6.635000
2860 430 17 6.402000
2861 429 13 5.015000
2862 433 17 6.496000
2863 433 17 6.435000
2864 429 20 7.523000
2865 428 21 7.913000
2866 430 14 5.430000
2867 430 14 5.438000
2868 429 18 6.944000
2869 429 19 7.274000
2870 430 18 6.903000
2871 426 18 6.966000
2872 428 13 5.131000
2873 430 17 6.464000
2874 430 17 6.645000
2875 431 10 4.030000
2876 432 12 4.709000
2877 429 15 5.846000
2878 430 16 6.185000
2879 430 15 5.771000
2880 431 14 5.397000
2881 432 13 5.069000
2882 432 16 6.048000
2883 429 18 6.779000
2884 428 18 6.813000
2885 427 16 6.019000
2886 423 15 5.732000
2887 424 15 5.688000
2888 423 15 5.698000
2889 422 19 7.130000
2890 426 16 6.096000
2891 425 17 6.485000
2892 427 17 6.378000
2893 426 14 5.353000
2894 426 13 5.006000
2895 425 20 7.479000
2896 439 23 8.645000
2897 438 24 8.986000
2898 439 19 7.123000
2899 441 22 8.151000
2900 440 23 8.622000
2901 440 19 7.069000
2902 440 19 7.205000
2903 439 18 6.796000
2904 438 21 7.915000
2905 437 18 6.850000
2906 437 12 4.693000
2907 435 20 7.519000
2908 432 20 7.585000
2909 433 13 5.122000
2910 433 19 7.207000
2911 433 16 6.141000
2912 433 17 6.501000
2913 433 11 4.325000
2914 433 16 6.088000
2915 433 16 6.079000
2916 434 12 4.697000
2917 435 16 6.115000
2918 435 17 6.457000
2919 436 17 6.494000
2920 439 18 6.735000
2921 439 18 6.736000
2922 438 15 5.588000
2923 440 14 5.325000
2924 441 13 4.916000
2925 439 16 5.985000
2926 437 15 5.690000
2927 436 18 6.750000
2928 438 16 5.966000
2929 436 17 6.469000
2930 435 19 7.218000
2931 431 21 7.848000
2932 431 20 7.387000
2933 430 18 6.677000
2934 432 18 6.693000
2935 431 21 7.749000
2936 429 19 7.042000
2937 431 19 7.103000
2938 431 19 7.039000
2939 433 18 6.703000
2940 437 20 7.502000
2941 431 18 6.767000
2942 427 20 7.359000
2943 426 21 7.671000
2944 434 18 6.870000
2945 434 21 7.810000
2946 433 20 7.577000
2947 425 10 3.988000
2948 427 19 7.277000
2949 428 19 7.264000
2950 429 19 7.359000
2951 427 12 4.774000
2952 427 20 7.589000
2953 431 19 7.158000
2954 433 20 7.392000
2955 434 14 5.343000
2956 434 16 5.990000
2957 434 16 6.038000
2958 433 13 4.904000
2959 435 13 4.931000
2960 434 13 4.995000
2961 430 10 3.941000
2962 428 18 6.775000
2963 427 20 7.442000
2964 430 11 4.278000
2965 424 19 7.086000
2966 428 21 7.851000
2967 427 20 7.540000
2968 421 19 7.268000
2969 427 22 8.223000
2970 427 20 7.328000
2971 424 22 8.265000
2972 422 18 6.924000
2973 420 18 6.918000
2974 423 20 7.607000
2975 426 19 7.182000
2976 424 21 7.822000
2977 424 21 7.805000
2978 421 19 7.249000
2979 422 17 6.463000
2980 425 15 5.760000
2981 425 21 7.894000
2982 423 19 7.177000
2983 423 21 7.886000
2984 423 22 8.244000
2985 422 20 7.538000
2986 422 20 7.486000
2987 422 18 6.868000
2988 421 21 7.865000
2989 419 12 4.678000
2990 420 20 7.563000
2991 419 20 7.566000
2992 418 18 6.814000
2993 419 19 7.245000
2994 420 20 7.606000
2995 418 19 7.196000
2996 420 18 6.795000
2997 422 20 7.469000
2998 421 19 7.174000
2999 421 19 7.295000
3000 426 12 4.679000
3001 422 19 7.259000
3002 428 19 7.119000
3003 415 19 6.812000
3004 414 22 7.842000
3005 414 20 7.256000
3006 415 19 6.966000
3007 416 18 6.582000
3008 413 17 6.165000
3009 412 18 6.528000
3010 416 18 6.575000
3011 416 16 5.897000
3012 411 15 5.609000
3013 422 20 7.416000
3014 421 21 7.858000
3015 411 22 8.206000
3016 411 22 8.333000
3017 412 21 7.830000
3018 415 17 6.668000
3019 414 19 7.357000
3020 411 17 6.415000
3021 411 18 6.745000
3022 410 22 8.200000
3023 410 22 8.119000
3024 411 22 8.154000
3025 414 22 8.241000
3026 413 23 8.535000
3027 415 22 8.058000
3028 412 22 8.071000
3029 411 23 8.476000
3030 410 22 8.130000
3031 413 19 7.059000
3032 415 10 3.925000
3033 412 20 7.479000
3034 411 21 7.919000
3035 411 20 7.498000
3036 418 22 8.099000
3037 418 22 8.079000
3038 414 20 7.422000
3039 411 21 7.737000
3040 410 23 8.515000
3041 410 22 8.158000
3042 410 23 8.527000
3043 410 23 8.573000
3044 410 22 8.218000
3045 411 22 8.115000
3046 412 23 8.429000
3047 412 21 7.730000
3048 413 13 4.937000
3049 414 18 6.722000
3050 415 21 7.647000
3051 414 18 6.644000
3052 416 18 6.576000
3053 415 17 6.257000
3054 412 13 4.829000
3055 412 13 4.824000
3056 412 14 5.196000
3057 411 18 6.516000
3058 413 15 5.596000
3059 414 20 7.122000
3060 423 23 8.187000
3061 423 23 8.317000
3062 421 21 7.835000
3063 425 21 7.663000
3064 418 24 8.826000
3065 416 22 8.146000
3066 416 21 7.843000
3067 417 20 7.447000
3068 417 21 7.772000
3069 418 21 7.549000
3070 418 23 8.229000
3071 418 20 7.346000
3072 423 20 7.367000
3073 423 21 7.636000
3074 423 20 7.391000
3075 423 20 7.416000
3076 424 21 7.510000
3077 425 23 8.346000
3078 423 21 7.717000
3079 418 19 7.077000
3080 418 20 7.420000
3081 419 21 7.605000
3082 419 18 6.503000
3083 419 21 7.618000
3084 422 21 7.793000
3085 420 21 7.865000
3086 421 20 7.459000
3087 421 19 7.228000
3088 420 21 7.861000
3089 418 22 8.301000
3090 423 21 7.949000
3091 424 21 7.820000
3092 422 20 7.547000
3093 422 20 7.487000
3094 424 18 6.856000
3095 422 19 7.272000
3096 422 20 7.379000
3097 420 19 7.099000
3098 422 20 7.481000
3099 422 21 7.877000
3100 424 19 7.229000
3101 424 18 6.698000
3102 423 19 7.110000
3103 422 20 7.512000
3104 421 19 7.282000
3105 423 18 6.800000
3106 421 18 6.849000
3107 421 20 7.565000
3108 424 21 7.907000
3109 424 21 8.101000
3110 420 24 8.992000
3111 421 22 8.267000
3112 418 22 7.919000
3113 417 21 7.582000
3114 422 19 6.872000
3115 422 21 7.608000
3116 423 22 8.003000
3117 423 21 7.643000
3118 423 17 6.354000
3119 424 17 6.397000
3120 424 18 6.599000
3121 424 17 6.373000
3122 425 18 6.685000
3123 424 11 4.187000
3124 423 15 5.626000
3125 425 20 7.405000
3126 427 18 6.717000
3127 427 17 6.392000
3128 426 19 7.026000
3129 423 18 6.941000
3130 418 20 7.495000
3131 418 18 6.889000
3132 418 19 7.041000
3133 416 14 5.430000
3134 418 19 7.360000
3135 417 16 6.078000
3136 421 18 6.793000
3137 421 15 5.817000
3138 420 15 5.799000
3139 425 16 6.260000
3140 426 18 6.882000
3141 423 18 6.881000
3142 428 19 7.268000
3143 426 18 6.803000
3144 425 19 7.125000
3145 426 18 6.814000
3146 425 18 7.040000
3147 422 17 6.466000
3148 427 19 7.297000
3149 427 19 7.179000
3150 426 19 7.158000
3151 424 15 5.768000
3152 422 17 6.453000
3153 422 12 4.700000
3154 422 15 5.748000
3155 421 16 6.071000
3156 423 16 6.100000
3157 422 17 6.478000
3158 423 16 6.068000
3159 422 15 5.753000
3160 422 12 4.645000
3161 423 21 7.910000
3162 423 20 7.527000
3163 422 20 7.551000
3164 422 19 7.162000
3165 422 19 7.184000
3166 426 23 8.428000
3167 427 25 9.358000
3168 426 23 8.419000
3169 428 24 8.969000
3170 430 24 8.851000
3171 429 22 8.325000
3172 430 22 8.322000
3173 429 22 8.376000
3174 430 21 7.862000
3175 429 22 8.258000
3176 430 21 7.799000
3177 428 19 7.204000
3178 428 22 8.061000
3179 427 21 7.798000
3180 428 23 8.500000
3181 429 20 7.422000
3182 426 21 7.747000
3183 426 21 7.744000
3184 425 20 7.557000
3185 426 20 7.470000
3186 427 22 8.304000
3187 429 18 6.779000
3188 428 20 7.394000
3189 427 18 6.732000
3190 428 21 7.917000
3191 426 20 7.460000
3192 423 13 5.047000
3193 423 22 8.227000
3194 423 20 7.408000
3195 421 20 7.332000
3196 423 21 7.860000
3197 426 21 7.748000
3198 422 23 8.557000
3199 423 21 7.723000
3200 421 22 8.275000
3201 421 21 7.704000
3202 421 19 7.196000
3203 423 21 7.709000
3204 426 21 7.657000
3205 426 21 7.874000
3206 426 21 7.878000
3207 425 19 7.026000
3208 423 22 8.247000
3209 424 23 8.665000
3210 424 23 8.586000
3211 425 21 8.014000
3212 425 19 7.159000
3213 425 19 7.178000
3214 424 21 7.930000
3215 423 22 8.394000
3216 423 21 8.007000
3217 423 19 7.156000
3218 421 22 8.126000
3219 422 23 8.457000
3220 424 21 7.934000
3221 423 20 7.550000
3222 424 21 7.775000
3223 423 21 7.920000
3224 425 22 8.427000
3225 422 23 8.601000
3226 425 20 7.532000
3227 423 23 8.689000
3228 423 23 8.539000
3229 421 19 7.090000
3230 420 21 7.746000
3231 418 18 6.764000
3232 420 16 6.265000
3233 420 19 7.208000
3234 423 16 6.170000
3235 424 17 6.602000
3236 423 19 7.333000
3237 421 19 7.311000
3238 422 20 7.603000
3239 424 22 8.262000
3240 427 22 8.412000
3241 428 21 8.303000
3242 427 12 4.919000
3243 426 21 8.171000
3244 428 22 8.526000
3245 429 21 8.099000
3246 428 19 7.304000
3247 427 17 6.552000
3248 430 19 7.383000
3249 429 20 7.640000
3250 430 20 8.037000
3251 428 18 6.978000
3252 427 18 7.002000
3253 429 19 7.428000
3254 428 18 7.156000
3255 427 19 7.474000
3256 427 18 7.195000
3257 427 14 5.539000
3258 426 19 7.306000
3259 426 18 7.032000
3260 426 20 7.710000
3261 424 19 7.347000
3262 426 18 7.091000
3263 427 18 7.033000
3264 425 17 6.830000
3265 426 11 4.529000
3266 419 19 7.561000
3267 419 18 7.110000
3268 419 18 6.929000
3269 418 19 7.436000
3270 417 18 7.184000
3271 417 19 7.427000
3272 419 20 7.835000
3273 418 12 4.921000
3274 422 20 7.828000
3275 425 21 8.162000
3276 425 20 7.802000
3277 424 19 7.320000
3278 424 20 7.833000
3279 425 21 8.253000
3280 425 19 7.537000
3281 425 14 5.600000
3282 425 19 7.349000
3283 427 13 5.112000
3284 426 19 7.422000
3285 425 17 6.651000
3286 425 18 6.971000
3287 430 21 8.079000
3288 410 14 5.335000
3289 406 24 9.063000
3290 408 23 8.519000
3291 410 20 7.522000
3292 411 21 8.034000
3293 409 22 8.369000
3294 408 22 8.392000
3295 408 18 6.707000
3296 409 20 7.676000
3297 412 22 8.265000
3298 413 23 8.814000
3299 416 20 7.870000
3300 417 19 7.357000
3301 422 21 7.991000
3302 420 19 7.356000
3303 419 19 7.322000
3304 425 15 6.026000
3305 427 18 6.997000
3306 427 14 5.509000
3307 427 18 7.036000
3308 429 18 6.982000
3309 429 14 5.557000
3310 427 14 5.492000
3311 429 11 4.476000
3312 428 18 7.017000
3313 428 16 6.161000
3314 426 15 5.887000
3315 424 17 6.612000
3316 428 19 7.206000
3317 426 16 6.064000
3318 422 20 7.519000
3319 422 21 7.970000
3320 424 19 7.208000
3321 425 19 7.316000
3322 427 18 6.860000
3323 427 20 7.478000
3324 424 23 8.835000
3325 425 20 7.881000
3326 428 23 8.790000
3327 427 22 8.414000
3328 429 23 8.922000
3329 429 22 8.319000
3330 430 20 7.766000
3331 431 19 7.219000
3332 432 21 8.101000
3333 430 19 7.365000
3334 428 23 8.782000
3335 430 23 8.841000
3336 424 20 7.855000
3337 426 22 8.473000
3338 426 21 8.103000
3339 426 22 8.484000
3340 426 22 8.376000
3341 426 19 7.252000
3342 426 22 8.515000
3343 421 23 8.671000
3344 422 23 8.860000
3345 422 23 8.821000
3346 425 18 6.941000
3347 424 21 8.081000
3348 422 22 8.491000
3349 423 22 8.475000
3350 425 21 8.054000
3351 426 21 8.096000
3352 427 22 8.216000
3353 419 23 8.791000
3354 418 23 8.764000
3355 418 22 8.671000
3356 419 23 8.699000
3357 420 20 7.702000
3358 421 23 8.662000
3359 420 23 8.985000
3360 426 19 7.275000
3361 425 19 7.535000
3362 425 22 8.466000
3363 419 18 6.907000
3364 416 21 7.980000
3365 421 24 8.794000
3366 422 25 9.366000
3367 421 21 7.802000
3368 420 21 7.866000
3369 414 17 6.530000
3370 421 22 8.486000
3371 418 18 6.907000
3372 418 21 8.127000
3373 418 17 6.562000
3374 415 20 7.755000
3375 415 15 5.992000
3376 414 20 7.693000
3377 414 19 7.217000
3378 415 20 7.465000
3379 413 20 7.486000
3380 420 19 7.182000
3381 422 20 7.646000
3382 422 19 7.056000
3383 422 14 5.446000
3384 422 13 5.077000
3385 422 18 6.799000
3386 423 18 6.859000
3387 420 12 4.688000
3388 423 19 7.264000
3389 418 19 7.215000
3390 421 20 7.500000
3391 419 21 8.039000
3392 417 22 8.096000
3393 418 21 7.732000
3394 417 18 6.620000
3395 419 20 7.407000
3396 419 20 7.387000
3397 421 22 7.904000
3398 420 19 7.140000
3399 422 19 7.123000
3400 423 19 7.075000
3401 416 20 7.507000
3402 415 18 6.710000
3403 417 16 5.961000
3404 419 20 7.293000
3405 419 21 7.716000
3406 415 20 7.413000
3407 416 22 7.979000
3408 416 21 7.740000
3409 416 20 7.379000
3410 414 21 7.750000
3411 413 21 7.539000
3412 407 23 8.439000
3413 411 21 7.638000
3414 408 22 8.073000
3415 410 21 7.843000
3416 413 21 7.653000
3417 418 21 7.797000
3418 416 19 6.908000
3419 418 21 7.778000
3420 419 23 8.328000
3421 420 23 8.378000
3422 418 18 6.608000
3423 417 21 7.768000
3424 417 20 7.349000
3425 416 19 7.126000
3426 418 20 7.324000
3427 421 21 7.779000
3428 422 21 7.800000
3429 422 21 7.682000
3430 424 23 8.477000
3431 420 21 7.788000
3432 420 19 6.981000
3433 423 19 7.180000
3434 429 21 7.767000
3435 429 21 7.844000
3436 429 22 8.139000
3437 429 20 7.518000
3438 426 20 7.341000
3439 426 18 6.774000
3440 427 15 5.657000
3441 416 21 7.671000
3442 417 24 8.663000
3443 414 20 7.335000
3444 414 20 7.294000
3445 414 10 3.808000
3446 415 19 6.822000
3447 418 22 7.885000
3448 418 23 8.284000
3449 416 21 7.558000
3450 417 18 6.580000
3451 415 20 7.294000
3452 414 21 7.699000
3453 414 21 7.585000
3454 415 23 8.331000
3455 416 22 7.790000
3456 415 21 7.714000
3457 412 21 7.594000
3458 415 22 7.978000
3459 415 12 4.520000
3460 419 21 7.601000
3461 418 19 6.945000
3462 420 19 6.876000
3463 418 19 6.984000
3464 417 23 8.537000
3465 416 24 8.829000
3466 427 13 4.908000
3467 427 24 8.701000
3468 426 24 8.672000
3469 428 23 8.448000
3470 426 23 8.356000
3471 428 22 8.073000
3472 428 23 8.353000
3473 426 20 7.355000
3474 428 22 8.056000
3475 426 22 8.005000
3476 428 21 7.768000
3477 427 20 7.358000
3478 426 21 7.606000
3479 424 22 7.922000
3480 427 23 8.327000
3481 426 23 8.338000
3482 428 21 7.596000
3483 428 21 7.529000
3484 427 20 7.204000
3485 424 22 8.022000
3486 423 22 8.059000
3487 424 21 7.781000
3488 425 22 7.960000
3489 421 22 8.108000
3490 421 22 8.034000
3491 423 20 7.301000
3492 423 20 7.336000
3493 425 20 7.353000
3494 424 22 8.018000
3495 425 24 9.015000
3496 426 24 8.709000
3497 423 23 8.275000
3498 424 23 8.418000
3499 406 24 8.929000
3500 406 23 8.533000
3501 409 19 7.009000
3502 405 13 4.874000
3503 405 22 8.192000
3504 405 21 7.692000
3505 407 21 7.713000
3506 412 22 8.212000
3507 412 13 4.958000
3508 409 22 8.065000
3509 409 24 8.639000
3510 408 21 7.734000
3511 413 22 8.028000
3512 413 21 7.795000
3513 412 19 7.084000
3514 410 21 7.724000
3515 409 23 8.585000
3516 425 22 8.018000
3517 425 24 8.622000
3518 421 21 7.501000
3519 420 21 7.691000
3520 420 21 7.660000
3521 416 21 7.697000
3522 417 22 8.038000
3523 415 22 7.786000
3524 414 24 8.677000
3525 415 23 8.295000
3526 409 23 8.205000
3527 414 24 8.549000
3528 416 22 7.864000
3529 417 22 7.720000
3530 416 20 7.273000
3531 417 13 4.885000
3532 415 23 8.390000
3533 416 21 7.624000
3534 416 22 7.986000
3535 416 22 8.043000
3536 414 21 7.506000
3537 414 22 8.019000
3538 413 22 7.986000
3539 414 21 7.691000
3540 413 22 8.103000
3541 417 21 7.771000
3542 419 21 7.632000
3543 422 23 8.422000
3544 420 21 7.662000
3545 419 21 7.648000
3546 419 21 7.573000
3547 423 21 7.625000
3548 422 21 7.623000
3549 424 20 7.327000
3550 417 21 7.871000
3551 418 22 8.078000
3552 418 21 7.645000
3553 418 21 7.780000
3554 417 17 6.274000
3555 416 17 6.387000
3556 423 20 7.427000
3557 423 12 4.556000
3558 416 21 7.785000
3559 416 20 7.504000
3560 409 22 8.184000
3561 409 23 8.615000
3562 409 16 6.137000
3563 413 20 7.555000
3564 412 21 7.885000
3565 410 20 7.407000
3566 409 21 7.855000
3567 409 20 7.366000
3568 404 21 7.794000
3569 409 20 7.485000
3570 405 20 7.565000
3571 406 20 7.561000
3572 406 22 8.462000
3573 410 20 7.605000
3574 408 20 7.611000
3575 408 11 4.437000
3576 418 22 7.953000
3577 419 22 8.063000
3578 425 12 4.681000
3579 425 19 6.942000
3580 427 19 7.078000
3581 427 22 8.134000
3582 427 22 8.112000
3583 419 20 7.253000
3584 422 20 7.279000
3585 423 20 7.221000
3586 423 19 6.823000
3587 424 17 6.287000
3588 424 18 6.486000
3589 425 19 6.933000
3590 423 19 6.917000
3591 423 20 7.169000
3592 424 19 6.882000
3593 426 19 7.107000
3594 426 20 7.552000
3595 426 20 7.400000
3596 426 18 6.741000
3597 425 20 7.482000
3598 425 20 7.555000
3599 427 19 7.141000
3600 430 21 7.695000
3601 427 18 6.799000
3602 429 20 7.527000
3603 427 20 7.527000
3604 425 19 7.116000
3605 428 20 7.443000
3606 427 20 7.258000
3607 425 21 7.606000
3608 425 20 7.314000
3609 424 21 7.718000
3610 426 21 7.658000
3611 426 21 7.742000
3612 425 20 7.438000
3613 424 20 7.416000
3614 405 22 8.044000
3615 408 23 8.494000
3616 408 21 7.775000
3617 410 12 4.502000
3618 409 17 6.214000
3619 411 18 6.582000
3620 413 18 6.517000
3621 413 17 6.197000
3622 413 18 6.561000
3623 416 18 6.520000
3624 415 20 7.169000
3625 416 20 7.257000
3626 417 18 6.505000
3627 420 18 6.481000
3628 419 12 4.449000
3629 418 20 7.157000
3630 417 21 7.519000
3631 417 22 7.880000
3632 418 15 5.482000
3633 416 17 6.131000
3634 415 19 6.853000
3635 413 19 6.866000
3636 415 13 4.774000
3637 414 21 7.475000
3638 429 21 7.409000
3639 429 20 7.045000
3640 429 18 6.368000
3641 429 16 5.700000
3642 429 15 5.330000
3643 426 18 6.394000
3644 425 15 5.380000
3645 425 16 5.695000
3646 424 15 5.360000
3647 424 15 5.350000
3648 422 18 6.356000
3649 421 18 6.410000
3650 421 17 6.072000
3651 426 17 6.074000
3652 426 16 5.727000
3653 402 21 7.700000
3654 405 22 8.108000
3655 403 18 6.679000
3656 403 23 8.441000
3657 403 23 8.420000
3658 402 20 7.324000
3659 398 21 7.810000
3660 398 22 8.137000
3661 398 22 8.178000
3662 397 22 8.421000
3663 398 21 7.853000
3664 401 21 7.761000
3665 400 18 6.696000
3666 404 19 7.009000
3667 404 19 7.001000
3668 404 20 7.352000
3669 405 21 7.744000
3670 418 21 7.379000
3671 417 21 7.481000
3672 416 19 6.769000
3673 417 18 6.359000
3674 418 20 7.028000
3675 419 10 3.775000
3676 421 20 7.080000
3677 417 21 7.367000
3678 417 21 7.363000
3679 416 18 6.404000
3680 412 23 8.354000
3681 412 23 8.354000
3682 412 21 7.632000
3683 416 21 7.609000
3684 414 22 8.012000
3685 416 21 7.580000
3686 416 19 6.880000
3687 416 22 7.899000
3688 416 23 8.261000
3689 416 13 4.828000
3690 425 20 7.207000
3691 425 17 6.167000
3692 425 22 7.858000
3693 427 21 7.445000
3694 427 19 6.804000
3695 426 23 8.151000
3696 425 20 7.116000
3697 425 19 6.778000
3698 425 20 7.155000
3699 422 20 7.201000
3700 413 22 7.887000
3701 415 20 7.164000
3702 416 22 7.878000
3703 421 21 7.561000
3704 417 21 7.644000
3705 419 23 8.435000
3706 417 23 8.313000
3707 411 23 8.130000
3708 414 24 8.537000
3709 414 20 7.091000
3710 412 10 3.733000
3711 411 20 7.119000
3712 411 21 7.456000
3713 413 22 7.837000
3714 413 22 7.823000
3715 413 20 7.167000
3716 413 21 7.521000
3717 412 21 7.535000
3718 412 22 7.861000
3719 410 21 7.581000
3720 408 11 4.150000
3721 408 22 7.853000
3722 406 22 7.916000
3723 404 21 7.598000
3724 406 22 8.004000
3725 412 15 5.520000
3726 408 22 7.805000
3727 408 19 6.814000
3728 405 10 3.758000
3729 403 19 6.810000
3730 404 16 5.750000
3731 405 19 6.772000
3732 408 19 6.794000
3733 417 21 7.580000
3734 416 22 7.845000
3735 416 21 7.479000
3736 416 18 6.458000
3737 421 20 7.113000
3738 424 22 7.818000
3739 424 21 7.424000
3740 425 19 6.795000
3741 424 20 7.217000
3742 425 21 7.485000
3743 424 19 6.847000
3744 424 16 5.894000
3745 423 21 7.561000
3746 424 18 6.526000
3747 423 14 5.170000
3748 422 17 6.167000
3749 423 18 6.530000
3750 420 14 5.157000
3751 419 17 6.177000
3752 422 20 7.277000
3753 429 22 7.842000
3754 430 23 8.137000
3755 430 21 7.479000
3756 433 20 7.127000
3757 428 19 6.844000
3758 430 19 6.844000
3759 436 15 5.578000
3760 437 21 7.632000
3761 437 21 7.638000
3762 436 15 5.537000
3763 435 10 3.852000
3764 434 20 7.289000
3765 423 21 7.711000
3766 423 21 7.757000
3767 421 20 7.362000
3768 420 20 7.404000
3769 420 21 7.663000
3770 421 20 7.372000
3771 419 22 8.020000
3772 416 23 8.482000
3773 410 12 4.569000
3774 410 17 6.213000
3775 409 14 5.148000
3776 412 20 7.089000
3777 411 13 4.728000
3778 412 17 6.091000
3779 413 18 6.400000
3780 411 17 6.062000
3781 412 19 6.876000
3782 413 20 7.062000
3783 414 21 7.509000
3784 410 20 7.169000
3785 410 17 6.082000
3786 410 17 6.163000
3787 409 20 7.127000
3788 413 17 6.179000
3789 419 19 6.903000
3790 416 21 7.456000
3791 398 25 8.806000
3792 396 23 8.201000
3793 395 21 7.479000
3794 396 22 7.736000
3795 396 22 7.691000
3796 424 22 7.672000
3797 423 21 7.350000
3798 422 18 6.319000
3799 422 21 7.267000
3800 424 21 7.333000
3801 425 21 7.355000
3802 426 19 6.702000
3803 426 19 6.713000
3804 426 19 6.739000
3805 427 12 4.386000
3806 427 21 7.373000
3807 409 23 8.093000
3808 408 23 8.201000
3809 407 20 7.197000
3810 409 19 6.829000
3811 409 20 7.182000
3812 407 20 7.199000
3813 406 20 7.243000
3814 412 17 6.265000
3815 416 17 6.176000
3816 417 11 4.110000
3817 417 10 3.739000
3818 426 16 5.856000
3819 423 16 5.845000
3820 419 15 5.485000
3821 417 10 3.758000
3822 418 14 5.088000
3823 417 15 5.491000
3824 415 16 5.788000
3825 414 16 5.792000
3826 413 18 6.455000
3827 416 16 5.826000
3828 409 19 6.887000
3829 409 21 7.566000
3830 409 20 7.186000
3831 411 19 6.821000
3832 410 18 6.381000
3833 412 20 7.057000
3834 411 20 7.066000
3835 412 21 7.339000
3836 413 21 7.336000
3837 413 22 7.713000
3838 410 21 7.458000
3839 410 23 8.145000
3840 410 21 7.507000
3841 412 22 7.839000
3842 416 22 7.769000
3843 415 21 7.409000
3844 413 20 7.102000
3845 413 20 7.090000
3846 410 21 7.417000
3847 411 23 8.101000
3848 413 20 7.072000
3849 408 22 7.764000
3850 407 20 7.057000
3851 408 21 7.450000
3852 406 21 7.462000
3853 408 19 6.816000
3854 407 20 7.106000
3855 408 21 7.442000
3856 416 22 7.673000
3857 413 22 7.689000
3858 412 22 7.793000
3859 413 20 7.136000
3860 406 22 7.910000
3861 407 24 8.540000
3862 406 23 8.211000
3863 410 20 7.189000
3864 406 20 7.182000
3865 405 22 7.813000
3866 406 20 7.120000
3867 404 18 6.483000
3868 405 19 6.842000
3869 406 21 7.523000
3870 407 22 7.859000
3871 406 21 7.559000
3872 406 20 7.178000
3873 406 22 7.849000
3874 403 23 8.184000
3875 407 23 8.234000
3876 405 22 7.877000
3877 407 22 7.882000
3878 408 21 7.504000
3879 409 21 7.654000
3880 408 22 7.891000
3881 408 21 7.550000
3882 409 21 7.462000
3883 409 22 7.802000
3884 411 22 7.799000
3885 411 23 8.134000
3886 411 21 7.483000
3887 411 23 8.169000
3888 411 23 8.237000
3889 411 23 8.197000
3890 435 20 7.106000
3891 435 21 7.434000
3892 433 19 6.678000
3893 432 18 6.366000
3894 434 17 6.157000
3895 435 18 6.451000
3896 436 15 5.383000
3897 435 15 5.421000
3898 435 19 6.770000
3899 432 18 6.474000
3900 440 18 6.498000
3901 438 18 6.509000
3902 437 19 6.818000
3903 436 16 5.864000
3904 435 16 5.828000
3905 433 12 4.453000
3906 434 17 6.235000
3907 432 16 5.846000
3908 432 18 6.519000
3909 433 19 6.977000
3910 436 19 6.949000
3911 436 18 6.657000
3912 436 19 6.913000
3913 430 20 7.097000
3914 430 16 5.730000
3915 431 18 6.378000
3916 432 18 6.370000
3917 434 18 6.457000
3918 433 11 4.083000
3919 433 10 3.697000
3920 432 19 6.658000
3921 433 21 7.394000
3922 433 17 6.065000
3923 431 18 6.416000
3924 432 20 7.090000
3925 433 20 7.127000
3926 433 10 3.731000
3927 433 19 6.756000
3928 434 19 6.798000
3929 433 19 6.770000
3930 433 19 6.764000
3931 433 17 6.093000
3932 436 20 7.013000
3933 434 19 6.669000
3934 435 18 6.344000
3935 434 18 6.335000
3936 430 17 6.110000
3937 419 21 7.682000
3938 419 21 7.567000
3939 416 19 6.936000
3940 415 18 6.576000
3941 414 18 6.589000
3942 413 18 6.653000
3943 415 20 7.260000
3944 418 16 5.876000
3945 421 13 4.825000
3946 417 18 6.596000
3947 419 19 6.945000
3948 419 21 7.576000
3949 417 21 7.626000
3950 415 17 6.255000
3951 416 18 6.606000
3952 415 17 6.290000
3953 414 20 7.350000
3954 415 12 4.532000
3955 417 19 7.003000
3956 417 18 6.673000
3957 417 13 4.890000
3958 424 20 7.325000
3959 426 18 6.600000
3960 426 19 6.925000
3961 427 18 6.571000
3962 424 18 6.663000
3963 424 17 6.289000
3964 424 19 7.027000
3965 424 18 6.640000
3966 426 19 6.996000
3967 427 19 6.994000
3968 425 20 7.326000
3969 422 19 7.006000
3970 426 21 7.707000
3971 427 20 7.254000
3972 427 20 7.237000
3973 427 19 6.910000
3974 427 19 6.863000
3975 426 17 6.233000
3976 423 20 7.399000
3977 424 19 7.013000
3978 421 18 6.676000
3979 421 18 6.647000
3980 421 20 7.308000
3981 425 19 6.911000
3982 425 17 6.211000
3983 427 19 6.953000
3984 424 16 5.894000
3985 425 18 6.521000
3986 425 18 6.507000
3987 421 17 6.134000
3988 421 19 6.795000
3989 420 19 6.818000
3990 422 18 6.532000
3991 423 19 6.762000
3992 423 19 6.769000
3993 423 19 6.750000
3994 419 16 5.786000
3995 418 19 6.725000
3996 424 19 6.776000
3997 422 19 6.818000
3998 420 20 7.191000
3999 420 18 6.459000
4000 424 20 7.168000
4001 423 17 6.148000
4002 422 21 7.528000
4003 424 20 7.118000
4004 424 20 7.110000
4005 421 21 7.431000
4006 418 21 7.459000
4007 420 20 7.116000
4008 423 14 5.098000
4009 428 19 6.662000
4010 430 21 7.321000
4011 430 21 7.286000
4012 431 20 6.921000
4013 430 20 6.970000
4014 423 20 7.028000
4015 423 20 6.982000
4016 420 21 7.402000
4017 425 19 6.709000
4018 423 20 7.051000
4019 422 19 6.692000
4020 422 20 7.095000
4021 422 19 6.903000
4022 421 18 6.441000
4023 420 19 6.828000
4024 419 13 4.725000
4025 416 21 7.359000
4026 415 20 7.116000
4027 418 10 3.693000
4028 419 21 7.420000
4029 418 19 6.705000
4030 420 20 7.151000
4031 420 21 7.522000
4032 417 17 6.070000
4033 427 17 6.065000
4034 428 18 6.417000
4035 428 20 7.024000
4036 428 19 6.717000
4037 421 19 6.753000
4038 421 19 6.768000
4039 422 19 6.737000
4040 417 18 6.406000
4041 414 19 6.744000
4042 406 16 5.774000
4043 407 20 7.092000
4044 406 19 6.829000
4045 408 20 7.160000
4046 410 21 7.534000
4047 408 20 7.296000
4048 409 14 5.229000
4049 408 20 7.237000
4050 418 18 6.742000
4051 416 22 8.089000
4052 418 20 7.412000
4053 417 21 7.663000
4054 417 22 8.046000
4055 420 21 7.738000
4056 417 21 7.692000
4057 415 21 7.757000
4058 415 21 7.718000
4059 416 22 8.154000
4060 423 24 8.749000
4061 425 24 8.733000
4062 424 19 6.972000
4063 428 23 8.290000
4064 424 24 8.750000
4065 426 23 8.476000
4066 426 22 8.158000
4067 425 21 7.798000
4068 426 21 7.811000
4069 424 22 8.169000
4070 425 22 8.172000
4071 427 22 8.114000
4072 428 23 8.495000
4073 424 23 8.389000
4074 424 22 8.049000
4075 427 22 7.973000
4076 426 21 7.603000
4077 426 23 8.285000
4078 423 21 7.676000
4079 423 22 7.913000
4080 422 21 7.594000
4081 423 22 7.928000
4082 422 19 6.962000
4083 425 21 7.565000
4084 424 20 7.198000
4085 424 20 7.273000
4086 424 21 7.586000
4087 424 24 8.620000
4088 424 20 7.182000
4089 413 23 8.387000
4090 413 25 9.082000
4091 412 19 7.007000
4092 411 22 7.981000
4093 413 20 7.308000
4094 412 20 7.331000
4095 413 19 7.005000
4096 406 21 7.654000
4097 407 21 7.625000
4098 409 23 8.302000
4099 410 19 6.901000
4100 410 18 6.543000
4101 410 20 7.260000
4102 406 22 8.055000
4103 410 22 8.107000
4104 412 20 7.376000
4105 412 18 6.696000
4106 413 19 6.954000
4107 414 21 7.627000
4108 414 23 8.322000
4109 414 21 7.689000
4110 415 22 7.972000
4111 418 20 7.243000
4112 417 19 6.957000
4113 416 19 6.965000
4114 418 21 7.631000
4115 420 21 7.692000
4116 421 21 7.625000
4117 420 19 6.977000
4118 423 21 7.562000
4119 418 20 7.205000
4120 418 20 7.280000
4121 415 20 7.447000
4122 416 21 7.767000
4123 418 21 7.803000
4124 417 19 7.067000
4125 417 19 7.082000
4126 417 18 6.724000
4127 417 17 6.362000
4128 416 16 6.023000
4129 416 13 4.958000
4130 417 17 6.345000
4131 417 22 8.101000
4132 410 19 7.087000
4133 409 19 7.105000
4134 407 20 7.489000
4135 408 15 5.732000
4136 409 13 4.949000
4137 409 17 6.337000
4138 409 11 4.215000
4139 408 17 6.290000
4140 407 13 4.881000
4141 406 17 6.276000
4142 406 18 6.627000
4143 406 18 6.621000
4144 408 15 5.604000
4145 410 18 6.581000
4146 410 18 6.659000
4147 409 18 6.652000
4148 409 19 6.997000
4149 409 17 6.320000
4150 406 20 7.401000
4151 406 17 6.304000
4152 408 20 7.325000
4153 408 20 7.371000
4154 407 19 7.027000
4155 409 20 7.304000
4156 407 20 7.357000
4157 406 20 7.413000
4158 408 22 8.155000
4159 408 14 5.305000
4160 406 16 5.979000
4161 405 22 7.919000
4162 406 22 7.972000
4163 403 21 7.537000
4164 403 21 7.585000
4165 403 21 7.552000
4166 405 21 7.612000
4167 403 19 6.844000
4168 409 22 7.904000
4169 409 17 6.212000
4170 436 23 8.160000
4171 437 23 8.195000
4172 437 22 7.796000
4173 437 20 7.082000
4174 436 21 7.429000
4175 412 24 8.687000
4176 414 26 9.430000
4177 413 21 7.685000
4178 413 21 7.692000
4179 412 23 8.287000
4180 412 22 7.978000
4181 413 21 7.625000
4182 416 22 7.875000
4183 418 22 7.906000
4184 418 21 7.608000
4185 418 21 7.562000
4186 419 23 8.166000
4187 419 23 8.133000
4188 420 19 6.845000
4189 419 20 7.109000
4190 418 20 7.209000
4191 419 23 8.244000
4192 418 22 7.980000
4193 418 22 7.970000
4194 416 21 7.611000
4195 418 21 7.590000
4196 406 15 5.633000
4197 406 21 7.713000
4198 407 19 7.002000
4199 408 21 7.690000
4200 408 22 8.044000
4201 408 18 6.729000
4202 407 17 6.339000
4203 405 19 7.018000
4204 404 20 7.266000
4205 403 21 7.630000
4206 403 21 7.710000
4207 401 22 8.143000
4208 401 18 6.669000
4209 403 12 4.451000
4210 404 21 7.481000
4211 405 13 4.762000
4212 405 19 6.797000
4213 399 18 6.484000
4214 397 17 6.203000
4215 399 12 4.509000
4216 400 18 6.533000
4217 400 15 5.537000
4218 400 23 8.162000
4219 409 23 8.399000
4220 408 20 7.266000
4221 406 18 6.586000
4222 410 18 6.515000
4223 403 11 4.119000
4224 408 18 6.562000
4225 407 12 4.459000
4226 406 17 6.143000
4227 406 16 5.843000
4228 407 17 6.181000
4229 409 14 5.148000
4230 408 16 5.810000
4231 406 15 5.530000
4232 407 19 6.892000
4233 409 12 4.511000
4234 411 13 4.846000
4235 412 16 5.862000
4236 414 10 3.799000
4237 413 18 6.555000
4238 413 18 6.547000
4239 412 19 6.833000
4240 410 16 5.860000
4241 411 12 4.514000
4242 412 15 5.557000
4243 413 16 5.877000
4244 413 16 5.867000
4245 413 11 4.151000
4246 412 15 5.570000
4247 413 12 4.504000
4248 413 16 5.922000
4249 412 15 5.566000
4250 410 10 3.826000
4251 414 11 4.169000
4252 403 17 6.213000
4253 404 15 5.486000
4254 404 15 5.499000
4255 409 18 6.477000
4256 409 21 7.456000
4257 407 18 6.446000
4258 406 15 5.402000
4259 408 18 6.434000
4260 428 17 6.197000
4261 426 20 7.215000
4262 425 18 6.514000
4263 426 19 6.835000
4264 424 20 7.232000
4265 422 21 7.553000
4266 421 19 6.885000
4267 423 19 6.897000
4268 423 20 7.200000
4269 424 19 6.870000
4270 424 18 6.533000
4271 426 14 5.154000
4272 425 20 7.216000
4273 424 19 6.886000
4274 425 19 6.880000
4275 423 16 5.873000
4276 424 19 6.894000
4277 424 18 6.537000
4278 426 16 5.873000
4279 422 12 4.495000
4280 423 15 5.537000
4281 429 11 4.117000
4282 428 17 6.195000
4283 427 14 5.174000
4284 425 14 5.207000
4285 424 20 7.157000
4286 425 21 7.496000
4287 426 20 7.135000
4288 424 17 6.128000
4289 423 16 5.785000
4290 422 18 6.474000
4291 423 20 7.156000
4292 426 13 4.811000
4293 427 19 6.969000
4294 426 18 6.625000
4295 426 19 6.851000
4296 418 23 8.051000
4297 419 22 7.634000
4298 416 19 6.633000
4299 414 18 6.341000
4300 418 19 6.646000
4301 418 20 7.029000
4302 414 19 6.724000
4303 412 14 5.028000
4304 412 21 7.372000
4305 412 21 7.337000
4306 412 16 5.705000
4307 413 19 6.660000
4308 413 19 6.697000
4309 417 19 6.637000
4310 414 12 4.318000
4311 414 21 7.323000
4312 412 20 6.995000
4313 410 22 7.650000
4314 426 22 7.596000
4315 428 21 7.286000
4316 425 21 7.314000
4317 429 22 7.715000
4318 431 22 7.697000
4319 432 22 7.668000
4320 431 21 7.393000
4321 426 21 7.449000
4322 425 20 7.116000
4323 425 22 7.858000
4324 425 24 8.469000
4325 424 21 7.426000
4326 434 21 7.375000
4327 430 21 7.310000
4328 436 21 7.285000
4329 438 21 7.350000
4330 440 22 7.709000
4331 441 20 7.008000
4332 439 20 7.027000
4333 439 18 6.375000
4334 439 19 6.707000
4335 433 18 6.360000
4336 433 21 7.377000
4337 442 21 7.413000
4338 440 21 7.390000
4339 437 21 7.388000
4340 436 18 6.336000
4341 437 19 6.706000
4342 438 20 7.020000
4343 437 20 6.965000
4344 437 19 6.598000
4345 437 21 7.239000
4346 433 22 7.554000
4347 435 20 6.932000
4348 437 21 7.247000
4349 435 20 6.947000
4350 435 19 6.584000
4351 430 20 6.936000
4352 428 22 7.617000
4353 428 17 5.980000
4354 426 20 6.984000
4355 427 17 6.030000
4356 431 17 5.970000
4357 436 19 6.684000
4358 437 21 7.356000
4359 434 19 6.791000
4360 436 18 6.335000
4361 437 18 6.423000
4362 437 17 6.073000
4363 438 20 7.053000
4364 437 14 5.299000
4365 435 18 6.383000
4366 435 18 6.424000
4367 420 21 7.327000
4368 421 23 7.938000
4369 419 23 7.911000
4370 419 20 6.953000
4371 429 21 7.312000
4372 429 21 7.292000
4373 426 21 7.285000
4374 426 21 7.280000
4375 426 19 6.588000
4376 426 16 5.683000
4377 428 21 7.244000
4378 426 19 6.616000
4379 425 13 4.632000
4380 425 21 7.284000
4381 424 19 6.691000
4382 426 24 8.233000
4383 427 22 7.548000
4384 429 24 8.268000
4385 421 26 8.977000
4386 423 24 8.312000
4387 421 22 7.657000
4388 422 23 8.011000
4389 421 22 7.697000
4390 419 20 7.015000
4391 414 22 7.807000
4392 414 25 8.795000
4393 412 21 7.469000
4394 412 21 7.496000
4395 414 22 7.832000
4396 414 20 7.189000
4397 413 20 7.229000
4398 421 19 6.852000
4399 422 21 7.565000
4400 422 19 6.873000
4401 420 22 7.849000
4402 418 21 7.533000
4403 418 20 7.227000
4404 415 21 7.577000
4405 423 22 7.856000
4406 421 22 7.821000
4407 416 20 7.132000
4408 415 19 6.794000
4409 421 18 6.411000
4410 424 19 6.750000
4411 425 16 5.777000
4412 424 19 6.747000
4413 424 19 6.773000
4414 424 19 6.755000
4415 426 17 6.142000
4416 427 17 6.156000
4417 425 17 6.229000
4418 425 14 5.183000
4419 425 14 5.216000
4420 428 17 6.167000
4421 428 19 6.934000
4422 430 19 6.954000
4423 430 17 6.293000
4424 429 17 6.298000
4425 428 18 6.660000
4426 426 18 6.592000
4427 429 13 4.756000
4428 427 19 6.778000
4429 430 16 5.725000
4430 424 19 6.834000
4431 424 12 4.429000
4432 424 19 6.797000
4433 424 17 6.123000
4434 427 16 5.790000
4435 427 18 6.466000
4436 430 18 6.402000
4437 430 19 6.767000
4438 431 18 6.412000
4439 431 12 4.449000
4440 431 23 8.141000
4441 430 22 7.821000
4442 430 18 6.483000
4443 429 19 6.785000
4444 428 20 7.108000
4445 428 21 7.455000
4446 428 20 7.129000
4447 424 20 7.188000
4448 424 20 7.121000
4449 427 20 7.139000
4450 430 21 7.574000
4451 431 18 6.476000
4452 434 21 7.439000
4453 433 19 6.834000
4454 432 18 6.486000
4455 430 19 6.811000
4456 418 22 8.207000
4457 419 19 7.153000
4458 419 19 7.116000
4459 421 18 6.788000
4460 417 19 7.091000
4461 417 21 7.826000
4462 415 22 8.212000
4463 420 21 7.910000
4464 418 21 7.963000
4465 416 21 8.002000
4466 417 18 6.890000
4467 441 22 7.961000
4468 406 25 9.177000
4469 402 23 8.532000
4470 402 21 7.805000
4471 406 21 7.807000
4472 404 20 7.450000
4473 408 23 8.539000
4474 406 22 8.166000
4475 405 24 8.898000
4476 405 21 7.806000
4477 406 23 8.512000
4478 407 22 8.069000
4479 412 24 8.730000
4480 409 23 8.424000
4481 409 22 8.023000
4482 411 17 6.292000
4483 410 21 7.661000
4484 409 20 7.326000
4485 412 23 8.374000
4486 412 22 8.035000
4487 412 19 6.958000
4488 414 25 9.182000
4489 415 27 9.845000
4490 417 22 8.100000
4491 415 23 8.428000
4492 414 24 8.760000
4493 414 25 9.114000
4494 411 27 9.869000
4495 413 23 8.376000
4496 414 23 8.382000
4497 412 23 8.379000
4498 411 24 8.777000
4499 413 24 8.761000
4500 415 24 8.682000
4501 414 23 8.386000
4502 417 21 7.620000
4503 413 22 8.001000
4504 412 23 8.422000
4505 412 21 7.704000
4506 415 25 9.034000
4507 414 26 9.417000
4508 426 22 7.963000
4509 428 22 7.814000
4510 428 20 7.147000
4511 428 21 7.499000
4512 429 21 7.515000
4513 430 19 6.826000
4514 428 21 7.524000
4515 427 23 8.359000
4516 432 22 8.095000
4517 430 21 7.754000
4518 430 20 7.364000
4519 433 19 7.057000
4520 434 18 6.666000
4521 436 18 6.713000
4522 418 22 8.075000
4523 418 24 8.739000
4524 418 19 7.011000
4525 417 20 7.307000
4526 420 22 8.043000
4527 418 20 7.418000
4528 419 23 8.412000
4529 421 23 8.472000
4530 421 22 8.107000
4531 422 21 7.765000
4532 422 20 7.472000
4533 422 20 7.450000
4534 422 21 7.774000
4535 421 23 8.377000
4536 419 20 7.395000
4537 420 23 8.400000
4538 419 22 8.037000
4539 418 20 7.281000
4540 418 22 7.982000
4541 418 14 5.216000
4542 420 22 8.046000
4543 412 22 8.133000
4544 413 24 8.833000
4545 409 24 8.884000
4546 410 22 8.144000
4547 413 23 8.415000
4548 418 19 6.987000
4549 418 20 7.352000
4550 420 22 8.141000
4551 419 24 8.801000
4552 417 23 8.447000
4553 419 22 8.111000
4554 419 22 8.077000
4555 414 21 7.816000
4556 412 21 7.837000
4557 414 20 7.485000
4558 414 20 7.480000
4559 419 21 7.837000
4560 421 21 7.788000
4561 423 21 7.765000
4562 420 20 7.513000
4563 420 21 7.820000
4564 420 22 8.203000
4565 397 23 8.616000
4566 403 19 7.080000
4567 403 21 7.844000
4568 401 19 7.139000
4569 401 19 7.051000
4570 400 18 6.736000
4571 403 19 6.967000
4572 409 18 6.725000
4573 408 18 6.757000
4574 428 21 7.593000
4575 428 19 6.902000
4576 412 22 8.060000
4577 414 21 7.680000
4578 414 19 7.015000
4579 414 20 7.356000
4580 413 20 7.459000
4581 408 23 8.390000
4582 410 19 7.046000
4583 411 20 7.321000
4584 428 21 7.484000
4585 426 12 4.434000
4586 431 23 8.329000
4587 433 20 7.283000
4588 431 20 7.362000
4589 431 20 7.441000
4590 424 22 8.122000
4591 424 13 4.919000
4592 426 20 7.440000
4593 429 21 7.766000
4594 426 23 8.416000
4595 426 20 7.380000
4596 426 21 7.815000
4597 424 20 7.418000
4598 426 21 7.675000
4599 424 22 8.111000
4600 423 22 8.122000
4601 421 22 8.076000
4602 426 20 7.449000
4603 429 21 7.628000
4604 430 21 7.586000
4605 431 22 7.972000
4606 431 20 7.238000
4607 430 21 7.672000
4608 429 22 7.979000
4609 424 21 7.771000
4610 426 21 7.798000
4611 422 19 7.040000
4612 422 20 7.444000
4613 420 21 7.748000
4614 421 16 5.986000
4615 422 19 7.078000
4616 419 17 6.320000
4617 420 17 6.355000
4618 420 22 7.993000
4619 423 21 7.721000
4620 423 21 7.790000
4621 423 19 7.015000
4622 421 17 6.354000
4623 420 20 7.382000
4624 425 16 6.110000
4625 424 20 7.512000
4626 424 20 7.523000
4627 420 21 7.763000
4628 420 17 6.378000
4629 418 21 7.792000
4630 418 18 6.753000
4631 421 14 5.390000
4632 423 23 8.620000
4633 423 13 5.024000
4634 423 17 6.414000
4635 431 11 4.274000
4636 431 19 7.059000
4637 427 20 7.572000
4638 427 22 8.280000
4639 427 12 4.674000
4640 431 21 7.796000
4641 431 22 8.290000
4642 430 21 7.882000
4643 430 19 7.101000
4644 428 20 7.268000
4645 430 20 7.284000
4646 432 12 4.587000
4647 435 21 7.869000
4648 435 23 8.542000
4649 412 17 6.400000
4650 412 12 4.660000
4651 412 19 7.134000
4652 411 20 7.390000
4653 413 18 6.686000
4654 412 20 7.364000
4655 412 19 7.037000
4656 412 19 7.027000
4657 412 18 6.697000
4658 410 19 7.013000
4659 412 19 6.983000
4660 411 18 6.613000
4661 410 16 6.176000
4662 411 18 6.975000
4663 410 17 6.587000
4664 412 17 6.611000
4665 414 18 6.954000
4666 411 19 7.115000
4667 412 21 7.825000
4668 410 20 7.592000
4669 408 18 6.829000
4670 407 18 6.857000
4671 409 17 6.468000
4672 411 18 6.821000
4673 410 19 7.178000
4674 411 17 6.431000
4675 410 20 7.528000
4676 410 21 7.870000
4677 408 20 7.490000
4678 407 21 7.824000
4679 406 21 7.850000
4680 406 19 7.063000
4681 432 24 8.905000
4682 432 25 9.324000
4683 431 21 7.951000
4684 428 21 7.946000
4685 429 20 7.589000
4686 437 21 7.901000
4687 438 22 8.287000
4688 436 21 8.013000
4689 433 20 7.394000
4690 434 21 7.668000
4691 434 19 6.921000
4692 434 18 6.589000
4693 407 21 7.869000
4694 408 22 8.212000
4695 408 18 6.740000
4696 414 21 7.788000
4697 413 19 7.090000
4698 413 20 7.422000
4699 403 19 7.063000
4700 407 20 7.431000
4701 407 21 7.790000
4702 406 19 7.089000
4703 406 19 7.187000
4704 409 19 7.032000
4705 409 19 6.995000
4706 399 13 4.922000
4707 400 18 6.659000
4708 398 15 5.690000
4709 397 16 5.964000
4710 396 16 5.985000
4711 397 14 5.294000
4712 398 11 4.240000
4713 399 17 6.284000
4714 404 19 7.070000
4715 403 19 7.028000
4716 403 18 6.727000
4717 437 23 8.182000
4718 435 24 8.469000
4719 435 24 8.540000
4720 436 22 7.762000
4721 438 22 7.700000
4722 436 22 7.794000
4723 438 19 6.837000
4724 438 22 7.855000
4725 437 20 7.163000
4726 437 20 7.127000
4727 437 22 7.732000
4728 435 22 7.810000
4729 442 23 8.153000
4730 435 23 8.063000
4731 435 23 8.128000
4732 438 21 7.455000
4733 438 20 7.077000
4734 438 24 8.418000
4735 438 26 9.124000
4736 438 25 8.762000
4737 439 21 7.354000
4738 439 12 4.445000
4739 435 25 8.764000
4740 435 22 7.840000
4741 436 22 7.792000
4742 437 22 7.726000
4743 437 23 8.095000
4744 437 27 9.538000
4745 437 29 10.212000
4746 442 16 5.848000
4747 445 23 8.185000
4748 444 21 7.497000
4749 443 23 8.274000
4750 450 27 9.682000
4751 442 26 9.393000
4752 443 21 7.694000
4753 444 21 7.743000
4754 442 20 7.358000
4755 442 18 6.659000
4756 443 19 6.999000
4757 443 18 6.552000
4758 439 24 8.573000
4759 439 25 8.994000
4760 437 24 8.756000
4761 437 26 9.384000
4762 438 21 7.665000
4763 440 15 5.587000
4764 439 11 4.196000
4765 439 19 6.962000
4766 435 17 6.380000
4767 435 20 7.480000
4768 434 19 7.116000
4769 434 18 6.740000
4770 431 18 6.672000
4771 430 18 6.653000
4772 429 20 7.326000
4773 430 23 8.409000
4774 430 22 8.054000
4775 413 25 9.534000
4776 411 25 9.536000
4777 417 22 8.465000
4778 419 21 8.013000
4779 418 22 8.298000
4780 417 19 7.207000
4781 417 21 7.899000
4782 432 22 7.996000
4783 423 26 9.779000
4784 423 24 8.970000
4785 419 22 8.126000
4786 417 22 8.189000
4787 419 25 9.204000
4788 420 24 8.931000
4789 421 23 8.583000
4790 421 21 7.848000
4791 420 22 8.118000
4792 423 22 8.187000
4793 422 23 8.612000
4794 422 24 9.032000
4795 425 18 6.812000
4796 425 23 8.572000
4797 426 23 8.536000
4798 428 20 7.472000
4799 426 21 7.784000
4800 428 21 7.943000
4801 425 19 7.138000
4802 426 21 7.856000
4803 414 23 8.576000
4804 403 23 8.339000
4805 404 20 7.304000
4806 403 19 7.013000
4807 402 19 6.918000
4808 401 19 6.933000
4809 399 19 7.054000
4810 401 18 6.637000
4811 397 19 7.045000
4812 398 18 6.702000
4813 396 19 7.070000
4814 396 21 7.840000
4815 397 20 7.398000
4816 396 22 8.068000
4817 408 19 6.913000
4818 408 22 7.948000
4819 407 21 7.732000
4820 408 22 8.107000
4821 408 22 8.170000
4822 410 21 7.838000
4823 410 21 7.565000
4824 416 20 7.336000
4825 406 25 9.154000
4826 402 25 9.226000
4827 402 23 8.531000
4828 402 23 8.575000
4829 401 21 7.896000
4830 403 22 8.239000
4831 402 22 8.251000
4832 402 20 7.564000
4833 447 21 7.559000
4834 446 22 8.044000
4835 442 21 7.663000
4836 442 19 6.930000
4837 445 18 6.618000
4838 444 19 6.968000
4839 444 18 6.572000
4840 444 18 6.549000
4841 443 18 6.461000
4842 434 18 6.422000
4843 437 18 6.445000
4844 436 21 7.447000
4845 435 21 7.452000
4846 434 19 6.713000
4847 434 17 6.076000
4848 403 20 7.433000
4849 405 21 7.872000
4850 404 17 6.452000
4851 405 19 7.175000
4852 410 21 7.939000
4853 407 21 7.861000
4854 407 21 7.881000
4855 407 16 6.032000
4856 407 20 7.369000
4857 408 22 8.097000
4858 407 22 8.247000
4859 409 21 7.807000
4860 406 23 8.599000
4861 406 19 7.181000
4862 406 19 7.142000
4863 406 21 7.894000
4864 406 22 8.208000
4865 409 21 7.954000
4866 409 23 8.579000
4867 410 23 8.566000
4868 409 22 8.232000
4869 410 24 8.816000
4870 408 22 8.275000
4871 412 22 8.235000
4872 411 24 9.032000
4873 412 24 9.047000
4874 412 21 7.933000
4875 411 22 8.242000
4876 412 21 7.911000
4877 412 22 8.148000
4878 412 23 8.413000
4879 411 21 7.720000
4880 410 20 7.391000
4881 411 18 6.655000
4882 412 11 4.230000
4883 410 20 7.422000
4884 411 19 7.143000
4885 409 18 6.739000
4886 409 18 6.744000
4887 411 17 6.339000
4888 413 18 6.708000
4889 418 20 7.412000
4890 417 18 6.738000
4891 418 17 6.416000
4892 419 18 6.731000
4893 417 18 6.754000
4894 419 19 7.175000
4895 415 18 6.761000
4896 415 18 6.763000
4897 416 20 7.410000
4898 417 21 7.725000
4899 417 18 6.719000
4900 415 19 7.083000
4901 421 17 6.383000
4902 435 20 7.113000
4903 436 21 7.514000
4904 435 14 5.188000
4905 436 12 4.490000
4906 435 19 6.919000
4907 437 19 6.935000
4908 436 18 6.591000
4909 437 20 7.330000
4910 437 20 7.300000
4911 440 16 5.865000
4912 438 20 7.217000
4913 435 19 7.035000
4914 436 20 7.316000
4915 435 18 6.668000
4916 430 22 8.029000
4917 429 21 7.664000
4918 425 19 7.012000
4919 424 10 3.880000
4920 424 13 4.921000
4921 424 20 7.350000
4922 423 18 6.696000
4923 425 20 7.386000
4924 425 19 7.032000
4925 424 20 7.398000
4926 424 17 6.300000
4927 424 17 6.289000
4928 428 20 7.285000
4929 428 20 7.334000
4930 426 19 6.948000
4931 428 18 6.606000
4932 430 19 6.929000
4933 431 20 7.382000
4934 429 19 7.037000
4935 429 20 7.454000
4936 427 19 7.108000
4937 424 22 8.255000
4938 425 21 7.912000
4939 429 22 8.046000
4940 425 22 8.074000
4941 427 22 8.067000
4942 427 21 7.756000
4943 425 19 7.038000
4944 424 20 7.269000
4945 425 22 7.965000
4946 421 21 7.702000
4947 421 21 7.666000
4948 421 21 7.704000
4949 422 20 7.469000
4950 422 21 7.778000
4951 412 22 8.244000
4952 415 20 7.424000
4953 413 22 8.145000
4954 413 21 7.846000
4955 415 20 7.498000
4956 415 18 6.809000
4957 415 20 7.524000
4958 418 18 6.896000
4959 418 20 7.553000
4960 419 19 7.065000
4961 417 19 7.130000
4962 417 20 7.523000
4963 417 20 7.566000
4964 417 20 7.586000
4965 418 18 6.878000
4966 420 19 7.254000
4967 416 18 6.895000
4968 416 18 6.858000
4969 422 20 7.192000
4970 423 22 7.847000
4971 423 19 6.838000
4972 424 21 7.524000
4973 422 21 7.616000
4974 428 23 8.379000
4975 423 21 7.762000
4976 424 22 8.036000
4977 423 22 7.981000
4978 422 20 7.323000
4979 423 18 6.749000
4980 422 22 8.154000
4981 423 20 7.467000
4982 421 19 7.111000
4983 421 21 7.774000
4984 420 23 8.411000
4985 418 24 8.757000
4986 427 19 6.966000
4987 421 23 8.450000
4988 421 22 7.980000
4989 421 23 8.288000
4990 422 23 8.276000
4991 422 23 8.281000
4992 422 23 8.231000
4993 417 19 6.843000
4994 421 23 8.258000
4995 422 22 7.885000
4996 422 21 7.709000
4997 423 21 7.758000
4998 423 20 7.366000
4999 424 20 7.366000
5000 421 21 7.644000
5001 422 22 8.074000
5002 423 13 4.915000
5003 417 20 7.395000
5004 416 18 6.629000
5005 415 21 7.717000
5006 420 21 7.659000
5007 420 21 7.628000
5008 420 20 7.269000
5009 423 20 7.445000
5010 426 22 8.059000
5011 425 18 6.805000
5012 424 16 6.151000
5013 425 11 4.197000
5014 425 17 6.336000
5015 425 12 4.566000
5016 427 16 5.964000
5017 424 20 7.347000
5018 423 21 7.664000
5019 422 20 7.331000
5020 422 17 6.304000
5021 424 19 7.067000
5022 425 19 7.060000
5023 425 20 7.474000
5024 427 19 7.096000
5025 426 19 7.044000
5026 426 19 7.046000
5027 426 18 6.676000
5028 426 19 6.960000
5029 423 17 6.315000
5030 425 16 5.897000
5031 426 19 6.977000
5032 425 20 7.377000
5033 425 20 7.332000
5034 424 19 6.924000
5035 425 22 7.962000
5036 436 21 7.812000
5037 437 23 8.564000
5038 437 20 7.468000
5039 435 19 7.022000
5040 433 19 7.025000
5041 431 20 7.393000
5042 430 18 6.736000
5043 432 20 7.379000
5044 432 21 7.746000
5045 433 21 7.732000
5046 433 21 7.730000
5047 431 23 8.418000
5048 431 21 7.745000
5049 430 20 7.402000
5050 431 18 6.701000
5051 426 21 7.736000
5052 426 21 7.726000
5053 424 20 7.340000
5054 424 17 6.301000
5055 425 15 5.585000
5056 425 20 7.336000
5057 426 12 4.570000
5058 425 19 7.095000
5059 430 19 7.035000
5060 433 18 6.740000
5061 434 20 7.354000
5062 434 21 7.715000
5063 433 21 7.693000
5064 430 18 6.724000
5065 431 19 7.002000
5066 431 19 6.958000
5067 431 21 7.599000
5068 432 19 6.865000
5069 430 21 7.595000
5070 429 19 6.922000
5071 425 20 7.343000
5072 425 19 7.049000
5073 426 20 7.376000
5074 428 21 7.788000
5075 429 21 7.741000
5076 430 22 8.095000
5077 430 22 8.122000
5078 429 20 7.430000
5079 432 21 7.686000
5080 431 20 7.339000
5081 430 22 7.991000
5082 431 23 8.462000
5083 431 24 8.782000
5084 430 22 8.167000
5085 428 22 8.171000
5086 427 20 7.353000
5087 423 23 8.701000
5088 423 24 9.019000
5089 424 22 8.298000
5090 425 19 7.241000
5091 424 19 7.240000
5092 424 21 7.909000
5093 421 11 4.348000
5094 422 20 7.565000
5095 422 20 7.508000
5096 426 21 7.903000
5097 425 21 7.946000
5098 422 18 6.818000
5099 422 20 7.570000
5100 421 21 7.929000
5101 421 14 5.404000
5102 418 18 6.862000
5103 416 21 7.880000
5104 417 22 8.217000
5105 416 21 7.825000
5106 414 22 8.193000
5107 428 21 7.823000
5108 429 21 7.809000
5109 429 22 8.154000
5110 423 21 7.883000
5111 426 22 8.307000
5112 425 21 8.014000
5113 426 18 6.868000
5114 426 12 4.697000
5115 427 19 7.140000
5116 428 21 7.927000
5117 428 20 7.535000
5118 424 22 8.178000
5119 426 21 7.850000
5120 426 22 8.296000
5121 427 19 7.145000
5122 426 20 7.491000
5123 424 22 8.142000
5124 425 24 8.887000
5125 426 21 7.815000
5126 425 18 6.818000
5127 421 18 6.728000
5128 416 18 6.735000
5129 418 21 7.797000
5130 418 20 7.507000
5131 418 21 7.821000
5132 420 19 7.151000
5133 422 23 8.615000
5134 425 22 8.152000
5135 425 24 8.859000
5136 422 24 8.926000
5137 414 24 9.023000
5138 416 24 8.887000
5139 417 12 4.654000
5140 415 22 8.183000
5141 412 21 7.843000
5142 412 22 8.158000
5143 410 22 8.236000
5144 411 20 7.526000
5145 409 20 7.434000
5146 410 21 7.853000
5147 410 20 7.456000
5148 409 20 7.505000
5149 408 20 7.408000
5150 414 22 8.215000
5151 416 23 8.548000
5152 430 24 8.923000
5153 426 19 7.143000
5154 426 22 8.196000
5155 426 11 4.279000
5156 417 23 8.631000
5157 434 23 8.480000
5158 434 22 8.142000
5159 433 22 8.053000
5160 433 18 6.639000
5161 429 19 6.980000
5162 430 22 8.000000
5163 421 24 8.675000
5164 420 22 8.076000
5165 420 21 7.701000
5166 419 22 8.048000
5167 418 18 6.696000
5168 417 24 8.891000
5169 419 24 8.787000
5170 418 17 6.294000
5171 426 23 8.399000
5172 426 23 8.409000
5173 426 22 8.024000
5174 424 22 8.052000
5175 426 23 8.253000
5176 427 22 7.876000
5177 422 23 8.302000
5178 420 23 8.192000
5179 417 21 7.566000
5180 418 20 7.233000
5181 409 23 8.321000
5182 409 24 8.663000
5183 409 23 8.348000
5184 410 24 8.576000
5185 416 24 8.778000
5186 416 22 8.256000
5187 415 20 7.511000
5188 417 19 7.241000
5189 417 16 6.199000
5190 416 23 8.726000
5191 414 21 7.845000
5192 413 20 7.485000
5193 412 19 7.133000
5194 414 20 7.493000
5195 415 20 7.477000
5196 411 26 9.542000
5197 411 25 9.170000
5198 411 22 8.112000
5199 409 20 7.373000
5200 411 20 7.449000
5201 410 20 7.375000
5202 411 20 7.400000
5203 410 21 7.779000
5204 410 22 8.177000
5205 409 22 8.173000
5206 410 22 8.256000
5207 410 20 7.519000
5208 411 21 7.835000
5209 411 22 8.133000
5210 409 22 8.141000
5211 410 22 8.172000
5212 414 22 8.095000
5213 412 25 9.220000
5214 413 24 8.854000
5215 412 23 8.448000
5216 414 22 8.109000
5217 426 21 7.820000
5218 426 22 8.086000
5219 418 23 8.520000
5220 423 23 8.418000
5221 424 23 8.468000
5222 423 21 7.779000
5223 423 20 7.441000
5224 423 20 7.416000
5225 424 19 7.066000
5226 420 18 6.772000
5227 425 23 8.517000
5228 420 22 8.129000
5229 421 16 6.093000
5230 422 20 7.576000
5231 422 21 7.843000
5232 419 21 7.894000
5233 416 20 7.504000
5234 416 19 7.106000
5235 413 20 7.511000
5236 412 19 7.181000
5237 434 20 7.176000
5238 435 21 7.613000
5239 436 19 6.820000
5240 436 17 6.191000
5241 436 19 6.805000
5242 439 20 7.251000
5243 440 21 7.661000
5244 440 19 6.896000
5245 439 18 6.595000
5246 439 18 6.572000
5247 439 20 7.171000
5248 436 22 7.947000
5249 436 20 7.209000
5250 435 21 7.621000
5251 433 22 7.836000
5252 436 22 8.043000
5253 414 23 8.461000
5254 414 24 8.806000
5255 411 21 7.932000
5256 412 21 7.914000
5257 412 23 8.557000
5258 412 24 8.852000
5259 414 23 8.489000
5260 415 22 8.033000
5261 417 21 7.655000
5262 431 15 5.803000
5263 428 22 8.362000
5264 426 20 7.634000
5265 425 9 3.655000
5266 425 18 6.863000
5267 425 20 7.601000
5268 423 19 7.210000
5269 423 19 7.277000
5270 426 17 6.520000
5271 429 19 7.164000
5272 428 17 6.596000
5273 428 18 6.907000
5274 427 16 6.231000
5275 427 18 6.974000
5276 429 16 6.215000
5277 429 18 6.971000
5278 430 18 6.962000
5279 427 11 4.346000
5280 421 21 7.973000
5281 423 21 8.017000
5282 423 20 7.652000
5283 422 17 6.597000
5284 422 20 7.630000
5285 423 21 7.992000
5286 421 22 8.400000
5287 425 19 7.289000
5288 425 13 5.069000
5289 424 18 6.884000
5290 424 17 6.538000
5291 423 17 6.554000
5292 422 17 6.562000
5293 422 11 4.434000
5294 422 16 6.206000
5295 421 19 7.327000
5296 420 18 6.907000
5297 421 19 7.246000
5298 422 20 7.665000
5299 422 20 7.658000
5300 424 21 7.980000
5301 423 22 8.335000
5302 423 23 8.692000
5303 421 23 8.721000
5304 418 23 8.758000
5305 419 21 8.014000
5306 418 19 7.324000
5307 419 21 8.046000
5308 420 21 7.920000
5309 420 18 6.891000
5310 419 20 7.637000
5311 420 18 6.911000
5312 419 18 6.920000
5313 420 18 6.947000
5314 420 17 6.472000
5315 421 19 7.162000
5316 421 18 6.819000
5317 422 18 6.811000
5318 420 16 6.125000
5319 422 17 6.495000
5320 423 18 6.836000
5321 421 18 6.789000
5322 418 19 7.198000
5323 419 19 7.168000
5324 420 18 6.822000
5325 422 19 7.210000
5326 422 20 7.620000
5327 423 16 6.142000
5328 423 19 7.349000
5329 423 18 7.019000
5330 422 19 7.297000
5331 426 17 6.596000
5332 428 18 6.961000
5333 427 20 7.667000
5334 426 18 6.982000
5335 418 19 7.407000
5336 418 19 7.397000
5337 425 19 7.500000
5338 434 20 7.538000
5339 432 20 7.586000
5340 435 23 8.669000
5341 434 23 8.658000
5342 433 23 8.686000
5343 434 20 7.610000
5344 430 18 6.675000
5345 435 22 8.112000
5346 434 22 8.348000
5347 434 18 6.862000
5348 436 18 6.908000
5349 436 20 7.588000
5350 434 14 5.451000
5351 432 16 6.132000
5352 433 14 5.446000
5353 434 10 3.989000
5354 432 21 7.923000
5355 432 21 7.852000
5356 431 14 5.338000
5357 435 18 6.730000
5358 432 18 6.837000
5359 430 12 4.678000
5360 435 17 6.515000
5361 434 18 6.870000
5362 433 14 5.429000
5363 438 14 5.477000
5364 436 16 6.237000
5365 438 15 5.856000
5366 430 19 7.270000
5367 429 20 7.633000
5368 435 11 4.402000
5369 434 14 5.440000
5370 439 22 8.401000
5371 436 19 7.330000
5372 431 22 8.413000
5373 432 21 8.094000
5374 432 20 7.737000
5375 431 20 7.680000
5376 432 21 8.089000
5377 433 22 8.480000
5378 435 20 7.682000
5379 432 13 5.175000
5380 434 11 4.453000
5381 437 22 8.493000
5382 436 23 8.875000
5383 436 24 9.332000
5384 432 20 7.823000
5385 431 22 8.521000
5386 432 21 8.167000
5387 433 21 8.189000
5388 433 21 7.706000
5389 433 22 8.072000
5390 432 19 7.036000
5391 431 19 6.994000
5392 430 17 6.308000
5393 431 21 7.733000
5394 430 22 8.233000
5395 433 19 7.218000
5396 430 19 7.264000
5397 430 17 6.593000
5398 429 18 6.898000
5399 432 18 6.848000
5400 430 17 6.345000
5401 430 20 7.382000
5402 411 20 7.264000
5403 411 20 7.268000
5404 412 18 6.553000
5405 416 9 3.441000
5406 416 16 5.825000
5407 410 16 5.866000
5408 409 18 6.585000
5409 407 16 5.890000
5410 408 16 5.927000
5411 413 17 6.289000
5412 412 23 8.392000
5413 412 21 7.671000
5414 410 19 6.967000
5415 409 19 6.982000
5416 412 19 6.974000
5417 410 19 6.986000
5418 410 20 7.392000
5419 418 21 7.736000
5420 415 21 7.684000
5421 417 19 6.981000
5422 416 19 6.957000
5423 417 18 6.563000
5424 415 20 7.346000
5425 408 22 8.014000
5426 414 23 8.392000
5427 423 20 7.544000
5428 422 22 8.252000
5429 419 11 4.369000
5430 421 21 7.961000
5431 423 21 7.952000
5432 424 21 7.983000
5433 422 20 7.642000
5434 421 20 7.647000
5435 419 21 8.014000
5436 420 21 8.042000
5437 421 20 7.708000
5438 422 20 7.730000
5439 422 19 7.254000
5440 421 20 7.566000
5441 418 15 5.773000
5442 417 18 6.836000
5443 418 18 6.865000
5444 420 20 7.616000
5445 418 21 7.958000
5446 418 22 8.296000
5447 418 20 7.526000
5448 417 21 7.875000
5449 414 21 7.905000
5450 413 21 7.995000
5451 413 23 8.727000
5452 411 19 7.259000
5453 411 23 8.727000
5454 413 26 9.820000
5455 412 22 8.370000
5456 410 23 8.718000
5457 418 22 8.229000
5458 419 22 8.186000
5459 419 21 7.830000
5460 417 22 8.173000
5461 418 22 8.166000
5462 415 23 8.512000
5463 416 22 8.157000
5464 410 21 7.754000
5465 409 21 7.779000
5466 409 20 7.413000
5467 407 21 7.789000
5468 410 18 6.825000
5469 414 19 7.296000
5470 413 20 7.487000
5471 414 19 7.214000
5472 416 18 6.770000
5473 414 20 7.507000
5474 419 23 8.440000
5475 419 23 8.430000
5476 419 22 8.110000
5477 420 11 4.232000
5478 422 17 6.346000
5479 423 21 7.729000
5480 423 20 7.407000
5481 425 21 7.728000
5482 422 19 7.078000
5483 421 18 6.735000
5484 424 20 7.437000
5485 422 18 6.732000
5486 429 22 7.937000
5487 429 23 8.262000
5488 430 19 6.906000
5489 430 20 7.239000
5490 431 18 6.562000
5491 428 21 7.653000
5492 429 23 8.319000
5493 431 22 8.000000
5494 431 21 7.597000
5495 431 20 7.316000
5496 429 22 7.977000
5497 429 24 8.706000
5498 430 24 8.700000
5499 431 23 8.328000
5500 433 19 6.948000
5501 433 23 8.412000
5502 432 21 7.742000
5503 433 20 7.401000
5504 431 24 8.803000
5505 432 23 8.587000
5506 432 24 8.908000
5507 431 23 8.495000
5508 431 22 8.197000
5509 431 22 8.258000
5510 431 21 7.869000
5511 421 23 8.593000
5512 420 23 8.518000
5513 420 23 8.444000
5514 418 20 7.372000
5515 419 22 8.112000
5516 421 22 8.110000
5517 424 20 7.377000
5518 424 22 8.101000
5519 425 20 7.410000
5520 423 20 7.429000
5521 423 22 8.185000
5522 425 20 7.451000
5523 425 19 7.045000
5524 422 22 8.123000
5525 422 21 7.846000
5526 423 20 7.504000
5527 424 20 7.526000
5528 424 21 7.792000
5529 417 22 8.234000
5530 416 21 7.790000
5531 423 22 8.170000
5532 417 22 8.065000
5533 417 22 8.020000
5534 416 22 8.025000
5535 416 23 8.472000
5536 417 11 4.205000
5537 417 20 7.285000
5538 415 20 7.301000
5539 413 22 7.859000
5540 414 22 7.955000
5541 418 22 7.852000
5542 421 21 7.553000
5543 423 23 8.273000
5544 425 22 7.897000
5545 427 19 6.897000
5546 426 20 7.260000
5547 427 18 6.571000
5548 427 21 7.649000
5549 427 20 7.288000
5550 426 21 7.635000
5551 425 22 8.011000
5552 413 21 7.676000
5553 414 13 4.943000
5554 414 22 8.062000
5555 414 21 7.665000
5556 415 20 7.327000
5557 414 20 7.257000
5558 413 19 6.931000
5559 409 20 7.418000
5560 409 19 7.157000
5561 408 18 6.805000
5562 409 16 6.112000
5563 409 18 6.824000
5564 413 18 6.718000
5565 410 16 6.006000
5566 409 20 7.387000
5567 410 12 4.641000
5568 411 17 6.374000
5569 409 19 7.043000
5570 411 14 5.242000
5571 419 20 7.292000
5572 415 15 5.518000
5573 415 20 7.255000
5574 414 20 7.220000
5575 415 20 7.280000
5576 414 20 7.312000
5577 412 19 7.043000
5578 415 19 7.040000
5579 413 21 8.142000
5580 418 23 8.814000
5581 411 19 7.348000
5582 408 24 8.737000
5583 411 23 8.453000
5584 411 22 8.130000
5585 413 21 7.753000
5586 414 23 8.470000
5587 414 22 8.143000
5588 413 20 7.327000
5589 411 21 7.749000
5590 413 24 8.846000
5591 411 24 8.886000
5592 413 23 8.530000
5593 415 24 8.738000
5594 414 22 8.166000
5595 418 22 8.223000
5596 418 22 8.166000
5597 416 22 8.214000
5598 409 22 8.169000
5599 409 22 8.214000
5600 407 24 8.819000
5601 407 21 7.792000
5602 407 22 8.093000
5603 406 21 7.722000
5604 413 22 8.024000
5605 434 22 8.053000
5606 432 21 7.678000
5607 437 16 5.908000
5608 434 18 6.628000
5609 425 19 6.957000
5610 426 19 7.003000
5611 426 19 7.018000
5612 424 21 7.805000
5613 423 20 7.471000
5614 426 21 7.819000
5615 426 21 7.850000
5616 427 22 8.171000
5617 426 23 8.427000
5618 422 23 8.458000
5619 422 20 7.367000
5620 422 20 7.382000
5621 425 10 3.906000
5622 426 21 7.776000
5623 427 21 7.760000
5624 426 20 7.488000
5625 426 21 7.875000
5626 425 23 8.619000
5627 428 21 7.891000
5628 428 23 8.548000
5629 433 21 7.841000
5630 433 20 7.420000
5631 432 21 7.765000
5632 431 21 7.844000
5633 429 20 7.526000
5634 429 21 7.878000
5635 428 23 8.734000
5636 428 24 9.079000
5637 430 22 8.297000
5638 432 20 7.554000
5639 431 19 7.205000
5640 430 18 6.835000
5641 428 20 7.597000
5642 428 20 7.558000
5643 428 21 7.972000
5644 428 20 7.590000
5645 431 21 7.937000
5646 429 22 8.422000
5647 428 20 7.763000
5648 430 21 8.036000
5649 430 21 7.962000
5650 431 22 8.297000
5651 429 21 7.858000
5652 429 21 7.817000
5653 429 21 7.757000
5654 430 11 4.261000
5655 429 22 8.113000
5656 425 21 7.810000
5657 424 22 8.094000
5658 425 21 7.716000
5659 424 24 8.761000
5660 423 23 8.509000
5661 422 21 7.868000
5662 421 23 8.550000
5663 421 22 8.211000
5664 422 20 7.511000
5665 422 21 7.807000
5666 423 21 7.851000
5667 423 22 8.135000
5668 421 23 8.557000
5669 421 20 7.598000
5670 420 20 7.537000
5671 422 21 7.748000
5672 421 21 7.750000
5673 420 21 7.801000
5674 418 22 8.155000
5675 421 20 7.478000
5676 416 20 7.505000
5677 416 20 7.515000
5678 418 20 7.536000
5679 418 21 7.901000
5680 417 20 7.512000
5681 419 18 6.779000
5682 415 19 7.163000
5683 413 17 6.468000
5684 412 19 7.148000
5685 413 19 7.134000
5686 412 19 7.118000
5687 410 18 6.825000
5688 409 11 4.340000
5689 410 21 7.967000
5690 411 21 7.907000
5691 417 21 7.800000
5692 416 21 7.820000
5693 416 21 7.856000
5694 412 19 7.007000
5695 411 21 7.688000
5696 411 18 6.654000
5697 412 20 7.350000
5698 411 20 7.327000
5699 411 20 7.285000
5700 410 19 6.883000
5701 413 20 7.285000
5702 412 20 7.245000
5703 413 21 7.596000
5704 415 21 7.579000
5705 421 18 6.544000
5706 420 21 7.614000
5707 421 22 7.995000
5708 421 18 6.652000
5709 421 20 7.281000
5710 420 21 7.642000
5711 421 21 7.440000
5712 423 22 7.772000
5713 418 20 7.081000
5714 419 22 7.660000
5715 420 23 8.080000
5716 419 20 6.977000
5717 418 20 7.020000
5718 419 19 6.750000
5719 418 19 6.716000
5720 417 20 6.963000
5721 415 18 6.313000
5722 414 21 7.314000
5723 417 18 6.414000
5724 415 17 6.149000
5725 415 10 3.742000
5726 413 19 6.821000
5727 414 20 7.069000
5728 413 19 6.828000
5729 414 19 6.914000
5730 414 18 6.398000
5731 414 20 6.960000
5732 413 20 7.045000
5733 415 12 4.368000
5734 418 18 6.378000
5735 415 14 5.082000
5736 416 22 7.700000
5737 421 21 7.362000
5738 419 21 7.361000
5739 419 19 6.775000
5740 419 20 7.091000
5741 418 19 6.773000
5742 419 16 5.755000
5743 419 19 6.788000
5744 417 19 6.761000
5745 415 22 7.648000
5746 415 20 6.967000
5747 415 20 6.999000
5748 417 21 7.328000
5749 413 21 7.365000
5750 420 23 8.300000
5751 420 23 8.386000
5752 417 20 7.325000
5753 418 22 8.009000
5754 418 21 7.591000
5755 417 21 7.572000
5756 417 21 7.586000
5757 422 20 7.183000
5758 423 21 7.526000
5759 425 20 7.191000
5760 421 20 7.238000
5761 426 20 7.158000
5762 426 19 6.866000
5763 423 18 6.594000
5764 423 20 7.276000
5765 422 20 7.294000
5766 423 21 7.655000
5767 423 20 7.287000
5768 423 19 6.945000
5769 424 20 7.272000
5770 422 20 7.261000
5771 419 20 7.357000
5772 421 20 7.301000
5773 421 18 6.633000
5774 421 18 6.629000
5775 421 17 6.286000
5776 420 19 6.967000
5777 421 21 7.587000
5778 419 18 6.587000
5779 421 20 7.241000
5780 420 20 7.366000
5781 419 21 7.774000
5782 416 21 7.591000
5783 416 19 7.013000
5784 423 12 4.460000
5785 424 21 7.538000
5786 418 20 7.294000
5787 418 20 7.232000
5788 418 21 7.576000
5789 429 23 8.306000
5790 430 24 8.611000
5791 430 22 7.854000
5792 429 21 7.576000
5793 431 20 7.207000
5794 430 21 7.543000
5795 429 21 7.526000
5796 429 22 7.808000
5797 428 21 7.424000
5798 428 21 7.498000
5799 428 21 7.435000
5800 429 20 7.134000
5801 432 22 7.844000
5802 431 22 7.875000
5803 430 20 7.258000
5804 430 21 7.625000
5805 431 21 7.638000
5806 434 22 7.849000
5807 433 22 7.869000
5808 432 22 7.899000
5809 432 23 8.148000
5810 432 21 7.468000
5811 432 21 7.467000
5812 433 20 7.092000
5813 433 20 7.132000
5814 433 20 7.077000
5815 432 20 7.077000
5816 431 19 6.781000
5817 430 16 5.762000
5818 431 22 7.787000
5819 432 21 7.397000
5820 428 19 6.797000
5821 429 11 4.081000
5822 431 21 7.509000
5823 428 22 7.818000
5824 427 22 7.753000
5825 425 21 7.457000
5826 424 21 7.441000
5827 424 20 7.133000
5828 423 21 7.502000
5829 422 24 8.495000
5830 421 24 8.537000
5831 422 20 7.195000
5832 419 23 8.233000
5833 418 22 7.845000
5834 419 21 7.428000
5835 419 19 6.773000
5836 421 21 7.424000
5837 421 20 7.102000
5838 419 19 6.810000
5839 418 23 8.110000
5840 419 23 8.169000
5841 420 20 7.148000
5842 420 22 7.845000
5843 420 23 8.231000
5844 421 21 7.517000
5845 422 20 7.144000
5846 421 21 7.554000
5847 421 23 8.214000
5848 422 20 7.245000
5849 420 21 7.606000
5850 419 24 8.626000
5851 418 23 8.298000
5852 419 21 7.668000
5853 418 23 8.378000
5854 418 22 8.017000
5855 413 23 8.332000
5856 414 23 8.306000
5857 413 23 8.239000
5858 414 24 8.719000
5859 418 23 8.377000
5860 420 22 8.009000
5861 418 22 7.962000
5862 417 23 8.255000
5863 418 22 7.864000
5864 418 22 7.886000
5865 417 21 7.544000
5866 417 19 6.928000
5867 418 20 7.246000
5868 420 21 7.477000
5869 421 19 6.787000
5870 422 19 6.835000
5871 418 21 7.500000
5872 418 20 7.172000
5873 419 19 6.813000
5874 420 21 7.587000
5875 421 19 6.863000
5876 421 15 5.523000
5877 421 15 5.516000
5878 422 14 5.164000
5879 422 17 6.194000
5880 425 20 7.195000
5881 423 19 6.893000
5882 425 20 7.252000
5883 427 12 4.493000
5884 428 21 7.598000
5885 428 21 7.591000
5886 424 21 7.705000
5887 425 21 7.565000
5888 422 25 9.084000
5889 422 23 8.311000
5890 419 24 8.761000
5891 419 24 8.675000
5892 419 20 7.384000
5893 420 22 8.022000
5894 418 23 8.500000
5895 419 19 7.134000
5896 421 20 7.482000
5897 422 21 7.899000
5898 419 20 7.415000
5899 420 21 7.808000
5900 422 23 8.436000
5901 419 24 8.683000
5902 419 23 8.334000
5903 420 21 7.684000
5904 420 22 8.041000
5905 422 22 7.992000
5906 421 22 8.006000
5907 427 24 8.740000
5908 427 26 9.427000
5909 427 21 7.642000
5910 428 21 7.710000
5911 431 22 8.112000
5912 429 23 8.511000
5913 429 21 7.765000
5914 431 21 7.785000
5915 426 22 8.062000
5916 422 22 8.089000
5917 420 23 8.395000
5918 419 22 8.095000
5919 420 21 7.714000
5920 417 21 7.687000
5921 418 20 7.365000
5922 420 22 8.044000
5923 420 25 9.068000
5924 420 21 7.731000
5925 416 19 7.007000
5926 416 23 8.322000
5927 420 22 8.046000
5928 418 23 8.368000
5929 415 23 8.434000
5930 419 23 8.504000
5931 417 24 8.855000
5932 419 22 8.005000
5933 416 21 7.681000
5934 415 20 7.305000
5935 414 21 7.643000
5936 412 21 7.688000
5937 412 19 6.958000
5938 410 20 7.352000
5939 410 20 7.334000
5940 410 20 7.364000
5941 419 18 6.573000
5942 419 18 6.530000
5943 419 19 6.902000
5944 417 20 7.338000
5945 419 20 7.370000
5946 416 19 6.993000
5947 415 19 7.043000
5948 414 20 7.381000
5949 414 11 4.254000
5950 406 22 8.053000
5951 406 22 8.065000
5952 405 23 8.418000
5953 405 19 6.968000
5954 407 21 7.638000
5955 407 20 7.342000
5956 408 18 6.623000
5957 408 18 6.654000
5958 408 19 6.932000
5959 416 21 7.605000
5960 419 22 8.010000
5961 418 22 8.011000
5962 419 20 7.257000
5963 418 21 7.667000
5964 415 14 5.198000
5965 415 21 7.653000
5966 426 20 7.428000
5967 424 23 8.457000
5968 426 20 7.363000
5969 428 19 7.009000
5970 427 10 3.867000
5971 424 20 7.346000
5972 424 19 7.036000
5973 423 20 7.345000
5974 422 19 7.043000
5975 423 19 7.039000
5976 424 19 7.002000
5977 418 19 7.083000
5978 419 13 4.978000
5979 420 16 6.120000
5980 421 17 6.447000
5981 419 16 6.120000
5982 417 20 7.566000
5983 417 23 8.656000
5984 417 18 6.778000
5985 416 19 7.083000
5986 416 20 7.376000
5987 416 18 6.728000
5988 415 18 6.758000
5989 416 17 6.335000
5990 417 19 7.010000
5991 420 16 5.954000
5992 419 17 6.326000
5993 418 17 6.291000
5994 419 17 6.334000
5995 417 15 5.643000
5996 418 15 5.608000
5997 425 17 6.236000
5998 426 11 4.168000
5999 425 10 3.831000
6000 428 19 6.877000
6001 426 19 6.900000
6002 427 19 7.000000
6003 410 20 7.287000
6004 413 20 7.339000
6005 412 16 5.981000
6006 410 18 6.673000
6007 411 18 6.672000
6008 411 18 6.779000
6009 410 20 7.474000
6010 412 14 5.333000
6011 412 23 8.256000
6012 412 23 8.237000
6013 411 20 7.220000
6014 411 20 7.228000
6015 412 22 7.944000
6016 413 20 7.271000
6017 415 20 7.224000
6018 416 21 7.617000
6019 416 22 7.973000
6020 414 22 7.953000
6021 415 22 7.993000
6022 416 22 8.001000
6023 413 22 8.205000
6024 413 21 7.799000
6025 413 20 7.388000
6026 415 19 7.020000
6027 416 16 5.987000
6028 417 18 6.668000
6029 416 20 7.409000
6030 416 20 7.348000
6031 413 15 5.733000
6032 414 21 7.793000
6033 414 20 7.504000
6034 410 18 6.837000
6035 411 10 3.976000
6036 411 18 6.925000
6037 412 20 7.498000
6038 411 19 7.096000
6039 413 17 6.447000
6040 414 19 7.098000
6041 414 19 7.120000
6042 416 17 6.443000
6043 414 19 7.106000
6044 415 18 6.803000
6045 415 18 6.782000
6046 414 19 7.137000
6047 411 14 5.367000
6048 413 13 5.013000
6049 409 20 7.517000
6050 412 21 7.836000
6051 408 19 7.150000
6052 407 20 7.513000
6053 406 14 5.388000
6054 407 17 6.391000
6055 406 19 7.111000
6056 406 10 3.952000
6057 412 21 7.793000
6058 411 21 7.815000
6059 410 22 8.271000
6060 410 21 7.802000
6061 411 18 6.833000
6062 411 21 7.883000
6063 411 19 7.121000
6064 409 18 6.816000
6065 409 17 6.436000
6066 408 21 7.896000
6067 413 19 7.056000
6068 411 15 5.640000
6069 410 19 6.965000
6070 411 20 7.333000
6071 410 18 6.686000
6072 410 19 7.037000
6073 410 19 7.055000
6074 413 16 5.987000
6075 413 14 5.262000
6076 414 18 6.683000
6077 412 19 7.033000
6078 416 19 7.077000
6079 416 19 7.129000
6080 417 19 7.190000
6081 418 13 5.020000
6082 417 20 7.503000
6083 418 11 4.307000
6084 415 18 6.821000
6085 416 17 6.411000
6086 412 20 7.579000
6087 413 21 7.951000
6088 413 20 7.584000
6089 413 19 7.212000
6090 412 20 7.634000
6091 411 20 7.570000
6092 411 19 7.170000
6093 424 20 7.496000
6094 424 21 7.833000
6095 419 20 7.554000
6096 421 21 7.734000
6097 421 22 8.067000
6098 420 20 7.403000
6099 421 21 7.648000
6100 421 21 7.672000
6101 421 18 6.618000
6102 422 18 6.572000
6103 419 17 6.282000
6104 420 17 6.351000
6105 420 14 5.250000
6106 423 11 4.218000
6107 421 16 5.887000
6108 422 17 6.297000
6109 424 15 5.594000
6110 425 16 5.989000
6111 423 17 6.303000
6112 421 18 6.690000
6113 423 20 7.373000
6114 422 19 7.078000
6115 422 13 4.954000
6116 421 20 7.225000
6117 421 24 8.563000
6118 422 21 7.530000
6119 421 11 4.123000
6120 421 22 7.814000
6121 419 21 7.564000
6122 412 22 8.140000
6123 410 22 8.065000
6124 410 22 8.178000
6125 408 21 7.772000
6126 407 20 7.415000
6127 409 22 8.117000
6128 415 23 8.373000
6129 416 23 8.397000
6130 417 22 8.043000
6131 417 23 8.425000
6132 418 22 8.202000
6133 412 21 7.948000
6134 414 23 8.612000
6135 418 22 8.119000
6136 416 22 8.064000
6137 415 23 8.425000
6138 418 22 7.970000
6139 415 21 7.691000
6140 416 20 7.364000
6141 414 22 8.158000
6142 420 24 8.761000
6143 419 24 8.692000
6144 418 22 8.006000
6145 422 22 8.076000
6146 422 20 7.388000
6147 416 24 8.859000
6148 415 22 8.105000
6149 416 24 8.828000
6150 414 23 8.509000
6151 419 21 7.765000
6152 422 24 8.840000
6153 415 22 8.126000
6154 416 22 8.061000
6155 417 20 7.448000
6156 414 23 8.490000
6157 412 13 4.935000
6158 414 23 8.368000
6159 419 22 8.058000
6160 417 19 7.052000
6161 419 22 8.222000
6162 420 20 7.585000
6163 418 21 7.867000
6164 419 24 8.958000
6165 420 21 8.018000
6166 420 22 8.314000
6167 419 14 5.465000
6168 418 19 7.274000
6169 419 21 8.006000
6170 419 20 7.705000
6171 419 20 7.688000
6172 420 21 8.051000
6173 420 20 7.650000
6174 420 21 8.089000
6175 420 20 7.645000
6176 419 20 7.820000
6177 419 21 8.103000
6178 420 18 6.892000
6179 423 20 7.666000
6180 423 20 7.656000
6181 422 20 7.621000
6182 422 19 7.268000
6183 430 21 8.013000
6184 431 20 7.607000
6185 433 13 5.098000
6186 430 19 7.169000
6187 428 19 7.117000
6188 427 22 8.272000
6189 428 21 7.930000
6190 427 19 7.185000
6191 427 12 4.671000
6192 428 22 8.174000
6193 430 23 8.571000
6194 431 22 8.162000
6195 430 21 7.832000
6196 429 16 6.028000
6197 427 22 8.197000
6198 426 22 8.200000
6199 430 20 7.465000
6200 428 24 8.834000
6201 430 22 8.252000
6202 431 20 7.460000
6203 431 20 7.560000
6204 430 19 7.212000
6205 428 18 6.843000
6206 430 20 7.524000
6207 430 21 7.987000
6208 429 22 8.280000
6209 430 22 8.230000
6210 430 21 7.832000
6211 426 23 8.537000
6212 428 23 8.543000
6213 427 21 7.931000
6214 427 19 7.238000
6215 428 20 7.645000
6216 427 20 7.673000
6217 427 23 8.717000
6218 423 22 8.335000
6219 424 22 8.354000
6220 425 18 6.890000
6221 425 20 7.527000
6222 428 19 7.179000
6223 426 21 7.939000
6224 426 20 7.550000
6225 425 20 7.516000
6226 427 20 7.530000
6227 428 19 7.164000
6228 426 19 7.105000
6229 427 20 7.490000
6230 427 21 7.839000
6231 430 20 7.544000
6232 429 19 7.224000
6233 428 20 7.635000
6234 429 19 7.271000
6235 426 18 6.943000
6236 414 22 8.338000
6237 414 22 8.292000
6238 419 21 7.958000
6239 417 21 7.823000
6240 420 20 7.461000
6241 420 22 8.123000
6242 422 21 7.726000
6243 421 22 8.095000
6244 423 21 7.772000
6245 423 22 8.160000
6246 422 23 8.646000
6247 420 22 8.252000
6248 420 22 8.348000
6249 419 24 9.140000
6250 420 22 8.362000
6251 423 21 7.924000
6252 422 22 8.300000
6253 427 20 7.533000
6254 427 21 7.938000
6255 427 22 8.285000
6256 426 20 7.614000
6257 425 21 7.932000
6258 425 20 7.575000
6259 424 19 7.193000
6260 424 19 7.202000
6261 422 19 7.234000
6262 422 19 7.300000
6263 421 19 7.289000
6264 422 18 6.892000
6265 421 17 6.580000
6266 422 17 6.504000
6267 423 21 7.952000
6268 423 21 7.913000
6269 421 19 7.318000
6270 426 18 6.900000
6271 427 21 8.020000
6272 427 24 9.238000
6273 427 20 7.726000
6274 427 20 7.813000
6275 420 19 7.539000
6276 422 20 7.862000
6277 423 20 7.856000
6278 423 20 7.763000
6279 422 20 7.742000
6280 421 21 8.097000
6281 423 22 8.425000
6282 421 21 8.103000
6283 421 21 8.152000
6284 421 20 7.778000
6285 418 22 8.543000
6286 417 22 8.439000
6287 417 21 8.106000
6288 418 22 8.393000
6289 418 20 7.774000
6290 412 19 7.438000
6291 417 22 8.533000
6292 413 21 8.225000
6293 413 20 7.769000
6294 415 21 8.146000
6295 414 21 8.069000
6296 413 20 7.679000
6297 413 9 3.648000
6298 413 19 7.275000
6299 412 20 7.613000
6300 412 20 7.642000
6301 412 20 7.608000
6302 413 20 7.688000
6303 414 19 7.304000
6304 414 19 7.351000
6305 414 20 7.675000
6306 414 20 7.671000
6307 417 19 7.344000
6308 418 18 7.003000
6309 416 19 7.231000
6310 418 20 7.713000
6311 418 18 6.898000
6312 416 19 7.229000
6313 417 11 4.352000
6314 415 19 7.272000
6315 420 19 7.321000
6316 420 19 7.303000
6317 418 13 5.111000
6318 420 23 8.752000
6319 420 23 8.694000
6320 417 22 8.378000
6321 426 23 8.692000
6322 425 18 6.851000
6323 424 18 6.851000
6324 423 20 7.557000
6325 424 22 8.214000
6326 424 21 7.883000
6327 423 21 7.965000
6328 420 21 7.960000
6329 420 19 7.182000
6330 418 20 7.477000
6331 418 19 7.140000
6332 418 21 7.777000
6333 416 23 8.596000
6334 419 23 8.489000
6335 422 21 8.145000
6336 424 24 9.167000
6337 423 21 8.190000
6338 424 21 7.957000
6339 429 21 7.878000
6340 424 22 8.309000
6341 423 22 8.230000
6342 426 21 7.874000
6343 413 22 8.316000
6344 416 22 8.280000
6345 415 20 7.564000
6346 416 19 7.159000
6347 417 19 7.273000
6348 413 20 7.556000
6349 417 11 4.376000
6350 414 19 7.235000
6351 414 16 6.139000
6352 415 22 8.342000
6353 417 20 7.599000
6354 426 19 7.269000
6355 425 19 7.265000
6356 426 20 7.622000
6357 428 20 7.577000
6358 426 21 7.922000
6359 426 21 7.960000
6360 427 19 7.221000
6361 427 20 7.585000
6362 429 23 8.690000
6363 419 21 7.992000
6364 421 19 7.255000
6365 422 23 8.690000
6366 421 22 8.283000
6367 419 22 8.395000
6368 419 23 8.636000
6369 423 24 8.814000
6370 422 23 8.527000
6371 425 21 7.798000
6372 424 20 7.416000
6373 419 24 8.947000
6374 419 26 9.842000
6375 419 23 8.776000
6376 419 24 9.048000
6377 421 23 8.644000
6378 419 22 8.263000
6379 421 23 8.623000
6380 421 20 7.465000
6381 420 22 8.272000
6382 420 20 7.544000
6383 418 21 7.925000
6384 420 22 8.315000
6385 417 20 7.573000
6386 415 19 7.182000
6387 416 20 7.581000
6388 415 21 7.935000
6389 414 21 7.909000
6390 416 19 7.207000
6391 416 19 7.186000
6392 417 20 7.550000
6393 418 18 6.854000
6394 423 19 7.204000
6395 421 22 8.327000
6396 420 18 6.879000
6397 420 19 7.262000
6398 420 18 6.834000
6399 422 20 7.637000
6400 421 20 7.655000
6401 418 20 7.706000
6402 418 19 7.294000
6403 416 20 7.569000
6404 416 21 8.058000
6405 418 20 7.663000
6406 419 20 7.602000
6407 417 21 7.919000
6408 416 22 8.251000
6409 416 22 8.340000
6410 419 13 5.106000
6411 422 21 8.166000
6412 422 22 8.459000
6413 420 23 8.779000
6414 420 23 8.918000
6415 419 19 7.391000
6416 419 20 7.697000
6417 420 14 5.455000
6418 420 20 7.581000
6419 421 21 7.872000
6420 421 20 7.453000
6421 419 20 7.489000
6422 418 19 7.214000
6423 418 20 7.539000
6424 416 21 7.918000
6425 417 21 7.935000
6426 408 16 6.100000
6427 409 20 7.525000
6428 409 22 8.157000
6429 408 21 7.813000
6430 408 20 7.441000
6431 410 20 7.519000
6432 412 20 7.409000
6433 412 12 4.585000
6434 410 18 6.638000
6435 412 21 7.701000
6436 413 20 7.369000
6437 414 19 7.021000
6438 413 19 7.033000
6439 411 20 7.380000
6440 411 21 7.725000
6441 414 19 7.041000
6442 412 20 7.453000
6443 412 16 6.013000
6444 411 16 6.016000
6445 410 20 7.520000
6446 410 20 7.308000
6447 409 19 6.956000
6448 411 19 6.917000
6449 414 20 7.197000
6450 414 20 7.203000
6451 417 10 3.794000
6452 424 23 8.439000
6453 423 23 8.410000
6454 421 23 8.404000
6455 422 23 8.480000
6456 424 23 8.398000
6457 431 23 8.423000
6458 429 23 8.518000
6459 431 23 8.521000
6460 435 24 8.816000
6461 435 23 8.498000
6462 433 21 7.722000
6463 433 19 7.030000
6464 435 22 8.122000
6465 432 18 6.716000
6466 426 20 7.460000
6467 424 22 8.227000
6468 427 22 8.222000
6469 428 22 8.241000
6470 427 22 8.215000
6471 431 20 7.467000
6472 432 24 8.957000
6473 431 21 7.883000
6474 430 24 8.903000
6475 430 17 6.583000
6476 432 19 7.233000
6477 431 20 7.476000
6478 429 18 6.881000
6479 430 19 7.189000
6480 428 22 8.271000
6481 428 19 7.161000
6482 427 21 7.830000
6483 424 21 7.891000
6484 421 24 8.803000
6485 422 25 9.112000
6486 421 21 7.656000
6487 419 25 9.127000
6488 422 25 9.202000
6489 423 21 7.741000
6490 425 19 7.075000
6491 426 24 8.790000
6492 427 24 8.773000
6493 427 22 8.108000
6494 426 21 7.853000
6495 419 24 8.876000
6496 417 25 9.128000
6497 417 22 8.046000
6498 417 20 7.362000
6499 418 23 8.408000
6500 417 21 7.734000
6501 416 22 8.062000
6502 417 22 8.121000
6503 418 22 8.162000
6504 418 21 7.847000
6505 417 21 7.813000
6506 417 22 8.112000
6507 418 22 8.117000
6508 417 22 8.163000
6509 423 22 8.182000
6510 425 24 8.816000
6511 422 23 8.709000
6512 423 21 7.907000
6513 420 20 7.518000
6514 420 21 7.880000
6515 418 19 7.106000
6516 423 23 8.468000
6517 422 24 8.836000
6518 420 23 8.451000
6519 421 20 7.434000
6520 420 20 7.384000
6521 420 21 7.802000
6522 419 20 7.412000
6523 420 20 7.400000
6524 418 22 8.076000
6525 418 23 8.521000
6526 417 23 8.508000
6527 416 23 8.458000
6528 419 22 8.124000
6529 420 24 8.860000
6530 420 23 8.438000
6531 420 23 8.409000
6532 420 20 7.415000
6533 421 22 8.194000
6534 421 23 8.565000
6535 422 23 8.699000
6536 423 19 7.195000
6537 425 20 7.499000
6538 425 20 7.462000
6539 423 21 7.820000
6540 424 18 6.749000
6541 421 19 7.143000
6542 420 19 7.078000
6543 420 20 7.461000
6544 421 18 6.726000
6545 423 18 6.776000
6546 425 20 7.434000
6547 424 19 7.131000
6548 424 19 7.084000
6549 426 19 7.112000
6550 426 22 8.173000
6551 425 11 4.269000
6552 426 20 7.408000
6553 424 20 7.347000
6554 421 21 7.767000
6555 422 19 7.071000
6556 422 18 6.746000
6557 422 20 7.431000
6558 421 20 7.423000
6559 421 19 7.093000
6560 422 21 7.820000
6561 424 21 7.723000
6562 424 19 7.018000
6563 425 19 7.068000
6564 426 21 7.667000
6565 426 22 8.125000
6566 424 23 8.450000
6567 424 22 8.118000
6568 424 21 7.880000
6569 425 21 7.929000
6570 422 21 7.855000
6571 423 20 7.436000
6572 423 16 5.899000
6573 423 10 3.902000
6574 423 21 7.685000
6575 425 20 7.291000
6576 424 21 7.702000
6577 426 10 3.867000
6578 423 20 7.357000
6579 423 21 7.702000
6580 423 19 6.901000
6581 423 20 7.254000
6582 426 22 7.881000
6583 424 23 8.231000
6584 424 22 7.895000
6585 421 20 7.142000
6586 423 23 8.226000
6587 425 22 7.825000
6588 422 22 7.787000
6589 421 19 6.778000
6590 416 23 8.164000
6591 417 25 8.829000
6592 418 23 8.235000
6593 417 25 8.973000
6594 417 22 8.018000
6595 418 23 8.273000
6596 415 25 8.964000
6597 416 24 8.571000
6598 416 23 8.220000
6599 416 21 7.512000
6600 418 19 6.831000
6601 417 19 6.878000
6602 416 20 7.157000
6603 416 20 7.143000
6604 416 20 7.140000
6605 419 19 6.800000
6606 421 18 6.467000
6607 421 18 6.475000
6608 420 19 6.810000
6609 419 22 7.880000
6610 417 20 7.198000
6611 416 18 6.529000
6612 418 18 6.603000
6613 419 18 6.588000
6614 418 12 4.518000
6615 418 20 7.245000
6616 418 20 7.312000
6617 422 20 7.439000
6618 422 21 7.779000
6619 422 22 8.111000
6620 424 21 7.717000
6621 421 11 4.244000
6622 419 17 6.364000
6623 420 17 6.355000
6624 418 17 6.338000
6625 421 20 7.397000
6626 421 15 5.593000
6627 424 18 6.646000
6628 423 18 6.644000
6629 423 18 6.643000
6630 422 15 5.639000
6631 424 22 8.017000
6632 422 21 7.660000
6633 420 22 8.046000
6634 420 20 7.342000
6635 420 21 7.684000
6636 421 20 7.363000
6637 424 20 7.312000
6638 422 20 7.328000
6639 422 20 7.348000
6640 418 21 7.627000
6641 419 21 7.600000
6642 420 20 7.286000
6643 420 19 6.982000
6644 425 17 6.243000
6645 423 23 8.354000
6646 423 22 7.976000
6647 425 20 7.305000
6648 421 21 7.744000
6649 426 22 8.117000
6650 421 23 8.703000
6651 422 23 8.573000
6652 423 20 7.545000
6653 424 19 7.178000
6654 423 19 7.083000
6655 425 20 7.419000
6656 423 20 7.425000
6657 424 19 7.041000
6658 426 20 7.377000
6659 426 20 7.376000
6660 424 18 6.670000
6661 424 20 7.344000
6662 424 19 7.046000
6663 424 18 6.708000
6664 424 12 4.587000
6665 423 17 6.319000
6666 422 17 6.294000
6667 424 11 4.268000
6668 424 14 5.329000
6669 422 17 6.513000
6670 425 17 6.328000
6671 424 18 6.716000
6672 427 11 4.233000
6673 428 18 6.654000
6674 428 10 3.877000
6675 427 17 6.307000
6676 426 18 6.681000
6677 426 14 5.288000
6678 425 13 4.909000
6679 425 15 5.638000
6680 426 16 5.982000
6681 428 14 5.265000
6682 429 15 5.622000
6683 428 21 7.703000
6684 426 23 8.490000
6685 421 19 6.961000
6686 423 18 6.659000
6687 422 12 4.551000
6688 423 11 4.226000
6689 424 17 6.261000
6690 422 18 6.622000
6691 416 18 6.689000
6692 420 18 6.662000
6693 420 20 7.432000
6694 419 20 7.440000
6695 419 22 8.151000
6696 420 19 7.046000
6697 420 21 7.722000
6698 421 21 7.703000
6699 422 21 7.677000
6700 432 21 7.669000
6701 432 23 8.345000
6702 418 18 6.526000
6703 418 18 6.598000
6704 418 18 6.511000
6705 420 17 6.199000
6706 419 19 6.897000
6707 419 17 6.194000
6708 420 10 3.826000
6709 419 19 6.946000
6710 419 17 6.274000
6711 419 21 7.772000
6712 420 20 7.378000
6713 419 19 6.931000
6714 419 16 5.929000
6715 421 18 6.581000
6716 421 21 7.549000
6717 419 20 7.270000
6718 418 18 6.600000
6719 418 19 6.918000
6720 419 19 6.906000
6721 419 19 6.941000
6722 419 19 7.005000
6723 420 19 6.964000
6724 422 17 6.252000
6725 422 17 6.249000
6726 422 20 7.247000
6727 423 18 6.543000
6728 421 22 7.934000
6729 418 21 7.645000
6730 418 22 7.995000
6731 420 23 8.391000
6732 419 24 8.685000
6733 419 20 7.271000
6734 416 21 7.681000
6735 418 21 7.620000
6736 418 24 8.677000
6737 419 25 9.051000
6738 421 22 8.011000
6739 421 22 8.024000
6740 425 21 7.570000
6741 428 23 8.240000
6742 430 23 8.309000
6743 431 25 8.961000
6744 432 22 7.922000
6745 435 23 8.399000
6746 436 22 7.982000
6747 436 23 8.304000
6748 432 21 7.620000
6749 433 22 8.034000
6750 433 25 9.070000
6751 432 22 8.065000
6752 429 21 7.694000
6753 431 21 7.830000
6754 433 21 7.847000
6755 432 21 7.839000
6756 431 20 7.396000
6757 431 19 6.973000
6758 431 21 7.733000
6759 431 22 8.052000
6760 430 20 7.371000
6761 430 22 8.068000
6762 431 22 8.095000
6763 431 20 7.391000
6764 432 10 3.885000
6765 431 22 8.078000
6766 430 21 7.750000
6767 432 22 8.057000
6768 429 22 7.994000
6769 428 23 8.398000
6770 427 21 7.695000
6771 428 21 7.708000
6772 431 19 6.924000
6773 431 20 7.388000
6774 428 21 7.787000
6775 427 23 8.505000
6776 427 25 9.156000
6777 426 24 8.851000
6778 427 20 7.346000
6779 428 22 8.012000
6780 426 22 8.015000
6781 428 23 8.263000
6782 430 23 8.332000
6783 430 24 8.626000
6784 430 23 8.269000
6785 432 23 8.294000
6786 431 24 8.615000
6787 424 22 8.027000
6788 424 24 8.753000
6789 426 23 8.481000
6790 428 23 8.426000
6791 432 24 8.722000
6792 432 23 8.372000
6793 432 23 8.428000
6794 433 24 8.804000
6795 433 10 3.870000
6796 431 21 7.762000
6797 433 21 7.733000
6798 432 22 8.109000
6799 430 23 8.468000
6800 433 25 9.256000
6801 430 25 9.231000
6802 430 21 7.801000
6803 428 23 8.568000
6804 431 12 4.631000
6805 436 22 8.096000
6806 434 21 7.760000
6807 437 21 7.641000
6808 432 20 7.275000
6809 434 20 7.387000
6810 434 21 7.786000
6811 433 20 7.376000
6812 433 19 7.028000
6813 434 19 6.991000
6814 434 19 7.030000
6815 432 20 7.328000
6816 434 22 8.002000
6817 435 23 8.325000
6818 434 24 8.704000
6819 433 24 8.617000
6820 433 24 8.623000
6821 435 22 7.932000
6822 435 21 7.634000
6823 435 22 8.015000
6824 435 21 7.717000
6825 435 19 7.008000
6826 434 18 6.653000
6827 434 18 6.659000
6828 426 21 7.617000
6829 429 20 7.215000
6830 427 20 7.212000
6831 428 21 7.665000
6832 430 22 7.962000
6833 428 23 8.359000
6834 427 20 7.323000
6835 428 20 7.270000
6836 426 21 7.661000
6837 424 20 7.300000
6838 424 21 7.691000
6839 425 20 7.353000
6840 425 21 7.634000
6841 425 20 7.282000
6842 434 22 8.057000
6843 432 23 8.496000
6844 432 20 7.415000
6845 432 21 7.766000
6846 431 20 7.429000
6847 431 18 6.717000
6848 431 18 6.752000
6849 428 19 7.122000
6850 427 19 7.173000
6851 425 18 6.813000
6852 425 24 9.032000
6853 426 24 9.004000
6854 426 20 7.578000
6855 425 21 7.960000
6856 426 17 6.508000
6857 426 23 8.675000
6858 426 25 9.379000
6859 429 12 4.666000
6860 426 12 4.659000
6861 427 22 8.283000
6862 428 23 8.668000
6863 428 20 7.453000
6864 419 23 8.529000
6865 419 23 8.578000
6866 421 18 6.783000
6867 423 21 7.834000
6868 421 22 8.204000
6869 425 20 7.416000
6870 424 21 7.825000
6871 427 21 7.805000
6872 424 20 7.459000
6873 423 22 8.158000
6874 424 24 8.831000
6875 427 22 8.147000
6876 428 22 8.147000
6877 426 19 7.122000
6878 429 20 7.514000
6879 429 21 7.804000
6880 428 20 7.480000
6881 428 19 7.131000
6882 430 22 8.220000
6883 429 20 7.525000
6884 430 21 7.809000
6885 431 21 7.825000
6886 431 23 8.513000
6887 433 24 8.770000
6888 430 22 8.078000
6889 431 22 8.094000
6890 433 22 8.088000
6891 434 22 8.112000
6892 432 22 8.034000
6893 434 22 8.035000
6894 434 24 8.782000
6895 434 24 8.735000
6896 433 22 8.061000
6897 435 21 7.724000
6898 435 22 8.026000
6899 433 23 8.399000
6900 432 21 7.701000
6901 435 22 8.142000
6902 438 24 8.827000
6903 438 23 8.506000
6904 438 22 8.180000
6905 441 20 7.482000
6906 440 19 7.148000
6907 439 19 7.154000
6908 439 22 8.209000
6909 440 21 7.872000
6910 444 20 7.502000
6911 443 24 8.998000
6912 446 16 6.067000
6913 442 21 7.903000
6914 445 23 8.529000
6915 440 22 8.252000
6916 441 13 4.990000
6917 441 14 5.321000
6918 442 20 7.389000
6919 441 20 7.363000
6920 439 20 7.314000
6921 438 20 7.326000
6922 437 21 7.628000
6923 439 23 8.295000
6924 439 20 7.285000
6925 441 18 6.625000
6926 439 18 6.664000
6927 439 20 7.399000
6928 439 13 4.932000
6929 440 20 7.383000
6930 439 19 7.009000
6931 443 17 6.390000
6932 443 21 7.721000
6933 442 17 6.335000
6934 443 17 6.297000
6935 442 16 5.969000
6936 441 16 5.958000
6937 441 15 5.641000
6938 440 16 5.981000
6939 440 18 6.692000
6940 440 18 6.663000
6941 441 18 6.628000
6942 441 18 6.686000
6943 445 20 7.383000
6944 445 18 6.665000
6945 439 21 7.567000
6946 434 23 8.305000
6947 435 18 6.581000
6948 433 23 8.220000
6949 436 22 7.875000
6950 438 20 7.212000
6951 428 20 7.278000
6952 432 22 7.954000
6953 432 20 7.303000
6954 445 21 7.616000
6955 443 23 8.321000
6956 443 22 8.039000
6957 443 21 7.686000
6958 443 20 7.317000
6959 442 20 7.316000
6960 443 21 7.695000
6961 443 21 7.638000
6962 442 20 7.275000
6963 441 18 6.631000
6964 441 17 6.261000
6965 436 19 6.910000
6966 434 19 6.901000
6967 434 20 7.271000
6968 435 21 7.599000
6969 435 20 7.088000
6970 435 22 7.825000
6971 441 25 8.744000
6972 440 23 8.209000
6973 440 21 7.540000
6974 440 20 7.278000
6975 440 22 7.770000
6976 434 23 8.305000
6977 435 24 8.532000
6978 432 23 8.121000
6979 431 22 7.790000
6980 431 21 7.506000
6981 432 20 7.112000
6982 430 20 7.163000
6983 431 25 8.772000
6984 431 26 9.156000
6985 433 25 8.785000
6986 430 22 7.860000
6987 433 22 7.829000
6988 432 21 7.547000
6989 435 21 7.512000
6990 433 23 8.133000
6991 433 21 7.499000
6992 433 21 7.466000
6993 436 23 8.212000
6994 436 20 7.171000
6995 434 22 7.824000
6996 434 21 7.536000
6997 431 21 7.492000
6998 432 23 8.182000
6999 432 20 7.144000
7000 431 21 7.513000
7001 429 21 7.512000
7002 429 21 7.479000
7003 442 22 7.904000
7004 439 17 5.935000
7005 438 21 7.261000
7006 435 19 6.606000
7007 438 19 6.906000
7008 438 13 4.834000
7009 429 17 6.203000
7010 430 21 7.520000
7011 429 21 7.498000
7012 425 20 7.190000
7013 423 19 6.878000
7014 423 17 6.185000
7015 424 21 7.526000
7016 426 22 7.882000
7017 428 11 4.152000
7018 427 20 7.244000
7019 424 20 7.267000
7020 424 20 7.340000
7021 424 20 7.371000
7022 426 19 7.000000
7023 428 18 6.634000
7024 432 15 5.555000
7025 432 17 6.239000
7026 432 18 6.573000
7027 430 18 6.550000
7028 430 19 6.911000
7029 431 19 6.858000
7030 432 12 4.517000
7031 429 17 6.232000
7032 429 20 7.258000
7033 428 23 8.284000
7034 427 22 7.919000
7035 428 20 7.267000
7036 423 20 7.353000
7037 421 20 7.346000
7038 427 21 7.680000
7039 427 14 5.186000
7040 427 20 7.305000
7041 429 18 6.616000
7042 428 19 6.978000
7043 427 19 6.901000
7044 427 23 8.298000
7045 427 23 8.243000
7046 430 22 7.917000
7047 430 20 7.226000
7048 430 16 5.889000
7049 423 21 7.725000
7050 424 21 7.830000
7051 424 21 7.712000
7052 424 22 8.146000
7053 430 20 7.380000
7054 431 24 8.655000
7055 433 24 8.589000
7056 427 22 7.797000
7057 428 17 6.176000
7058 428 23 8.248000
7059 428 22 8.318000
7060 429 22 8.198000
7061 432 17 6.467000
7062 430 22 7.795000
7063 428 21 7.435000
7064 426 19 6.780000
7065 426 19 6.815000
7066 425 22 7.855000
7067 424 21 7.463000
7068 426 21 7.500000
7069 427 22 7.829000
7070 427 19 6.823000
7071 427 19 6.799000
7072 428 19 6.800000
7073 428 19 6.790000
7074 426 15 5.417000
7075 426 9 3.400000
7076 426 18 6.378000
7077 428 17 6.070000
7078 422 23 8.283000
7079 420 22 7.919000
7080 419 20 7.313000
7081 420 12 4.540000
7082 420 17 6.337000
7083 419 22 8.055000
7084 430 22 8.008000
7085 420 23 8.281000
7086 422 24 8.688000
7087 421 19 7.063000
7088 422 20 7.293000
7089 422 20 7.313000
7090 421 19 6.927000
7091 418 23 8.467000
7092 419 22 8.037000
7093 418 21 7.726000
7094 417 22 8.045000
7095 417 21 7.659000
7096 415 22 8.069000
7097 416 22 8.014000
7098 414 20 7.349000
7099 413 23 8.372000
7100 412 23 8.393000
7101 412 20 7.315000
7102 415 20 7.340000
7103 416 22 8.014000
7104 416 24 8.751000
7105 420 22 7.988000
7106 422 19 6.942000
7107 421 21 7.675000
7108 430 20 7.276000
7109 430 15 5.569000
7110 429 18 6.575000
7111 428 17 6.243000
7112 428 20 7.294000
7113 426 18 6.556000
7114 426 17 6.230000
7115 425 19 6.979000
7116 426 15 5.537000
7117 426 20 7.264000
7118 421 20 7.625000
7119 419 22 8.305000
7120 419 21 7.864000
7121 419 19 7.229000
7122 421 20 7.556000
7123 421 21 7.920000
7124 418 20 7.489000
7125 419 21 7.953000
7126 421 22 8.210000
7127 424 22 8.129000
7128 426 21 7.843000
7129 421 23 8.093000
7130 420 22 7.814000
7131 420 22 7.841000
7132 429 20 7.203000
7133 429 21 7.550000
7134 431 19 6.806000
7135 432 20 7.123000
7136 432 19 6.826000
7137 432 20 7.182000
7138 431 19 6.872000
7139 431 21 7.561000
7140 432 22 7.913000
7141 432 25 8.851000
7142 433 23 8.212000
7143 433 20 7.195000
7144 431 21 7.527000
7145 430 19 6.860000
7146 431 19 6.854000
7147 434 21 7.483000
7148 434 22 7.828000
7149 435 22 7.846000
7150 434 22 7.788000
7151 432 21 7.441000
7152 433 21 7.483000
7153 433 21 7.527000
7154 433 20 7.151000
7155 429 20 7.227000
7156 428 18 6.526000
7157 430 18 6.578000
7158 432 19 6.851000
7159 431 20 7.236000
7160 431 12 4.525000
7161 435 20 7.178000
7162 433 22 7.890000
7163 434 12 4.480000
7164 432 20 7.219000
7165 432 20 7.227000
7166 431 10 3.796000
7167 432 19 6.876000
7168 429 20 7.124000
7169 429 12 4.480000
7170 431 19 6.817000
7171 434 22 8.003000
7172 434 21 7.728000
7173 434 24 8.778000
7174 426 20 7.408000
7175 427 21 7.769000
7176 428 21 7.797000
7177 427 20 7.493000
7178 428 21 7.803000
7179 429 20 7.418000
7180 429 21 7.848000
7181 429 21 7.781000
7182 431 20 7.439000
7183 431 20 7.486000
7184 431 19 7.078000
7185 433 20 7.318000
7186 433 20 7.409000
7187 433 20 7.426000
7188 432 16 6.034000
7189 434 20 7.412000
7190 436 14 5.267000
7191 436 18 6.659000
7192 437 22 8.263000
7193 435 20 7.516000
7194 439 18 6.809000
7195 439 10 3.920000
7196 439 12 4.598000
7197 439 20 7.427000
7198 438 19 7.119000
7199 435 20 7.491000
7200 435 17 6.433000
7201 436 20 7.465000
7202 437 17 6.369000
7203 435 19 7.025000
7204 434 13 4.931000
7205 435 11 4.263000
7206 432 16 5.974000
7207 431 9 3.560000
7208 430 9 3.587000
7209 431 9 3.527000
7210 433 17 6.358000
7211 430 17 6.428000
7212 431 17 6.431000
7213 431 10 3.928000
7214 429 19 7.159000
7215 429 16 6.014000
7216 430 20 7.419000
7217 431 19 7.082000
7218 432 21 7.929000
7219 432 22 8.187000
7220 435 21 7.705000
7221 432 20 7.484000
7222 434 21 7.828000
7223 433 21 7.796000
7224 433 22 8.158000
7225 429 23 8.649000
7226 429 21 7.759000
7227 428 19 6.978000
7228 428 19 7.187000
7229 428 19 7.125000
7230 424 19 7.201000
7231 423 20 7.530000
7232 423 20 7.421000
7233 426 21 7.858000
7234 427 17 6.381000
7235 425 20 7.560000
7236 425 19 7.112000
7237 424 20 7.551000
7238 424 20 7.499000
7239 423 21 7.907000
7240 422 20 7.531000
7241 423 18 6.852000
7242 424 12 4.673000
7243 423 16 6.176000
7244 423 13 5.149000
7245 422 16 6.111000
7246 423 15 5.788000
7247 422 13 5.126000
7248 423 9 3.663000
7249 424 21 7.994000
7250 424 14 5.413000
7251 424 19 7.387000
7252 425 20 7.682000
7253 428 17 6.468000
7254 429 20 7.545000
7255 433 18 6.788000
7256 430 20 7.470000
7257 432 11 4.246000
7258 430 18 6.697000
7259 430 13 4.972000
7260 432 21 7.751000
7261 432 21 7.796000
7262 432 21 7.813000
7263 429 20 7.497000
7264 427 22 8.196000
7265 426 25 9.258000
7266 426 23 8.502000
7267 425 19 7.124000
7268 424 21 7.941000
7269 424 21 7.944000
7270 425 22 8.304000
7271 425 19 7.203000
7272 425 21 7.881000
7273 427 19 7.142000
7274 430 22 8.076000
7275 428 23 8.387000
7276 429 21 7.623000
7277 428 19 6.983000
7278 429 22 8.006000
7279 428 12 4.584000
7280 430 19 6.953000
7281 430 14 5.246000
7282 429 21 7.633000
7283 429 18 6.672000
7284 438 20 7.248000
7285 435 20 7.311000
7286 435 19 6.917000
7287 435 20 7.342000
7288 421 22 8.001000
7289 423 19 7.057000
7290 425 20 7.271000
7291 425 17 6.286000
7292 436 21 7.565000
7293 437 21 7.487000
7294 437 20 7.247000
7295 432 22 8.017000
7296 432 22 8.049000
7297 430 22 8.072000
7298 430 22 8.000000
7299 427 21 7.627000
7300 430 17 6.272000
7301 430 19 7.001000
7302 431 22 7.959000
7303 429 22 7.851000
7304 429 19 6.847000
7305 427 19 6.975000
7306 428 19 6.960000
7307 431 20 7.314000
7308 429 18 6.583000
7309 431 20 7.231000
7310 431 20 7.176000
7311 431 22 7.842000
7312 427 21 7.550000
7313 427 21 7.593000
7314 427 21 7.511000
7315 428 20 7.275000
7316 428 19 6.883000
7317 427 20 7.254000
7318 427 13 4.800000
7319 427 14 5.181000
7320 427 13 4.802000
7321 430 13 4.810000
7322 426 16 5.778000
7323 427 15 5.532000
7324 426 14 5.161000
7325 431 14 5.103000
7326 429 16 5.762000
7327 429 11 4.107000
7328 429 12 4.404000
7329 425 9 3.429000
7330 426 14 5.278000
7331 428 23 8.283000
7332 426 21 7.700000
7333 425 18 6.624000
7334 424 17 6.304000
7335 427 14 5.275000
7336 427 22 7.909000
7337 425 22 7.935000
7338 426 18 6.689000
7339 426 19 6.997000
7340 426 19 7.065000
7341 427 12 4.577000
7342 428 22 8.057000
7343 427 13 4.940000
7344 428 10 3.868000
7345 423 22 8.102000
7346 424 19 6.982000
7347 423 21 7.649000
7348 424 18 6.611000
7349 424 19 6.956000
7350 426 22 8.095000
7351 426 19 6.953000
7352 424 20 7.349000
7353 426 19 6.933000
7354 426 20 7.267000
7355 425 19 6.957000
7356 424 17 6.233000
7357 424 18 6.551000
7358 425 21 7.566000
7359 426 14 5.219000
7360 426 18 6.611000
7361 426 19 6.887000
7362 425 17 6.272000
7363 426 17 6.165000
7364 427 16 5.845000
7365 427 16 5.853000
7366 427 10 3.819000
7367 427 15 5.568000
7368 428 12 4.511000
7369 428 11 4.175000
7370 426 23 8.332000
7371 426 24 8.640000
7372 424 21 7.585000
7373 426 20 7.198000
7374 425 21 7.547000
7375 426 19 6.852000
7376 424 23 8.233000
7377 421 24 8.568000
7378 421 20 7.318000
7379 421 19 6.916000
7380 420 21 7.689000
7381 423 21 7.653000
7382 422 22 7.959000
7383 424 20 7.319000
7384 422 19 6.955000
7385 421 23 8.408000
7386 421 22 7.926000
7387 421 21 7.634000
7388 419 20 7.269000
7389 418 21 7.666000
7390 416 22 8.002000
7391 417 22 8.037000
7392 415 12 4.545000
7393 416 22 8.068000
7394 416 21 7.638000
7395 421 23 8.403000
7396 422 23 8.264000
7397 422 21 7.682000
7398 418 21 7.595000
7399 416 20 7.209000
7400 416 21 7.546000
7401 415 25 9.175000
7402 416 25 9.097000
7403 416 21 7.787000
7404 418 21 7.778000
7405 415 19 7.116000
7406 413 20 7.374000
7407 414 20 7.467000
7408 412 19 7.120000
7409 412 19 7.048000
7410 413 18 6.625000
7411 413 18 6.711000
7412 414 21 7.721000
7413 415 21 7.783000
7414 416 20 7.408000
7415 419 20 7.352000
7416 419 21 7.663000
7417 423 16 5.969000
7418 423 18 6.603000
7419 422 12 4.559000
7420 424 13 4.899000
7421 425 16 5.948000
7422 424 17 6.307000
7423 425 13 4.996000
7424 426 14 5.244000
7425 427 19 7.114000
7426 427 22 8.038000
7427 429 21 7.645000
7428 429 22 8.024000
7429 425 16 5.961000
7430 424 21 7.622000
7431 424 20 7.286000
7432 430 21 7.655000
7433 429 22 7.938000
7434 427 20 7.195000
7435 427 21 7.536000
7436 427 20 7.202000
7437 427 22 7.905000
7438 428 22 7.849000
7439 426 21 7.561000
7440 427 18 6.514000
7441 425 21 7.633000
7442 425 22 7.874000
7443 426 20 7.263000
7444 425 22 7.979000
7445 423 20 7.232000
7446 422 22 7.839000
7447 422 18 6.577000
7448 420 13 5.006000
7449 422 20 7.495000
7450 421 19 7.101000
7451 422 18 6.783000
7452 420 17 6.392000
7453 420 18 6.807000
7454 420 18 6.707000
7455 421 19 7.135000
7456 423 18 6.811000
7457 424 17 6.443000
7458 426 17 6.400000
7459 426 9 3.584000
7460 426 13 4.920000
7461 426 17 6.314000
7462 427 16 5.957000
7463 427 12 4.572000
7464 428 14 5.252000
7465 427 12 4.587000
7466 428 15 5.619000
7467 429 12 4.612000
7468 430 16 5.960000
7469 431 16 5.927000
7470 431 19 7.025000
7471 430 20 7.352000
7472 430 18 6.700000
7473 431 21 7.729000
7474 429 22 8.153000
7475 429 20 7.324000
7476 429 19 7.069000
7477 429 15 5.588000
7478 427 19 7.112000
7479 427 18 6.705000
7480 429 17 6.385000
7481 429 18 6.735000
7482 431 17 6.355000
7483 431 15 5.711000
7484 426 19 7.072000
7485 427 17 6.383000
7486 425 18 6.711000
7487 425 18 6.718000
7488 424 20 7.470000
7489 425 12 4.626000
7490 426 18 6.769000
7491 426 18 6.674000
7492 426 19 7.090000
7493 423 21 7.747000
7494 423 20 7.450000
7495 423 19 7.165000
7496 422 12 4.690000
7497 424 19 7.056000
7498 424 17 6.459000
7499 424 17 6.412000
7500 422 19 7.247000
7501 422 17 6.919000
7502 421 21 8.079000
7503 419 22 8.525000
7504 418 19 7.214000
7505 419 19 7.265000
7506 420 18 6.759000
7507 417 18 6.722000
7508 420 19 7.079000
7509 422 18 6.753000
7510 423 18 6.710000
7511 419 21 7.774000
7512 421 24 8.842000
7513 422 19 7.072000
7514 419 19 7.006000
7515 419 11 4.203000
7516 420 20 7.386000
7517 421 16 5.942000
7518 420 18 6.646000
7519 420 19 7.005000
7520 420 16 5.959000
7521 418 17 6.373000
7522 417 15 5.598000
7523 417 18 6.654000
7524 417 19 6.993000
7525 417 18 6.625000
7526 419 17 6.264000
7527 422 21 7.672000
7528 420 18 6.627000
7529 420 19 7.017000
7530 420 18 6.608000
7531 421 20 7.336000
7532 421 17 6.239000
7533 420 15 5.682000
7534 420 18 6.660000
7535 420 19 7.064000
7536 420 16 6.006000
7537 419 19 7.023000
7538 421 11 4.284000
7539 420 12 4.604000
7540 425 20 7.210000
7541 424 17 6.176000
7542 423 19 7.002000
7543 423 18 6.749000
7544 422 17 6.317000
7545 424 14 5.227000
7546 421 18 6.660000
7547 421 15 5.575000
7548 419 17 6.289000
7549 419 18 6.573000
7550 418 20 7.256000
7551 417 19 6.991000
7552 416 20 7.319000
7553 416 12 4.511000
7554 416 17 6.264000
7555 416 18 6.617000
7556 416 21 7.648000
7557 415 22 7.932000
7558 424 20 7.280000
7559 424 18 6.540000
7560 420 20 7.214000
7561 425 20 7.276000
7562 423 20 7.376000
7563 423 22 7.980000
7564 425 19 6.958000
7565 425 18 6.617000
7566 426 19 7.058000
7567 426 18 6.812000
7568 429 12 4.601000
7569 430 16 5.986000
7570 430 17 6.329000
7571 430 21 7.693000
7572 429 21 7.840000
7573 428 21 7.797000
7574 426 21 7.875000
7575 428 19 7.116000
7576 429 18 6.777000
7577 427 20 7.429000
7578 426 15 5.717000
7579 425 17 6.380000
7580 424 20 7.438000
7581 424 20 7.407000
7582 425 19 7.053000
7583 425 23 8.450000
7584 427 24 8.913000
7585 427 19 7.117000
7586 427 19 7.010000
7587 426 12 4.584000
7588 426 20 7.385000
7589 426 18 6.682000
7590 426 24 8.766000
7591 425 25 9.121000
7592 428 14 5.319000
7593 427 20 7.442000
7594 428 22 8.134000
7595 428 19 7.081000
7596 429 19 6.978000
7597 428 21 7.670000
7598 424 22 7.972000
7599 425 21 7.652000
7600 424 21 7.663000
7601 427 19 6.930000
7602 424 14 5.180000
7603 426 12 4.521000
7604 427 18 6.641000
7605 426 11 4.167000
7606 426 17 6.286000
7607 429 17 6.247000
7608 429 18 6.676000
7609 431 17 6.310000
7610 430 17 6.337000
7611 430 17 6.297000
7612 431 14 5.272000
7613 431 22 8.075000
7614 431 24 8.910000
7615 432 20 7.381000
7616 431 18 6.681000
7617 430 18 6.631000
7618 432 19 7.017000
7619 432 15 5.616000
7620 430 18 6.678000
7621 431 19 7.047000
7622 431 20 7.416000
7623 432 22 8.135000
7624 432 23 8.531000
7625 434 18 6.737000
7626 435 19 7.092000
7627 431 19 7.003000
7628 432 18 6.729000
7629 432 19 7.020000
7630 432 18 6.686000
7631 430 19 7.074000
7632 428 18 6.730000
7633 428 20 7.385000
7634 428 19 7.119000
7635 428 18 6.755000
7636 428 15 5.631000
7637 428 11 4.228000
7638 430 17 6.368000
7639 429 22 8.060000
7640 430 22 8.100000
7641 428 22 8.103000
7642 428 20 7.532000
7643 430 20 7.468000
7644 429 17 6.435000
7645 428 17 6.447000
7646 428 20 7.507000
7647 431 21 7.760000
7648 430 19 7.092000
7649 431 21 7.825000
7650 431 21 7.869000
7651 437 22 7.993000
7652 424 23 8.598000
7653 425 22 8.199000
7654 426 21 7.870000
7655 426 18 6.726000
7656 425 16 6.026000
7657 424 22 8.103000
7658 424 23 8.374000
7659 426 23 8.365000
7660 424 20 7.442000
7661 424 21 7.823000
7662 424 22 8.235000
7663 422 20 7.525000
7664 421 12 4.707000
7665 422 17 6.432000
7666 420 17 6.450000
7667 419 19 7.158000
7668 420 17 6.449000
7669 420 10 3.968000
7670 418 19 7.268000
7671 418 17 6.458000
7672 418 20 7.527000
7673 420 18 6.859000
7674 421 17 6.453000
7675 421 18 6.874000
7676 420 16 6.173000
7677 422 15 5.714000
7678 425 23 8.562000
7679 425 24 8.889000
7680 422 20 7.556000
7681 422 21 7.863000
7682 423 20 7.491000
7683 420 21 7.874000
7684 419 20 7.451000
7685 420 16 6.072000
7686 420 18 6.777000
7687 420 20 7.452000
7688 423 19 7.086000
7689 423 18 6.748000
7690 423 19 7.101000
7691 424 18 6.761000
7692 423 18 6.788000
7693 423 18 6.756000
7694 423 18 6.733000
7695 423 18 6.761000
7696 422 19 7.156000
7697 423 20 7.427000
7698 421 20 7.418000
7699 422 19 7.045000
7700 428 20 7.389000
7701 426 18 6.681000
7702 426 20 7.305000
7703 424 18 6.622000
7704 423 19 6.948000
7705 422 20 7.388000
7706 420 18 6.660000
7707 418 18 6.650000
7708 419 19 6.923000
7709 418 18 6.658000
7710 419 19 7.002000
7711 423 18 6.573000
7712 424 19 6.912000
7713 426 18 6.583000
7714 426 16 5.898000
7715 423 17 6.311000
7716 423 10 3.885000
7717 420 15 5.641000
7718 423 18 6.675000
7719 423 9 3.502000
7720 422 17 6.305000
7721 426 17 6.318000
7722 430 12 4.562000
7723 428 17 6.306000
7724 428 19 7.140000
7725 428 18 6.706000
7726 428 12 4.598000
7727 427 13 4.966000
7728 427 20 7.380000
7729 427 19 7.031000
7730 429 19 7.091000
7731 424 18 6.621000
7732 422 17 6.245000
7733 423 24 8.655000
7734 422 16 5.909000
7735 420 22 7.994000
7736 421 22 7.928000
7737 418 20 7.316000
7738 417 19 6.994000
7739 430 21 7.550000
7740 430 24 8.547000
7741 429 22 7.880000
7742 430 20 7.262000
7743 429 17 6.219000
7744 429 20 7.216000
7745 428 20 7.271000
7746 427 22 8.137000
7747 427 22 8.035000
7748 426 22 7.971000
7749 427 21 7.641000
7750 427 20 7.306000
7751 427 20 7.370000
7752 429 21 7.610000
7753 429 22 8.011000
7754 429 20 7.328000
7755 424 20 7.274000
7756 424 21 7.628000
7757 426 19 6.917000
7758 426 19 6.875000
7759 427 18 6.555000
7760 424 20 7.350000
7761 424 20 7.367000
7762 424 18 6.689000
7763 425 19 7.003000
7764 427 20 7.352000
7765 430 19 6.972000
7766 426 19 6.974000
7767 428 20 7.336000
7768 425 21 7.693000
7769 430 19 7.020000
7770 431 19 6.996000
7771 428 19 7.028000
7772 428 17 6.344000
7773 429 19 7.113000
7774 427 19 6.999000
7775 426 12 4.556000
7776 431 22 7.899000
7777 430 23 8.254000
7778 427 21 7.660000
7779 429 19 7.029000
7780 428 18 6.613000
7781 426 19 6.977000
7782 425 19 7.018000
7783 425 20 7.387000
7784 422 22 8.119000
7785 423 23 8.498000
7786 424 21 7.777000
7787 425 21 7.854000
7788 427 21 7.744000
7789 427 19 7.076000
7790 427 18 6.657000
7791 426 21 7.835000
7792 426 22 8.134000
7793 424 20 7.418000
7794 425 19 7.091000
7795 432 19 6.990000
7796 431 21 7.739000
7797 430 19 7.015000
7798 432 20 7.348000
7799 431 21 7.710000
7800 432 22 8.102000
7801 434 21 7.732000
7802 434 19 7.014000
7803 433 20 7.412000
7804 435 19 7.051000
7805 438 20 7.433000
7806 439 19 7.025000
7807 441 20 7.405000
7808 441 20 7.382000
7809 442 19 6.993000
7810 440 20 7.443000
7811 443 23 8.392000
7812 441 17 6.330000
7813 431 20 7.459000
7814 431 22 8.114000
7815 434 22 8.119000
7816 434 16 5.977000
7817 435 18 6.694000
7818 433 19 7.065000
7819 436 19 7.090000
7820 438 20 7.396000
7821 439 19 7.097000
7822 441 18 6.706000
7823 439 18 6.742000
7824 442 20 7.246000
7825 443 20 7.174000
7826 441 19 6.827000
7827 439 18 6.536000
7828 441 15 5.495000
7829 437 18 6.494000
7830 437 18 6.473000
7831 436 18 6.459000
7832 436 13 4.787000
7833 436 17 6.111000
7834 436 17 6.066000
7835 434 21 7.508000
7836 435 19 6.856000
7837 435 18 6.478000
7838 435 21 7.553000
7839 436 21 7.500000
7840 432 13 4.807000
7841 434 22 7.941000
7842 433 22 7.890000
7843 431 21 7.599000
7844 432 20 7.223000
7845 431 19 6.828000
7846 432 22 7.795000
7847 430 20 7.176000
7848 429 19 6.779000
7849 429 19 6.795000
7850 427 21 7.437000
7851 426 20 7.141000
7852 427 20 7.176000
7853 425 18 6.388000
7854 429 19 6.707000
7855 431 19 6.696000
7856 433 20 7.033000
7857 433 21 7.418000
7858 435 21 7.407000
7859 436 12 4.425000
7860 437 19 6.883000
7861 437 21 7.613000
7862 437 19 6.846000
7863 437 22 7.867000
7864 436 22 7.820000
7865 436 20 7.171000
7866 435 21 7.516000
7867 433 21 7.491000
7868 432 21 7.461000
7869 431 21 7.521000
7870 429 20 7.280000
7871 428 20 7.311000
7872 427 19 6.843000
7873 428 19 6.830000
7874 428 20 7.229000
7875 427 20 7.242000
7876 428 19 6.836000
7877 427 19 6.911000
7878 429 13 4.823000
7879 430 16 5.915000
7880 427 11 4.137000
7881 431 21 7.607000
7882 430 23 8.274000
7883 431 20 7.153000
7884 433 21 7.734000
7885 435 18 6.600000
7886 435 21 7.672000
7887 435 19 6.945000
7888 436 20 7.272000
7889 434 21 7.578000
7890 435 21 7.797000
7891 434 17 6.234000
7892 435 20 7.257000
7893 432 19 6.952000
7894 431 20 7.268000
7895 431 17 6.300000
7896 430 19 6.950000
7897 432 20 7.295000
7898 432 19 6.968000
7899 435 22 7.958000
7900 434 21 7.573000
7901 428 21 7.807000
7902 428 19 7.119000
7903 428 20 7.413000
7904 429 19 7.005000
7905 428 19 7.002000
7906 431 20 7.361000
7907 424 21 7.729000
7908 424 22 8.055000
7909 425 20 7.369000
7910 424 18 6.671000
7911 423 19 6.980000
7912 427 18 6.633000
7913 426 19 6.975000
7914 425 18 6.661000
7915 424 22 7.963000
7916 426 21 7.695000
7917 424 20 7.319000
7918 425 19 6.988000
7919 423 20 7.373000
7920 424 18 6.707000
7921 423 17 6.329000
7922 423 18 6.693000
7923 423 10 3.897000
7924 424 19 7.155000
7925 423 19 7.077000
7926 424 20 7.438000
7927 422 19 6.960000
7928 422 12 4.591000
7929 425 19 7.029000
7930 424 19 7.069000
7931 423 14 5.217000
7932 424 19 6.968000
7933 423 18 6.662000
7934 422 18 6.638000
7935 422 18 6.661000
7936 421 18 6.678000
7937 422 19 7.056000
7938 419 19 7.063000
7939 418 20 7.308000
7940 418 16 5.973000
7941 418 18 6.660000
7942 420 20 7.326000
7943 418 20 7.323000
7944 420 18 6.657000
7945 423 21 7.591000
7946 425 21 7.609000
7947 425 21 7.630000
7948 424 22 8.080000
7949 424 20 7.344000
7950 424 20 7.321000
7951 425 20 7.282000
7952 424 18 6.713000
7953 424 19 7.064000
7954 423 20 7.452000
7955 424 19 7.089000
7956 424 18 6.714000
7957 424 16 6.076000
7958 425 17 6.368000
7959 425 18 6.698000
7960 425 19 7.031000
7961 426 16 5.975000
7962 426 17 6.350000
7963 425 14 5.300000
7964 426 19 7.071000
7965 426 18 6.712000
7966 425 17 6.315000
7967 423 17 6.278000
7968 423 17 6.326000
7969 423 20 7.474000
7970 421 19 7.101000
7971 421 18 6.791000
7972 424 18 6.737000
7973 423 19 7.103000
7974 422 18 6.772000
7975 421 17 6.399000
7976 421 13 4.939000
7977 422 17 6.305000
7978 423 16 5.987000
7979 422 17 6.346000
7980 420 15 5.592000
7981 419 16 5.899000
7982 419 13 4.891000
7983 417 16 5.909000
7984 418 12 4.541000
7985 419 15 5.584000
7986 421 16 5.967000
7987 416 11 4.161000
7988 417 14 5.180000
7989 416 12 4.512000
7990 415 15 5.544000
7991 413 16 5.953000
7992 414 15 5.589000
7993 412 14 5.195000
7994 414 14 5.235000
7995 411 17 6.302000
7996 411 15 5.581000
7997 416 18 6.774000
7998 417 21 7.778000
7999 424 22 8.122000
8000 424 21 7.775000
8001 426 21 7.765000
8002 428 20 7.434000
8003 426 19 7.052000
8004 428 20 7.481000
8005 428 19 7.055000
8006 428 19 7.131000
8007 429 21 7.867000
8008 431 20 7.487000
8009 428 19 7.100000
8010 430 11 4.317000
8011 429 19 7.135000
8012 428 19 7.071000
8013 429 16 6.057000
8014 429 19 7.052000
8015 429 19 7.041000
8016 420 19 7.116000
8017 419 15 5.678000
8018 418 21 7.914000
8019 419 19 7.132000
8020 418 19 7.162000
8021 418 20 7.482000
8022 417 20 7.504000
8023 419 20 7.519000
8024 420 20 7.576000
8025 419 12 4.661000
8026 419 15 5.748000
8027 417 12 4.698000
8028 418 13 5.071000
8029 415 22 7.964000
8030 412 22 8.062000
8031 413 21 7.688000
8032 415 13 4.929000
8033 416 20 7.311000
8034 416 19 6.924000
8035 425 18 6.611000
8036 425 18 6.679000
8037 422 18 6.458000
8038 420 22 7.849000
8039 418 22 7.832000
8040 420 20 7.197000
8041 429 20 7.292000
8042 429 20 7.283000
8043 429 21 7.694000
8044 430 19 6.990000
8045 429 16 5.945000
8046 427 17 6.272000
8047 427 18 6.651000
8048 427 18 6.647000
8049 429 18 6.640000
8050 426 18 6.667000
8051 427 14 5.224000
8052 426 18 6.658000
8053 425 19 6.970000
8054 426 18 6.670000
8055 427 18 6.651000
8056 425 18 6.649000
8057 424 17 6.299000
8058 424 16 5.901000
8059 423 16 5.941000
8060 422 13 4.870000
8061 420 17 6.229000
8062 424 19 6.956000
8063 423 18 6.629000
8064 421 14 5.227000
8065 420 16 5.948000
8066 419 17 6.265000
8067 418 16 5.938000
8068 416 14 5.278000
8069 416 16 5.976000
8070 416 16 5.990000
8071 417 17 6.368000
8072 417 18 6.752000
8073 417 18 6.678000
8074 418 18 6.729000
8075 417 16 6.021000
8076 419 18 6.673000
8077 420 19 6.968000
8078 420 17 6.337000
8079 420 15 5.639000
8080 420 17 6.272000
8081 425 11 4.231000
8082 425 17 6.308000
8083 425 18 6.659000
8084 426 18 6.647000
8085 424 19 7.022000
8086 424 20 7.356000
8087 421 22 8.067000
8088 420 22 8.070000
8089 419 19 6.978000
8090 419 21 7.810000
8091 420 18 6.732000
8092 422 19 7.049000
8093 421 20 7.378000
8094 425 20 7.370000
8095 422 20 7.331000
8096 425 19 6.918000
8097 426 20 7.282000
8098 424 15 5.547000
8099 425 14 5.282000
8100 427 21 7.679000
8101 426 18 6.664000
8102 426 20 7.342000
8103 428 19 7.021000
8104 426 19 6.974000
8105 429 21 7.624000
8106 430 15 5.550000
8107 429 18 6.570000
8108 429 18 6.574000
8109 428 19 6.948000
8110 429 22 7.958000
8111 427 22 7.986000
8112 426 19 6.920000
8113 426 20 7.232000
8114 425 17 6.201000
8115 424 19 6.944000
8116 424 20 7.281000
8117 423 21 7.679000
8118 424 19 7.002000
8119 427 19 6.925000
8120 429 21 7.644000
8121 431 20 7.337000
8122 427 23 8.349000
8123 428 23 8.310000
8124 429 21 7.643000
8125 427 20 7.326000
8126 426 20 7.339000
8127 426 20 7.310000
8128 420 19 6.886000
8129 425 22 7.845000
8130 424 23 8.198000
8131 424 22 7.856000
8132 423 20 7.278000
8133 432 21 7.557000
8134 433 22 7.842000
8135 432 19 6.861000
8136 427 19 6.894000
8137 428 19 6.865000
8138 430 18 6.496000
8139 430 9 3.456000
8140 429 18 6.586000
8141 428 19 6.933000
8142 429 21 7.609000
8143 426 19 6.923000
8144 426 17 6.277000
8145 426 19 6.951000
8146 426 21 7.636000
8147 427 22 7.977000
8148 427 21 7.739000
8149 427 21 7.763000
8150 427 21 7.703000
8151 426 10 3.882000
8152 422 19 7.124000
8153 433 18 6.684000
8154 421 21 7.643000
8155 420 21 7.743000
8156 420 19 6.996000
8157 419 18 6.590000
8158 421 11 4.220000
8159 422 18 6.627000
8160 422 17 6.285000
8161 423 19 6.973000
8162 423 18 6.626000
8163 425 18 6.597000
8164 423 18 6.621000
8165 424 12 4.536000
8166 426 18 6.644000
8167 426 20 7.297000
8168 423 19 6.978000
8169 425 20 7.267000
8170 425 22 7.989000
8171 426 12 4.512000
8172 425 20 7.268000
8173 425 19 6.917000
8174 426 19 6.972000
8175 427 10 3.813000
8176 425 17 6.240000
8177 424 18 6.582000
8178 424 19 6.972000
8179 425 16 5.932000
8180 425 18 6.603000
8181 428 19 6.940000
8182 431 20 7.234000
8183 429 19 6.964000
8184 429 19 7.014000
8185 430 19 6.943000
8186 436 21 7.556000
8187 428 21 7.631000
8188 427 19 6.902000
8189 428 18 6.572000
8190 429 20 7.230000
8191 428 19 6.884000
8192 428 19 6.893000
8193 428 17 6.220000
8194 427 17 6.159000
8195 427 19 6.872000
8196 426 20 7.159000
8197 426 20 7.115000
8198 423 19 6.864000
8199 423 17 6.172000
8200 423 18 6.579000
8201 423 19 6.923000
8202 423 10 3.793000
8203 423 18 6.532000
8204 423 16 5.896000
8205 424 19 6.942000
8206 426 18 6.547000
8207 427 19 6.912000
8208 426 19 6.960000
8209 423 18 6.618000
8210 421 18 6.580000
8211 421 19 6.926000
8212 420 19 6.983000
8213 421 19 6.884000
8214 421 18 6.526000
8215 421 19 6.861000
8216 420 20 7.206000
8217 420 19 6.881000
8218 421 18 6.489000
8219 422 19 6.801000
8220 419 20 7.186000
8221 417 12 4.517000
8222 415 17 6.230000
8223 414 14 5.195000
8224 417 16 5.850000
8225 415 18 6.618000
8226 415 17 6.273000
8227 416 19 6.906000
8228 414 21 7.558000
8229 414 19 6.877000
8230 413 19 6.950000
8231 413 19 7.006000
8232 412 18 6.667000
8233 412 18 6.697000
8234 413 19 7.070000
8235 412 18 6.682000
8236 411 19 7.057000
8237 410 22 8.169000
8238 411 19 7.016000
8239 410 22 8.075000
8240 423 20 7.230000
8241 426 21 7.518000
8242 428 20 7.178000
8243 426 17 6.126000
8244 425 13 4.797000
8245 426 20 7.216000
8246 424 14 5.161000
8247 425 15 5.453000
8248 424 15 5.500000
8249 427 21 7.701000
8250 428 23 8.338000
8251 424 21 7.601000
8252 428 22 7.908000
8253 429 17 6.221000
8254 426 19 6.944000
8255 424 16 5.909000
8256 422 16 5.961000
8257 422 14 5.210000
8258 422 19 6.917000
8259 423 19 6.923000
8260 421 19 6.935000
8261 422 16 5.931000
8262 423 17 6.264000
8263 423 11 4.183000
8264 422 16 5.927000
8265 423 16 5.962000
8266 421 15 5.616000
8267 422 17 6.273000
8268 418 19 7.071000
8269 419 18 6.660000
8270 420 11 4.239000
8271 419 17 6.289000
8272 420 15 5.549000
8273 423 16 5.877000
8274 423 17 6.235000
8275 423 10 3.824000
8276 422 17 6.244000
8277 420 18 6.570000
8278 418 14 5.194000
8279 418 16 5.859000
8280 418 14 5.218000
8281 419 17 6.233000
8282 420 16 5.893000
8283 417 17 6.212000
8284 412 18 6.485000
8285 416 20 7.165000
8286 418 20 7.210000
8287 418 21 7.538000
8288 414 18 6.472000
8289 413 16 5.824000
8290 412 20 7.129000
8291 413 20 7.128000
8292 414 10 3.761000
8293 417 18 6.595000
8294 417 19 6.959000
8295 417 18 6.601000
8296 418 19 6.925000
8297 416 20 7.332000
8298 415 21 7.628000
8299 415 19 7.010000
8300 416 19 6.990000
8301 416 20 7.316000
8302 416 18 6.638000
8303 415 17 6.307000
8304 416 17 6.367000
8305 415 11 4.240000
8306 415 18 6.666000
8307 414 19 7.082000
8308 413 19 7.087000
8309 414 20 7.403000
8310 413 19 7.076000
8311 409 19 7.066000
8312 409 17 6.359000
8313 415 15 5.621000
8314 410 14 5.330000
8315 410 14 5.283000
8316 411 11 4.229000
8317 409 16 5.950000
8318 408 17 6.358000
8319 410 15 5.669000
8320 412 14 5.249000
8321 410 13 4.908000
8322 407 12 4.566000
8323 409 17 6.330000
8324 410 17 6.334000
8325 410 10 3.849000
8326 408 12 4.553000
8327 408 21 7.618000
8328 408 24 8.695000
8329 408 23 8.304000
8330 415 18 6.808000
8331 415 19 7.145000
8332 415 18 6.781000
8333 416 16 6.051000
8334 418 14 5.389000
8335 419 13 5.022000
8336 419 12 4.632000
8337 421 16 6.000000
8338 420 11 4.264000
8339 423 17 6.379000
8340 425 16 6.005000
8341 422 14 5.274000
8342 419 16 5.931000
8343 418 17 6.284000
8344 415 17 6.298000
8345 416 17 6.284000
8346 418 15 5.585000
8347 420 14 5.218000
8348 418 15 5.575000
8349 417 12 4.540000
8350 418 13 4.859000
8351 416 16 5.813000
8352 415 19 6.799000
8353 415 18 6.424000
8354 415 14 5.060000
8355 411 13 4.743000
8356 414 20 7.030000
8357 413 17 6.072000
8358 413 15 5.324000
8359 414 16 5.654000
8360 415 18 6.300000
8361 416 17 6.028000
8362 417 16 5.694000
8363 417 16 5.722000
8364 416 15 5.390000
8365 415 12 4.384000
8366 415 10 3.702000
8367 414 17 6.055000
8368 415 17 6.053000
8369 414 12 4.363000
8370 414 20 7.037000
8371 414 18 6.379000
8372 413 15 5.407000
8373 411 17 6.080000
8374 410 18 6.429000
8375 410 16 5.731000
8376 410 18 6.373000
8377 411 18 6.408000
8378 410 19 6.677000
8379 412 19 6.667000
8380 412 19 6.679000
8381 413 19 6.629000
8382 411 18 6.606000
8383 411 20 7.256000
8384 412 21 7.679000
8385 411 19 7.016000
8386 414 20 7.311000
8387 411 20 7.341000
8388 411 19 7.018000
8389 411 19 7.011000
8390 411 19 6.992000
8391 412 19 6.986000
8392 411 19 6.965000
8393 413 16 5.906000
8394 411 19 7.011000
8395 412 11 4.174000
8396 417 18 6.591000
8397 418 13 4.850000
8398 416 17 6.253000
8399 415 19 6.948000
8400 416 17 6.248000
8401 417 16 5.933000
8402 418 16 5.905000
8403 418 16 5.910000
8404 419 11 4.230000
8405 419 12 4.616000
8406 416 20 7.315000
8407 415 21 7.673000
8408 415 19 6.973000
8409 415 18 6.694000
8410 416 17 6.321000
8411 414 17 6.334000
8412 415 18 6.636000
8413 414 17 6.298000
8414 414 16 6.010000
8415 414 16 5.949000
8416 414 15 5.643000
8417 412 16 5.985000
8418 412 13 4.957000
8419 412 18 6.673000
8420 412 20 7.373000
8421 414 20 7.390000
8422 414 11 4.206000
8423 414 18 6.650000
8424 413 17 6.248000
8425 413 17 6.225000
8426 412 17 6.217000
8427 413 13 4.881000
8428 415 17 6.241000
8429 413 16 5.865000
8430 414 17 6.198000
8431 413 17 6.207000
8432 413 15 5.548000
8433 412 16 5.811000
8434 411 16 5.835000
8435 414 13 4.798000
8436 420 19 7.142000
8437 416 18 6.827000
8438 414 19 7.189000
8439 415 18 6.866000
8440 416 10 3.986000
8441 415 19 7.145000
8442 416 20 7.535000
8443 415 18 6.859000
8444 413 18 6.836000
8445 417 21 7.787000
8446 417 21 7.805000
8447 418 20 7.393000
8448 418 19 6.975000
8449 417 19 6.970000
8450 417 18 6.612000
8451 416 20 7.378000
8452 416 17 6.283000
8453 415 20 7.394000
8454 414 19 6.959000
8455 415 17 6.253000
8456 411 21 7.697000
8457 411 19 6.994000
8458 410 19 7.023000
8459 408 20 7.361000
8460 406 19 7.025000
8461 407 19 7.043000
8462 408 18 6.726000
8463 410 17 6.350000
8464 410 20 7.462000
8465 406 19 7.106000
8466 410 19 7.141000
8467 410 21 7.771000
8468 409 19 7.036000
8469 411 19 7.043000
8470 410 20 7.269000
8471 414 17 6.267000
8472 414 20 7.333000
8473 413 20 7.335000
8474 413 20 7.348000
8475 414 20 7.337000
8476 414 21 7.615000
8477 414 21 7.578000
8478 413 19 6.910000
8479 413 20 7.242000
8480 413 20 7.256000
8481 410 19 6.984000
8482 410 18 6.587000
8483 409 20 7.208000
8484 408 18 6.496000
8485 407 19 6.888000
8486 406 17 6.208000
8487 409 21 7.556000
8488 411 21 7.572000
8489 407 20 7.229000
8490 409 20 7.265000
8491 409 19 6.902000
8492 409 18 6.624000
8493 410 19 6.972000
8494 408 20 7.347000
8495 410 18 6.587000
8496 411 19 6.898000
8497 413 21 7.597000
8498 413 20 7.257000
8499 413 20 7.208000
8500 413 20 7.317000
8501 412 20 7.342000
8502 412 21 7.734000
8503 414 20 7.328000
8504 413 20 7.319000
8505 413 21 7.705000
8506 414 21 7.569000
8507 416 17 6.159000
8508 416 20 7.165000
8509 413 22 7.923000
8510 413 21 7.590000
8511 412 22 7.992000
8512 412 20 7.262000
8513 415 19 7.014000
8514 419 21 7.757000
8515 415 21 7.750000
8516 414 22 7.940000
8517 415 21 7.550000
8518 417 20 7.226000
8519 416 18 6.543000
8520 416 22 7.807000
8521 418 22 7.897000
8522 420 12 4.521000
8523 420 21 7.607000
8524 418 22 8.014000
8525 419 19 6.932000
8526 420 10 3.849000
8527 420 21 7.644000
8528 417 21 7.595000
8529 418 19 6.861000
8530 416 19 6.841000
8531 422 18 6.523000
8532 420 21 7.546000
8533 419 21 7.495000
8534 422 19 6.893000
8535 424 20 7.249000
8536 424 19 6.865000
8537 423 19 6.856000
8538 426 19 6.844000
8539 427 21 7.580000
8540 429 16 5.844000
8541 429 19 6.913000
8542 428 19 6.919000
8543 428 18 6.561000
8544 431 17 6.190000
8545 431 18 6.541000
8546 433 21 7.579000
8547 430 18 6.570000
8548 430 22 7.860000
8549 428 19 6.825000
8550 427 19 6.814000
8551 425 17 6.195000
8552 425 21 7.519000
8553 423 19 6.839000
8554 423 18 6.547000
8555 425 18 6.461000
8556 422 19 6.824000
8557 422 19 6.853000
8558 422 16 5.836000
8559 424 15 5.492000
8560 424 19 6.826000
8561 422 21 7.588000
8562 422 22 7.754000
8563 424 21 7.446000
8564 427 18 6.398000
8565 426 16 5.763000
8566 423 18 6.440000
8567 423 16 5.782000
8568 420 19 6.801000
8569 421 19 6.732000
8570 420 19 6.796000
8571 415 20 7.049000
8572 414 23 8.072000
8573 416 19 6.748000
8574 428 24 8.603000
8575 431 22 7.927000
8576 431 20 7.234000
8577 430 14 5.230000
8578 430 21 7.631000
8579 430 16 5.946000
8580 429 16 5.973000
8581 429 15 5.604000
8582 430 15 5.610000
8583 429 15 5.649000
8584 433 10 3.861000
8585 432 15 5.564000
8586 429 15 5.570000
8587 431 15 5.576000
8588 431 15 5.529000
8589 431 16 5.860000
8590 429 15 5.569000
8591 426 16 5.858000
8592 427 15 5.562000
8593 427 15 5.477000
8594 431 13 4.814000
8595 434 16 5.825000
8596 436 16 5.860000
8597 435 16 5.878000
8598 434 19 6.929000
8599 435 11 4.113000
8600 434 18 6.516000
8601 433 18 6.516000
8602 430 19 6.842000
8603 431 18 6.457000
8604 429 19 6.812000
8605 429 19 6.818000
8606 430 19 6.859000
8607 429 19 6.801000
8608 429 14 5.090000
8609 429 19 6.800000
8610 429 19 6.774000
8611 430 15 5.466000
8612 428 17 6.136000
8613 429 18 6.456000
8614 427 17 6.187000
8615 424 15 5.438000
8616 417 12 4.499000
8617 417 18 6.592000
8618 417 18 6.623000
8619 418 19 6.987000
8620 419 14 5.211000
8621 418 18 6.584000
8622 422 18 6.566000
8623 422 19 6.969000
8624 423 20 7.261000
8625 422 19 6.952000
8626 420 20 7.183000
8627 420 21 7.501000
8628 422 18 6.521000
8629 422 17 6.135000
8630 426 19 6.825000
8631 425 20 7.151000
8632 425 20 7.213000
8633 423 19 6.887000
8634 424 19 6.930000
8635 424 19 6.915000
8636 423 20 7.266000
8637 424 18 6.569000
8638 426 18 6.607000
8639 424 20 7.316000
8640 421 18 6.679000
8641 421 17 6.340000
8642 423 19 6.952000
8643 423 20 7.325000
8644 425 20 7.325000
8645 426 16 5.957000
8646 428 19 6.922000
8647 427 18 6.601000
8648 427 19 6.884000
8649 426 20 7.220000
8650 425 12 4.491000
8651 426 17 6.188000
8652 429 16 5.829000
8653 427 17 6.173000
8654 426 16 5.831000
8655 424 17 6.185000
8656 424 16 5.879000
8657 426 18 6.543000
8658 426 19 6.904000
8659 426 16 5.871000
8660 427 17 6.249000
8661 428 16 5.868000
8662 433 20 7.229000
8663 434 23 8.311000
8664 432 20 7.189000
8665 434 20 7.249000
8666 430 22 7.923000
8667 430 21 7.607000
8668 431 21 7.593000
8669 433 22 7.874000
8670 434 18 6.507000
8671 434 19 6.851000
8672 433 19 6.850000
8673 433 21 7.487000
8674 434 22 7.899000
8675 434 16 5.896000
8676 433 14 5.156000
8677 431 19 6.875000
8678 427 20 7.259000
8679 425 19 6.888000
8680 428 18 6.563000
8681 427 18 6.593000
8682 428 17 6.233000
8683 429 19 6.884000
8684 428 20 7.266000
8685 428 18 6.636000
8686 427 17 6.269000
8687 430 16 5.934000
8688 428 19 6.959000
8689 427 19 6.943000
8690 427 18 6.621000
8691 430 14 5.228000
8692 426 19 6.970000
8693 426 16 5.910000
8694 429 22 7.935000
8695 429 21 7.504000
8696 428 20 7.206000
8697 425 20 7.211000
8698 427 20 7.228000
8699 427 20 7.262000
8700 427 20 7.270000
8701 426 18 6.582000
8702 426 19 6.878000
8703 426 18 6.554000
8704 428 20 7.181000
8705 430 20 7.166000
8706 428 18 6.561000
8707 428 17 6.196000
8708 427 19 6.875000
8709 427 11 4.150000
8710 426 21 7.597000
8711 427 18 6.561000
8712 429 18 6.559000
8713 427 18 6.581000
8714 427 18 6.586000
8715 426 16 5.843000
8716 425 17 6.210000
8717 426 12 4.522000
8718 420 21 7.544000
8719 422 21 7.500000
8720 426 22 7.845000
8721 426 23 8.276000
8722 428 16 5.799000
8723 426 12 4.439000
8724 425 12 4.484000
8725 425 15 5.499000
8726 426 18 6.535000
8727 427 16 5.870000
8728 427 16 5.887000
8729 425 15 5.563000
8730 425 10 3.842000
8731 427 13 4.862000
8732 425 17 6.213000
8733 426 19 6.863000
8734 423 22 7.904000
8735 425 22 7.817000
8736 427 22 7.798000
8737 424 21 7.412000
8738 425 21 7.440000
8739 425 19 6.865000
8740 424 19 6.864000
8741 424 20 7.256000
8742 426 19 6.921000
8743 426 20 7.247000
8744 425 21 7.614000
8745 424 19 6.892000
8746 423 21 7.563000
8747 419 22 7.871000
8748 419 20 7.193000
8749 419 22 7.865000
8750 421 20 7.201000
8751 423 19 6.795000
8752 424 18 6.486000
8753 425 20 7.154000
8754 424 20 7.135000
8755 425 19 6.781000
8756 424 22 7.803000
8757 425 22 7.768000
8758 425 20 7.162000
8759 424 19 6.836000
8760 418 22 7.659000
8761 419 22 7.665000
8762 418 21 7.309000
8763 418 20 7.040000
8764 419 20 7.101000
8765 417 21 7.454000
8766 420 23 8.095000
8767 422 22 7.747000
8768 423 22 7.887000
8769 421 22 7.858000
8770 422 19 6.859000
8771 420 19 6.909000
8772 420 12 4.476000
8773 421 18 6.464000
8774 424 20 7.110000
8775 423 20 7.104000
8776 422 19 6.890000
8777 420 21 7.523000
8778 420 19 6.834000
8779 420 20 7.245000
8780 419 21 7.578000
8781 421 16 5.841000
8782 421 18 6.534000
8783 420 20 7.195000
8784 421 19 6.860000
8785 421 18 6.496000
8786 420 19 6.841000
8787 420 20 7.196000
8788 422 20 7.154000
8789 420 16 5.798000
8790 422 19 6.827000
8791 414 18 6.626000
8792 414 17 6.252000
8793 413 20 7.283000
8794 415 20 7.310000
8795 416 19 6.977000
8796 415 21 7.696000
8797 417 23 8.408000
8798 416 21 7.653000
8799 413 22 8.000000
8800 414 19 7.004000
8801 413 21 7.707000
8802 412 20 7.397000
8803 413 20 7.352000
8804 414 20 7.365000
8805 414 20 7.416000
8806 414 18 6.791000
8807 417 17 6.364000
8808 416 17 6.376000
8809 415 16 6.027000
8810 415 17 6.347000
8811 419 17 6.346000
8812 418 17 6.357000
8813 416 11 4.199000
8814 416 17 6.289000
8815 416 12 4.571000
8816 416 17 6.335000
8817 415 17 6.325000
8818 414 16 5.956000
8819 411 19 7.054000
8820 412 15 5.637000
8821 409 13 4.954000
8822 410 16 6.022000
8823 414 16 5.928000
8824 412 11 4.191000
8825 412 17 6.342000
8826 412 18 6.693000
8827 413 10 3.872000
8828 414 16 5.970000
8829 414 14 5.209000
8830 414 19 6.875000
8831 414 18 6.549000
8832 415 20 7.167000
8833 416 15 5.504000
8834 416 16 5.832000
8835 415 21 7.666000
8836 414 20 7.324000
8837 411 13 4.918000
8838 413 20 7.451000
8839 413 18 6.734000
8840 415 19 7.060000
8841 416 19 7.048000
8842 416 19 7.049000
8843 417 20 7.377000
8844 417 20 7.328000
8845 417 19 7.035000
8846 416 20 7.396000
8847 420 19 7.077000
8848 417 21 7.692000
8849 419 12 4.648000
8850 419 21 7.825000
8851 420 19 7.047000
8852 419 19 7.142000
8853 420 11 4.249000
8854 420 11 4.250000
8855 420 17 6.364000
8856 420 17 6.380000
8857 418 19 7.088000
8858 419 19 7.041000
8859 422 18 6.708000
8860 420 12 4.621000
8861 420 18 6.737000
8862 420 18 6.754000
8863 421 19 7.123000
8864 424 18 6.747000
8865 422 20 7.465000
8866 421 20 7.511000
8867 419 21 7.873000
8868 418 18 6.831000
8869 418 20 7.491000
8870 419 18 6.776000
8871 419 16 6.033000
8872 419 15 5.713000
8873 418 15 5.735000
8874 419 16 6.087000
8875 421 17 6.499000
8876 421 18 6.777000
8877 420 11 4.274000
8878 420 20 7.506000
8879 421 21 7.902000
8880 420 20 7.438000
8881 422 20 7.500000
8882 422 21 7.872000
8883 420 21 7.891000
8884 420 20 7.481000
8885 419 24 8.938000
8886 418 21 7.908000
8887 418 20 7.500000
8888 420 20 7.597000
8889 414 22 8.257000
8890 414 22 8.212000
8891 412 22 8.173000
8892 410 20 7.476000
8893 414 19 7.120000
8894 414 20 7.460000
8895 414 19 7.121000
8896 412 17 6.448000
8897 411 11 4.296000
8898 413 17 6.433000
8899 413 13 5.016000
8900 412 16 6.109000
8901 416 18 6.759000
8902 415 20 7.421000
8903 414 18 6.746000
8904 416 14 5.323000
8905 418 15 5.702000
8906 418 17 6.356000
8907 420 19 7.108000
8908 423 13 4.936000
8909 423 18 6.683000
8910 422 16 5.992000
8911 422 16 5.991000
8912 423 15 5.671000
8913 422 17 6.325000
8914 423 13 4.957000
8915 423 18 6.689000
8916 422 17 6.352000
8917 421 20 7.420000
8918 422 16 6.015000
8919 423 18 6.675000
8920 422 18 6.680000
8921 424 21 7.816000
8922 420 19 7.124000
8923 424 21 7.841000
8924 422 11 4.266000
8925 423 20 7.460000
8926 424 17 6.397000
8927 421 19 7.093000
8928 420 19 7.071000
8929 419 20 7.496000
8930 420 20 7.390000
8931 419 19 7.133000
8932 419 17 6.435000
8933 420 14 5.341000
8934 420 18 6.800000
8935 419 19 7.108000
8936 417 19 7.120000
8937 420 19 7.112000
8938 420 13 5.001000
8939 418 19 7.119000
8940 415 20 7.441000
8941 416 22 8.101000
8942 416 20 7.403000
8943 415 18 6.682000
8944 416 19 7.049000
8945 415 19 7.070000
8946 417 18 6.682000
8947 416 18 6.719000
8948 417 20 7.383000
8949 415 20 7.489000
8950 425 20 7.514000
8951 426 21 7.850000
8952 424 22 8.271000
8953 424 21 7.893000
8954 426 18 6.803000
8955 425 19 7.190000
8956 427 19 7.151000
8957 424 18 6.776000
8958 422 17 6.412000
8959 422 12 4.652000
8960 425 18 6.692000
8961 427 11 4.260000
8962 428 19 7.129000
8963 426 16 6.045000
8964 421 19 7.110000
8965 423 18 6.798000
8966 424 11 4.255000
8967 426 18 6.675000
8968 421 19 7.122000
8969 421 19 7.033000
8970 418 20 7.371000
8971 421 19 7.002000
8972 421 19 7.028000
8973 418 17 6.402000
8974 421 21 7.780000
8975 422 19 7.069000
8976 417 19 7.063000
8977 418 16 5.972000
8978 419 16 6.030000
8979 421 16 5.987000
8980 417 15 5.605000
8981 416 13 4.908000
8982 416 15 5.607000
8983 414 9 3.515000
8984 415 14 5.300000
8985 415 12 4.585000
8986 415 16 5.940000
8987 415 16 5.968000
8988 415 11 4.212000
8989 415 20 7.364000
8990 418 22 7.981000
8991 416 21 7.651000
8992 415 18 6.601000
8993 414 13 4.934000
8994 415 19 6.994000
8995 415 20 7.322000
8996 416 13 4.889000
8997 415 20 7.378000
8998 415 19 7.061000
8999 415 21 7.734000
9000 413 21 7.729000
9001 413 20 7.367000
9002 412 18 6.734000
9003 413 18 6.743000
9004 414 19 7.100000
9005 416 17 6.426000
9006 418 18 6.742000
9007 417 18 6.748000
9008 419 18 6.793000
9009 419 18 6.794000
9010 418 17 6.379000
9011 417 14 5.296000
9012 418 19 7.090000
9013 418 18 6.738000
9014 415 11 4.236000
9015 416 13 4.934000
9016 417 20 7.378000
9017 416 20 7.398000
9018 415 17 6.361000
9019 415 17 6.404000
9020 414 19 7.079000
9021 417 17 6.397000
9022 418 18 6.825000
9023 416 19 7.190000
9024 419 15 5.763000
9025 419 15 5.737000
9026 417 18 6.780000
9027 419 19 7.169000
9028 420 19 7.180000
9029 421 16 6.060000
9030 420 18 6.838000
9031 421 19 7.112000
9032 422 20 7.464000
9033 422 18 6.731000
9034 422 15 5.649000
9035 420 17 6.407000
9036 421 17 6.390000
9037 419 16 6.033000
9038 418 17 6.464000
9039 418 16 6.108000
9040 418 18 6.756000
9041 418 18 6.776000
9042 419 17 6.422000
9043 419 18 6.739000
9044 417 21 7.727000
9045 418 22 8.045000
9046 419 20 7.435000
9047 418 20 7.467000
9048 417 21 7.797000
9049 417 18 6.733000
9050 416 17 6.395000
9051 415 20 7.430000
9052 416 20 7.451000
9053 421 19 7.042000
9054 418 18 6.667000
9055 417 19 7.060000
9056 417 20 7.421000
9057 414 19 7.169000
9058 415 15 5.751000
9059 416 18 6.801000
9060 416 18 6.826000
9061 417 17 6.480000
9062 417 20 7.525000
9063 415 18 6.809000
9064 413 18 6.761000
9065 416 19 7.157000
9066 414 12 4.718000
9067 416 11 4.340000
9068 415 19 7.169000
9069 412 20 7.463000
9070 415 12 4.626000
9071 413 18 6.740000
9072 413 15 5.675000
9073 412 19 7.138000
9074 412 19 7.110000
9075 411 20 7.532000
9076 411 19 7.118000
9077 412 17 6.490000
9078 413 16 6.094000
9079 413 16 6.104000
9080 413 16 6.106000
9081 412 12 4.710000
9082 412 20 7.637000
9083 412 12 4.721000
9084 411 19 7.183000
9085 411 16 6.165000
9086 419 20 7.621000
9087 417 12 4.763000
9088 417 17 6.660000
9089 418 16 6.246000
9090 419 15 5.872000
9091 419 16 6.250000
9092 416 18 6.921000
9093 415 14 5.497000
9094 415 17 6.623000
9095 409 18 6.957000
9096 414 19 7.332000
9097 412 19 7.324000
9098 413 19 7.366000
9099 410 19 7.364000
9100 413 23 8.792000
9101 413 16 6.227000
9102 414 20 7.718000
9103 415 19 7.320000
9104 415 22 8.412000
9105 416 23 8.826000
9106 416 18 7.001000
9107 417 21 8.100000
9108 414 21 8.108000
9109 414 21 8.047000
9110 412 19 7.265000
9111 413 20 7.652000
9112 414 9 3.647000
9113 413 18 6.884000
9114 412 20 7.625000
9115 416 20 7.607000
9116 413 22 8.494000
9117 412 22 8.493000
9118 412 22 8.458000
9119 411 19 7.326000
9120 410 19 7.388000
9121 410 20 7.657000
9122 412 23 8.776000
9123 414 23 8.740000
9124 409 21 8.036000
9125 410 22 8.378000
9126 412 23 8.762000
9127 412 20 7.665000
9128 414 20 7.646000
9129 415 15 5.789000
9130 414 20 7.620000
9131 411 20 7.628000
9132 413 22 8.316000
9133 414 22 8.316000
9134 414 22 8.290000
9135 416 21 7.850000
9136 416 23 8.557000
9137 416 21 7.835000
9138 416 19 7.124000
9139 418 19 7.199000
9140 417 22 8.194000
9141 417 20 7.522000
9142 415 21 7.841000
9143 413 20 7.477000
9144 412 19 7.142000
9145 413 20 7.462000
9146 413 21 7.777000
9147 412 22 8.210000
9148 412 19 7.192000
9149 412 20 7.530000
9150 412 15 5.737000
9151 407 19 7.159000
9152 406 20 7.491000
9153 406 22 8.134000
9154 411 20 7.413000
9155 411 22 8.134000
9156 411 21 7.842000
9157 410 21 7.841000
9158 410 20 7.513000
9159 409 21 7.835000
9160 411 22 8.215000
9161 410 20 7.535000
9162 411 22 8.182000
9163 413 22 8.186000
9164 414 20 7.416000
9165 411 21 7.808000
9166 414 22 8.127000
9167 415 21 7.791000
9168 416 20 7.427000
9169 416 21 7.775000
9170 418 20 7.429000
9171 422 18 6.685000
9172 423 24 8.878000
9173 422 23 8.470000
9174 422 20 7.358000
9175 422 20 7.447000
9176 421 20 7.505000
9177 421 18 6.739000
9178 420 19 7.074000
9179 419 19 7.125000
9180 418 19 7.069000
9181 418 21 7.825000
9182 415 21 7.863000
9183 415 19 7.180000
9184 414 17 6.457000
9185 414 18 6.783000
9186 415 20 7.460000
9187 414 17 6.376000
9188 413 21 7.842000
9189 416 13 4.998000
9190 415 18 6.790000
9191 415 18 6.791000
9192 429 21 8.109000
9193 427 23 8.799000
9194 426 13 5.122000
9195 425 19 7.301000
9196 426 18 6.961000
9197 424 20 7.645000
9198 428 20 7.616000
9199 427 20 7.554000
9200 427 20 7.583000
9201 428 19 7.234000
9202 426 23 8.706000
9203 426 19 7.224000
9204 426 19 7.186000
9205 425 19 7.178000
9206 425 20 7.518000
9207 423 19 7.182000
9208 422 20 7.502000
9209 423 21 7.895000
9210 419 12 4.668000
9211 416 19 7.199000
9212 415 22 8.250000
9213 415 19 7.170000
9214 415 20 7.531000
9215 417 20 7.529000
9216 415 17 6.464000
9217 415 17 6.443000
9218 414 18 6.790000
9219 415 13 5.000000
9220 417 20 7.533000
9221 418 20 7.450000
9222 417 19 7.056000
9223 415 19 7.044000
9224 417 19 7.001000
9225 417 19 7.000000
9226 418 17 6.286000
9227 416 16 5.905000
9228 416 15 5.597000
9229 416 18 6.717000
9230 416 16 5.953000
9231 416 16 5.943000
9232 417 15 5.644000
9233 417 17 6.367000
9234 417 17 6.365000
9235 415 14 5.258000
9236 414 16 5.966000
9237 416 17 6.396000
9238 417 18 6.783000
9239 418 14 5.253000
9240 418 10 3.909000
9241 419 18 6.783000
9242 418 18 6.759000
9243 412 21 7.875000
9244 409 20 7.469000
9245 412 17 6.372000
9246 417 19 7.067000
9247 415 18 6.758000
9248 415 18 6.748000
9249 415 19 7.091000
9250 415 18 6.748000
9251 414 18 6.749000
9252 414 19 7.091000
9253 413 18 6.753000
9254 415 20 7.423000
9255 416 19 7.089000
9256 412 21 7.817000
9257 418 20 7.448000
9258 418 15 5.658000
9259 418 19 7.008000
9260 419 18 6.736000
9261 419 21 7.821000
9262 420 19 7.115000
9263 421 18 6.702000
9264 422 19 7.007000
9265 421 20 7.446000
9266 421 20 7.411000
9267 422 19 7.013000
9268 418 19 6.974000
9269 415 20 7.370000
9270 417 21 7.722000
9271 417 12 4.577000
9272 416 21 7.724000
9273 417 20 7.346000
9274 418 20 7.373000
9275 417 20 7.343000
9276 418 20 7.327000
9277 419 19 6.927000
9278 421 20 7.362000
9279 419 20 7.308000
9280 418 20 7.265000
9281 417 12 4.542000
9282 417 21 7.689000
9283 416 21 7.679000
9284 415 20 7.305000
9285 415 19 6.944000
9286 416 20 7.262000
9287 417 19 6.942000
9288 418 12 4.507000
9289 416 19 6.910000
9290 416 19 6.899000
9291 414 17 6.201000
9292 413 16 5.866000
9293 412 21 7.627000
9294 414 21 7.598000
9295 414 19 6.887000
9296 415 19 6.890000
9297 413 14 5.219000
9298 411 20 7.306000
9299 411 19 6.969000
9300 412 16 5.911000
9301 413 18 6.611000
9302 411 18 6.580000
9303 409 19 6.993000
9304 409 18 6.589000
9305 412 19 6.909000
9306 411 15 5.544000
9307 410 21 7.616000
9308 411 20 7.252000
9309 410 20 7.239000
9310 412 19 6.902000
9311 412 18 6.558000
9312 414 19 6.890000
9313 416 19 6.887000
9314 417 18 6.575000
9315 418 17 6.309000
9316 414 19 6.910000
9317 414 18 6.588000
9318 412 17 6.337000
9319 412 18 6.611000
9320 412 18 6.663000
9321 416 18 6.617000
9322 417 10 3.874000
9323 416 16 5.944000
9324 418 18 6.630000
9325 418 16 5.972000
9326 419 16 5.917000
9327 420 18 6.704000
9328 420 16 5.975000
9329 422 17 6.318000
9330 421 16 5.992000
9331 421 18 6.693000
9332 421 16 6.012000
9333 422 18 6.686000
9334 423 18 6.693000
9335 423 17 6.343000
9336 423 18 6.677000
9337 423 15 5.688000
9338 423 23 8.492000
9339 424 22 8.084000
9340 423 18 6.733000
9341 423 22 8.043000
9342 424 23 8.436000
9343 432 19 6.940000
9344 431 18 6.601000
9345 432 15 5.522000
9346 430 17 6.207000
9347 427 10 3.830000
9348 425 18 6.588000
9349 424 19 6.942000
9350 436 19 6.849000
9351 435 21 7.585000
9352 436 21 7.544000
9353 437 18 6.573000
9354 437 18 6.607000
9355 439 20 7.318000
9356 438 21 7.670000
9357 438 21 7.651000
9358 435 20 7.298000
9359 434 17 6.172000
9360 428 15 5.568000
9361 426 18 6.552000
9362 428 15 5.546000
9363 429 15 5.572000
9364 429 11 4.176000
9365 428 17 6.271000
9366 428 18 6.600000
9367 426 18 6.617000
9368 422 19 7.007000
9369 428 19 6.951000
9370 428 15 5.544000
9371 428 16 5.924000
9372 426 20 7.304000
9373 427 20 7.280000
9374 426 21 7.584000
9375 425 20 7.280000
9376 424 13 4.866000
9377 425 17 6.298000
9378 425 11 4.205000
9379 427 13 4.919000
9380 427 17 6.314000
9381 429 18 6.609000
9382 439 22 7.930000
9383 433 23 8.373000
9384 433 21 7.697000
9385 432 20 7.372000
9386 433 20 7.353000
9387 422 21 7.674000
9388 422 22 8.062000
9389 420 21 7.646000
9390 420 23 8.397000
9391 419 23 8.458000
9392 431 20 7.522000
9393 429 21 7.868000
9394 426 23 8.588000
9395 426 22 8.235000
9396 426 22 8.232000
9397 428 19 7.225000
9398 429 18 6.819000
9399 426 15 5.784000
9400 428 20 7.571000
9401 429 19 7.183000
9402 428 21 7.889000
9403 427 20 7.552000
9404 426 20 7.627000
9405 428 21 7.982000
9406 428 21 7.929000
9407 429 20 7.528000
9408 430 18 6.783000
9409 428 21 7.878000
9410 427 22 8.272000
9411 428 18 6.837000
9412 429 19 7.180000
9413 428 18 6.838000
9414 429 19 7.177000
9415 428 19 7.223000
9416 428 19 7.297000
9417 429 19 7.209000
9418 430 19 7.239000
9419 430 19 7.184000
9420 429 19 7.183000
9421 429 19 7.235000
9422 431 20 7.572000
9423 432 17 6.428000
9424 434 16 6.081000
9425 435 19 7.175000
9426 434 18 6.767000
9427 432 21 7.868000
9428 434 21 7.730000
9429 432 19 7.001000
9430 431 17 6.395000
9431 430 9 3.532000
9432 430 13 4.940000
9433 428 18 6.660000
9434 428 12 4.578000
9435 428 19 7.039000
9436 428 18 6.668000
9437 420 20 7.538000
9438 420 14 5.388000
9439 424 21 7.750000
9440 425 20 7.391000
9441 426 21 7.707000
9442 426 20 7.370000
9443 425 20 7.393000
9444 425 19 7.070000
9445 426 11 4.222000
9446 427 19 6.987000
9447 427 19 6.958000
9448 426 18 6.656000
9449 425 21 7.734000
9450 425 17 6.280000
9451 424 18 6.632000
9452 421 16 5.984000
9453 420 11 4.198000
9454 420 16 5.912000
9455 421 12 4.494000
9456 421 10 3.830000
9457 423 19 6.775000
9458 423 20 7.169000
9459 422 14 5.118000
9460 419 17 6.173000
9461 419 20 7.206000
9462 419 22 7.779000
9463 422 19 6.821000
9464 422 18 6.488000
9465 423 20 7.173000
9466 419 17 6.099000
9467 420 17 6.078000
9468 420 19 6.796000
9469 420 20 7.109000
9470 420 19 6.814000
9471 418 17 6.107000
9472 421 19 6.841000
9473 435 13 4.839000
9474 436 21 7.630000
9475 435 21 7.677000
9476 433 20 7.259000
9477 433 20 7.277000
9478 432 19 6.907000
9479 432 14 5.198000
9480 435 21 7.555000
9481 435 20 7.251000
9482 432 22 7.917000
9483 435 21 7.646000
9484 435 21 7.713000
9485 433 22 8.057000
9486 429 20 7.412000
9487 429 18 6.669000
9488 429 20 7.398000
9489 433 10 3.903000
9490 436 21 7.799000
9491 433 21 7.770000
9492 434 18 6.717000
9493 435 21 7.787000
9494 433 21 7.779000
9495 430 18 6.731000
9496 430 15 5.622000
9497 431 21 7.717000
9498 431 21 7.716000
9499 429 19 6.957000
9500 429 12 4.477000
9501 428 19 6.876000
9502 425 19 6.925000
9503 424 19 7.007000
9504 423 21 7.743000
9505 425 21 7.733000
9506 426 22 8.245000
9507 425 23 8.709000
9508 424 20 7.609000
9509 424 17 6.474000
9510 425 18 6.877000
9511 429 17 6.403000
9512 427 17 6.417000
9513 427 18 6.784000
9514 429 19 7.102000
9515 429 20 7.424000
9516 429 19 7.064000
9517 430 17 6.426000
9518 431 17 6.427000
9519 432 17 6.364000
9520 431 17 6.354000
9521 432 10 3.884000
9522 430 11 4.259000
9523 428 20 7.392000
9524 430 13 4.948000
9525 430 19 7.009000
9526 430 20 7.404000
9527 424 19 7.067000
9528 423 20 7.451000
9529 427 17 6.398000
9530 429 16 6.049000
9531 427 10 3.936000
9532 427 18 6.760000
9533 426 16 6.067000
9534 428 18 6.751000
9535 430 18 6.798000
9536 428 18 6.728000
9537 431 15 5.684000
9538 428 20 7.544000
9539 428 19 7.173000
9540 427 20 7.558000
9541 425 20 7.556000
9542 425 17 6.475000
9543 425 20 7.514000
9544 424 17 6.464000
9545 422 22 8.194000
9546 421 22 8.274000
9547 420 17 6.488000
9548 422 11 4.311000
9549 421 17 6.443000
9550 419 18 6.830000
9551 420 18 6.778000
9552 421 17 6.466000
9553 423 15 5.709000
9554 424 16 6.102000
9555 424 15 5.749000
9556 424 19 7.187000
9557 426 17 6.399000
9558 426 16 6.023000
9559 428 20 7.462000
9560 425 21 7.850000
9561 424 20 7.492000
9562 418 20 7.446000
9563 418 18 6.773000
9564 416 19 7.112000
9565 420 21 7.687000
9566 421 20 7.297000
9567 422 19 6.984000
9568 422 19 6.935000
9569 421 19 6.945000
9570 420 19 6.916000
9571 420 19 6.959000
9572 420 21 7.668000
9573 416 18 6.589000
9574 416 18 6.536000
9575 417 19 6.858000
9576 417 20 7.223000
9577 417 19 6.880000
9578 416 21 7.607000
9579 416 20 7.282000
9580 416 18 6.617000
9581 415 19 6.978000
9582 415 18 6.633000
9583 414 19 6.984000
9584 410 20 7.306000
9585 409 19 6.961000
9586 408 19 7.022000
9587 410 19 7.006000
9588 409 19 6.985000
9589 409 19 6.992000
9590 408 20 7.318000
9591 410 19 6.997000
9592 408 20 7.351000
9593 408 20 7.343000
9594 409 19 7.066000
9595 411 20 7.339000
9596 411 21 7.776000
9597 411 21 7.768000
9598 410 20 7.404000
9599 410 20 7.453000
9600 410 19 7.065000
9601 410 21 7.764000
9602 410 20 7.440000
9603 411 19 7.055000
9604 411 19 7.016000
9605 412 18 6.689000
9606 414 19 7.106000
9607 414 10 3.879000
9608 421 21 7.658000
9609 423 21 7.583000
9610 426 21 7.519000
9611 424 20 7.210000
9612 424 21 7.580000
9613 424 20 7.258000
9614 424 21 7.630000
9615 424 17 6.228000
9616 422 19 6.915000
9617 419 20 7.286000
9618 417 20 7.286000
9619 416 21 7.595000
9620 415 20 7.233000
9621 415 20 7.225000
9622 417 17 6.217000
9623 415 20 7.205000
9624 416 13 4.818000
9625 415 20 7.214000
9626 415 11 4.140000
9627 413 18 6.531000
9628 413 18 6.548000
9629 414 19 6.877000
9630 416 19 6.861000
9631 417 19 6.903000
9632 417 18 6.561000
9633 417 18 6.575000
9634 422 16 5.891000
9635 420 19 6.833000
9636 416 17 6.199000
9637 418 19 6.844000
9638 414 17 6.230000
9639 414 14 5.183000
9640 415 14 5.166000
9641 417 17 6.216000
9642 417 16 5.885000
9643 418 15 5.515000
9644 409 20 7.391000
9645 410 21 7.758000
9646 413 19 7.038000
9647 411 17 6.292000
9648 411 18 6.702000
9649 413 18 6.653000
9650 417 19 6.987000
9651 418 11 4.223000
9652 419 20 7.409000
9653 419 20 7.388000
9654 422 21 7.725000
9655 422 19 7.039000
9656 421 22 8.025000
9657 419 20 7.377000
9658 417 21 7.746000
9659 421 19 7.010000
9660 421 21 7.790000
9661 423 21 7.669000
9662 422 18 6.614000
9663 421 19 6.996000
9664 423 18 6.684000
9665 425 20 7.336000
9666 424 20 7.354000
9667 423 20 7.292000
9668 421 19 7.057000
9669 422 19 6.991000
9670 423 11 4.223000
9671 423 18 6.644000
9672 422 18 6.688000
9673 422 18 6.697000
9674 425 19 6.982000
9675 423 21 7.665000
9676 423 12 4.529000
9677 423 20 7.277000
9678 428 20 7.360000
9679 428 21 7.766000
9680 428 19 7.060000
9681 429 19 7.029000
9682 429 14 5.292000
9683 429 14 5.299000
9684 429 19 7.083000
9685 429 19 7.087000
9686 429 18 6.712000
9687 430 19 7.050000
9688 428 19 7.124000
9689 429 20 7.450000
9690 430 20 7.439000
9691 429 19 7.090000
9692 426 17 6.398000
9693 426 19 7.044000
9694 424 20 7.459000
9695 424 20 7.448000
9696 423 14 5.310000
9697 423 23 8.534000
9698 422 24 8.914000
9699 422 22 8.257000
9700 429 22 8.004000
9701 430 23 8.348000
9702 429 20 7.300000
9703 429 21 7.684000
9704 430 13 4.894000
9705 429 18 6.604000
9706 429 19 6.982000
9707 429 20 7.316000
9708 430 19 6.972000
9709 425 21 7.704000
9710 424 19 7.057000
9711 424 21 7.680000
9712 424 20 7.350000
9713 426 19 6.995000
9714 429 17 6.252000
9715 428 13 4.879000
9716 427 19 6.910000
9717 427 18 6.592000
9718 428 15 5.566000
9719 433 19 6.962000
9720 433 17 6.241000
9721 435 18 6.596000
9722 436 18 6.586000
9723 436 14 5.182000
9724 436 12 4.520000
9725 435 18 6.572000
9726 435 16 5.857000
9727 438 19 6.918000
9728 438 21 7.626000
9729 435 20 7.315000
9730 435 19 6.955000
9731 435 20 7.336000
9732 433 15 5.601000
9733 435 21 7.682000
9734 426 22 8.073000
9735 428 21 7.677000
9736 428 21 7.676000
9737 426 21 7.674000
9738 427 21 7.687000
9739 427 21 7.698000
9740 427 21 7.710000
9741 427 20 7.359000
9742 427 17 6.305000
9743 429 17 6.310000
9744 430 19 6.973000
9745 430 20 7.346000
9746 428 22 7.996000
9747 428 18 6.629000
9748 428 21 7.683000
9749 427 16 5.909000
9750 427 16 5.930000
9751 427 21 7.593000
9752 428 22 8.049000
9753 429 20 7.316000
9754 429 19 6.976000
9755 428 20 7.324000
9756 432 10 3.832000
9757 432 17 6.308000
9758 432 20 7.387000
9759 431 21 7.650000
9760 430 15 5.630000
9761 430 20 7.373000
9762 429 20 7.349000
9763 428 20 7.406000
9764 427 20 7.384000
9765 427 21 7.711000
9766 424 18 6.633000
9767 429 21 7.738000
9768 428 23 8.509000
9769 428 21 7.846000
9770 427 20 7.511000
9771 427 21 7.808000
9772 427 22 8.221000
9773 429 22 8.117000
9774 427 21 7.823000
9775 427 21 7.821000
9776 425 21 7.896000
9777 424 21 7.867000
9778 425 20 7.532000
9779 423 20 7.514000
9780 423 21 7.899000
9781 421 20 7.607000
9782 421 13 5.099000
9783 422 21 7.954000
9784 421 22 8.318000
9785 420 21 7.864000
9786 419 20 7.515000
9787 421 20 7.499000
9788 422 20 7.467000
9789 424 20 7.570000
9790 422 20 7.584000
9791 424 21 7.911000
9792 423 17 6.545000
9793 424 22 8.316000
9794 425 22 8.322000
9795 424 21 7.906000
9796 424 20 7.616000
9797 424 22 8.341000
9798 422 21 7.978000
9799 421 22 8.269000
9800 420 20 7.616000
9801 419 19 7.225000
9802 417 20 7.548000
9803 417 21 7.910000
9804 418 23 8.574000
9805 417 23 8.627000
9806 417 20 7.521000
9807 418 21 7.861000
9808 420 22 8.252000
9809 418 21 7.897000
9810 420 19 7.170000
9811 420 18 6.838000
9812 422 19 7.196000
9813 421 20 7.582000
9814 418 20 7.520000
9815 415 22 8.258000
9816 417 20 7.496000
9817 417 19 7.173000
9818 417 20 7.529000
9819 416 18 6.874000
9820 416 20 7.571000
9821 414 20 7.553000
9822 416 21 7.894000
9823 414 20 7.560000
9824 415 19 7.203000
9825 417 22 8.242000
9826 421 22 8.250000
9827 421 21 7.864000
9828 422 22 8.260000
9829 424 14 5.352000
9830 423 19 7.191000
9831 422 24 8.955000
9832 421 21 7.829000
9833 421 20 7.475000
9834 423 20 7.530000
9835 420 19 7.168000
9836 420 20 7.472000
9837 420 20 7.488000
9838 420 20 7.536000
9839 421 22 8.254000
9840 420 24 8.944000
9841 420 14 5.439000
9842 420 22 8.270000
9843 420 21 7.918000
9844 421 19 7.174000
9845 419 21 7.866000
9846 419 21 7.935000
9847 418 23 8.687000
9848 417 21 7.906000
9849 418 22 8.161000
9850 418 22 8.198000
9851 418 21 7.860000
9852 417 18 6.768000
9853 418 21 7.807000
9854 418 21 7.792000
9855 420 10 3.954000
9856 416 21 7.793000
9857 420 21 7.903000
9858 420 22 8.218000
9859 422 21 7.861000
9860 421 19 7.117000
9861 421 19 7.164000
9862 423 21 7.891000
9863 422 23 8.606000
9864 423 20 7.487000
9865 423 20 7.407000
9866 423 16 6.081000
9867 423 18 6.748000
9868 423 18 6.722000
9869 423 11 4.250000
9870 422 17 6.385000
9871 421 21 7.807000
9872 418 20 7.541000
9873 418 12 4.668000
9874 422 18 6.863000
9875 425 21 7.910000
9876 425 10 4.002000
9877 427 18 6.828000
9878 428 18 6.877000
9879 429 16 6.165000
9880 431 15 5.804000
9881 431 12 4.715000
9882 431 19 7.226000
9883 430 19 7.269000
9884 427 19 7.286000
9885 428 19 7.281000
9886 428 18 6.934000
9887 428 19 7.278000
9888 432 16 6.180000
9889 430 17 6.530000
9890 432 20 7.650000
9891 432 21 7.939000
9892 432 21 7.939000
9893 431 20 7.577000
9894 432 20 7.560000
9895 433 11 4.308000
9896 430 20 7.559000
9897 431 20 7.571000
9898 430 18 6.899000
9899 429 22 8.270000
9900 431 21 7.937000
9901 431 20 7.612000
9902 429 19 7.234000
9903 425 13 5.059000
9904 426 20 7.493000
9905 427 19 7.190000
9906 428 19 7.125000
9907 425 19 7.186000
9908 425 19 7.132000
9909 425 19 7.130000
9910 425 21 8.030000
9911 427 22 8.259000
9912 427 22 8.273000
9913 424 19 7.225000
9914 426 24 9.009000
9915 426 25 9.235000
9916 425 24 8.984000
9917 425 21 7.892000
9918 425 22 8.176000
9919 425 19 7.112000
9920 425 21 7.806000
9921 426 23 8.600000
9922 425 23 8.648000
9923 419 20 7.568000
9924 419 21 7.886000
9925 419 20 7.526000
9926 418 19 7.222000
9927 416 19 7.211000
9928 416 19 7.209000
9929 434 21 7.827000
9930 433 22 8.157000
9931 430 20 7.422000
9932 430 20 7.519000
9933 429 21 7.850000
9934 430 21 7.855000
9935 429 19 7.170000
9936 428 17 6.445000
9937 426 19 7.229000
9938 426 20 7.572000
9939 423 22 8.270000
9940 424 20 7.543000
9941 423 20 7.518000
9942 424 21 7.891000
9943 425 22 8.322000
9944 424 20 7.563000
9945 426 22 8.329000
9946 424 23 8.690000
9947 424 20 7.594000
9948 423 19 7.238000
9949 421 20 7.653000
9950 421 20 7.683000
9951 420 19 7.300000
9952 419 19 7.340000
9953 419 20 7.643000
9954 430 22 8.363000
9955 431 22 8.315000
9956 430 22 8.269000
9957 432 20 7.547000
9958 430 20 7.559000
9959 430 18 6.902000
9960 431 19 7.285000
9961 431 21 7.975000
9962 432 19 7.240000
9963 432 18 6.883000
9964 433 20 7.666000
9965 432 20 7.671000
9966 430 20 7.690000
9967 429 14 5.527000
9968 428 12 4.780000
9969 428 11 4.410000
9970 426 15 5.889000
9971 430 16 6.267000
9972 430 11 4.420000
9973 429 16 6.284000
9974 429 17 6.635000
9975 428 18 7.028000
9976 429 19 7.362000
9977 427 19 7.386000
9978 426 21 8.074000
9979 430 13 5.122000
9980 425 21 8.111000
9981 425 19 7.395000
9982 427 16 6.249000
9983 428 17 6.642000
9984 429 17 6.659000
9985 427 16 6.307000
9986 427 17 6.637000
9987 426 19 7.269000
9988 427 23 8.590000
9989 424 21 7.943000
9990 424 19 7.214000
9991 424 22 8.246000
9992 421 19 7.180000
9993 420 20 7.522000
9994 422 21 7.839000
9995 426 17 6.405000
9996 424 15 5.737000
9997 424 17 6.428000
9998 424 17 6.426000
9999 425 20 7.514000
10000 426 18 6.804000
