# STEP_NO SUBSYSTEMS FINAL_ITERATIONS STEP_SECONDS
0 374 59 21.139000
1 374 27 9.635000
2 376 26 9.307000
3 374 22 7.892000
4 376 24 8.609000
5 377 24 8.633000
6 375 22 7.896000
7 374 22 7.933000
8 372 21 7.522000
9 372 23 8.275000
10 379 27 9.592000
11 376 45 15.803000
12 375 24 8.566000
13 375 28 9.909000
14 378 26 9.170000
15 377 29 10.273000
16 378 25 8.859000
17 380 27 9.488000
18 380 25 8.847000
19 377 29 10.147000
20 380 33 11.451000
21 383 27 9.427000
22 383 25 8.776000
23 384 23 8.076000
24 383 23 8.473000
25 383 24 8.945000
26 381 30 11.154000
27 382 38 14.118000
28 383 29 10.752000
29 380 45 16.348000
30 380 25 9.453000
31 380 23 8.777000
32 381 22 8.525000
33 382 24 9.293000
34 381 28 10.740000
35 382 26 9.731000
36 382 24 8.917000
37 380 22 8.404000
38 380 23 8.828000
39 379 24 9.310000
40 378 22 8.355000
41 381 24 8.856000
42 382 24 8.957000
43 382 23 8.870000
44 382 23 8.828000
45 381 24 9.123000
46 384 25 9.253000
47 384 23 8.594000
48 384 24 9.239000
49 385 26 10.053000
50 376 44 16.330000
51 377 25 9.233000
52 375 21 7.981000
53 374 21 7.869000
54 373 22 8.266000
55 374 20 7.525000
56 375 21 7.775000
57 374 22 8.160000
58 374 23 8.493000
59 375 24 9.041000
60 374 23 8.640000
61 376 21 7.995000
62 379 21 7.817000
63 379 23 8.378000
64 378 22 7.988000
65 379 20 7.233000
66 381 21 7.440000
67 382 22 7.761000
68 383 24 8.368000
69 383 19 6.704000
70 382 23 8.013000
71 382 21 7.342000
72 385 21 7.356000
73 383 23 8.139000
74 385 24 8.360000
75 383 14 5.072000
76 382 22 7.716000
77 385 17 6.118000
78 380 29 10.070000
79 379 25 8.777000
80 389 23 8.035000
81 388 22 7.864000
82 389 21 7.601000
83 386 20 7.500000
84 384 18 6.769000
85 383 20 7.473000
86 386 20 7.452000
87 389 16 5.988000
88 389 17 6.206000
89 391 20 7.446000
90 391 19 6.812000
91 386 21 7.712000
92 387 17 6.371000
93 388 17 6.503000
94 382 19 7.304000
95 377 21 8.221000
96 378 24 9.303000
97 378 20 7.670000
98 379 21 7.798000
99 376 19 7.135000
100 373 22 8.360000
101 373 14 5.436000
102 371 21 8.021000
103 370 20 7.692000
104 369 20 7.521000
105 369 22 8.167000
106 371 20 7.572000
107 372 20 7.792000
108 372 22 8.480000
109 379 22 8.419000
110 377 19 7.111000
111 382 17 6.407000
112 379 22 8.016000
113 382 25 9.267000
114 383 24 8.803000
115 380 23 8.490000
116 381 25 8.944000
117 381 20 7.148000
118 380 12 4.526000
119 379 19 7.062000
120 380 21 7.821000
121 381 23 8.505000
122 381 23 8.436000
123 382 23 8.617000
124 384 22 8.159000
125 382 12 4.798000
126 383 21 8.102000
127 387 18 6.777000
128 387 20 7.559000
129 386 21 7.801000
130 385 18 6.627000
131 385 18 6.489000
132 385 18 6.512000
133 385 19 6.693000
134 385 14 4.991000
135 385 19 6.699000
136 385 21 7.363000
137 385 15 5.391000
138 386 14 5.048000
139 384 17 6.006000
140 386 19 6.605000
141 388 20 7.092000
142 388 20 7.134000
143 387 15 5.341000
144 386 20 7.007000
145 387 19 6.750000
146 387 20 7.008000
147 388 19 6.738000
148 385 22 7.618000
149 388 22 7.669000
150 386 21 7.285000
151 387 20 6.948000
152 387 20 6.964000
153 384 20 7.031000
154 387 20 7.077000
155 383 21 7.708000
156 385 21 7.796000
157 382 21 7.746000
158 382 20 7.398000
159 384 21 7.782000
160 384 20 7.389000
161 384 21 7.534000
162 384 21 7.602000
163 385 20 7.139000
164 384 19 7.000000
165 383 18 6.744000
166 381 18 6.784000
167 379 18 6.870000
168 377 16 6.152000
169 378 12 4.723000
170 378 15 5.888000
171 377 15 5.761000
172 377 11 4.266000
173 379 11 4.210000
174 376 15 5.744000
175 374 12 4.770000
176 373 17 6.686000
177 372 19 7.460000
178 368 16 6.300000
179 368 13 5.112000
180 369 17 6.512000
181 370 18 6.831000
182 371 17 6.463000
183 371 15 5.986000
184 370 17 6.667000
185 371 15 5.972000
186 370 16 6.320000
187 370 17 6.654000
188 373 16 6.171000
189 372 16 6.109000
190 371 17 6.659000
191 372 17 6.797000
192 372 18 7.198000
193 372 12 4.837000
194 374 20 7.828000
195 374 14 5.470000
196 373 18 6.921000
197 373 18 6.884000
198 373 18 7.126000
199 373 17 6.676000
200 375 14 5.565000
201 376 21 8.212000
202 376 17 6.614000
203 375 13 5.083000
204 374 16 6.068000
205 373 21 7.831000
206 373 22 8.189000
207 372 23 8.581000
208 373 14 5.534000
209 373 23 8.551000
210 373 22 7.946000
211 374 20 7.203000
212 374 21 7.463000
213 372 20 7.021000
214 370 19 6.672000
215 371 20 6.989000
216 369 20 7.013000
217 369 21 7.312000
218 370 23 7.993000
219 369 22 7.670000
220 370 20 6.970000
221 368 20 7.000000
222 368 12 4.373000
223 369 20 7.013000
224 368 19 6.693000
225 367 19 6.667000
226 369 20 6.924000
227 371 21 7.327000
228 371 21 7.338000
229 370 12 4.318000
230 369 16 5.650000
231 367 11 4.029000
232 365 17 6.020000
233 364 18 6.401000
234 363 13 4.762000
235 364 17 6.125000
236 372 11 4.096000
237 373 19 7.010000
238 372 18 6.691000
239 373 18 6.663000
240 372 14 5.344000
241 370 19 7.065000
242 371 20 7.325000
243 372 19 6.933000
244 372 20 7.313000
245 373 21 7.738000
246 373 18 6.555000
247 381 21 7.809000
248 381 20 7.628000
249 376 17 6.551000
250 377 18 6.942000
251 377 19 7.333000
252 377 21 8.135000
253 379 19 7.125000
254 383 18 6.679000
255 388 20 7.438000
256 385 22 8.406000
257 386 18 7.017000
258 386 20 7.644000
259 385 20 7.650000
260 386 19 7.169000
261 377 20 7.433000
262 376 23 8.687000
263 377 19 7.312000
264 377 21 7.957000
265 380 23 8.694000
266 383 23 8.505000
267 382 20 7.437000
268 382 20 7.681000
269 380 18 7.022000
270 378 22 8.403000
271 375 22 8.448000
272 376 21 7.877000
273 386 23 8.404000
274 386 24 9.072000
275 387 11 4.403000
276 386 19 7.360000
277 388 19 7.194000
278 386 19 7.313000
279 386 22 8.465000
280 384 23 8.714000
281 376 21 8.372000
282 387 23 8.755000
283 385 24 9.099000
284 382 23 8.703000
285 383 24 8.998000
286 383 22 8.109000
287 385 23 8.380000
288 385 23 8.215000
289 384 23 8.222000
290 385 20 7.178000
291 383 20 7.122000
292 386 20 7.096000
293 384 20 7.113000
294 387 21 7.438000
295 389 20 7.114000
296 385 19 6.769000
297 386 19 6.855000
298 384 22 7.804000
299 385 21 7.503000
300 384 22 7.817000
301 382 21 7.470000
302 383 21 7.417000
303 385 21 7.377000
304 385 20 7.060000
305 386 19 6.856000
306 386 21 7.414000
307 387 18 6.536000
308 391 23 8.357000
309 391 21 7.723000
310 389 23 8.496000
311 394 23 8.456000
312 394 24 8.851000
313 391 22 8.048000
314 389 23 8.375000
315 390 12 4.410000
316 390 19 6.969000
317 389 22 8.262000
318 391 22 8.335000
319 391 22 8.376000
320 392 22 8.431000
321 394 21 8.027000
322 395 22 8.150000
323 389 22 8.128000
324 390 22 8.371000
325 394 23 8.774000
326 392 23 8.801000
327 393 24 9.092000
328 393 21 7.809000
329 392 21 7.781000
330 395 19 7.216000
331 394 20 7.714000
332 394 21 8.046000
333 394 20 7.622000
334 392 21 7.951000
335 392 21 7.770000
336 392 20 7.671000
337 392 20 7.727000
338 393 22 8.456000
339 393 21 7.955000
340 392 23 8.599000
341 393 21 7.713000
342 382 21 8.051000
343 374 21 8.157000
344 374 21 8.168000
345 377 17 6.611000
346 376 19 7.250000
347 377 21 7.909000
348 377 19 7.240000
349 375 20 7.830000
350 374 20 7.829000
351 373 19 7.368000
352 379 21 8.019000
353 378 22 8.342000
354 376 21 7.723000
355 377 20 7.291000
356 376 18 6.488000
357 377 20 7.076000
358 377 20 7.141000
359 378 19 6.788000
360 380 19 6.769000
361 375 21 7.576000
362 375 24 8.488000
363 382 19 6.810000
364 380 21 7.529000
365 380 21 7.551000
366 379 20 7.113000
367 378 19 6.795000
368 379 20 7.114000
369 379 20 7.144000
370 379 19 6.828000
371 380 20 7.177000
372 381 21 7.541000
373 382 21 7.512000
374 382 22 7.848000
375 382 22 7.854000
376 382 22 7.845000
377 382 20 7.188000
378 379 20 7.206000
379 380 20 7.368000
380 379 21 7.731000
381 378 21 7.794000
382 378 18 6.826000
383 381 19 7.043000
384 382 13 5.007000
385 382 22 8.160000
386 382 17 6.248000
387 382 15 5.759000
388 382 16 5.831000
389 381 16 5.839000
390 382 20 7.433000
391 379 12 4.635000
392 381 19 7.265000
393 380 16 6.282000
394 379 19 7.270000
395 379 18 6.939000
396 380 18 6.916000
397 381 15 5.646000
398 378 16 6.051000
399 378 11 4.212000
400 376 15 5.757000
401 375 14 5.526000
402 374 14 5.396000
403 374 18 6.901000
404 373 17 6.613000
405 373 16 6.119000
406 374 16 6.059000
407 374 18 6.761000
408 375 20 7.623000
409 375 19 7.291000
410 375 19 7.275000
411 374 18 6.842000
412 375 19 7.206000
413 385 20 7.323000
414 376 25 9.034000
415 378 23 8.599000
416 387 24 8.903000
417 388 23 8.753000
418 386 23 8.462000
419 389 21 7.529000
420 388 22 8.179000
421 389 22 8.235000
422 388 22 8.179000
423 390 24 8.989000
424 387 21 7.812000
425 387 21 7.597000
426 387 22 8.357000
427 392 22 8.225000
428 391 20 7.676000
429 392 20 7.549000
430 390 21 7.803000
431 389 23 8.464000
432 389 22 7.837000
433 388 22 7.793000
434 387 19 6.705000
435 387 15 5.355000
436 383 19 6.633000
437 384 18 6.296000
438 384 15 5.324000
439 384 20 6.984000
440 386 20 6.967000
441 386 19 6.614000
442 386 18 6.309000
443 386 18 6.360000
444 384 14 4.979000
445 384 16 5.656000
446 386 22 7.651000
447 384 22 7.647000
448 385 19 6.686000
449 385 19 6.610000
450 387 18 6.441000
451 386 22 7.615000
452 387 23 8.035000
453 385 24 8.216000
454 387 22 7.514000
455 388 22 7.570000
456 389 11 3.979000
457 372 21 7.313000
458 372 22 7.933000
459 374 21 7.543000
460 374 19 6.912000
461 375 20 7.207000
462 375 20 7.180000
463 375 13 4.787000
464 373 20 7.210000
465 373 17 6.059000
466 377 20 7.186000
467 378 22 7.597000
468 379 21 7.536000
469 385 19 6.984000
470 384 21 7.863000
471 384 20 7.517000
472 383 19 7.233000
473 384 21 7.947000
474 386 22 8.243000
475 386 21 7.712000
476 379 19 6.953000
477 383 18 6.802000
478 390 19 7.137000
479 389 16 5.987000
480 388 22 8.128000
481 388 23 8.247000
482 389 20 7.116000
483 389 21 7.614000
484 392 21 7.818000
485 391 22 8.194000
486 389 16 6.050000
487 389 18 6.635000
488 386 23 8.206000
489 388 23 8.254000
490 389 18 6.571000
491 391 21 7.646000
492 391 20 7.291000
493 383 20 7.560000
494 383 20 7.379000
495 381 19 6.934000
496 381 19 7.046000
497 385 16 6.158000
498 386 17 6.436000
499 386 13 4.985000
500 388 20 7.533000
501 388 20 7.478000
502 387 20 7.276000
503 384 19 6.998000
504 385 19 7.148000
505 385 18 6.816000
506 386 21 7.808000
507 387 20 7.581000
508 389 17 6.273000
509 388 18 6.650000
510 386 19 6.799000
511 388 20 7.188000
512 391 21 7.342000
513 392 21 7.349000
514 392 20 7.054000
515 393 18 6.399000
516 393 19 6.812000
517 392 16 5.682000
518 392 20 6.963000
519 391 19 6.580000
520 389 19 6.582000
521 388 22 7.491000
522 392 21 7.317000
523 393 20 6.975000
524 394 18 6.295000
525 392 18 6.323000
526 391 14 4.974000
527 390 16 5.599000
528 389 17 5.989000
529 388 16 5.613000
530 387 19 6.719000
531 387 20 7.088000
532 387 16 5.637000
533 386 16 5.594000
534 386 18 6.263000
535 386 14 4.994000
536 386 15 5.285000
537 386 17 5.885000
538 389 18 6.376000
539 388 19 6.803000
540 387 17 6.089000
541 386 18 6.608000
542 387 19 6.778000
543 386 19 6.878000
544 386 19 6.912000
545 387 18 6.413000
546 387 18 6.403000
547 387 19 6.697000
548 388 14 4.914000
549 386 18 6.394000
550 387 19 6.854000
551 387 17 6.289000
552 386 17 6.212000
553 386 21 7.659000
554 387 23 8.364000
555 386 21 7.635000
556 386 19 6.819000
557 387 21 7.475000
558 387 20 7.156000
559 388 19 6.880000
560 386 16 5.849000
561 386 20 7.170000
562 388 20 7.200000
563 388 21 7.379000
564 388 19 6.711000
565 388 20 6.966000
566 388 18 6.520000
567 387 21 7.624000
568 384 21 7.765000
569 384 20 7.325000
570 382 20 7.197000
571 382 19 6.804000
572 382 17 6.302000
573 372 14 5.378000
574 373 20 7.464000
575 383 22 8.170000
576 383 21 7.762000
577 381 20 7.170000
578 377 21 7.621000
579 383 22 8.204000
580 375 21 8.179000
581 378 19 7.475000
582 379 20 7.679000
583 376 18 6.945000
584 377 19 7.247000
585 375 17 6.418000
586 380 20 7.751000
587 375 21 8.039000
588 377 18 6.952000
589 377 17 6.559000
590 377 21 7.777000
591 374 22 8.140000
592 374 19 6.865000
593 380 14 5.305000
594 382 17 6.236000
595 382 14 5.180000
596 381 15 5.437000
597 380 17 6.201000
598 377 11 4.167000
599 378 18 6.593000
600 378 19 6.869000
601 378 19 6.933000
602 381 19 6.829000
603 381 20 7.192000
604 382 21 7.511000
605 379 21 7.545000
606 379 22 7.855000
607 380 19 6.908000
608 378 19 6.830000
609 378 19 6.836000
610 378 18 6.398000
611 376 19 6.846000
612 377 20 7.170000
613 378 21 7.450000
614 380 22 7.888000
615 379 20 7.494000
616 380 21 7.764000
617 381 21 7.676000
618 380 20 7.484000
619 380 20 7.447000
620 378 20 7.457000
621 378 24 8.557000
622 378 20 7.317000
623 377 21 7.520000
624 377 20 7.462000
625 376 22 8.338000
626 376 23 8.816000
627 374 22 8.517000
628 375 21 8.058000
629 378 22 8.357000
630 379 21 7.877000
631 379 22 8.122000
632 377 22 8.442000
633 377 14 5.499000
634 381 22 8.396000
635 383 19 7.292000
636 381 24 8.756000
637 380 23 8.381000
638 386 21 7.937000
639 387 23 8.762000
640 387 22 8.304000
641 387 23 8.693000
642 388 24 8.813000
643 388 22 8.089000
644 385 23 8.842000
645 386 23 8.928000
646 387 22 8.390000
647 387 20 7.742000
648 388 19 7.180000
649 388 20 7.498000
650 388 19 7.330000
651 388 19 7.358000
652 390 16 6.165000
653 389 15 5.721000
654 389 15 5.669000
655 389 15 5.627000
656 389 15 5.677000
657 390 15 5.719000
658 392 17 6.557000
659 386 17 6.460000
660 385 21 7.844000
661 385 18 6.742000
662 385 17 6.289000
663 388 12 4.488000
664 387 23 8.192000
665 385 19 6.740000
666 384 17 6.011000
667 388 19 6.703000
668 386 19 6.700000
669 386 19 6.717000
670 390 18 6.315000
671 390 19 6.809000
672 386 20 7.024000
673 387 21 7.371000
674 387 20 7.040000
675 387 18 6.358000
676 385 21 7.376000
677 390 21 7.296000
678 392 25 8.653000
679 393 20 7.013000
680 387 23 8.133000
681 384 24 8.351000
682 384 26 8.978000
683 383 25 8.673000
684 383 21 7.400000
685 383 23 8.037000
686 384 22 7.675000
687 384 21 7.353000
688 386 21 7.511000
689 387 21 7.611000
690 388 22 7.982000
691 389 21 7.644000
692 387 23 8.336000
693 384 21 7.662000
694 389 21 7.742000
695 388 22 7.837000
696 390 24 8.489000
697 389 22 7.894000
698 389 20 7.271000
699 389 21 7.730000
700 391 20 7.562000
701 391 21 7.942000
702 391 20 7.488000
703 388 18 6.768000
704 389 19 6.958000
705 392 19 6.925000
706 390 20 7.463000
707 389 20 7.522000
708 389 19 7.118000
709 388 18 6.787000
710 389 22 8.191000
711 389 22 8.086000
712 385 22 8.081000
713 382 21 7.947000
714 381 21 7.957000
715 382 24 8.971000
716 382 20 7.491000
717 383 21 7.784000
718 388 21 7.680000
719 386 20 7.585000
720 385 21 7.945000
721 385 22 8.257000
722 381 23 8.583000
723 381 22 8.137000
724 381 20 7.371000
725 385 22 8.391000
726 390 21 7.921000
727 385 21 7.808000
728 386 21 7.908000
729 382 20 7.387000
730 382 23 8.328000
731 381 20 7.526000
732 379 20 7.654000
733 381 21 7.956000
734 383 19 7.269000
735 380 20 7.467000
736 380 21 7.792000
737 380 21 7.628000
738 379 20 7.221000
739 379 19 6.815000
740 379 17 6.102000
741 379 20 7.141000
742 382 20 7.100000
743 381 16 5.713000
744 383 23 8.184000
745 382 25 8.817000
746 382 23 8.167000
747 382 21 7.503000
748 383 20 7.157000
749 384 21 7.473000
750 384 22 7.751000
751 384 22 7.759000
752 384 20 7.136000
753 381 20 7.121000
754 388 22 7.808000
755 388 24 8.474000
756 386 21 7.704000
757 385 20 7.421000
758 385 19 7.132000
759 384 20 7.505000
760 384 21 7.863000
761 382 20 7.515000
762 381 21 7.876000
763 380 23 8.501000
764 380 21 7.639000
765 381 23 8.229000
766 382 24 8.754000
767 381 23 8.462000
768 381 22 8.233000
769 383 20 7.555000
770 384 21 7.870000
771 381 21 7.730000
772 381 22 7.999000
773 384 24 8.829000
774 384 24 8.992000
775 383 22 8.382000
776 384 22 8.318000
777 385 20 7.440000
778 387 21 7.728000
779 385 23 8.724000
780 385 20 7.695000
781 385 20 7.631000
782 385 23 8.612000
783 385 23 8.493000
784 384 22 8.088000
785 385 21 7.800000
786 384 22 8.215000
787 382 19 7.187000
788 382 20 7.490000
789 383 19 7.041000
790 383 22 7.994000
791 384 24 8.764000
792 383 20 7.533000
793 383 19 7.214000
794 383 21 7.833000
795 383 23 8.509000
796 383 23 8.311000
797 383 23 8.358000
798 383 19 7.133000
799 383 20 7.479000
800 383 24 8.826000
801 385 22 8.159000
802 382 21 7.757000
803 382 20 7.205000
804 385 19 6.877000
805 383 22 7.790000
806 384 20 7.072000
807 383 20 7.103000
808 384 20 7.124000
809 381 23 8.148000
810 381 20 7.120000
811 381 22 7.777000
812 373 20 7.187000
813 373 13 4.822000
814 372 11 4.138000
815 371 18 6.486000
816 369 18 6.444000
817 370 17 6.145000
818 370 18 6.463000
819 370 17 6.112000
820 371 17 6.218000
821 374 19 6.778000
822 373 18 6.429000
823 374 20 7.182000
824 374 20 7.135000
825 378 21 7.392000
826 379 17 6.073000
827 378 16 5.712000
828 378 18 6.743000
829 379 17 6.318000
830 375 20 7.311000
831 375 20 7.411000
832 375 19 7.014000
833 379 19 6.964000
834 381 20 7.336000
835 383 20 7.140000
836 382 17 6.292000
837 384 16 5.658000
838 385 19 6.890000
839 387 16 6.059000
840 386 18 6.721000
841 387 20 7.613000
842 387 22 8.314000
843 387 21 7.875000
844 383 21 8.000000
845 383 20 7.344000
846 383 21 7.671000
847 383 22 8.182000
848 383 18 6.847000
849 383 20 7.617000
850 383 22 8.236000
851 383 23 8.473000
852 382 23 8.319000
853 381 20 7.451000
854 382 22 8.274000
855 382 19 7.169000
856 384 22 8.190000
857 384 20 7.386000
858 384 21 7.611000
859 386 20 7.361000
860 384 21 7.870000
861 384 21 7.896000
862 385 20 7.510000
863 386 22 8.334000
864 386 22 8.236000
865 387 20 7.507000
866 387 21 8.064000
867 385 21 8.186000
868 385 22 8.576000
869 383 19 7.356000
870 383 21 8.001000
871 384 20 7.512000
872 386 20 7.834000
873 384 19 7.198000
874 385 20 7.470000
875 386 20 7.543000
876 388 21 7.714000
877 388 19 7.004000
878 389 19 6.854000
879 387 19 6.909000
880 389 20 7.309000
881 390 19 6.845000
882 381 16 5.863000
883 382 18 6.524000
884 380 11 4.124000
885 381 16 5.823000
886 380 14 5.173000
887 381 15 5.528000
888 382 15 5.490000
889 382 13 4.819000
890 383 10 3.792000
891 382 18 6.527000
892 383 18 6.551000
893 382 16 5.926000
894 382 18 6.551000
895 384 15 5.471000
896 384 17 6.155000
897 385 18 6.484000
898 386 18 6.526000
899 385 17 6.188000
900 383 16 5.787000
901 386 18 6.523000
902 386 17 6.140000
903 386 10 3.777000
904 386 18 6.561000
905 386 16 5.840000
906 385 17 6.095000
907 384 17 6.082000
908 385 14 5.093000
909 385 16 5.949000
910 386 15 5.666000
911 385 14 5.269000
912 384 17 6.372000
913 384 18 6.799000
914 385 18 6.740000
915 387 17 6.515000
916 388 12 4.649000
917 389 13 5.039000
918 387 13 4.928000
919 387 14 5.435000
920 380 12 4.478000
921 381 20 7.305000
922 379 18 6.786000
923 382 19 7.227000
924 382 17 6.525000
925 381 20 7.727000
926 380 20 7.683000
927 383 20 7.601000
928 383 18 6.794000
929 385 19 6.995000
930 384 17 6.267000
931 382 19 7.184000
932 382 21 7.977000
933 381 20 7.640000
934 379 21 7.847000
935 381 21 7.696000
936 380 18 6.678000
937 381 19 7.158000
938 383 19 7.269000
939 383 21 7.985000
940 384 20 7.497000
941 386 19 7.114000
942 384 18 6.754000
943 384 21 7.837000
944 384 18 6.844000
945 384 19 7.262000
946 390 20 7.546000
947 385 20 7.511000
948 385 21 7.829000
949 386 20 7.283000
950 386 21 7.864000
951 382 22 8.389000
952 383 18 6.885000
953 383 20 7.511000
954 385 19 7.074000
955 386 20 7.422000
956 383 21 7.674000
957 385 21 8.022000
958 386 21 8.102000
959 386 20 7.569000
960 386 21 7.957000
961 387 20 7.442000
962 385 18 6.620000
963 385 19 6.886000
964 384 20 7.148000
965 384 21 7.409000
966 383 21 7.394000
967 383 21 7.435000
968 383 21 7.579000
969 383 21 7.433000
970 382 19 6.802000
971 380 20 7.166000
972 380 24 8.510000
973 383 22 7.828000
974 384 20 7.170000
975 379 20 7.392000
976 379 16 5.949000
977 375 18 6.764000
978 375 20 7.523000
979 379 19 7.060000
980 377 20 7.413000
981 380 20 7.398000
982 379 19 7.037000
983 379 12 4.567000
984 379 14 5.288000
985 376 19 6.994000
986 375 17 6.407000
987 373 13 4.890000
988 374 13 5.048000
989 375 14 5.438000
990 384 12 4.618000
991 381 18 6.841000
992 380 17 6.461000
993 382 18 6.810000
994 383 18 6.851000
995 384 19 7.207000
996 384 19 7.073000
997 384 19 7.146000
998 384 18 6.551000
999 383 18 6.711000
1000 382 15 5.766000
1001 382 16 6.177000
1002 389 11 4.338000
1003 388 18 6.877000
1004 389 18 6.890000
1005 387 10 4.025000
1006 387 18 6.922000
1007 388 19 7.095000
1008 387 21 7.704000
1009 390 20 7.451000
1010 389 18 6.908000
1011 390 19 7.274000
1012 389 17 6.604000
1013 390 18 6.919000
1014 390 16 6.070000
1015 390 18 6.735000
1016 387 22 8.058000
1017 387 22 8.380000
1018 387 19 7.282000
1019 385 20 7.533000
1020 386 20 7.427000
1021 387 20 7.402000
1022 387 14 5.230000
1023 387 20 7.559000
1024 387 22 8.311000
1025 388 18 6.930000
1026 387 12 4.735000
1027 384 18 6.843000
1028 387 19 7.093000
1029 384 17 6.315000
1030 385 19 7.210000
1031 385 19 7.286000
1032 385 18 6.923000
1033 385 18 6.906000
1034 385 19 7.265000
1035 385 18 6.707000
1036 383 18 6.675000
1037 384 18 6.860000
1038 385 16 6.152000
1039 385 19 7.267000
1040 385 14 5.360000
1041 384 16 6.217000
1042 385 18 6.698000
1043 384 14 5.270000
1044 384 19 6.841000
1045 383 20 7.159000
1046 384 17 6.173000
1047 383 18 6.416000
1048 382 15 5.336000
1049 383 13 4.689000
1050 382 21 7.375000
1051 380 17 6.036000
1052 380 15 5.306000
1053 379 22 7.730000
1054 382 21 7.291000
1055 381 20 7.017000
1056 383 20 7.032000
1057 383 21 7.307000
1058 383 22 7.623000
1059 383 21 7.306000
1060 380 20 7.055000
1061 380 20 7.081000
1062 380 20 7.069000
1063 381 21 7.327000
1064 382 22 7.680000
1065 382 22 7.687000
1066 381 20 7.063000
1067 381 20 7.000000
1068 381 16 5.665000
1069 380 21 7.353000
1070 381 21 7.422000
1071 382 21 7.677000
1072 381 20 7.355000
1073 383 20 7.386000
1074 383 19 6.942000
1075 382 20 7.337000
1076 376 18 6.692000
1077 375 22 8.103000
1078 376 18 6.610000
1079 376 19 7.065000
1080 377 18 6.531000
1081 377 19 7.145000
1082 378 19 7.175000
1083 378 20 7.615000
1084 375 20 7.686000
1085 375 18 6.987000
1086 375 19 7.323000
1087 377 19 7.243000
1088 377 18 6.739000
1089 375 19 7.060000
1090 376 19 7.236000
1091 376 19 7.347000
1092 376 15 5.932000
1093 375 17 6.725000
1094 376 21 7.912000
1095 374 22 8.201000
1096 374 21 7.911000
1097 376 18 7.037000
1098 374 19 7.460000
1099 377 20 7.877000
1100 377 20 7.701000
1101 377 20 7.463000
1102 377 19 7.170000
1103 380 18 6.966000
1104 380 14 5.555000
1105 380 20 7.707000
1106 379 20 7.657000
1107 380 20 7.572000
1108 380 20 7.413000
1109 378 19 7.118000
1110 378 11 4.471000
1111 378 19 7.387000
1112 381 20 7.744000
1113 382 20 7.652000
1114 381 21 8.062000
1115 388 13 5.090000
1116 377 18 6.872000
1117 376 17 6.696000
1118 376 17 6.685000
1119 376 20 7.840000
1120 373 20 7.767000
1121 372 18 6.913000
1122 372 19 7.322000
1123 373 18 6.673000
1124 374 19 7.019000
1125 378 19 6.963000
1126 376 16 5.843000
1127 374 20 7.154000
1128 376 21 7.523000
1129 376 20 7.211000
1130 376 13 4.795000
1131 373 19 6.939000
1132 377 17 6.136000
1133 373 17 6.161000
1134 375 17 6.155000
1135 377 17 6.136000
1136 377 16 5.792000
1137 376 16 5.786000
1138 375 16 5.828000
1139 376 17 6.177000
1140 374 18 6.474000
1141 373 12 4.451000
1142 373 19 6.857000
1143 370 18 6.433000
1144 371 19 6.820000
1145 369 20 7.170000
1146 370 18 6.789000
1147 371 18 6.720000
1148 374 19 7.079000
1149 377 20 7.428000
1150 377 19 7.110000
1151 377 18 6.769000
1152 377 20 7.510000
1153 377 19 7.105000
1154 376 20 7.459000
1155 376 20 7.359000
1156 378 16 6.064000
1157 379 18 6.903000
1158 372 20 7.787000
1159 372 19 7.468000
1160 379 16 6.349000
1161 380 19 7.556000
1162 380 19 7.377000
1163 377 20 7.725000
1164 379 16 6.233000
1165 377 19 7.537000
1166 378 14 5.723000
1167 379 13 5.116000
1168 379 18 6.957000
1169 377 16 6.118000
1170 378 15 5.674000
1171 378 17 6.372000
1172 375 16 5.955000
1173 375 12 4.726000
1174 375 16 6.249000
1175 375 12 4.769000
1176 376 16 6.223000
1177 376 13 5.073000
1178 377 19 7.105000
1179 377 17 6.302000
1180 377 17 6.340000
1181 378 16 6.188000
1182 380 16 6.249000
1183 381 16 6.190000
1184 382 10 4.010000
1185 381 17 6.496000
1186 381 16 6.149000
1187 382 15 5.717000
1188 381 14 5.264000
1189 378 17 6.526000
1190 374 15 5.969000
1191 373 12 4.810000
1192 376 14 5.573000
1193 376 14 5.452000
1194 377 16 6.304000
1195 375 16 6.202000
1196 374 21 7.827000
1197 375 20 7.660000
1198 373 17 6.723000
1199 374 17 6.724000
1200 378 18 6.846000
1201 378 14 5.515000
1202 381 12 4.635000
1203 381 18 6.821000
1204 380 12 4.563000
1205 381 13 4.843000
1206 381 21 7.585000
1207 382 20 7.133000
1208 382 20 7.106000
1209 380 19 6.761000
1210 376 17 6.295000
1211 373 21 7.714000
1212 375 18 6.680000
1213 378 18 6.599000
1214 378 11 4.185000
1215 378 16 5.912000
1216 377 19 6.949000
1217 376 19 6.979000
1218 372 20 7.385000
1219 367 20 7.443000
1220 367 19 7.043000
1221 369 21 7.760000
1222 368 20 7.406000
1223 382 22 7.785000
1224 373 22 7.993000
1225 372 19 6.920000
1226 371 18 6.625000
1227 374 18 6.630000
1228 367 17 6.318000
1229 371 17 6.289000
1230 371 17 6.309000
1231 371 17 6.474000
1232 371 17 6.467000
1233 369 16 6.118000
1234 378 19 7.258000
1235 378 21 7.946000
1236 378 18 6.837000
1237 377 11 4.344000
1238 375 20 7.440000
1239 372 18 6.839000
1240 375 20 7.203000
1241 377 17 6.334000
1242 377 19 7.187000
1243 378 18 6.868000
1244 379 18 7.064000
1245 381 18 6.995000
1246 382 19 7.441000
1247 382 18 7.048000
1248 381 20 7.631000
1249 381 20 7.496000
1250 378 18 6.934000
1251 381 18 7.052000
1252 382 16 6.224000
1253 382 17 6.595000
1254 382 12 4.834000
1255 382 18 6.863000
1256 380 20 7.603000
1257 381 18 6.805000
1258 381 19 7.442000
1259 381 12 4.886000
1260 380 17 6.793000
1261 381 19 7.476000
1262 381 20 7.708000
1263 381 20 7.631000
1264 384 14 5.442000
1265 378 20 7.845000
1266 376 12 4.902000
1267 377 16 6.380000
1268 377 12 4.930000
1269 374 12 4.912000
1270 376 11 4.500000
1271 376 17 6.619000
1272 373 20 7.469000
1273 372 22 8.482000
1274 372 20 7.802000
1275 372 21 8.185000
1276 373 20 7.810000
1277 372 18 6.864000
1278 373 18 6.884000
1279 374 18 6.962000
1280 374 20 7.819000
1281 377 23 8.930000
1282 377 22 8.400000
1283 377 13 5.069000
1284 378 21 7.873000
1285 378 18 6.665000
1286 379 19 6.924000
1287 382 21 7.594000
1288 385 22 7.868000
1289 372 21 7.483000
1290 375 21 7.500000
1291 378 11 4.097000
1292 376 19 6.815000
1293 376 18 6.589000
1294 371 19 6.766000
1295 374 20 7.198000
1296 375 15 5.475000
1297 374 19 6.859000
1298 373 19 6.904000
1299 371 16 5.823000
1300 371 18 6.508000
1301 372 20 7.220000
1302 371 19 6.763000
1303 371 19 6.831000
1304 371 21 7.521000
1305 371 21 7.542000
1306 370 18 6.453000
1307 371 19 6.852000
1308 372 19 7.078000
1309 371 19 7.070000
1310 373 19 7.114000
1311 375 19 7.032000
1312 375 20 7.500000
1313 376 23 8.543000
1314 375 12 4.645000
1315 375 21 7.814000
1316 372 22 8.169000
1317 374 19 7.034000
1318 371 20 7.459000
1319 371 19 7.306000
1320 371 19 7.379000
1321 370 21 8.207000
1322 373 22 8.413000
1323 373 21 8.114000
1324 372 21 7.941000
1325 371 20 7.454000
1326 371 18 6.929000
1327 378 23 8.960000
1328 377 24 9.262000
1329 377 19 7.314000
1330 377 21 7.913000
1331 379 20 7.552000
1332 379 19 7.437000
1333 380 22 8.593000
1334 377 22 8.494000
1335 381 12 4.732000
1336 382 15 5.834000
1337 387 17 6.482000
1338 389 18 6.797000
1339 389 16 6.281000
1340 389 17 6.693000
1341 378 14 5.636000
1342 377 17 6.636000
1343 379 16 6.258000
1344 376 15 5.795000
1345 375 17 6.470000
1346 374 14 5.389000
1347 376 16 6.259000
1348 376 17 6.684000
1349 378 10 4.093000
1350 378 21 8.082000
1351 377 21 8.101000
1352 376 21 7.947000
1353 377 17 6.482000
1354 375 16 6.242000
1355 374 18 7.063000
1356 375 16 6.317000
1357 374 15 5.846000
1358 374 13 5.182000
1359 373 12 4.691000
1360 375 18 6.899000
1361 375 18 6.666000
1362 377 17 6.259000
1363 373 12 4.622000
1364 374 17 6.380000
1365 373 17 6.356000
1366 372 20 7.388000
1367 374 21 7.693000
1368 373 16 5.956000
1369 372 16 5.883000
1370 371 20 7.121000
1371 369 22 7.834000
1372 371 19 6.796000
1373 373 19 6.753000
1374 373 19 6.806000
1375 373 19 6.812000
1376 370 20 7.130000
1377 356 19 7.196000
1378 357 13 5.004000
1379 358 20 7.512000
1380 374 22 7.807000
1381 373 22 7.815000
1382 374 20 7.160000
1383 374 20 7.139000
1384 373 21 7.507000
1385 374 21 7.373000
1386 371 20 7.142000
1387 368 22 7.981000
1388 365 23 8.598000
1389 365 22 8.175000
1390 366 22 8.224000
1391 376 22 8.145000
1392 376 22 8.257000
1393 376 19 7.070000
1394 375 19 7.132000
1395 377 20 7.127000
1396 376 19 7.034000
1397 376 20 7.546000
1398 376 18 6.898000
1399 376 19 7.283000
1400 371 19 7.446000
1401 375 21 7.882000
1402 375 20 7.679000
1403 374 19 7.046000
1404 379 22 8.170000
1405 379 20 7.709000
1406 380 22 8.585000
1407 380 22 8.529000
1408 378 23 8.952000
1409 372 19 7.213000
1410 372 18 6.769000
1411 373 21 8.014000
1412 371 19 7.387000
1413 371 18 6.923000
1414 371 10 4.016000
1415 372 18 6.911000
1416 378 19 7.184000
1417 377 24 9.040000
1418 379 23 8.895000
1419 379 22 8.588000
1420 375 21 8.047000
1421 377 24 9.078000
1422 377 24 8.848000
1423 375 26 9.815000
1424 376 24 9.298000
1425 375 26 9.770000
1426 376 22 8.355000
1427 375 22 8.218000
1428 371 24 9.002000
1429 372 23 8.906000
1430 371 23 8.858000
1431 371 21 8.189000
1432 371 21 7.946000
1433 375 22 8.100000
1434 376 23 8.194000
1435 379 23 8.214000
1436 377 23 8.130000
1437 376 22 7.827000
1438 377 22 7.788000
1439 377 22 7.844000
1440 377 21 7.528000
1441 376 20 7.188000
1442 377 21 7.562000
1443 378 20 7.216000
1444 378 20 7.169000
1445 373 21 7.480000
1446 374 21 7.409000
1447 374 20 7.131000
1448 374 18 6.446000
1449 376 20 7.095000
1450 375 20 7.145000
1451 376 20 7.157000
1452 375 19 6.788000
1453 375 20 7.173000
1454 378 17 6.393000
1455 376 21 7.742000
1456 376 21 7.755000
1457 377 19 7.101000
1458 378 19 7.078000
1459 375 11 4.255000
1460 373 19 7.078000
1461 371 19 6.886000
1462 372 21 7.648000
1463 382 19 6.854000
1464 379 21 7.832000
1465 379 11 4.303000
1466 381 19 7.141000
1467 381 19 7.223000
1468 380 20 7.534000
1469 380 20 7.558000
1470 360 21 8.249000
1471 360 22 8.382000
1472 358 20 7.518000
1473 357 20 7.937000
1474 358 21 8.277000
1475 357 20 7.838000
1476 356 18 7.101000
1477 354 19 7.301000
1478 356 22 8.365000
1479 355 20 7.890000
1480 356 15 5.945000
1481 357 19 7.513000
1482 348 20 7.903000
1483 347 20 7.766000
1484 350 20 7.554000
1485 351 19 7.198000
1486 351 20 7.759000
1487 350 20 7.730000
1488 359 20 7.668000
1489 358 18 6.861000
1490 359 12 4.658000
1491 360 20 7.495000
1492 361 19 7.267000
1493 361 19 7.429000
1494 362 19 7.432000
1495 361 19 7.179000
1496 361 19 7.230000
1497 361 18 6.702000
1498 360 18 6.696000
1499 358 17 6.504000
1500 358 19 7.227000
1501 357 21 7.981000
1502 356 19 7.274000
1503 354 20 7.686000
1504 354 16 6.211000
1505 354 17 6.434000
1506 357 22 8.136000
1507 356 19 7.008000
1508 356 19 6.974000
1509 355 20 7.319000
1510 365 20 7.306000
1511 366 20 7.361000
1512 366 21 7.640000
1513 367 20 7.202000
1514 366 20 7.187000
1515 368 20 7.235000
1516 367 18 6.576000
1517 367 18 6.628000
1518 378 25 8.800000
1519 369 27 9.577000
1520 370 24 8.590000
1521 370 23 8.253000
1522 368 21 7.573000
1523 367 20 7.271000
1524 368 22 7.944000
1525 370 20 7.196000
1526 366 18 6.553000
1527 367 22 7.894000
1528 367 22 7.918000
1529 367 22 7.957000
1530 365 20 7.742000
1531 364 21 8.132000
1532 364 21 8.179000
1533 360 18 6.867000
1534 361 23 8.778000
1535 362 22 8.507000
1536 367 22 8.320000
1537 367 24 9.147000
1538 366 22 8.140000
1539 366 22 8.486000
1540 368 22 8.594000
1541 367 21 8.286000
1542 366 19 7.699000
1543 367 17 6.878000
1544 365 23 8.749000
1545 363 23 8.532000
1546 364 22 8.080000
1547 366 20 7.501000
1548 365 21 8.111000
1549 367 22 8.388000
1550 366 21 7.921000
1551 364 20 7.575000
1552 363 21 7.773000
1553 362 22 8.515000
1554 362 21 8.193000
1555 365 21 8.151000
1556 364 22 8.491000
1557 363 22 8.281000
1558 364 23 8.592000
1559 367 22 8.418000
1560 364 22 8.552000
1561 363 27 10.468000
1562 363 24 9.387000
1563 360 24 9.261000
1564 362 25 9.920000
1565 362 24 9.590000
1566 362 22 8.739000
1567 360 23 9.157000
1568 360 23 9.001000
1569 362 22 8.602000
1570 361 23 9.155000
1571 361 22 8.686000
1572 359 25 9.692000
1573 362 26 9.956000
1574 361 27 10.089000
1575 361 16 6.148000
1576 361 22 8.142000
1577 361 24 8.795000
1578 364 23 8.455000
1579 367 24 8.717000
1580 365 23 8.371000
1581 365 22 8.077000
1582 363 21 7.789000
1583 365 21 7.776000
1584 365 21 7.796000
1585 365 23 8.428000
1586 364 23 8.430000
1587 363 24 8.728000
1588 362 22 8.019000
1589 361 19 6.985000
1590 363 21 7.651000
1591 366 20 7.427000
1592 365 20 7.407000
1593 365 20 7.466000
1594 364 20 7.475000
1595 366 22 8.140000
1596 364 20 7.520000
1597 363 18 6.888000
1598 362 22 8.173000
1599 366 20 7.500000
1600 373 19 7.134000
1601 373 22 8.252000
1602 368 20 7.773000
1603 368 21 8.122000
1604 369 20 7.757000
1605 369 23 8.847000
1606 369 21 8.081000
1607 369 21 8.107000
1608 368 20 7.597000
1609 368 21 8.041000
1610 368 17 6.338000
1611 368 23 8.750000
1612 368 22 8.616000
1613 367 22 8.686000
1614 368 23 9.248000
1615 369 23 9.254000
1616 371 18 7.194000
1617 370 21 8.159000
1618 370 20 7.773000
1619 369 22 8.741000
1620 364 23 9.384000
1621 365 25 10.006000
1622 363 21 8.301000
1623 364 21 8.144000
1624 364 21 8.329000
1625 364 21 8.561000
1626 368 19 7.741000
1627 368 21 8.423000
1628 371 20 7.893000
1629 370 22 8.577000
1630 370 17 6.860000
1631 370 20 8.058000
1632 367 21 8.441000
1633 370 19 7.614000
1634 369 21 8.243000
1635 369 20 7.707000
1636 370 16 6.335000
1637 369 23 9.247000
1638 369 25 10.026000
1639 369 21 8.399000
1640 369 22 8.677000
1641 368 23 8.912000
1642 369 24 9.420000
1643 369 27 10.612000
1644 370 24 9.410000
1645 369 25 9.654000
1646 370 26 9.903000
1647 370 21 7.849000
1648 373 24 8.732000
1649 373 24 8.677000
1650 373 24 8.688000
1651 373 23 8.263000
1652 375 22 7.941000
1653 375 23 8.265000
1654 373 23 8.271000
1655 373 23 8.190000
1656 373 22 7.874000
1657 373 23 8.141000
1658 373 21 7.521000
1659 372 22 7.734000
1660 371 21 7.525000
1661 371 22 7.922000
1662 371 24 8.586000
1663 374 23 8.319000
1664 367 22 8.057000
1665 366 22 8.056000
1666 366 22 8.104000
1667 366 22 8.025000
1668 367 19 7.017000
1669 366 20 7.377000
1670 366 22 7.936000
1671 366 23 8.284000
1672 365 22 8.357000
1673 365 21 7.910000
1674 364 22 8.391000
1675 365 22 8.331000
1676 363 22 8.368000
1677 362 21 8.041000
1678 362 19 7.078000
1679 362 22 8.292000
1680 358 23 8.349000
1681 361 22 8.298000
1682 357 20 7.700000
1683 360 20 7.740000
1684 362 22 8.830000
1685 362 22 8.813000
1686 361 20 8.057000
1687 361 22 8.557000
1688 364 23 8.784000
1689 365 21 8.366000
1690 365 21 8.383000
1691 364 22 8.811000
1692 366 16 6.467000
1693 368 23 8.905000
1694 368 23 8.848000
1695 372 21 8.344000
1696 368 16 6.381000
1697 370 22 8.687000
1698 372 23 8.936000
1699 372 22 8.406000
1700 371 20 7.550000
1701 371 23 8.917000
1702 372 19 7.438000
1703 371 20 7.837000
1704 368 21 8.068000
1705 369 22 8.221000
1706 373 22 8.345000
1707 370 22 8.566000
1708 369 23 8.790000
1709 371 22 8.599000
1710 369 19 7.320000
1711 370 21 8.064000
1712 370 13 5.105000
1713 370 22 8.590000
1714 368 20 7.843000
1715 368 19 7.233000
1716 370 17 6.570000
1717 370 14 5.376000
1718 371 21 7.870000
1719 372 20 7.354000
1720 371 15 5.546000
1721 370 23 8.169000
1722 372 18 6.477000
1723 373 18 6.464000
1724 366 20 7.170000
1725 369 21 7.492000
1726 368 20 7.163000
1727 368 18 6.529000
1728 368 19 6.841000
1729 368 19 6.870000
1730 367 19 6.885000
1731 369 23 8.263000
1732 368 26 9.247000
1733 371 23 8.289000
1734 367 14 5.060000
1735 364 22 7.757000
1736 364 20 7.059000
1737 369 23 8.223000
1738 372 22 7.942000
1739 374 25 8.992000
1740 378 22 7.993000
1741 379 21 7.638000
1742 378 23 8.392000
1743 379 21 7.677000
1744 386 22 7.920000
1745 387 20 7.218000
1746 385 21 7.509000
1747 384 20 7.239000
1748 380 24 8.686000
1749 379 24 8.939000
1750 377 19 7.217000
1751 378 24 9.078000
1752 379 19 7.264000
1753 376 22 8.387000
1754 376 19 7.243000
1755 375 20 7.525000
1756 379 19 7.260000
1757 372 21 7.691000
1758 372 21 7.776000
1759 372 20 7.710000
1760 374 23 8.902000
1761 375 24 9.452000
1762 375 21 8.323000
1763 373 18 7.309000
1764 374 18 7.246000
1765 375 14 5.587000
1766 373 11 4.445000
1767 378 16 6.272000
1768 377 15 6.167000
1769 372 16 6.572000
1770 371 19 7.673000
1771 370 19 7.593000
1772 370 20 7.817000
1773 372 21 7.895000
1774 371 23 8.871000
1775 369 21 8.307000
1776 368 22 8.677000
1777 373 20 7.891000
1778 374 21 8.047000
1779 374 19 7.357000
1780 372 17 6.870000
1781 373 21 8.356000
1782 373 22 8.678000
1783 376 12 4.806000
1784 375 24 9.240000
1785 374 16 6.197000
1786 374 22 8.314000
1787 370 22 8.705000
1788 371 22 8.558000
1789 371 23 8.895000
1790 374 22 8.568000
1791 373 21 8.026000
1792 380 20 7.919000
1793 379 20 8.068000
1794 378 19 7.672000
1795 367 21 8.262000
1796 368 23 8.865000
1797 370 20 7.667000
1798 374 19 7.080000
1799 369 22 8.279000
1800 370 22 8.115000
1801 371 19 7.081000
1802 374 20 7.398000
1803 378 19 6.916000
1804 373 22 8.043000
1805 371 21 7.828000
1806 372 15 5.577000
1807 372 16 5.953000
1808 373 16 6.008000
1809 373 19 6.869000
1810 376 19 6.908000
1811 374 17 6.206000
1812 372 19 6.896000
1813 375 20 7.231000
1814 374 21 7.539000
1815 374 22 7.884000
1816 375 17 6.175000
1817 373 22 8.019000
1818 374 21 7.681000
1819 372 23 8.423000
1820 373 12 4.547000
1821 371 22 8.043000
1822 363 21 7.687000
1823 370 17 6.518000
1824 372 20 7.589000
1825 372 18 6.910000
1826 372 19 7.288000
1827 373 18 6.873000
1828 378 22 8.125000
1829 378 23 8.392000
1830 372 20 7.305000
1831 371 21 7.739000
1832 372 21 7.418000
1833 370 20 7.260000
1834 368 20 7.499000
1835 370 22 8.254000
1836 371 20 7.697000
1837 372 20 7.614000
1838 370 21 8.081000
1839 370 22 8.331000
1840 372 22 8.334000
1841 372 21 7.883000
1842 372 15 5.892000
1843 371 22 8.411000
1844 371 23 8.758000
1845 371 22 8.331000
1846 370 19 7.101000
1847 370 20 7.458000
1848 373 19 7.308000
1849 372 21 8.030000
1850 370 22 8.505000
1851 370 21 7.966000
1852 370 13 4.922000
1853 370 21 7.811000
1854 377 21 7.916000
1855 374 22 8.453000
1856 373 20 7.722000
1857 374 19 7.348000
1858 376 19 7.300000
1859 376 17 6.430000
1860 375 11 4.240000
1861 374 18 6.883000
1862 374 17 6.596000
1863 375 17 6.547000
1864 380 18 6.915000
1865 380 16 6.213000
1866 377 17 6.434000
1867 378 15 5.656000
1868 378 15 5.618000
1869 380 20 7.563000
1870 379 22 8.243000
1871 379 20 7.462000
1872 378 10 3.992000
1873 379 19 7.090000
1874 380 21 7.770000
1875 381 20 7.300000
1876 381 20 7.195000
1877 384 19 6.770000
1878 382 19 6.803000
1879 382 12 4.398000
1880 383 17 6.064000
1881 383 16 5.701000
1882 396 18 6.322000
1883 394 19 6.700000
1884 394 18 6.323000
1885 395 18 6.371000
1886 395 18 6.309000
1887 394 19 6.661000
1888 395 19 6.682000
1889 395 22 7.751000
1890 392 21 7.391000
1891 391 20 7.069000
1892 389 18 6.460000
1893 385 17 6.039000
1894 385 19 6.695000
1895 391 10 3.697000
1896 392 18 6.397000
1897 390 16 5.690000
1898 393 13 4.662000
1899 394 16 5.694000
1900 393 16 5.679000
1901 394 18 6.298000
1902 394 11 4.005000
1903 398 19 6.709000
1904 397 12 4.347000
1905 395 18 6.364000
1906 394 18 6.381000
1907 393 19 6.705000
1908 391 19 6.742000
1909 390 20 7.207000
1910 392 12 4.617000
1911 395 19 6.983000
1912 394 20 7.365000
1913 386 20 7.354000
1914 385 20 7.346000
1915 386 17 6.343000
1916 386 12 4.562000
1917 388 14 5.277000
1918 386 17 6.289000
1919 380 20 7.237000
1920 385 22 7.914000
1921 384 17 6.422000
1922 383 16 6.168000
1923 381 15 5.812000
1924 380 17 6.633000
1925 381 17 6.647000
1926 382 16 6.296000
1927 381 15 5.920000
1928 382 14 5.514000
1929 382 17 6.451000
1930 380 17 6.427000
1931 379 13 5.109000
1932 379 17 6.706000
1933 382 14 5.635000
1934 383 17 6.727000
1935 384 13 5.222000
1936 383 16 6.241000
1937 379 14 5.447000
1938 377 13 5.046000
1939 377 15 5.779000
1940 376 15 5.990000
1941 377 15 5.913000
1942 378 15 5.969000
1943 378 14 5.684000
1944 378 17 6.766000
1945 378 17 6.587000
1946 384 17 6.489000
1947 382 17 6.588000
1948 383 17 6.678000
1949 383 19 7.420000
1950 383 19 7.357000
1951 382 19 7.334000
1952 381 19 7.148000
1953 381 18 6.753000
1954 382 17 6.565000
1955 382 18 6.963000
1956 383 10 4.056000
1957 386 18 7.026000
1958 388 18 7.011000
1959 388 19 7.299000
1960 387 18 6.890000
1961 388 19 7.212000
1962 388 20 7.787000
1963 387 19 7.508000
1964 388 20 7.672000
1965 386 20 7.801000
1966 386 18 6.841000
1967 383 17 6.489000
1968 383 19 6.996000
1969 383 20 7.285000
1970 381 19 7.017000
1971 378 18 6.562000
1972 378 18 6.594000
1973 377 18 6.550000
1974 378 18 6.462000
1975 380 19 6.822000
1976 380 20 7.139000
1977 381 17 6.135000
1978 382 19 6.796000
1979 380 15 5.475000
1980 379 16 5.854000
1981 380 17 6.162000
1982 382 16 5.783000
1983 379 16 5.793000
1984 378 11 4.113000
1985 381 14 5.099000
1986 381 17 6.197000
1987 381 19 6.830000
1988 384 18 6.459000
1989 382 19 6.730000
1990 383 17 6.028000
1991 383 15 5.368000
1992 383 17 6.019000
1993 383 20 7.098000
1994 383 19 6.722000
1995 379 19 6.774000
1996 377 14 5.140000
1997 373 13 4.828000
1998 375 20 7.289000
1999 376 16 5.878000
2000 375 15 5.506000
2001 380 18 6.683000
2002 381 19 6.934000
2003 381 17 6.337000
2004 380 17 6.284000
2005 381 17 6.107000
2006 382 15 5.553000
2007 383 16 5.622000
2008 381 14 4.974000
2009 380 11 4.121000
2010 379 11 4.188000
2011 381 15 5.623000
2012 381 15 5.665000
2013 377 14 5.467000
2014 379 16 6.304000
2015 379 21 8.150000
2016 380 18 7.031000
2017 379 12 4.790000
2018 380 19 7.090000
2019 383 20 7.388000
2020 382 19 7.229000
2021 380 19 7.421000
2022 381 13 5.174000
2023 380 19 7.420000
2024 384 19 7.281000
2025 382 19 7.123000
2026 380 20 7.451000
2027 379 20 7.727000
2028 379 21 8.159000
2029 379 21 8.176000
2030 378 19 7.400000
2031 376 21 7.990000
2032 376 22 8.362000
2033 375 21 8.192000
2034 375 21 8.234000
2035 376 23 9.041000
2036 373 21 8.079000
2037 374 23 8.762000
2038 373 21 7.985000
2039 374 24 9.418000
2040 375 25 9.751000
2041 372 24 9.466000
2042 374 25 9.548000
2043 374 23 8.683000
2044 373 22 8.674000
2045 373 21 8.256000
2046 376 21 8.080000
2047 373 21 8.187000
2048 374 17 6.492000
2049 374 17 6.468000
2050 371 13 4.966000
2051 377 20 7.439000
2052 377 20 7.344000
2053 371 15 5.530000
2054 372 18 6.569000
2055 370 19 6.917000
2056 372 19 6.952000
2057 372 16 5.856000
2058 371 17 6.205000
2059 374 18 6.537000
2060 375 20 7.243000
2061 385 19 6.844000
2062 381 20 7.230000
2063 379 19 6.845000
2064 380 17 6.185000
2065 380 10 3.790000
2066 382 18 6.426000
2067 383 19 6.766000
2068 385 12 4.403000
2069 386 18 6.383000
2070 387 19 6.739000
2071 387 18 6.422000
2072 381 20 7.278000
2073 382 20 7.293000
2074 382 18 6.578000
2075 381 18 6.587000
2076 382 17 6.184000
2077 379 18 6.530000
2078 381 21 7.494000
2079 381 21 7.543000
2080 379 19 7.038000
2081 379 18 6.631000
2082 380 17 6.264000
2083 379 17 6.388000
2084 375 21 7.858000
2085 375 22 8.245000
2086 375 19 7.133000
2087 375 19 7.156000
2088 376 19 7.190000
2089 375 18 6.885000
2090 375 19 7.136000
2091 377 18 6.783000
2092 376 17 6.273000
2093 378 18 6.506000
2094 377 18 6.777000
2095 376 17 6.461000
2096 375 19 7.288000
2097 376 18 7.086000
2098 379 21 8.368000
2099 378 17 6.864000
2100 378 18 7.258000
2101 377 13 5.244000
2102 378 22 8.518000
2103 378 21 8.248000
2104 379 19 7.717000
2105 378 20 7.987000
2106 373 19 7.626000
2107 374 14 5.614000
2108 374 17 6.564000
2109 374 18 6.927000
2110 373 10 4.046000
2111 373 17 6.930000
2112 373 17 6.842000
2113 374 18 7.165000
2114 371 19 7.661000
2115 371 12 4.827000
2116 372 20 7.691000
2117 370 18 6.896000
2118 381 22 8.733000
2119 383 19 7.475000
2120 383 19 7.463000
2121 387 22 8.413000
2122 385 19 7.203000
2123 387 20 7.540000
2124 388 20 7.741000
2125 389 20 7.814000
2126 390 19 7.286000
2127 390 18 6.859000
2128 391 18 6.831000
2129 391 16 6.166000
2130 391 18 6.753000
2131 391 18 6.865000
2132 390 16 6.289000
2133 390 17 6.603000
2134 375 20 7.639000
2135 380 20 7.602000
2136 380 20 7.621000
2137 380 17 6.370000
2138 381 20 7.392000
2139 381 20 7.214000
2140 381 17 6.186000
2141 382 17 6.173000
2142 382 19 6.810000
2143 381 19 6.835000
2144 381 18 6.522000
2145 382 17 6.139000
2146 381 20 7.135000
2147 380 20 7.181000
2148 380 20 7.141000
2149 380 22 7.929000
2150 378 22 7.934000
2151 381 19 6.920000
2152 382 18 6.532000
2153 379 19 7.003000
2154 379 20 7.299000
2155 381 16 5.940000
2156 380 17 6.283000
2157 375 19 7.058000
2158 372 21 7.675000
2159 372 20 7.335000
2160 374 17 6.214000
2161 372 20 7.275000
2162 374 18 6.629000
2163 374 20 7.320000
2164 373 20 7.478000
2165 372 20 7.595000
2166 376 22 8.397000
2167 378 21 8.207000
2168 378 20 7.739000
2169 378 21 8.101000
2170 376 20 7.605000
2171 376 18 6.858000
2172 374 20 7.476000
2173 374 20 7.483000
2174 373 21 8.119000
2175 371 24 9.464000
2176 371 21 8.375000
2177 371 21 8.413000
2178 372 20 8.152000
2179 374 22 8.751000
2180 374 22 8.476000
2181 372 23 9.035000
2182 375 22 8.876000
2183 377 20 8.066000
2184 379 23 9.195000
2185 377 22 8.598000
2186 375 19 7.409000
2187 378 22 8.788000
2188 379 23 9.299000
2189 376 23 9.161000
2190 374 19 7.667000
2191 374 21 8.244000
2192 375 19 7.465000
2193 374 22 8.956000
2194 374 23 9.290000
2195 375 12 5.046000
2196 382 20 7.844000
2197 379 20 7.781000
2198 378 20 7.675000
2199 375 18 7.149000
2200 374 17 6.791000
2201 375 15 6.046000
2202 376 11 4.520000
2203 376 15 5.977000
2204 375 15 5.976000
2205 376 16 6.196000
2206 376 13 5.171000
2207 375 21 8.093000
2208 378 22 8.722000
2209 376 18 7.108000
2210 380 18 6.997000
2211 381 17 6.608000
2212 380 21 7.978000
2213 380 21 7.814000
2214 376 19 6.957000
2215 379 21 7.522000
2216 379 19 6.821000
2217 378 19 6.828000
2218 378 19 6.879000
2219 378 18 6.574000
2220 380 13 4.863000
2221 380 18 6.536000
2222 379 18 6.603000
2223 380 18 6.542000
2224 387 19 6.773000
2225 388 19 6.836000
2226 388 19 6.724000
2227 388 19 6.666000
2228 388 12 4.341000
2229 388 20 6.995000
2230 387 20 6.985000
2231 386 17 5.969000
2232 382 18 6.295000
2233 382 18 6.336000
2234 383 19 6.635000
2235 383 18 6.322000
2236 381 17 6.012000
2237 381 20 6.984000
2238 382 18 6.306000
2239 382 19 6.611000
2240 384 14 4.945000
2241 383 19 6.657000
2242 382 16 5.675000
2243 384 20 6.912000
2244 383 18 6.296000
2245 381 17 6.017000
2246 385 19 6.633000
2247 381 20 7.447000
2248 383 19 7.144000
2249 383 17 6.425000
2250 381 18 6.811000
2251 381 17 6.494000
2252 380 21 7.928000
2253 379 18 6.768000
2254 379 18 6.711000
2255 379 21 7.917000
2256 379 18 6.575000
2257 378 20 7.309000
2258 378 19 7.259000
2259 382 10 4.010000
2260 382 20 7.546000
2261 381 21 8.058000
2262 381 23 8.788000
2263 380 20 7.700000
2264 380 20 7.595000
2265 380 19 7.062000
2266 380 12 4.547000
2267 382 21 7.885000
2268 383 18 6.835000
2269 383 19 7.151000
2270 383 19 7.167000
2271 384 20 7.441000
2272 384 19 7.055000
2273 384 20 7.379000
2274 385 20 7.672000
2275 385 19 7.271000
2276 383 10 3.976000
2277 388 20 7.597000
2278 385 21 7.781000
2279 387 16 5.861000
2280 387 18 6.638000
2281 389 19 7.228000
2282 388 18 6.729000
2283 388 21 7.812000
2284 390 21 7.763000
2285 388 20 7.315000
2286 387 19 6.976000
2287 388 19 6.913000
2288 389 18 6.841000
2289 389 19 7.244000
2290 389 19 7.144000
2291 387 18 6.775000
2292 388 19 7.082000
2293 385 19 7.072000
2294 385 11 4.207000
2295 385 19 7.181000
2296 386 18 6.886000
2297 387 19 7.268000
2298 386 18 6.810000
2299 386 18 6.739000
2300 386 19 6.993000
2301 387 17 6.229000
2302 387 21 7.508000
2303 389 19 6.715000
2304 388 20 6.971000
2305 388 20 7.025000
2306 389 17 5.964000
2307 390 19 6.689000
2308 389 18 6.386000
2309 389 18 6.361000
2310 389 17 6.012000
2311 390 20 6.996000
2312 390 21 7.285000
2313 389 11 3.991000
2314 391 17 5.989000
2315 394 16 5.573000
2316 394 10 3.625000
2317 395 15 5.226000
2318 390 16 5.593000
2319 389 17 5.945000
2320 390 16 5.582000
2321 391 14 4.935000
2322 390 9 3.321000
2323 389 12 4.348000
2324 388 17 5.977000
2325 391 18 6.263000
2326 389 15 5.377000
2327 387 11 3.976000
2328 385 18 6.289000
2329 386 19 6.620000
2330 385 17 6.024000
2331 386 17 5.997000
2332 385 19 6.653000
2333 385 17 6.003000
2334 386 16 5.674000
2335 387 19 6.688000
2336 387 21 7.335000
2337 387 18 6.324000
2338 389 18 6.359000
2339 388 19 6.982000
2340 379 23 8.321000
2341 379 24 8.680000
2342 379 21 7.635000
2343 381 19 6.983000
2344 382 19 6.910000
2345 380 18 6.541000
2346 376 18 6.579000
2347 376 18 6.423000
2348 376 13 4.677000
2349 373 19 6.770000
2350 374 20 7.310000
2351 375 20 7.421000
2352 376 13 4.992000
2353 381 20 7.535000
2354 383 17 6.480000
2355 382 12 4.681000
2356 382 20 7.558000
2357 380 21 7.831000
2358 382 20 7.272000
2359 383 16 6.004000
2360 381 15 5.763000
2361 380 18 6.899000
2362 379 16 6.182000
2363 382 18 6.771000
2364 382 17 6.313000
2365 383 19 6.944000
2366 381 13 4.853000
2367 382 18 6.792000
2368 379 20 7.688000
2369 378 16 6.207000
2370 377 21 8.062000
2371 379 22 8.230000
2372 377 21 7.738000
2373 380 21 7.737000
2374 381 18 6.886000
2375 378 20 7.827000
2376 379 19 7.490000
2377 379 18 7.025000
2378 380 16 6.140000
2379 381 17 6.511000
2380 381 18 6.991000
2381 379 17 6.777000
2382 377 18 7.118000
2383 375 18 7.078000
2384 379 17 6.684000
2385 374 15 5.839000
2386 375 17 6.560000
2387 375 12 4.709000
2388 372 16 6.270000
2389 372 14 5.652000
2390 371 16 6.321000
2391 373 18 6.966000
2392 377 21 8.103000
2393 375 21 7.932000
2394 378 20 7.376000
2395 376 20 7.279000
2396 374 21 7.479000
2397 375 20 7.092000
2398 378 20 7.038000
2399 377 19 6.706000
2400 379 19 6.713000
2401 379 21 7.424000
2402 381 23 8.037000
2403 379 21 7.431000
2404 380 23 8.046000
2405 380 25 8.687000
2406 379 20 6.975000
2407 382 21 7.291000
2408 383 21 7.211000
2409 381 20 6.965000
2410 383 23 7.901000
2411 384 23 7.924000
2412 383 22 7.645000
2413 383 20 6.994000
2414 384 21 7.358000
2415 382 22 7.671000
2416 385 19 6.697000
2417 384 17 6.030000
2418 384 21 7.304000
2419 384 18 6.333000
2420 382 19 6.737000
2421 381 18 6.480000
2422 380 17 6.260000
2423 378 16 5.922000
2424 380 15 5.644000
2425 380 19 7.027000
2426 380 19 6.977000
2427 379 20 7.290000
2428 378 16 6.036000
2429 379 17 6.156000
2430 379 17 6.278000
2431 378 17 6.116000
2432 377 12 4.460000
2433 377 19 7.107000
2434 378 18 6.892000
2435 379 16 6.188000
2436 379 13 5.164000
2437 376 15 5.973000
2438 376 14 5.600000
2439 375 14 5.615000
2440 375 16 6.312000
2441 375 20 7.647000
2442 375 20 7.430000
2443 374 14 5.398000
2444 375 17 6.648000
2445 377 17 6.713000
2446 375 18 7.099000
2447 375 18 7.047000
2448 374 20 7.677000
2449 374 14 5.397000
2450 375 20 7.566000
2451 376 20 7.860000
2452 373 21 8.170000
2453 375 21 8.294000
2454 376 20 7.736000
2455 376 21 7.969000
2456 378 22 8.245000
2457 379 21 8.236000
2458 379 20 7.832000
2459 378 18 7.135000
2460 380 22 8.429000
2461 380 20 7.611000
2462 380 19 7.227000
2463 380 19 7.387000
2464 380 18 7.100000
2465 380 18 7.068000
2466 379 19 7.337000
2467 379 19 7.258000
2468 379 20 7.526000
2469 379 21 7.918000
2470 379 19 7.388000
2471 381 18 7.005000
2472 377 21 8.023000
2473 378 22 8.377000
2474 377 19 7.180000
2475 376 18 6.707000
2476 378 18 6.630000
2477 377 18 6.552000
2478 376 14 5.106000
2479 377 15 5.413000
2480 378 17 6.087000
2481 378 13 4.771000
2482 378 17 6.114000
2483 379 18 6.543000
2484 378 18 6.522000
2485 379 17 6.170000
2486 378 18 6.500000
2487 379 19 6.830000
2488 381 15 5.442000
2489 381 18 6.482000
2490 381 20 7.176000
2491 381 21 7.491000
2492 381 21 7.495000
2493 380 17 6.101000
2494 379 18 6.460000
2495 378 17 6.139000
2496 380 18 6.386000
2497 381 19 6.723000
2498 382 22 7.686000
2499 381 23 8.008000
2500 381 21 7.377000
2501 380 18 6.382000
2502 379 21 7.379000
2503 378 22 7.661000
2504 380 18 6.367000
2505 378 18 6.309000
2506 378 19 6.851000
2507 376 20 7.317000
2508 377 18 6.609000
2509 379 20 7.334000
2510 380 19 6.927000
2511 380 19 6.928000
2512 377 20 7.417000
2513 380 19 6.888000
2514 380 20 7.326000
2515 379 13 4.765000
2516 377 13 4.716000
2517 377 19 6.927000
2518 378 20 7.390000
2519 375 20 7.596000
2520 372 19 7.332000
2521 373 20 7.894000
2522 377 21 7.984000
2523 377 14 5.462000
2524 379 20 7.415000
2525 380 21 7.661000
2526 382 21 7.884000
2527 382 21 8.017000
2528 382 19 7.308000
2529 383 18 6.925000
2530 382 19 7.190000
2531 382 20 7.452000
2532 383 18 6.770000
2533 381 17 6.598000
2534 381 16 6.300000
2535 385 17 6.582000
2536 383 18 6.866000
2537 383 16 6.139000
2538 381 18 6.678000
2539 380 15 5.697000
2540 381 17 6.512000
2541 386 20 7.657000
2542 384 21 8.049000
2543 385 14 5.433000
2544 387 18 6.873000
2545 387 18 6.766000
2546 386 18 6.725000
2547 386 18 6.813000
2548 387 19 7.261000
2549 386 17 6.618000
2550 388 18 6.903000
2551 386 18 6.897000
2552 385 17 6.475000
2553 386 19 7.171000
2554 386 19 7.076000
2555 387 20 7.624000
2556 385 19 7.315000
2557 383 20 7.630000
2558 382 20 7.783000
2559 382 20 7.589000
2560 386 21 7.844000
2561 386 21 7.716000
2562 385 19 6.920000
2563 385 19 6.947000
2564 384 19 6.869000
2565 387 19 6.925000
2566 382 20 7.230000
2567 382 18 6.595000
2568 380 13 4.880000
2569 378 19 6.978000
2570 381 20 7.389000
2571 389 17 6.159000
2572 388 18 6.480000
2573 386 18 6.509000
2574 386 13 4.764000
2575 384 21 7.500000
2576 379 22 7.903000
2577 379 12 4.476000
2578 381 20 7.201000
2579 383 20 7.153000
2580 383 19 6.778000
2581 377 22 7.903000
2582 375 21 7.509000
2583 375 18 6.512000
2584 375 22 7.860000
2585 377 22 7.870000
2586 377 19 7.158000
2587 382 19 7.065000
2588 381 22 8.203000
2589 380 21 7.870000
2590 381 21 7.821000
2591 380 21 7.844000
2592 381 17 6.338000
2593 383 19 7.000000
2594 384 20 7.228000
2595 383 20 7.141000
2596 382 20 7.373000
2597 382 20 7.771000
2598 385 20 7.821000
2599 384 21 8.284000
2600 384 21 8.216000
2601 382 19 7.583000
2602 381 18 6.926000
2603 383 19 7.225000
2604 383 18 6.884000
2605 384 16 6.323000
2606 383 19 7.442000
2607 385 19 7.484000
2608 385 19 7.399000
2609 382 21 8.206000
2610 380 22 8.394000
2611 382 21 8.195000
2612 396 22 8.468000
2613 393 21 8.274000
2614 393 19 7.422000
2615 394 21 7.990000
2616 394 22 8.284000
2617 396 20 7.822000
2618 393 19 7.526000
2619 393 20 7.853000
2620 394 17 6.689000
2621 394 17 6.756000
2622 392 16 6.252000
2623 394 18 6.933000
2624 394 17 6.704000
2625 393 17 6.719000
2626 397 17 6.719000
2627 397 17 6.717000
2628 398 17 6.666000
2629 394 18 6.830000
2630 394 15 5.665000
2631 397 18 7.026000
2632 397 18 7.175000
2633 395 17 6.773000
2634 394 17 6.707000
2635 375 20 7.881000
2636 375 20 7.768000
2637 387 18 6.736000
2638 388 11 4.237000
2639 387 18 6.666000
2640 393 19 7.104000
2641 392 19 7.091000
2642 395 19 7.056000
2643 394 19 7.034000
2644 393 19 7.020000
2645 394 20 7.324000
2646 394 19 6.935000
2647 394 15 5.558000
2648 394 21 7.669000
2649 389 21 7.577000
2650 394 21 7.650000
2651 391 18 6.732000
2652 388 19 6.898000
2653 387 19 6.950000
2654 389 21 7.614000
2655 387 18 6.625000
2656 387 18 6.665000
2657 384 22 8.015000
2658 384 23 8.365000
2659 389 23 8.333000
2660 388 24 8.626000
2661 396 20 7.294000
2662 394 20 7.279000
2663 383 21 7.591000
2664 385 17 6.207000
2665 385 19 6.864000
2666 384 22 7.829000
2667 383 24 8.518000
2668 382 22 8.119000
2669 384 18 6.676000
2670 381 23 8.647000
2671 383 21 7.870000
2672 384 22 8.206000
2673 386 23 8.636000
2674 385 18 6.667000
2675 387 20 7.419000
2676 388 14 5.120000
2677 389 19 6.802000
2678 384 21 7.707000
2679 385 22 8.258000
2680 386 21 8.032000
2681 380 19 7.322000
2682 380 17 6.561000
2683 380 16 6.204000
2684 379 15 5.826000
2685 377 16 6.008000
2686 377 18 6.616000
2687 377 16 5.983000
2688 376 18 6.845000
2689 372 19 7.155000
2690 374 18 6.788000
2691 377 18 6.876000
2692 377 17 6.379000
2693 379 19 7.074000
2694 381 14 5.246000
2695 381 19 7.154000
2696 380 18 6.868000
2697 372 20 7.540000
2698 371 20 7.634000
2699 370 18 6.737000
2700 372 20 7.441000
2701 373 18 6.700000
2702 372 19 7.379000
2703 376 21 7.943000
2704 379 21 8.108000
2705 380 18 6.878000
2706 372 18 6.823000
2707 373 19 7.104000
2708 373 19 7.227000
2709 374 18 7.026000
2710 375 21 8.148000
2711 374 20 7.593000
2712 376 19 7.138000
2713 376 19 7.156000
2714 377 19 7.032000
2715 369 19 7.390000
2716 370 20 7.653000
2717 369 18 6.880000
2718 371 11 4.377000
2719 368 19 7.124000
2720 368 19 7.006000
2721 370 20 7.239000
2722 369 16 5.831000
2723 375 20 7.146000
2724 376 22 7.845000
2725 383 20 7.114000
2726 384 13 4.749000
2727 377 20 7.197000
2728 377 20 7.181000
2729 382 18 6.434000
2730 379 20 7.211000
2731 377 21 7.546000
2732 385 21 7.441000
2733 376 17 6.147000
2734 377 21 7.497000
2735 377 20 7.132000
2736 378 21 7.470000
2737 378 20 7.134000
2738 389 20 7.031000
2739 391 21 7.534000
2740 389 17 6.073000
2741 386 19 6.716000
2742 384 15 5.388000
2743 383 13 4.736000
2744 380 16 5.758000
2745 379 17 6.115000
2746 381 17 6.106000
2747 380 17 6.102000
2748 380 15 5.428000
2749 379 17 6.227000
2750 379 11 4.298000
2751 385 22 8.352000
2752 379 20 7.596000
2753 381 18 6.907000
2754 385 21 7.971000
2755 383 21 7.966000
2756 382 20 7.573000
2757 381 20 7.603000
2758 386 21 7.436000
2759 385 23 8.274000
2760 385 19 7.109000
2761 380 19 7.169000
2762 378 19 7.289000
2763 378 14 5.581000
2764 378 14 5.525000
2765 381 13 5.259000
2766 386 20 7.915000
2767 384 23 8.885000
2768 381 22 8.324000
2769 380 19 7.470000
2770 379 20 7.987000
2771 382 18 7.128000
2772 381 20 7.813000
2773 383 20 7.724000
2774 385 20 7.514000
2775 387 19 7.346000
2776 381 19 7.530000
2777 383 18 7.088000
2778 382 20 7.921000
2779 382 19 7.419000
2780 382 19 7.270000
2781 380 20 7.660000
2782 379 19 7.601000
2783 379 18 7.161000
2784 383 18 7.189000
2785 381 18 7.091000
2786 382 17 6.568000
2787 384 19 7.288000
2788 382 18 6.962000
2789 380 16 6.456000
2790 382 15 6.026000
2791 383 15 6.066000
2792 383 14 5.716000
2793 383 17 6.798000
2794 386 17 6.610000
2795 384 17 6.524000
2796 383 16 6.333000
2797 383 14 5.603000
2798 387 17 6.737000
2799 387 18 7.084000
2800 377 22 8.550000
2801 377 22 8.340000
2802 377 22 8.199000
2803 376 19 7.117000
2804 376 18 6.642000
2805 376 18 6.582000
2806 377 20 7.364000
2807 377 21 7.711000
2808 377 21 7.680000
2809 379 21 7.715000
2810 379 21 7.680000
2811 380 18 6.618000
2812 379 22 7.984000
2813 381 22 7.984000
2814 381 19 6.908000
2815 382 21 7.548000
2816 379 22 7.915000
2817 378 19 6.908000
2818 377 18 6.663000
2819 377 18 6.658000
2820 382 22 7.836000
2821 382 23 8.180000
2822 380 18 6.517000
2823 385 18 6.508000
2824 383 21 7.549000
2825 383 17 6.240000
2826 385 18 6.571000
2827 381 15 5.520000
2828 381 16 5.876000
2829 377 16 5.809000
2830 374 17 6.172000
2831 377 17 6.168000
2832 378 17 6.159000
2833 376 17 6.268000
2834 376 15 5.722000
2835 381 14 5.275000
2836 381 19 6.973000
2837 385 16 5.939000
2838 385 18 6.657000
2839 386 18 6.634000
2840 384 18 6.738000
2841 387 19 6.981000
2842 385 18 6.637000
2843 382 18 6.458000
2844 387 18 6.448000
2845 385 24 8.751000
2846 384 22 8.317000
2847 386 22 8.394000
2848 387 22 8.557000
2849 390 21 8.131000
2850 387 22 8.561000
2851 387 21 7.959000
2852 386 20 7.485000
2853 385 20 7.698000
2854 385 21 8.184000
2855 385 21 8.127000
2856 386 20 7.696000
2857 385 20 7.517000
2858 386 20 7.461000
2859 382 21 7.987000
2860 382 22 8.421000
2861 381 23 8.865000
2862 382 19 7.299000
2863 384 20 7.753000
2864 385 21 8.401000
2865 386 21 8.393000
2866 386 20 7.978000
2867 384 20 8.236000
2868 383 20 8.113000
2869 382 17 6.758000
2870 383 19 7.457000
2871 382 19 7.639000
2872 382 19 7.680000
2873 383 20 8.003000
2874 382 22 8.793000
2875 384 19 7.556000
2876 376 23 9.126000
2877 376 14 5.802000
2878 381 23 9.417000
2879 383 22 9.007000
2880 383 21 8.597000
2881 385 21 8.554000
2882 384 15 6.108000
2883 386 20 7.829000
2884 385 22 8.589000
2885 386 21 8.041000
2886 386 20 7.671000
2887 387 19 7.359000
2888 387 22 8.169000
2889 387 25 9.264000
2890 389 22 8.007000
2891 389 21 7.691000
2892 388 22 8.061000
2893 389 23 8.374000
2894 390 21 7.690000
2895 390 22 8.059000
2896 391 22 8.061000
2897 393 22 8.229000
2898 394 22 8.173000
2899 394 22 8.207000
2900 388 21 7.708000
2901 390 19 7.083000
2902 394 19 7.024000
2903 395 20 7.416000
2904 393 21 7.717000
2905 394 12 4.599000
2906 393 22 8.159000
2907 396 21 7.959000
2908 396 17 6.482000
2909 395 20 7.538000
2910 389 22 8.256000
2911 389 19 7.229000
2912 390 18 6.814000
2913 372 21 8.397000
2914 371 22 8.715000
2915 372 22 8.567000
2916 370 21 8.303000
2917 370 19 7.835000
2918 371 18 7.381000
2919 381 21 8.524000
2920 381 22 8.933000
2921 387 20 8.224000
2922 382 23 9.320000
2923 387 23 8.927000
2924 383 22 8.669000
2925 384 21 8.333000
2926 382 24 9.604000
2927 380 25 9.895000
2928 379 24 9.306000
2929 381 22 8.545000
2930 382 22 8.680000
2931 382 22 8.618000
2932 385 23 9.253000
2933 384 25 10.064000
2934 385 21 8.411000
2935 383 22 8.685000
2936 382 22 8.777000
2937 383 22 8.807000
2938 387 22 8.851000
2939 387 21 8.327000
2940 387 19 7.502000
2941 388 20 8.068000
2942 389 20 8.105000
2943 382 20 8.143000
2944 382 23 9.344000
2945 382 21 8.296000
2946 383 18 7.156000
2947 383 19 7.744000
2948 384 20 8.161000
2949 386 22 9.008000
2950 385 20 8.128000
2951 385 20 8.002000
2952 385 22 8.590000
2953 384 21 8.167000
2954 383 19 7.312000
2955 384 18 6.933000
2956 387 18 6.873000
2957 381 19 7.307000
2958 380 14 5.416000
2959 380 16 6.124000
2960 382 15 5.796000
2961 387 18 6.912000
2962 385 13 5.062000
2963 387 20 7.697000
2964 383 23 8.825000
2965 384 20 7.749000
2966 385 19 7.400000
2967 385 21 8.192000
2968 385 21 8.119000
2969 385 22 8.495000
2970 384 20 7.765000
2971 385 19 7.432000
2972 384 17 6.687000
2973 381 21 8.197000
2974 384 21 8.171000
2975 384 13 5.183000
2976 385 23 8.738000
2977 386 22 8.235000
2978 386 21 7.923000
2979 387 22 8.260000
2980 386 21 7.943000
2981 386 23 8.791000
2982 358 24 8.962000
2983 359 17 6.448000
2984 358 18 6.718000
2985 360 16 6.081000
2986 360 18 6.815000
2987 361 18 6.795000
2988 362 13 4.898000
2989 362 18 6.717000
2990 364 19 6.894000
2991 364 12 4.453000
2992 364 17 6.265000
2993 364 15 5.728000
2994 362 15 5.815000
2995 362 10 4.027000
2996 362 19 7.427000
2997 364 15 6.018000
2998 363 19 7.559000
2999 363 18 7.159000
3000 366 15 5.905000
3001 367 17 6.555000
3002 366 17 6.495000
3003 365 16 6.380000
3004 364 18 7.234000
3005 364 17 6.804000
3006 364 18 7.201000
3007 369 20 7.707000
3008 373 21 8.080000
3009 374 23 8.760000
3010 374 23 9.106000
3011 369 23 9.050000
3012 373 23 8.982000
3013 369 24 9.040000
3014 370 20 7.545000
3015 370 20 7.829000
3016 369 16 6.300000
3017 371 18 7.115000
3018 369 20 7.742000
3019 368 22 8.565000
3020 368 24 9.208000
3021 367 19 7.533000
3022 366 20 8.013000
3023 367 15 6.096000
3024 367 18 7.026000
3025 367 20 7.888000
3026 368 19 7.283000
3027 369 19 7.236000
3028 369 20 7.875000
3029 370 20 7.848000
3030 371 21 8.230000
3031 371 13 5.292000
3032 372 16 6.352000
3033 371 19 7.277000
3034 379 16 6.204000
3035 378 18 6.746000
3036 379 16 6.079000
3037 379 18 6.653000
3038 378 18 6.657000
3039 377 19 7.047000
3040 377 16 5.995000
3041 377 18 6.657000
3042 376 21 7.698000
3043 375 18 6.618000
3044 375 19 7.028000
3045 376 19 7.022000
3046 376 18 6.636000
3047 377 10 3.842000
3048 379 21 7.730000
3049 376 10 3.880000
3050 376 20 7.410000
3051 373 13 4.897000
3052 373 21 7.660000
3053 373 21 7.675000
3054 375 18 6.613000
3055 377 12 4.522000
3056 374 20 7.306000
3057 374 20 7.346000
3058 375 18 6.651000
3059 370 25 9.466000
3060 369 23 8.705000
3061 369 24 9.072000
3062 370 23 8.647000
3063 371 23 8.697000
3064 372 23 8.672000
3065 370 23 8.622000
3066 371 22 8.476000
3067 365 23 8.687000
3068 373 23 8.605000
3069 373 23 8.646000
3070 374 21 7.908000
3071 375 21 7.876000
3072 375 20 7.556000
3073 376 20 7.426000
3074 375 19 7.098000
3075 375 19 7.210000
3076 378 20 7.668000
3077 377 20 7.773000
3078 377 20 7.886000
3079 375 20 7.923000
3080 373 18 7.047000
3081 375 17 6.563000
3082 375 13 4.968000
3083 373 20 7.454000
3084 380 20 7.467000
3085 379 19 7.325000
3086 378 12 4.763000
3087 378 16 6.145000
3088 387 15 5.596000
3089 382 22 8.174000
3090 383 22 8.131000
3091 384 21 7.810000
3092 383 22 8.480000
3093 380 20 7.732000
3094 380 21 7.927000
3095 384 19 6.991000
3096 373 17 6.634000
3097 382 18 6.569000
3098 380 16 5.902000
3099 379 17 6.431000
3100 381 19 7.548000
3101 386 19 7.347000
3102 386 22 8.463000
3103 385 21 7.906000
3104 385 19 7.182000
3105 380 20 7.554000
3106 381 20 7.682000
3107 381 20 7.605000
3108 383 19 7.057000
3109 377 21 7.925000
3110 379 22 8.203000
3111 383 19 7.054000
3112 382 20 7.634000
3113 383 17 6.557000
3114 383 18 6.815000
3115 383 19 7.355000
3116 383 21 7.741000
3117 382 20 7.360000
3118 382 18 6.470000
3119 381 20 7.143000
3120 381 19 6.728000
3121 384 17 6.004000
3122 385 16 5.635000
3123 385 16 5.622000
3124 385 15 5.321000
3125 384 15 5.291000
3126 384 17 6.003000
3127 385 15 5.343000
3128 385 19 6.679000
3129 384 17 5.997000
3130 390 19 6.689000
3131 373 18 6.667000
3132 373 16 6.007000
3133 374 19 6.883000
3134 372 18 6.516000
3135 373 19 6.823000
3136 374 10 3.818000
3137 375 16 5.815000
3138 372 16 5.934000
3139 374 18 6.507000
3140 372 14 5.162000
3141 384 19 6.649000
3142 384 20 7.056000
3143 382 22 7.769000
3144 382 22 7.719000
3145 384 21 7.392000
3146 387 20 7.139000
3147 384 18 6.480000
3148 382 18 6.539000
3149 384 18 6.758000
3150 386 14 5.343000
3151 387 16 5.977000
3152 387 11 4.300000
3153 385 14 5.307000
3154 387 15 5.694000
3155 388 17 6.439000
3156 384 20 7.233000
3157 384 23 8.082000
3158 386 19 6.707000
3159 385 20 6.897000
3160 385 19 6.667000
3161 385 19 6.736000
3162 385 19 6.880000
3163 384 19 6.958000
3164 381 19 7.042000
3165 381 20 7.525000
3166 379 20 7.537000
3167 377 13 4.957000
3168 379 18 6.599000
3169 379 21 7.559000
3170 379 20 7.497000
3171 375 19 7.266000
3172 376 19 7.266000
3173 375 19 7.215000
3174 377 14 5.360000
3175 379 21 7.553000
3176 379 22 7.899000
3177 378 18 6.721000
3178 376 17 6.503000
3179 379 19 7.316000
3180 380 11 4.366000
3181 381 16 6.091000
3182 380 9 3.650000
3183 378 16 6.051000
3184 381 16 6.044000
3185 380 17 6.395000
3186 379 17 6.615000
3187 378 17 6.531000
3188 378 18 7.006000
3189 378 18 6.788000
3190 377 17 6.462000
3191 376 18 6.697000
3192 375 18 6.686000
3193 378 18 6.825000
3194 378 18 6.883000
3195 378 18 6.887000
3196 377 11 4.263000
3197 379 18 6.858000
3198 377 11 4.220000
3199 376 17 6.394000
3200 373 18 6.809000
3201 374 16 6.258000
3202 374 17 6.692000
3203 374 17 6.614000
3204 372 17 6.594000
3205 372 17 6.617000
3206 371 16 6.088000
3207 373 15 5.822000
3208 374 16 6.130000
3209 370 15 5.657000
3210 376 20 7.224000
3211 376 11 4.040000
3212 375 20 7.223000
3213 375 10 3.766000
3214 378 18 6.411000
3215 373 18 6.503000
3216 375 19 6.727000
3217 377 18 6.464000
3218 378 18 6.497000
3219 378 19 6.709000
3220 377 19 6.789000
3221 375 20 7.219000
3222 378 22 7.949000
3223 376 21 7.425000
3224 377 18 6.530000
3225 376 14 5.107000
3226 374 18 6.491000
3227 375 20 7.192000
3228 376 18 6.500000
3229 376 17 6.128000
3230 375 18 6.416000
3231 376 21 7.619000
3232 377 20 7.288000
3233 380 19 6.932000
3234 378 20 7.396000
3235 377 18 6.665000
3236 382 17 6.135000
3237 384 22 7.784000
3238 384 20 7.394000
3239 383 16 5.863000
3240 383 19 7.013000
3241 383 20 7.371000
3242 384 20 7.453000
3243 385 19 7.095000
3244 385 19 7.028000
3245 383 13 4.887000
3246 383 19 7.093000
3247 383 17 6.136000
3248 382 16 5.871000
3249 380 19 7.068000
3250 381 20 7.473000
3251 381 20 7.600000
3252 382 18 6.876000
3253 381 13 5.083000
3254 382 9 3.658000
3255 374 18 6.891000
3256 374 21 7.996000
3257 377 12 4.603000
3258 378 18 6.771000
3259 375 18 6.844000
3260 374 18 6.892000
3261 374 17 6.559000
3262 371 17 6.541000
3263 374 18 6.791000
3264 376 13 5.143000
3265 376 16 5.964000
3266 374 18 6.768000
3267 374 18 6.962000
3268 374 16 6.318000
3269 375 15 5.959000
3270 374 15 5.843000
3271 373 13 5.310000
3272 377 18 7.116000
3273 376 11 4.337000
3274 376 18 6.924000
3275 386 21 7.992000
3276 387 21 8.235000
3277 375 19 7.562000
3278 377 13 5.185000
3279 374 20 8.125000
3280 376 17 6.659000
3281 378 13 5.141000
3282 383 18 7.109000
3283 382 21 8.158000
3284 378 19 7.502000
3285 378 19 7.468000
3286 378 11 4.449000
3287 380 19 7.361000
3288 379 16 6.197000
3289 380 16 6.195000
3290 380 19 7.558000
3291 382 18 7.143000
3292 381 19 7.444000
3293 382 20 7.883000
3294 382 16 6.329000
3295 384 19 7.326000
3296 382 19 7.301000
3297 381 17 6.855000
3298 381 17 6.700000
3299 380 17 6.408000
3300 380 18 6.904000
3301 381 18 6.733000
3302 382 18 6.683000
3303 383 17 6.357000
3304 381 12 4.600000
3305 381 16 6.053000
3306 380 17 6.498000
3307 380 18 6.845000
3308 380 11 4.301000
3309 382 17 6.437000
3310 382 17 6.691000
3311 382 17 6.548000
3312 382 16 6.362000
3313 383 17 6.389000
3314 384 18 6.803000
3315 382 18 6.713000
3316 381 14 5.328000
3317 381 17 6.523000
3318 385 18 6.737000
3319 380 20 7.610000
3320 378 16 6.129000
3321 379 17 6.477000
3322 380 18 7.064000
3323 379 18 7.045000
3324 379 17 6.734000
3325 379 17 6.691000
3326 389 21 8.102000
3327 390 20 7.582000
3328 390 20 7.965000
3329 391 22 8.573000
3330 391 22 8.581000
3331 380 20 7.942000
3332 380 21 8.442000
3333 382 21 8.522000
3334 381 20 8.181000
3335 380 11 4.628000
3336 380 19 7.761000
3337 380 19 7.822000
3338 378 18 7.384000
3339 380 18 7.394000
3340 377 18 7.437000
3341 377 19 7.795000
3342 380 19 7.706000
3343 381 15 6.147000
3344 380 20 8.191000
3345 383 22 9.097000
3346 383 21 8.699000
3347 384 22 8.998000
3348 383 21 8.629000
3349 376 20 8.211000
3350 375 19 7.808000
3351 374 19 7.904000
3352 372 18 7.468000
3353 373 18 7.426000
3354 373 17 6.983000
3355 372 17 7.018000
3356 373 18 7.394000
3357 373 13 5.443000
3358 378 18 7.399000
3359 378 18 7.412000
3360 379 16 6.584000
3361 382 17 7.079000
3362 378 22 9.006000
3363 379 23 9.281000
3364 379 18 7.414000
3365 379 19 7.855000
3366 378 18 7.342000
3367 379 18 7.428000
3368 379 18 7.442000
3369 379 21 8.691000
3370 379 21 8.607000
3371 380 19 7.944000
3372 380 18 7.416000
3373 381 21 8.366000
3374 381 21 8.257000
3375 383 21 8.197000
3376 381 18 7.207000
3377 382 18 7.129000
3378 381 18 6.975000
3379 380 18 7.040000
3380 381 19 7.476000
3381 381 20 7.760000
3382 382 18 6.930000
3383 383 19 7.111000
3384 382 18 6.845000
3385 382 11 4.413000
3386 383 18 6.814000
3387 384 18 6.724000
3388 381 22 8.257000
3389 380 21 7.961000
3390 385 20 7.398000
3391 384 23 8.350000
3392 383 23 8.391000
3393 383 17 6.253000
3394 382 23 8.400000
3395 382 24 8.800000
3396 383 21 7.699000
3397 379 21 7.778000
3398 380 20 7.382000
3399 377 21 7.838000
3400 380 21 7.820000
3401 383 19 7.272000
3402 383 17 6.550000
3403 377 22 8.463000
3404 379 20 7.596000
3405 379 20 7.670000
3406 381 20 7.599000
3407 382 20 7.712000
3408 380 20 7.540000
3409 382 21 7.854000
3410 382 18 6.604000
3411 377 18 6.890000
3412 380 19 7.310000
3413 380 19 7.292000
3414 378 19 7.502000
3415 380 11 4.588000
3416 379 12 4.889000
3417 375 17 6.814000
3418 376 19 7.513000
3419 376 21 8.072000
3420 378 18 6.889000
3421 378 18 7.066000
3422 379 19 7.517000
3423 380 17 6.673000
3424 381 18 7.102000
3425 387 21 8.181000
3426 386 21 7.971000
3427 388 21 8.031000
3428 389 19 7.513000
3429 389 20 7.866000
3430 390 21 8.186000
3431 391 20 7.756000
3432 392 21 7.985000
3433 392 20 7.618000
3434 390 19 7.333000
3435 388 20 7.808000
3436 384 21 8.138000
3437 385 20 7.716000
3438 384 21 7.899000
3439 386 19 7.201000
3440 385 21 7.865000
3441 386 20 7.784000
3442 396 21 8.127000
3443 392 20 7.768000
3444 391 19 7.321000
3445 392 20 7.574000
3446 392 20 7.549000
3447 393 18 6.993000
3448 395 20 7.759000
3449 395 20 7.797000
3450 396 19 7.382000
3451 396 19 7.358000
3452 385 24 9.079000
3453 385 23 8.630000
3454 388 19 7.132000
3455 389 21 7.766000
3456 388 20 7.424000
3457 388 21 7.813000
3458 388 18 6.737000
3459 389 21 7.857000
3460 388 24 8.840000
3461 390 19 7.081000
3462 390 19 7.044000
3463 391 19 7.072000
3464 389 12 4.581000
3465 391 17 6.301000
3466 391 19 7.027000
3467 395 18 6.653000
3468 396 16 5.961000
3469 398 18 6.669000
3470 398 19 7.063000
3471 395 21 7.816000
3472 394 18 6.729000
3473 395 11 4.253000
3474 392 10 3.893000
3475 390 18 6.702000
3476 389 18 6.682000
3477 390 18 6.721000
3478 390 18 6.700000
3479 391 18 6.699000
3480 393 20 7.543000
3481 391 18 6.983000
3482 391 17 6.589000
3483 392 19 7.340000
3484 383 17 6.645000
3485 385 21 8.012000
3486 385 21 8.047000
3487 384 20 7.726000
3488 385 20 7.564000
3489 382 19 7.152000
3490 391 20 7.398000
3491 389 21 8.006000
3492 390 18 6.918000
3493 389 18 7.012000
3494 390 17 6.739000
3495 387 20 7.812000
3496 386 21 8.160000
3497 386 14 5.581000
3498 385 18 6.893000
3499 385 16 6.116000
3500 384 19 7.283000
3501 384 20 7.914000
3502 390 16 6.390000
3503 391 19 7.454000
3504 391 24 9.360000
3505 386 24 9.094000
3506 386 21 8.036000
3507 386 21 8.266000
3508 385 22 8.666000
3509 385 22 8.681000
3510 384 21 8.185000
3511 383 22 8.330000
3512 383 20 7.687000
3513 384 21 8.171000
3514 391 17 6.562000
3515 392 22 8.425000
3516 390 19 7.208000
3517 390 20 7.441000
3518 390 21 7.744000
3519 389 22 8.158000
3520 385 23 8.628000
3521 390 22 8.470000
3522 388 22 8.544000
3523 389 18 7.004000
3524 391 20 7.597000
3525 390 19 7.147000
3526 392 20 7.656000
3527 392 21 8.078000
3528 393 21 7.976000
3529 392 21 8.136000
3530 391 21 7.988000
3531 392 22 8.197000
3532 392 21 7.822000
3533 392 18 6.630000
3534 390 12 4.496000
3535 389 20 7.273000
3536 390 18 6.536000
3537 388 19 6.873000
3538 387 19 6.906000
3539 387 20 7.269000
3540 385 19 6.978000
3541 385 19 6.914000
3542 388 19 6.929000
3543 389 19 6.971000
3544 390 19 6.950000
3545 386 20 7.120000
3546 386 22 7.677000
3547 385 21 7.371000
3548 385 19 6.772000
3549 386 11 4.058000
3550 386 21 7.443000
3551 385 23 8.313000
3552 383 22 7.993000
3553 384 20 7.312000
3554 382 16 5.854000
3555 383 21 7.532000
3556 382 17 6.159000
3557 381 19 6.869000
3558 381 20 7.179000
3559 382 20 7.209000
3560 383 11 4.137000
3561 382 18 6.521000
3562 382 19 6.945000
3563 382 21 7.725000
3564 383 21 7.742000
3565 384 21 7.794000
3566 385 20 7.432000
3567 387 23 8.773000
3568 387 24 9.129000
3569 387 21 7.997000
3570 387 19 7.252000
3571 387 18 6.801000
3572 388 20 7.659000
3573 388 21 8.207000
3574 386 20 7.875000
3575 386 20 7.953000
3576 386 19 7.572000
3577 386 20 7.917000
3578 387 21 8.096000
3579 386 19 7.307000
3580 389 21 7.998000
3581 388 20 7.919000
3582 388 20 7.906000
3583 389 13 5.252000
3584 387 20 7.710000
3585 386 22 8.387000
3586 387 19 7.268000
3587 386 11 4.362000
3588 383 19 7.471000
3589 383 16 6.332000
3590 384 20 7.809000
3591 384 16 6.337000
3592 383 16 6.338000
3593 383 18 6.892000
3594 381 18 6.885000
3595 383 18 7.005000
3596 387 18 7.050000
3597 383 12 4.845000
3598 385 20 7.806000
3599 386 17 6.608000
3600 386 18 6.894000
3601 388 21 7.869000
3602 387 19 7.257000
3603 386 20 7.785000
3604 386 18 7.112000
3605 385 20 7.803000
3606 386 21 8.317000
3607 384 14 5.554000
3608 383 11 4.374000
3609 385 19 7.385000
3610 387 10 4.038000
3611 391 20 7.702000
3612 389 20 7.839000
3613 386 22 8.513000
3614 384 24 9.068000
3615 386 20 7.634000
3616 387 20 7.545000
3617 384 18 6.805000
3618 382 18 6.684000
3619 384 17 6.303000
3620 386 21 7.803000
3621 386 18 6.710000
3622 384 17 6.371000
3623 383 19 7.071000
3624 385 21 7.781000
3625 388 20 7.377000
3626 386 17 6.198000
3627 387 21 7.663000
3628 388 14 5.220000
3629 385 19 6.936000
3630 383 12 4.552000
3631 381 16 5.899000
3632 390 20 7.249000
3633 386 22 8.031000
3634 389 11 4.172000
3635 390 19 6.948000
3636 390 22 7.966000
3637 387 21 7.649000
3638 382 21 7.697000
3639 382 22 7.959000
3640 381 20 7.362000
3641 380 20 7.463000
3642 382 20 7.462000
3643 384 21 7.855000
3644 383 21 7.866000
3645 383 21 7.922000
3646 383 21 8.032000
3647 382 22 8.276000
3648 382 21 7.913000
3649 384 12 4.629000
3650 383 20 7.402000
3651 377 21 7.845000
3652 377 21 8.004000
3653 379 17 6.581000
3654 378 18 7.071000
3655 375 20 7.874000
3656 376 17 6.631000
3657 377 18 7.044000
3658 377 20 7.720000
3659 377 21 7.934000
3660 376 22 8.398000
3661 375 20 7.888000
3662 374 21 8.201000
3663 375 21 8.223000
3664 377 21 8.139000
3665 378 21 8.024000
3666 377 21 8.099000
3667 377 21 8.269000
3668 375 19 7.511000
3669 377 10 4.136000
3670 379 20 7.974000
3671 379 21 8.199000
3672 378 21 8.141000
3673 378 20 7.784000
3674 378 22 8.727000
3675 380 22 8.679000
3676 379 22 8.714000
3677 379 21 8.363000
3678 382 21 8.088000
3679 379 21 8.085000
3680 381 20 7.867000
3681 380 20 7.999000
3682 380 20 7.973000
3683 381 21 8.459000
3684 383 20 7.749000
3685 383 18 7.017000
3686 386 14 5.529000
3687 386 23 9.023000
3688 386 22 8.815000
3689 384 23 9.107000
3690 383 22 8.627000
3691 381 19 7.426000
3692 385 19 7.446000
3693 385 20 7.787000
3694 390 19 7.305000
3695 390 17 6.444000
3696 386 19 7.177000
3697 385 14 5.452000
3698 383 19 7.219000
3699 380 20 7.635000
3700 377 12 4.759000
3701 382 19 7.351000
3702 381 12 4.806000
3703 384 17 6.553000
3704 385 18 6.918000
3705 389 16 6.175000
3706 391 17 6.486000
3707 391 20 7.501000
3708 388 16 6.148000
3709 392 14 5.439000
3710 385 20 7.632000
3711 384 20 7.596000
3712 384 19 7.221000
3713 386 18 6.870000
3714 380 19 7.223000
3715 379 21 7.996000
3716 377 23 8.827000
3717 377 24 9.260000
3718 377 22 8.469000
3719 378 18 6.995000
3720 380 15 5.824000
3721 379 20 7.806000
3722 378 20 7.820000
3723 379 19 7.464000
3724 377 23 8.975000
3725 375 25 9.780000
3726 379 20 7.934000
3727 379 13 5.214000
3728 381 22 8.524000
3729 380 19 7.399000
3730 378 18 6.969000
3731 378 19 7.517000
3732 380 22 8.610000
3733 393 23 8.972000
3734 382 23 9.469000
3735 387 21 8.203000
3736 387 20 7.823000
3737 392 22 8.446000
3738 393 21 7.981000
3739 391 22 8.459000
3740 387 22 8.599000
3741 387 22 8.641000
3742 387 20 7.953000
3743 388 19 7.476000
3744 388 18 7.022000
3745 390 19 7.391000
3746 389 21 8.290000
3747 387 21 8.219000
3748 388 22 8.696000
3749 388 20 8.052000
3750 389 19 7.544000
3751 389 19 7.594000
3752 392 20 7.956000
3753 391 22 8.823000
3754 391 19 7.648000
3755 392 19 7.683000
3756 392 22 8.907000
3757 390 20 8.195000
3758 391 17 6.934000
3759 391 21 8.484000
3760 389 20 8.117000
3761 385 19 7.567000
3762 388 22 8.862000
3763 387 20 7.795000
3764 389 19 7.431000
3765 382 19 7.463000
3766 385 20 7.897000
3767 385 11 4.534000
3768 391 21 8.516000
3769 385 22 8.656000
3770 384 19 7.410000
3771 374 19 7.350000
3772 373 20 7.489000
3773 373 20 7.594000
3774 375 19 7.115000
3775 377 20 7.441000
3776 375 19 7.112000
3777 376 18 6.764000
3778 375 19 7.120000
3779 377 20 7.412000
3780 376 19 7.003000
3781 379 18 6.796000
3782 392 19 7.165000
3783 388 18 6.785000
3784 383 18 6.876000
3785 383 15 5.786000
3786 382 19 7.166000
3787 381 19 7.263000
3788 382 18 6.985000
3789 384 19 7.218000
3790 384 19 7.298000
3791 384 19 7.308000
3792 386 17 6.620000
3793 385 19 7.435000
3794 379 20 7.636000
3795 380 12 4.683000
3796 378 18 6.847000
3797 379 17 6.497000
3798 375 21 7.877000
3799 375 23 8.618000
3800 378 20 7.633000
3801 378 23 8.759000
3802 381 23 8.716000
3803 384 20 7.725000
3804 384 22 8.457000
3805 385 24 9.142000
3806 386 22 8.395000
3807 385 22 8.414000
3808 385 23 8.784000
3809 385 22 8.601000
3810 384 20 8.013000
3811 383 20 7.998000
3812 383 19 7.735000
3813 386 21 8.519000
3814 381 23 9.272000
3815 377 23 9.300000
3816 374 21 8.439000
3817 381 22 8.831000
3818 388 21 8.561000
3819 387 21 8.578000
3820 388 19 7.688000
3821 373 22 8.938000
3822 387 21 8.365000
3823 384 20 7.990000
3824 387 19 7.788000
3825 386 22 8.855000
3826 384 21 8.540000
3827 383 22 8.908000
3828 391 20 8.283000
3829 389 20 8.265000
3830 391 21 8.759000
3831 389 12 5.198000
3832 389 19 7.964000
3833 389 18 7.578000
3834 377 20 8.205000
3835 377 21 8.516000
3836 378 20 8.316000
3837 380 20 8.438000
3838 379 19 8.001000
3839 379 18 7.644000
3840 380 18 7.628000
3841 381 13 5.543000
3842 387 19 8.014000
3843 388 18 7.679000
3844 386 18 7.720000
3845 386 17 7.287000
3846 388 17 7.310000
3847 390 21 8.608000
3848 390 20 8.148000
3849 388 20 8.088000
3850 388 20 8.155000
3851 388 20 8.009000
3852 387 17 6.834000
3853 387 19 7.652000
3854 383 23 9.042000
3855 382 24 9.477000
3856 381 20 7.919000
3857 384 20 7.574000
3858 384 21 7.908000
3859 381 18 6.931000
3860 381 20 7.633000
3861 383 19 7.295000
3862 382 19 7.291000
3863 382 16 6.178000
3864 381 17 6.598000
3865 379 20 7.826000
3866 379 18 7.074000
3867 379 18 7.077000
3868 381 19 7.521000
3869 379 19 7.465000
3870 380 18 7.077000
3871 382 18 7.167000
3872 381 18 7.170000
3873 380 17 6.837000
3874 378 21 8.324000
3875 376 19 7.594000
3876 378 19 7.549000
3877 377 16 6.474000
3878 377 18 7.152000
3879 380 19 7.540000
3880 379 20 7.774000
3881 378 20 7.980000
3882 378 20 8.086000
3883 377 21 8.507000
3884 378 20 8.152000
3885 377 20 8.234000
3886 375 12 4.991000
3887 374 19 7.664000
3888 376 20 7.910000
3889 374 16 6.384000
3890 374 23 9.093000
3891 374 22 8.865000
3892 373 20 8.170000
3893 368 21 8.376000
3894 369 18 7.211000
3895 368 20 7.926000
3896 368 20 7.947000
3897 367 20 8.087000
3898 369 18 7.409000
3899 369 22 8.907000
3900 372 18 7.381000
3901 370 15 6.056000
3902 371 18 7.170000
3903 371 18 7.302000
3904 372 19 7.773000
3905 370 19 7.818000
3906 373 18 7.321000
3907 369 17 7.024000
3908 371 19 7.583000
3909 370 16 6.455000
3910 369 19 7.635000
3911 369 17 6.949000
3912 382 10 4.214000
3913 382 18 7.222000
3914 382 18 7.255000
3915 383 20 7.851000
3916 383 21 8.225000
3917 384 21 8.187000
3918 382 19 7.664000
3919 385 19 7.686000
3920 383 21 8.467000
3921 383 20 8.003000
3922 384 20 7.862000
3923 386 20 7.851000
3924 386 20 7.717000
3925 386 12 4.756000
3926 387 19 7.223000
3927 387 12 4.665000
3928 386 19 7.212000
3929 386 19 7.208000
3930 387 20 7.628000
3931 385 20 7.598000
3932 386 19 7.265000
3933 387 13 5.076000
3934 386 19 7.242000
3935 388 21 8.012000
3936 388 21 7.967000
3937 388 20 7.597000
3938 387 19 7.209000
3939 386 22 8.231000
3940 385 21 7.863000
3941 385 22 8.209000
3942 387 21 7.771000
3943 385 22 8.117000
3944 386 20 7.371000
3945 386 18 6.734000
3946 385 18 6.697000
3947 385 10 3.929000
3948 377 17 6.527000
3949 377 17 6.380000
3950 378 17 6.443000
3951 379 12 4.683000
3952 379 17 6.465000
3953 380 17 6.478000
3954 380 17 6.485000
3955 384 17 6.457000
3956 385 16 6.070000
3957 385 20 7.575000
3958 381 22 8.329000
3959 382 19 7.132000
3960 382 18 6.768000
3961 383 19 7.117000
3962 384 20 7.726000
3963 387 21 8.412000
3964 387 18 7.261000
3965 385 16 6.621000
3966 385 16 6.649000
3967 382 12 5.057000
3968 381 16 6.535000
3969 381 14 5.679000
3970 390 12 4.914000
3971 389 12 4.938000
3972 388 13 5.309000
3973 387 13 5.396000
3974 388 11 4.637000
3975 390 15 6.113000
3976 388 15 6.103000
3977 389 14 5.769000
3978 388 16 6.457000
3979 390 13 5.286000
3980 390 16 6.340000
3981 390 18 7.279000
3982 382 21 8.374000
3983 386 16 6.371000
3984 381 20 8.264000
3985 378 19 7.742000
3986 380 14 5.673000
3987 379 18 7.099000
3988 379 18 7.220000
3989 380 20 7.968000
3990 380 18 7.304000
3991 379 14 5.689000
3992 379 22 8.683000
3993 380 17 6.672000
3994 381 12 4.730000
3995 380 19 7.430000
3996 381 18 7.182000
3997 384 18 7.001000
3998 384 21 8.135000
3999 377 22 8.841000
4000 379 21 8.302000
4001 378 21 8.269000
4002 378 20 8.099000
4003 379 21 8.460000
4004 381 21 8.484000
4005 386 22 8.672000
4006 388 23 8.844000
4007 387 20 7.726000
4008 383 21 7.905000
4009 383 21 7.833000
4010 384 21 7.716000
4011 385 20 7.319000
4012 384 21 7.651000
4013 384 21 7.690000
4014 385 21 7.674000
4015 386 21 7.663000
4016 387 22 7.996000
4017 389 21 7.693000
4018 388 20 7.371000
4019 390 19 6.967000
4020 389 19 6.979000
4021 390 19 7.011000
4022 391 21 7.735000
4023 392 19 6.937000
4024 390 21 7.599000
4025 390 20 7.281000
4026 391 21 7.616000
4027 392 19 6.987000
4028 392 21 7.884000
4029 393 20 7.568000
4030 383 22 8.386000
4031 382 18 6.912000
4032 384 20 7.616000
4033 387 18 6.900000
4034 385 18 6.858000
4035 384 16 6.026000
4036 386 18 6.829000
4037 385 17 6.337000
4038 385 19 7.201000
4039 383 12 4.922000
4040 383 16 6.452000
4041 383 17 6.790000
4042 386 16 6.554000
4043 385 16 6.621000
4044 386 17 6.962000
4045 388 16 6.575000
4046 389 19 7.592000
4047 387 15 6.083000
4048 380 20 7.894000
4049 379 21 8.388000
4050 379 22 8.727000
4051 381 20 8.033000
4052 379 21 8.342000
4053 379 15 5.890000
4054 379 19 7.338000
4055 377 21 8.156000
4056 381 21 8.234000
4057 380 22 8.627000
4058 380 21 8.268000
4059 379 22 8.436000
4060 381 23 8.708000
4061 380 20 7.664000
4062 384 18 7.400000
4063 377 21 8.634000
4064 381 20 8.059000
4065 381 19 7.651000
4066 379 21 8.237000
4067 378 13 5.189000
4068 377 19 7.616000
4069 378 22 8.858000
4070 378 21 8.302000
4071 378 19 7.597000
4072 379 20 7.919000
4073 381 20 7.903000
4074 382 20 7.931000
4075 379 10 4.213000
4076 380 20 7.942000
4077 380 20 7.833000
4078 380 20 7.886000
4079 379 21 8.103000
4080 378 18 6.972000
4081 379 20 7.587000
4082 380 20 7.526000
4083 382 18 6.667000
4084 381 17 6.336000
4085 382 17 6.376000
4086 382 18 6.704000
4087 383 19 7.076000
4088 383 19 7.000000
4089 383 17 6.293000
4090 383 18 6.652000
4091 381 17 6.298000
4092 383 17 6.317000
4093 384 17 6.306000
4094 384 18 6.689000
4095 385 18 6.653000
4096 384 18 6.670000
4097 388 18 6.667000
4098 387 19 7.031000
4099 387 17 6.286000
4100 388 18 6.643000
4101 387 17 6.310000
4102 387 16 5.921000
4103 390 22 7.993000
4104 389 22 8.075000
4105 389 20 7.307000
4106 389 20 7.340000
4107 388 19 7.141000
4108 387 20 7.568000
4109 386 19 7.303000
4110 386 19 7.215000
4111 388 19 7.335000
4112 388 19 7.229000
4113 386 19 7.311000
4114 386 18 6.717000
4115 381 19 7.250000
4116 381 20 7.451000
4117 383 21 8.074000
4118 383 19 7.347000
4119 382 19 7.460000
4120 381 18 7.150000
4121 380 20 7.973000
4122 381 19 7.532000
4123 383 19 7.500000
4124 384 20 7.734000
4125 383 20 7.766000
4126 381 20 8.051000
4127 382 19 7.686000
4128 382 18 7.307000
4129 381 19 7.602000
4130 383 19 7.439000
4131 383 21 8.063000
4132 383 20 7.942000
4133 383 20 7.953000
4134 383 19 7.537000
4135 382 21 8.288000
4136 382 21 8.119000
4137 385 21 8.035000
4138 385 19 7.405000
4139 382 20 7.937000
4140 382 20 7.823000
4141 379 19 7.438000
4142 378 19 7.356000
4143 378 20 7.689000
4144 380 18 6.920000
4145 383 21 8.185000
4146 383 19 7.467000
4147 382 20 7.827000
4148 383 20 7.835000
4149 383 18 6.935000
4150 384 19 7.318000
4151 385 18 6.997000
4152 384 16 6.467000
4153 384 18 7.147000
4154 383 18 7.137000
4155 384 18 7.121000
4156 385 16 6.210000
4157 385 18 6.976000
4158 385 18 6.857000
4159 385 17 6.403000
4160 376 19 7.069000
4161 376 17 6.241000
4162 376 18 6.618000
4163 377 17 6.278000
4164 379 17 6.340000
4165 380 17 6.285000
4166 382 19 7.006000
4167 384 17 6.305000
4168 385 16 5.902000
4169 385 18 6.619000
4170 384 17 6.194000
4171 384 19 6.873000
4172 382 17 6.181000
4173 382 17 6.175000
4174 380 16 5.823000
4175 381 10 3.781000
4176 381 17 6.194000
4177 383 18 6.446000
4178 382 16 5.783000
4179 383 16 5.788000
4180 383 16 5.813000
4181 381 18 6.526000
4182 383 16 5.826000
4183 383 18 6.515000
4184 384 17 6.255000
4185 382 18 6.791000
4186 383 14 5.254000
4187 378 22 8.165000
4188 381 21 7.925000
4189 381 22 8.181000
4190 384 22 8.134000
4191 384 20 7.369000
4192 383 20 7.306000
4193 385 21 7.678000
4194 386 19 6.991000
4195 386 21 7.994000
4196 384 18 6.980000
4197 383 20 7.727000
4198 380 21 8.252000
4199 379 20 7.747000
4200 379 17 6.763000
4201 380 20 7.851000
4202 381 18 6.958000
4203 381 19 7.281000
4204 386 19 7.347000
4205 386 19 7.401000
4206 388 19 7.371000
4207 388 19 7.385000
4208 387 19 7.367000
4209 382 20 7.510000
4210 380 17 6.469000
4211 380 20 7.572000
4212 379 18 7.064000
4213 378 18 7.080000
4214 383 18 6.985000
4215 383 17 6.531000
4216 382 13 5.094000
4217 382 17 6.461000
4218 381 19 7.195000
4219 381 17 6.580000
4220 381 17 6.608000
4221 380 18 7.049000
4222 382 18 6.986000
4223 382 19 7.317000
4224 383 19 7.200000
4225 384 19 7.144000
4226 383 19 7.283000
4227 383 19 7.330000
4228 382 19 7.304000
4229 379 20 7.655000
4230 380 18 7.019000
4231 377 13 5.011000
4232 376 20 7.546000
4233 377 21 7.980000
4234 378 20 7.764000
4235 376 19 7.391000
4236 377 20 7.788000
4237 378 20 7.765000
4238 377 21 7.863000
4239 378 19 7.252000
4240 381 20 7.444000
4241 381 20 7.407000
4242 382 20 7.295000
4243 382 18 6.570000
4244 381 19 6.939000
4245 380 18 6.569000
4246 379 20 7.332000
4247 378 18 6.700000
4248 377 18 6.704000
4249 378 22 8.075000
4250 377 12 4.551000
4251 378 21 7.650000
4252 378 20 7.305000
4253 378 18 6.647000
4254 379 17 6.274000
4255 377 19 6.981000
4256 378 21 7.636000
4257 379 19 7.021000
4258 377 18 6.600000
4259 377 18 6.572000
4260 379 19 6.904000
4261 378 16 5.957000
4262 377 18 6.650000
4263 378 18 6.677000
4264 379 17 6.273000
4265 379 19 6.993000
4266 379 18 6.664000
4267 379 20 7.319000
4268 379 18 6.826000
4269 380 19 7.152000
4270 381 19 7.218000
4271 380 19 7.212000
4272 383 20 7.628000
4273 384 21 7.963000
4274 384 20 7.574000
4275 385 19 7.154000
4276 385 18 6.939000
4277 385 21 7.844000
4278 384 21 8.078000
4279 384 19 7.399000
4280 385 19 7.447000
4281 385 20 8.017000
4282 382 21 8.343000
4283 381 20 8.042000
4284 383 18 7.145000
4285 382 20 7.726000
4286 381 19 7.382000
4287 380 20 7.784000
4288 383 21 8.323000
4289 383 20 7.885000
4290 381 20 7.941000
4291 382 19 7.462000
4292 384 19 7.319000
4293 386 18 6.980000
4294 386 21 8.125000
4295 381 20 7.841000
4296 380 11 4.557000
4297 380 18 7.166000
4298 379 17 6.685000
4299 379 20 7.713000
4300 381 21 7.947000
4301 378 19 7.393000
4302 380 18 7.102000
4303 383 10 4.083000
4304 379 14 5.666000
4305 377 17 6.731000
4306 377 14 5.637000
4307 378 17 6.664000
4308 378 13 5.129000
4309 381 14 5.477000
4310 383 11 4.428000
4311 382 17 6.709000
4312 383 17 6.698000
4313 382 18 6.966000
4314 386 12 4.801000
4315 385 17 6.630000
4316 384 18 6.923000
4317 387 17 6.606000
4318 387 17 6.700000
4319 389 18 7.142000
4320 389 18 7.144000
4321 389 17 6.692000
4322 392 17 6.771000
4323 389 12 4.838000
4324 391 17 6.629000
4325 391 14 5.527000
4326 392 14 5.446000
4327 388 15 5.813000
4328 388 11 4.332000
4329 387 13 5.010000
4330 384 18 6.656000
4331 381 14 5.350000
4332 380 18 6.788000
4333 380 16 6.076000
4334 380 15 5.706000
4335 388 16 6.076000
4336 387 17 6.439000
4337 386 18 6.816000
4338 389 12 4.651000
4339 390 13 5.057000
4340 389 16 6.151000
4341 389 17 6.451000
4342 390 14 5.345000
4343 388 18 6.717000
4344 388 16 6.069000
4345 385 15 5.639000
4346 383 15 5.705000
4347 382 16 6.098000
4348 382 18 6.848000
4349 383 16 6.156000
4350 383 12 4.734000
4351 383 15 5.805000
4352 382 14 5.482000
4353 381 15 5.830000
4354 381 16 6.166000
4355 381 15 5.816000
4356 384 13 5.217000
4357 384 12 4.689000
4358 384 15 5.773000
4359 383 13 5.142000
4360 383 13 5.267000
4361 381 16 6.358000
4362 380 13 5.241000
4363 381 16 6.368000
4364 376 16 6.401000
4365 375 17 6.754000
4366 376 14 5.637000
4367 374 15 5.921000
4368 373 14 5.528000
4369 372 13 5.168000
4370 371 16 6.252000
4371 372 15 5.888000
4372 372 16 6.426000
4373 373 10 4.261000
4374 378 17 6.777000
4375 381 12 4.868000
4376 376 16 6.574000
4377 378 20 8.249000
4378 380 18 7.453000
4379 377 17 6.941000
4380 378 14 5.786000
4381 378 19 7.519000
4382 379 12 4.876000
4383 379 11 4.534000
4384 378 17 6.971000
4385 378 18 7.341000
4386 381 17 7.038000
4387 381 15 6.227000
4388 381 12 5.037000
4389 381 11 4.596000
4390 384 17 6.830000
4391 383 19 7.537000
4392 386 21 8.469000
4393 387 19 7.811000
4394 385 20 8.084000
4395 382 19 7.596000
4396 385 19 7.588000
4397 384 20 7.896000
4398 383 19 7.688000
4399 383 20 8.103000
4400 385 20 8.126000
4401 383 19 7.675000
4402 382 19 7.684000
4403 384 19 7.668000
4404 382 19 7.515000
4405 383 19 7.644000
4406 381 18 7.265000
4407 381 18 7.231000
4408 381 18 7.286000
4409 381 19 7.528000
4410 380 18 7.105000
4411 380 13 5.186000
4412 379 19 7.605000
4413 383 16 6.505000
4414 384 17 6.898000
4415 381 16 6.507000
4416 383 12 5.039000
4417 385 15 6.056000
4418 387 18 7.143000
4419 387 15 5.928000
4420 386 12 4.881000
4421 386 18 7.026000
4422 385 19 7.357000
4423 386 15 5.876000
4424 385 16 6.174000
4425 386 17 6.606000
4426 385 19 7.360000
4427 385 17 6.622000
4428 385 17 6.557000
4429 386 15 5.860000
4430 388 15 5.867000
4431 386 17 6.590000
4432 390 13 5.228000
4433 389 15 5.963000
4434 388 18 7.129000
4435 389 18 7.143000
4436 387 12 4.809000
4437 389 10 4.108000
4438 387 18 7.085000
4439 388 19 7.445000
4440 384 21 8.144000
4441 384 20 7.798000
4442 384 19 7.379000
4443 384 20 7.795000
4444 384 19 7.430000
4445 387 19 7.455000
4446 386 19 7.638000
4447 387 21 8.351000
4448 387 20 7.944000
4449 386 21 8.339000
4450 387 19 7.588000
4451 387 20 8.048000
4452 390 18 7.229000
4453 390 20 7.934000
4454 389 19 7.523000
4455 389 20 7.776000
4456 391 19 7.612000
4457 389 19 7.699000
4458 388 19 7.695000
4459 388 13 5.474000
4460 388 18 7.330000
4461 389 20 8.058000
4462 388 21 8.458000
4463 389 21 8.204000
4464 389 20 7.877000
4465 388 17 6.901000
4466 388 19 7.753000
4467 390 20 8.063000
4468 390 18 7.271000
4469 391 19 7.642000
4470 391 17 6.789000
4471 394 17 6.758000
4472 395 18 7.226000
4473 392 18 7.312000
4474 393 15 6.169000
4475 388 11 4.621000
4476 388 16 6.514000
4477 389 13 5.316000
4478 390 14 5.641000
4479 389 12 4.925000
4480 392 14 5.636000
4481 391 17 6.977000
4482 392 17 7.038000
4483 392 17 7.010000
4484 391 16 6.709000
4485 394 14 5.832000
4486 388 20 7.717000
4487 388 13 5.173000
4488 387 18 6.956000
4489 387 17 6.721000
4490 393 14 5.592000
4491 393 20 7.751000
4492 393 20 7.777000
4493 392 13 5.140000
4494 392 18 6.845000
4495 393 18 6.803000
4496 393 20 7.688000
4497 393 19 7.412000
4498 393 19 7.416000
4499 392 20 7.760000
4500 391 20 7.760000
4501 379 21 8.091000
4502 381 20 7.656000
4503 382 18 6.887000
4504 381 18 6.768000
4505 383 19 7.080000
4506 382 20 7.386000
4507 384 19 7.008000
4508 389 16 6.045000
4509 388 19 7.100000
4510 385 20 7.412000
4511 385 16 5.996000
4512 384 13 4.944000
4513 384 13 4.918000
4514 383 20 7.397000
4515 385 17 6.424000
4516 389 17 6.364000
4517 391 15 5.660000
4518 390 11 4.270000
4519 391 15 5.646000
4520 390 16 6.043000
4521 393 16 5.993000
4522 391 20 7.353000
4523 390 21 7.735000
4524 388 20 7.366000
4525 389 9 3.549000
4526 389 18 6.670000
4527 387 19 7.038000
4528 386 17 6.304000
4529 386 19 7.009000
4530 385 20 7.435000
4531 385 19 7.063000
4532 386 16 6.049000
4533 389 18 6.720000
4534 382 19 7.309000
4535 382 11 4.373000
4536 383 17 6.551000
4537 381 13 5.132000
4538 381 12 4.771000
4539 383 20 7.687000
4540 385 19 7.350000
4541 385 20 7.720000
4542 382 21 7.891000
4543 381 19 7.285000
4544 380 10 3.902000
4545 378 10 3.972000
4546 380 19 7.364000
4547 380 11 4.451000
4548 379 22 8.582000
4549 382 21 8.360000
4550 379 23 9.093000
4551 379 24 9.536000
4552 379 22 8.712000
4553 382 21 8.161000
4554 383 23 8.930000
4555 382 21 8.319000
4556 384 19 7.554000
4557 384 20 7.858000
4558 383 19 7.398000
4559 377 17 6.609000
4560 373 21 7.942000
4561 373 20 7.686000
4562 373 19 7.463000
4563 373 18 7.032000
4564 371 19 7.489000
4565 372 18 7.097000
4566 376 19 7.290000
4567 376 18 6.846000
4568 377 18 6.918000
4569 377 18 7.140000
4570 377 19 7.438000
4571 379 20 7.765000
4572 383 21 8.199000
4573 383 20 7.663000
4574 383 18 6.854000
4575 382 18 6.917000
4576 384 18 7.065000
4577 384 18 7.067000
4578 384 19 7.435000
4579 387 20 7.773000
4580 388 22 8.436000
4581 380 22 8.409000
4582 381 20 7.871000
4583 381 18 7.151000
4584 382 20 7.820000
4585 380 14 5.651000
4586 378 20 7.900000
4587 378 20 7.815000
4588 378 20 7.641000
4589 383 18 6.916000
4590 384 20 7.530000
4591 383 18 6.749000
4592 379 21 7.633000
4593 379 20 7.287000
4594 376 18 6.649000
4595 376 18 6.602000
4596 378 17 6.274000
4597 374 19 6.979000
4598 375 19 6.960000
4599 372 11 4.195000
4600 373 19 6.974000
4601 373 19 6.926000
4602 374 20 7.296000
4603 376 21 7.694000
4604 378 20 7.358000
4605 379 20 7.279000
4606 379 13 4.905000
4607 380 20 7.365000
4608 380 18 6.611000
4609 383 19 7.032000
4610 385 22 7.977000
4611 384 21 7.634000
4612 384 19 7.014000
4613 393 20 7.431000
4614 394 13 4.955000
4615 392 12 4.621000
4616 391 20 7.454000
4617 390 20 7.458000
4618 390 21 7.950000
4619 393 18 6.886000
4620 393 19 7.255000
4621 391 19 7.282000
4622 388 20 7.686000
4623 390 21 8.020000
4624 390 19 7.216000
4625 390 18 6.839000
4626 385 22 8.218000
4627 385 21 7.870000
4628 386 21 8.152000
4629 388 21 8.296000
4630 388 20 7.930000
4631 389 21 8.507000
4632 390 21 8.429000
4633 389 22 8.778000
4634 388 21 8.244000
4635 382 22 8.443000
4636 385 21 8.212000
4637 387 20 8.166000
4638 390 22 8.862000
4639 388 19 7.713000
4640 386 18 7.244000
4641 387 18 7.245000
4642 383 20 7.882000
4643 385 19 7.738000
4644 386 20 8.057000
4645 387 19 7.646000
4646 388 20 7.995000
4647 384 18 7.196000
4648 378 18 7.226000
4649 379 20 8.160000
4650 379 18 7.441000
4651 380 20 8.306000
4652 379 20 8.228000
4653 379 20 8.292000
4654 377 20 8.079000
4655 378 21 8.422000
4656 377 22 9.050000
4657 377 22 8.919000
4658 377 20 8.119000
4659 376 19 7.744000
4660 376 19 7.563000
4661 371 18 7.232000
4662 372 19 7.785000
4663 371 20 8.091000
4664 373 21 8.571000
4665 375 22 8.810000
4666 375 19 7.577000
4667 376 17 6.786000
4668 376 19 7.446000
4669 377 20 7.850000
4670 377 18 6.943000
4671 376 21 8.035000
4672 376 22 8.339000
4673 374 11 4.369000
4674 376 18 6.918000
4675 376 20 7.552000
4676 377 21 7.944000
4677 382 20 7.441000
4678 383 21 7.705000
4679 380 16 6.016000
4680 384 20 7.515000
4681 383 21 7.732000
4682 382 21 7.751000
4683 382 19 7.122000
4684 383 21 7.772000
4685 384 20 7.314000
4686 390 21 7.868000
4687 391 22 8.277000
4688 390 22 8.087000
4689 394 21 7.901000
4690 387 21 7.751000
4691 389 18 6.715000
4692 387 19 7.081000
4693 393 19 7.099000
4694 393 12 4.713000
4695 395 21 7.945000
4696 387 21 7.987000
4697 387 21 8.017000
4698 377 20 7.466000
4699 384 22 8.182000
4700 381 18 6.810000
4701 375 19 6.994000
4702 376 19 7.156000
4703 375 18 6.641000
4704 374 19 7.047000
4705 374 23 8.708000
4706 374 24 9.102000
4707 381 21 8.013000
4708 382 20 7.594000
4709 381 21 7.985000
4710 382 21 7.926000
4711 382 19 7.055000
4712 377 20 7.592000
4713 378 21 8.091000
4714 373 21 8.177000
4715 370 21 8.201000
4716 365 19 7.503000
4717 370 21 8.128000
4718 371 20 7.623000
4719 371 19 7.302000
4720 370 18 7.059000
4721 371 12 4.891000
4722 371 19 7.445000
4723 372 18 7.020000
4724 372 19 7.382000
4725 370 20 7.587000
4726 371 18 6.827000
4727 371 17 6.496000
4728 370 17 6.731000
4729 366 21 8.551000
4730 366 23 9.275000
4731 369 20 8.122000
4732 367 21 8.343000
4733 368 21 8.297000
4734 375 23 8.911000
4735 377 18 7.349000
4736 378 18 7.223000
4737 378 16 6.504000
4738 380 16 6.416000
4739 382 18 7.044000
4740 380 18 7.086000
4741 383 18 7.236000
4742 384 10 4.187000
4743 383 18 7.312000
4744 383 18 7.292000
4745 382 19 7.605000
4746 383 17 6.731000
4747 383 16 6.422000
4748 384 17 6.635000
4749 382 16 6.291000
4750 381 17 6.547000
4751 381 16 6.156000
4752 382 16 6.134000
4753 381 18 6.853000
4754 381 18 6.833000
4755 382 18 6.869000
4756 382 17 6.524000
4757 382 17 6.459000
4758 384 18 6.813000
4759 383 19 7.129000
4760 384 19 7.248000
4761 385 17 6.485000
4762 387 18 6.802000
4763 386 14 5.389000
4764 384 16 6.051000
4765 383 16 5.993000
4766 382 15 5.678000
4767 380 16 6.024000
4768 381 15 5.728000
4769 382 17 6.482000
4770 383 17 6.453000
4771 384 15 5.810000
4772 385 17 6.422000
4773 385 20 7.486000
4774 386 18 6.997000
4775 383 17 6.554000
4776 381 18 6.911000
4777 382 22 8.487000
4778 382 22 8.441000
4779 384 19 7.320000
4780 384 18 6.899000
4781 384 14 5.321000
4782 383 17 6.523000
4783 384 19 7.141000
4784 383 20 7.611000
4785 384 19 7.459000
4786 384 20 7.845000
4787 385 17 6.875000
4788 385 20 8.070000
4789 387 20 8.047000
4790 386 18 7.256000
4791 384 12 4.952000
4792 385 18 7.096000
4793 385 18 7.076000
4794 377 16 6.436000
4795 378 12 4.941000
4796 378 17 6.849000
4797 382 19 7.640000
4798 384 14 5.658000
4799 383 19 7.468000
4800 384 22 8.589000
4801 385 16 6.290000
4802 386 18 7.078000
4803 384 16 6.394000
4804 385 11 4.571000
4805 385 20 7.930000
4806 381 20 7.933000
4807 380 17 6.749000
4808 383 18 6.952000
4809 379 22 8.795000
4810 379 16 6.591000
4811 374 21 8.472000
4812 373 20 8.022000
4813 373 23 9.131000
4814 373 15 6.024000
4815 372 18 7.075000
4816 369 19 7.737000
4817 369 18 7.368000
4818 367 19 7.630000
4819 367 17 6.846000
4820 368 15 6.078000
4821 368 21 8.286000
4822 374 19 7.473000
4823 375 19 7.529000
4824 375 13 5.348000
4825 375 10 4.171000
4826 374 16 6.297000
4827 373 17 6.714000
4828 373 12 4.864000
4829 377 18 6.941000
4830 376 20 7.610000
4831 374 18 6.882000
4832 371 19 7.282000
4833 371 19 7.137000
4834 373 18 7.062000
4835 374 19 7.405000
4836 375 18 7.045000
4837 376 13 5.135000
4838 372 23 8.819000
4839 371 21 7.923000
4840 371 20 7.442000
4841 374 21 7.845000
4842 378 16 6.079000
4843 376 20 7.467000
4844 376 12 4.606000
4845 374 22 8.196000
4846 359 21 8.143000
4847 366 23 8.852000
4848 367 21 8.092000
4849 368 20 7.693000
4850 369 10 4.017000
4851 371 20 7.648000
4852 362 22 8.412000
4853 362 22 8.370000
4854 361 21 8.006000
4855 360 23 8.653000
4856 357 24 9.209000
4857 359 22 8.536000
4858 371 23 8.880000
4859 371 22 8.456000
4860 357 23 8.885000
4861 356 23 9.033000
4862 357 22 8.603000
4863 357 22 8.374000
4864 361 21 8.194000
4865 370 22 8.229000
4866 375 22 8.637000
4867 375 23 9.074000
4868 374 19 7.594000
4869 373 21 8.509000
4870 374 21 8.561000
4871 373 12 5.005000
4872 374 20 8.116000
4873 376 19 7.549000
4874 377 21 8.380000
4875 374 23 9.262000
4876 373 22 8.875000
4877 374 17 6.931000
4878 376 19 7.610000
4879 377 19 7.504000
4880 376 17 6.803000
4881 375 18 7.120000
4882 375 18 7.362000
4883 376 21 8.470000
4884 377 17 6.857000
4885 377 19 7.628000
4886 378 11 4.619000
4887 379 19 7.535000
4888 382 19 7.433000
4889 377 23 9.059000
4890 374 21 8.336000
4891 374 20 7.926000
4892 383 21 8.273000
4893 382 21 8.116000
4894 379 22 8.459000
4895 376 22 8.590000
4896 381 23 9.023000
4897 382 23 8.902000
4898 380 23 9.528000
4899 385 24 9.594000
4900 385 19 7.615000
4901 384 20 8.261000
4902 386 20 8.197000
4903 385 22 8.892000
4904 387 22 8.832000
4905 386 23 9.061000
4906 383 22 8.568000
4907 385 23 8.934000
4908 387 24 9.232000
4909 374 22 8.384000
4910 377 22 8.250000
4911 366 21 8.119000
4912 367 22 8.427000
4913 369 21 8.016000
4914 367 22 8.404000
4915 367 21 7.910000
4916 367 21 7.948000
4917 367 19 7.243000
4918 366 20 7.598000
4919 366 22 8.365000
4920 367 21 7.975000
4921 365 21 7.995000
4922 365 23 8.674000
4923 364 23 8.676000
4924 367 18 6.861000
4925 375 21 7.999000
4926 375 23 8.657000
4927 375 19 7.225000
4928 372 19 7.174000
4929 374 18 6.879000
4930 374 19 7.207000
4931 372 18 6.831000
4932 373 20 7.722000
4933 375 20 7.708000
4934 374 21 8.114000
4935 373 20 7.722000
4936 373 19 7.355000
4937 373 15 5.863000
4938 373 21 8.067000
4939 373 22 8.281000
4940 375 20 7.633000
4941 372 23 8.455000
4942 374 21 7.800000
4943 375 21 7.743000
4944 376 21 7.880000
4945 379 22 8.517000
4946 378 23 8.890000
4947 380 23 8.901000
4948 380 17 6.781000
4949 381 20 7.850000
4950 380 20 7.795000
4951 377 18 6.972000
4952 377 19 7.321000
4953 377 22 8.374000
4954 380 23 8.882000
4955 375 21 8.307000
4956 376 21 8.353000
4957 376 21 8.284000
4958 372 19 7.454000
4959 372 23 8.940000
4960 374 23 9.017000
4961 375 20 7.910000
4962 369 20 8.042000
4963 368 19 7.636000
4964 368 21 8.314000
4965 369 19 7.420000
4966 384 21 8.175000
4967 383 23 9.185000
4968 383 20 7.957000
4969 384 20 7.929000
4970 386 16 6.457000
4971 385 23 8.856000
4972 382 20 7.865000
4973 383 19 7.520000
4974 372 22 8.614000
4975 372 20 7.847000
4976 379 21 8.178000
4977 370 20 7.654000
4978 373 20 7.639000
4979 374 14 5.485000
4980 374 18 7.049000
4981 374 19 7.494000
4982 377 21 8.417000
4983 378 20 8.080000
4984 377 20 8.055000
4985 375 21 8.303000
4986 375 21 8.178000
4987 375 13 5.168000
4988 370 20 7.448000
4989 367 21 7.724000
4990 368 19 7.137000
4991 369 18 6.764000
4992 369 11 4.261000
4993 361 20 7.584000
4994 365 23 8.733000
4995 359 21 7.846000
4996 360 18 6.791000
4997 360 19 7.158000
4998 360 19 7.168000
4999 370 24 8.926000
5000 372 24 8.813000
5001 372 21 7.854000
5002 361 23 8.644000
5003 363 15 5.756000
5004 363 19 7.201000
5005 366 20 7.491000
5006 368 21 7.863000
5007 369 23 8.612000
5008 367 23 8.683000
5009 365 22 8.312000
5010 363 21 7.913000
5011 383 18 7.037000
5012 384 14 5.517000
5013 386 20 7.672000
5014 386 19 7.316000
5015 386 18 7.010000
5016 389 11 4.400000
5017 387 20 7.735000
5018 388 17 6.723000
5019 390 18 7.132000
5020 388 18 7.155000
5021 389 20 7.835000
5022 388 17 6.788000
5023 387 18 7.154000
5024 387 18 7.170000
5025 386 17 6.750000
5026 388 18 7.100000
5027 387 19 7.473000
5028 387 17 6.693000
5029 387 18 7.021000
5030 389 19 7.393000
5031 388 19 7.339000
5032 390 20 8.009000
5033 389 20 8.093000
5034 389 19 7.611000
5035 389 17 6.995000
5036 388 17 6.998000
5037 389 16 6.632000
5038 389 10 4.308000
5039 387 17 6.979000
5040 387 19 7.625000
5041 385 16 6.645000
5042 380 19 7.881000
5043 382 20 8.330000
5044 383 18 7.613000
5045 382 20 8.274000
5046 382 22 9.044000
5047 384 21 8.499000
5048 384 19 7.768000
5049 385 19 7.846000
5050 384 21 8.702000
5051 387 19 7.812000
5052 386 20 8.183000
5053 385 17 6.906000
5054 386 16 6.515000
5055 385 19 7.736000
5056 388 19 7.755000
5057 390 19 7.774000
5058 388 17 7.001000
5059 391 19 7.748000
5060 389 14 5.719000
5061 389 14 5.727000
5062 384 13 5.341000
5063 384 11 4.667000
5064 381 21 8.585000
5065 384 20 8.179000
5066 392 20 7.893000
5067 393 20 7.777000
5068 392 19 7.318000
5069 393 19 7.295000
5070 394 20 7.850000
5071 390 18 7.220000
5072 390 18 7.144000
5073 391 20 7.840000
5074 390 18 7.186000
5075 391 20 7.824000
5076 394 21 8.119000
5077 394 22 8.523000
5078 391 21 7.997000
5079 391 21 7.877000
5080 391 19 7.138000
5081 389 21 7.820000
5082 386 20 7.466000
5083 386 20 7.541000
5084 387 20 7.530000
5085 385 19 7.171000
5086 386 21 7.889000
5087 387 20 7.473000
5088 387 17 6.468000
5089 391 21 7.846000
5090 390 22 8.215000
5091 387 21 7.794000
5092 385 20 7.409000
5093 384 22 8.182000
5094 387 22 8.255000
5095 386 21 7.885000
5096 385 20 7.557000
5097 386 21 7.948000
5098 384 19 7.301000
5099 387 20 7.749000
5100 387 19 7.332000
5101 387 18 6.956000
5102 384 19 7.338000
5103 383 20 7.722000
5104 383 19 7.402000
5105 386 17 6.713000
5106 387 18 7.036000
5107 385 17 6.709000
5108 385 18 7.086000
5109 383 18 7.103000
5110 381 18 7.176000
5111 384 19 7.591000
5112 386 16 6.344000
5113 388 19 7.466000
5114 390 18 7.000000
5115 391 17 6.646000
5116 391 19 7.406000
5117 391 24 9.223000
5118 389 25 9.969000
5119 391 22 8.747000
5120 390 23 9.178000
5121 390 25 9.904000
5122 389 21 8.398000
5123 387 21 8.216000
5124 386 21 8.248000
5125 384 16 6.386000
5126 384 20 7.993000
5127 379 23 9.202000
5128 379 25 9.823000
5129 378 24 9.325000
5130 379 23 8.908000
5131 378 24 9.271000
5132 379 21 8.249000
5133 378 21 8.205000
5134 381 19 7.575000
5135 382 13 5.181000
5136 382 20 7.825000
5137 385 21 8.124000
5138 389 21 8.397000
5139 388 22 8.827000
5140 387 19 7.562000
5141 384 22 8.780000
5142 384 24 9.347000
5143 383 25 9.618000
5144 384 24 9.435000
5145 384 24 9.363000
5146 383 21 8.355000
5147 387 24 9.507000
5148 387 24 9.386000
5149 386 24 9.496000
5150 384 22 8.781000
5151 383 24 9.441000
5152 383 23 9.193000
5153 373 23 9.099000
5154 371 16 6.433000
5155 369 22 8.680000
5156 370 17 6.783000
5157 370 13 5.176000
5158 371 22 8.438000
5159 373 19 7.367000
5160 370 21 8.104000
5161 370 21 8.089000
5162 369 19 7.308000
5163 371 19 7.414000
5164 379 21 7.913000
5165 385 24 8.863000
5166 384 24 8.933000
5167 384 21 7.785000
5168 383 20 7.494000
5169 385 23 8.469000
5170 380 24 8.721000
5171 375 25 9.098000
5172 377 24 8.827000
5173 378 21 7.897000
5174 381 22 8.273000
5175 381 21 8.042000
5176 380 24 9.049000
5177 383 26 9.682000
5178 380 24 8.917000
5179 382 24 8.779000
5180 385 20 7.430000
5181 386 21 8.047000
5182 387 20 7.593000
5183 388 21 8.097000
5184 387 25 9.600000
5185 386 26 9.847000
5186 384 25 9.421000
5187 384 24 9.127000
5188 388 25 9.737000
5189 386 28 10.838000
5190 383 23 8.670000
5191 381 22 8.732000
5192 382 24 9.734000
5193 385 23 8.910000
5194 385 25 9.833000
5195 385 21 8.392000
5196 381 22 9.051000
5197 382 24 9.728000
5198 383 20 8.080000
5199 384 21 8.545000
5200 385 20 8.303000
5201 388 21 8.711000
5202 386 20 8.303000
5203 387 18 7.444000
5204 387 20 8.128000
5205 384 20 7.913000
5206 383 20 8.009000
5207 386 18 7.307000
5208 385 19 7.712000
5209 383 12 4.994000
5210 384 19 7.527000
5211 385 18 7.108000
5212 387 18 7.118000
5213 387 18 7.191000
5214 377 17 6.811000
5215 377 15 6.080000
5216 379 19 7.585000
5217 376 20 7.823000
5218 378 13 5.178000
5219 378 16 6.279000
5220 379 17 6.828000
5221 379 15 6.012000
5222 384 15 6.005000
5223 388 21 8.491000
5224 389 20 8.147000
5225 389 20 7.948000
5226 389 19 7.544000
5227 388 19 7.614000
5228 388 19 7.741000
5229 387 21 8.435000
5230 385 20 8.129000
5231 387 22 8.837000
5232 390 22 8.702000
5233 390 19 7.468000
5234 389 20 7.793000
5235 388 20 7.740000
5236 388 21 7.998000
5237 387 21 8.022000
5238 388 22 8.419000
5239 389 10 3.956000
5240 392 22 8.269000
5241 381 21 7.938000
5242 382 18 6.836000
5243 388 12 4.684000
5244 388 19 7.192000
5245 390 19 7.232000
5246 389 20 7.563000
5247 390 21 7.822000
5248 388 20 7.794000
5249 388 19 7.473000
5250 382 19 7.300000
5251 383 14 5.457000
5252 383 18 6.888000
5253 383 17 6.501000
5254 384 18 6.836000
5255 384 12 4.701000
5256 389 17 6.535000
5257 389 17 6.510000
5258 385 17 6.575000
5259 382 20 7.582000
5260 383 20 7.492000
5261 383 21 7.895000
5262 384 20 7.555000
5263 386 22 8.594000
5264 382 23 9.040000
5265 378 20 7.904000
5266 378 19 7.523000
5267 379 18 7.151000
5268 380 23 9.026000
5269 379 19 7.498000
5270 379 24 9.342000
5271 384 23 9.069000
5272 384 22 8.680000
5273 382 20 7.964000
5274 387 21 8.213000
5275 387 21 8.257000
5276 387 21 8.246000
5277 388 21 8.327000
5278 388 21 8.240000
5279 389 20 7.845000
5280 388 10 4.150000
5281 384 23 9.364000
5282 385 23 9.365000
5283 385 22 9.110000
5284 384 21 8.792000
5285 384 22 9.287000
5286 380 22 9.151000
5287 381 22 8.905000
5288 384 13 5.526000
5289 381 21 8.770000
5290 382 22 9.158000
5291 387 20 8.505000
5292 387 19 8.054000
5293 388 21 8.674000
5294 387 15 6.316000
5295 387 19 7.978000
5296 387 23 9.470000
5297 387 22 9.180000
5298 387 22 9.192000
5299 385 22 9.022000
5300 387 22 9.035000
5301 381 24 9.944000
5302 385 22 9.280000
5303 385 21 8.776000
5304 384 21 8.710000
5305 383 23 8.995000
5306 381 22 8.763000
5307 381 21 8.554000
5308 382 20 8.099000
5309 382 20 8.175000
5310 381 18 7.326000
5311 381 20 8.087000
5312 381 10 4.143000
5313 381 21 8.393000
5314 382 21 8.430000
5315 382 11 4.641000
5316 383 19 7.711000
5317 384 21 8.456000
5318 385 20 7.933000
5319 383 21 8.257000
5320 383 21 8.273000
5321 378 21 8.418000
5322 379 17 6.713000
5323 377 21 8.203000
5324 376 19 7.442000
5325 379 21 8.200000
5326 380 20 7.775000
5327 381 19 7.390000
5328 378 17 6.657000
5329 384 16 6.211000
5330 384 20 7.701000
5331 384 18 6.973000
5332 380 19 7.405000
5333 381 19 7.307000
5334 381 18 6.971000
5335 380 20 7.760000
5336 381 20 7.752000
5337 381 18 6.952000
5338 382 11 4.427000
5339 382 17 6.632000
5340 382 19 7.464000
5341 381 17 6.677000
5342 385 18 7.067000
5343 379 19 7.445000
5344 379 19 7.454000
5345 380 18 7.073000
5346 389 24 9.515000
5347 387 25 9.745000
5348 386 20 7.985000
5349 384 22 8.852000
5350 387 22 8.831000
5351 391 24 9.614000
5352 391 24 9.547000
5353 394 14 5.710000
5354 392 23 9.332000
5355 390 24 9.778000
5356 390 19 7.881000
5357 392 19 7.927000
5358 393 19 7.863000
5359 394 20 8.228000
5360 396 21 8.492000
5361 395 21 8.524000
5362 395 21 8.660000
5363 394 18 7.573000
5364 392 18 7.550000
5365 394 13 5.547000
5366 393 21 8.664000
5367 394 20 8.066000
5368 392 19 7.780000
5369 392 20 8.346000
5370 392 17 7.118000
5371 389 21 8.772000
5372 392 22 9.112000
5373 388 11 4.625000
5374 390 19 7.799000
5375 389 17 7.022000
5376 387 20 8.313000
5377 386 18 7.463000
5378 387 21 8.638000
5379 388 20 8.252000
5380 387 11 4.605000
5381 389 22 9.018000
5382 388 17 7.111000
5383 387 18 7.647000
5384 389 19 7.998000
5385 391 22 8.914000
5386 390 22 8.865000
5387 388 18 7.270000
5388 390 18 7.206000
5389 391 18 7.516000
5390 390 19 7.907000
5391 393 19 7.662000
5392 394 19 7.571000
5393 386 18 7.199000
5394 383 14 5.519000
5395 387 21 7.890000
5396 387 18 6.824000
5397 389 17 6.396000
5398 384 20 7.650000
5399 390 15 5.870000
5400 389 15 5.836000
5401 373 23 8.623000
5402 372 23 8.599000
5403 372 20 7.569000
5404 375 21 7.863000
5405 371 20 7.639000
5406 370 21 8.022000
5407 373 22 8.514000
5408 374 20 7.757000
5409 374 21 8.102000
5410 371 24 9.377000
5411 373 23 8.969000
5412 374 23 8.944000
5413 373 23 8.809000
5414 373 25 9.438000
5415 373 20 7.630000
5416 372 21 8.099000
5417 365 22 8.310000
5418 364 23 8.625000
5419 358 22 8.246000
5420 360 21 7.906000
5421 364 22 8.391000
5422 366 22 8.252000
5423 365 22 8.448000
5424 364 21 8.032000
5425 366 22 8.291000
5426 377 20 7.767000
5427 367 20 7.668000
5428 364 21 8.358000
5429 364 18 7.194000
5430 365 13 5.254000
5431 370 20 7.737000
5432 368 19 7.270000
5433 368 20 7.657000
5434 371 18 7.002000
5435 373 18 7.089000
5436 368 19 7.562000
5437 368 19 7.552000
5438 373 20 7.764000
5439 376 20 7.818000
5440 372 18 6.950000
5441 374 19 7.506000
5442 374 15 6.002000
5443 376 20 7.879000
5444 381 17 6.603000
5445 374 20 7.987000
5446 373 21 8.245000
5447 376 19 7.611000
5448 377 18 7.388000
5449 377 20 8.140000
5450 378 20 8.045000
5451 376 18 7.339000
5452 377 17 6.787000
5453 387 21 8.047000
5454 386 22 8.477000
5455 386 21 8.220000
5456 372 11 4.659000
5457 370 20 8.161000
5458 369 19 7.652000
5459 366 19 7.680000
5460 363 16 6.469000
5461 362 13 5.380000
5462 361 18 7.404000
5463 361 16 6.601000
5464 362 20 8.108000
5465 361 21 8.469000
5466 361 20 7.984000
5467 370 22 8.511000
5468 369 23 8.840000
5469 374 21 7.947000
5470 375 22 8.229000
5471 376 20 7.504000
5472 378 17 6.521000
5473 377 21 7.967000
5474 378 20 7.645000
5475 379 19 7.221000
5476 374 19 7.306000
5477 374 19 7.334000
5478 375 19 7.347000
5479 370 22 8.342000
5480 371 21 7.883000
5481 373 19 7.265000
5482 372 18 6.842000
5483 374 17 6.430000
5484 373 15 5.756000
5485 374 20 7.482000
5486 377 21 7.822000
5487 376 22 8.351000
5488 374 20 7.550000
5489 373 22 8.400000
5490 372 21 8.022000
5491 372 19 7.370000
5492 375 21 7.993000
5493 375 24 9.069000
5494 375 23 8.628000
5495 375 22 8.539000
5496 372 23 8.941000
5497 382 23 9.111000
5498 376 25 9.936000
5499 376 21 8.283000
5500 377 20 7.823000
5501 374 19 7.517000
5502 372 19 7.400000
5503 372 19 7.515000
5504 373 20 8.030000
5505 369 20 8.086000
5506 372 21 8.466000
5507 371 21 8.404000
5508 376 21 8.384000
5509 382 23 9.114000
5510 384 23 9.213000
5511 383 23 9.200000
5512 379 21 8.460000
5513 379 23 9.125000
5514 375 22 8.602000
5515 375 23 9.145000
5516 374 21 8.362000
5517 374 19 7.611000
5518 375 20 8.076000
5519 374 22 8.525000
5520 386 20 7.789000
5521 384 19 7.589000
5522 387 20 8.040000
5523 384 20 8.003000
5524 381 17 6.805000
5525 381 19 7.484000
5526 382 17 6.725000
5527 383 17 6.719000
5528 366 22 8.833000
5529 371 24 9.654000
5530 372 19 7.703000
5531 373 20 8.077000
5532 370 21 8.224000
5533 366 22 8.334000
5534 371 20 7.648000
5535 372 21 7.959000
5536 373 20 7.600000
5537 380 21 7.948000
5538 376 19 7.231000
5539 376 24 8.966000
5540 376 23 8.681000
5541 381 21 7.769000
5542 379 23 8.513000
5543 389 22 8.312000
5544 389 23 8.663000
5545 392 23 8.676000
5546 391 23 8.702000
5547 378 24 8.922000
5548 375 24 9.018000
5549 373 23 8.619000
5550 373 21 7.906000
5551 374 18 6.818000
5552 374 19 7.166000
5553 374 22 8.235000
5554 373 22 8.328000
5555 374 22 8.423000
5556 371 20 7.665000
5557 372 21 8.061000
5558 369 20 7.777000
5559 367 21 7.955000
5560 368 19 7.282000
5561 365 16 6.227000
5562 365 16 6.327000
5563 372 15 5.758000
5564 372 17 6.466000
5565 372 18 6.906000
5566 370 17 6.813000
5567 370 18 7.231000
5568 370 17 6.877000
5569 370 16 6.644000
5570 371 16 6.676000
5571 369 18 7.330000
5572 367 14 5.788000
5573 386 23 8.617000
5574 386 23 8.627000
5575 378 22 8.608000
5576 377 21 8.219000
5577 376 20 7.821000
5578 376 21 8.061000
5579 378 21 8.004000
5580 380 11 4.361000
5581 379 20 7.733000
5582 378 22 8.563000
5583 379 21 8.140000
5584 378 20 7.744000
5585 380 20 7.567000
5586 379 20 7.535000
5587 375 22 8.300000
5588 377 22 8.658000
5589 379 14 5.647000
5590 377 22 8.663000
5591 375 23 9.037000
5592 375 22 8.434000
5593 379 21 8.069000
5594 370 26 10.177000
5595 371 26 10.168000
5596 367 24 9.516000
5597 366 25 9.671000
5598 366 25 9.666000
5599 368 25 9.871000
5600 372 24 9.440000
5601 371 24 9.532000
5602 371 23 8.920000
5603 369 25 9.669000
5604 372 24 9.180000
5605 371 21 8.054000
5606 371 21 7.902000
5607 371 20 7.616000
5608 357 21 7.996000
5609 355 25 9.435000
5610 360 24 9.156000
5611 360 22 8.424000
5612 383 18 6.809000
5613 385 19 7.115000
5614 381 23 8.624000
5615 384 21 7.842000
5616 385 19 7.166000
5617 385 19 7.190000
5618 386 17 6.415000
5619 387 16 6.068000
5620 386 21 7.836000
5621 387 23 8.528000
5622 386 20 7.414000
5623 381 19 7.089000
5624 379 22 8.347000
5625 378 22 8.496000
5626 378 22 8.444000
5627 378 21 8.130000
5628 361 22 8.751000
5629 362 23 9.152000
5630 358 20 7.995000
5631 358 22 8.846000
5632 361 21 8.339000
5633 358 20 8.040000
5634 362 19 7.665000
5635 361 14 5.863000
5636 362 19 7.943000
5637 362 19 7.874000
5638 364 19 7.836000
5639 362 18 7.469000
5640 362 19 7.764000
5641 359 21 8.773000
5642 359 21 8.886000
5643 360 22 9.304000
5644 363 15 6.461000
5645 363 13 5.585000
5646 369 21 8.612000
5647 364 20 8.145000
5648 364 19 7.923000
5649 365 11 4.833000
5650 364 18 7.604000
5651 362 19 8.120000
5652 364 19 8.072000
5653 363 21 8.697000
5654 362 19 7.895000
5655 361 21 8.906000
5656 362 18 7.710000
5657 360 20 8.603000
5658 361 21 8.841000
5659 359 19 7.911000
5660 361 19 7.991000
5661 360 19 8.092000
5662 362 19 8.231000
5663 361 19 8.225000
5664 377 22 9.011000
5665 376 21 8.403000
5666 377 13 5.331000
5667 375 21 8.481000
5668 376 22 8.965000
5669 380 21 8.515000
5670 365 19 7.988000
5671 370 22 8.890000
5672 372 19 7.636000
5673 373 19 7.595000
5674 374 16 6.539000
5675 375 20 7.916000
5676 373 18 7.217000
5677 369 15 6.176000
5678 371 21 8.415000
5679 371 17 6.840000
5680 372 11 4.507000
5681 373 19 7.516000
5682 375 24 9.454000
5683 372 21 8.220000
5684 371 19 7.503000
5685 372 20 7.879000
5686 371 18 7.070000
5687 372 19 7.398000
5688 373 20 7.761000
5689 364 21 8.526000
5690 368 16 6.570000
5691 370 11 4.655000
5692 371 16 6.638000
5693 369 19 7.789000
5694 366 12 5.036000
5695 368 18 7.376000
5696 367 19 7.781000
5697 367 18 7.390000
5698 368 19 7.785000
5699 369 20 8.302000
5700 368 21 8.707000
5701 367 19 7.874000
5702 385 23 9.107000
5703 389 24 9.577000
5704 388 20 8.079000
5705 386 22 8.862000
5706 385 23 9.029000
5707 387 21 8.431000
5708 386 21 8.502000
5709 385 18 7.345000
5710 381 22 9.269000
5711 383 20 8.431000
5712 383 22 9.237000
5713 383 22 8.927000
5714 382 22 8.881000
5715 381 20 8.235000
5716 381 22 9.058000
5717 380 16 6.721000
5718 383 20 8.252000
5719 380 23 9.288000
5720 377 21 8.357000
5721 378 22 8.982000
5722 382 22 9.000000
5723 382 22 8.988000
5724 383 23 9.401000
5725 384 23 9.115000
5726 382 22 8.944000
5727 381 21 8.724000
5728 380 24 9.987000
5729 378 21 8.660000
5730 379 20 8.130000
5731 377 20 8.109000
5732 376 20 8.102000
5733 376 17 7.215000
5734 376 21 8.764000
5735 375 21 8.723000
5736 376 20 8.347000
5737 377 20 8.277000
5738 378 20 8.309000
5739 381 19 8.042000
5740 378 21 8.611000
5741 379 23 9.368000
5742 378 21 8.452000
5743 375 18 7.428000
5744 374 21 8.454000
5745 375 18 7.249000
5746 375 15 6.050000
5747 375 21 8.467000
5748 375 21 8.484000
5749 371 20 7.961000
5750 370 23 8.990000
5751 373 21 8.337000
5752 372 20 7.952000
5753 371 22 8.633000
5754 369 20 7.978000
5755 372 20 7.868000
5756 372 20 7.819000
5757 380 22 8.384000
5758 380 24 9.004000
5759 380 25 9.361000
5760 377 21 8.000000
5761 378 19 7.223000
5762 375 22 8.315000
5763 375 22 8.650000
5764 373 22 8.551000
5765 372 21 8.257000
5766 375 20 7.878000
5767 375 20 7.881000
5768 381 22 8.389000
5769 384 24 9.053000
5770 383 19 7.296000
5771 381 21 7.874000
5772 384 18 6.958000
5773 386 21 8.305000
5774 385 23 8.961000
5775 387 14 5.795000
5776 386 21 8.620000
5777 387 22 8.875000
5778 382 21 8.424000
5779 385 21 8.204000
5780 383 20 7.886000
5781 380 20 8.102000
5782 379 23 9.278000
5783 382 22 8.838000
5784 382 22 8.707000
5785 380 24 9.503000
5786 382 20 8.065000
5787 381 20 8.188000
5788 378 22 8.915000
5789 380 21 8.475000
5790 377 19 7.622000
5791 379 21 8.369000
5792 376 20 7.816000
5793 379 22 8.827000
5794 379 22 8.684000
5795 381 19 7.519000
5796 381 19 7.552000
5797 379 18 7.025000
5798 380 19 7.299000
5799 379 19 7.440000
5800 376 19 7.504000
5801 361 22 8.831000
5802 363 22 8.920000
5803 362 17 6.816000
5804 362 21 8.163000
5805 361 20 8.103000
5806 363 22 8.885000
5807 364 22 8.882000
5808 381 22 8.584000
5809 381 23 8.875000
5810 376 24 9.029000
5811 376 24 8.992000
5812 376 22 8.202000
5813 375 26 9.537000
5814 370 25 9.405000
5815 370 24 8.988000
5816 372 13 4.968000
5817 384 24 9.013000
5818 382 22 8.106000
5819 382 22 8.161000
5820 386 22 8.430000
5821 380 21 7.905000
5822 381 21 7.935000
5823 382 21 7.950000
5824 383 20 7.572000
5825 382 21 7.842000
5826 379 20 7.502000
5827 379 21 7.961000
5828 380 20 7.536000
5829 381 21 7.923000
5830 383 19 7.149000
5831 375 20 7.516000
5832 375 14 5.415000
5833 372 20 7.587000
5834 374 18 6.811000
5835 374 20 7.653000
5836 375 21 8.000000
5837 375 19 7.320000
5838 378 20 7.676000
5839 383 12 4.786000
5840 382 22 8.493000
5841 381 21 8.124000
5842 380 19 7.352000
5843 379 20 7.836000
5844 379 20 7.637000
5845 379 20 7.788000
5846 380 19 7.570000
5847 381 22 8.778000
5848 381 19 7.813000
5849 385 18 7.302000
5850 385 20 8.175000
5851 385 18 7.368000
5852 383 14 5.723000
5853 382 18 7.182000
5854 382 18 7.177000
5855 381 10 4.247000
5856 379 19 7.791000
5857 380 19 7.690000
5858 380 20 8.052000
5859 381 21 8.326000
5860 379 19 7.615000
5861 377 19 7.718000
5862 378 19 7.833000
5863 379 19 7.861000
5864 379 20 8.114000
5865 377 18 7.324000
5866 380 23 8.915000
5867 372 24 9.165000
5868 381 23 9.222000
5869 381 24 9.524000
5870 382 21 8.328000
5871 383 14 5.678000
5872 382 21 8.195000
5873 384 21 8.089000
5874 380 23 8.942000
5875 379 24 9.486000
5876 379 22 8.643000
5877 377 23 8.979000
5878 374 23 8.911000
5879 375 23 9.011000
5880 377 22 8.869000
5881 377 24 9.553000
5882 377 23 9.225000
5883 376 23 9.052000
5884 376 25 9.650000
5885 367 21 7.970000
5886 364 24 9.019000
5887 375 23 8.982000
5888 376 21 8.220000
5889 376 20 7.800000
5890 375 19 7.391000
5891 377 21 8.072000
5892 375 20 7.669000
5893 384 22 8.313000
5894 380 23 8.773000
5895 380 12 4.760000
5896 380 20 7.688000
5897 379 21 7.983000
5898 371 22 8.369000
5899 371 23 8.785000
5900 371 21 8.025000
5901 369 22 8.280000
5902 370 22 8.346000
5903 374 20 7.558000
5904 371 19 7.121000
5905 372 20 7.725000
5906 374 20 7.664000
5907 372 22 8.094000
5908 372 21 7.775000
5909 375 20 7.452000
5910 375 19 7.170000
5911 375 20 7.844000
5912 376 21 8.032000
5913 374 22 8.407000
5914 373 19 7.380000
5915 368 20 7.833000
5916 366 20 7.762000
5917 368 20 7.705000
5918 373 21 8.163000
5919 376 21 8.035000
5920 372 21 8.212000
5921 374 19 7.576000
5922 374 20 7.919000
5923 378 20 8.056000
5924 377 21 8.517000
5925 377 21 8.545000
5926 376 20 7.967000
5927 378 19 7.517000
5928 376 19 7.458000
5929 377 19 7.699000
5930 378 19 7.790000
5931 374 19 7.860000
5932 373 21 8.503000
5933 373 17 6.874000
5934 373 19 7.593000
5935 373 21 8.499000
5936 373 20 8.171000
5937 372 17 6.997000
5938 371 19 7.729000
5939 372 20 8.180000
5940 388 21 8.194000
5941 389 22 8.572000
5942 388 20 7.989000
5943 389 21 8.409000
5944 378 13 5.202000
5945 374 22 8.697000
5946 375 20 7.759000
5947 376 17 6.470000
5948 369 19 7.208000
5949 369 21 8.330000
5950 373 20 7.983000
5951 373 23 8.998000
5952 376 20 7.772000
5953 375 20 7.717000
5954 375 21 8.103000
5955 374 20 7.868000
5956 373 19 7.552000
5957 373 17 6.710000
5958 374 21 8.267000
5959 387 23 8.641000
5960 386 25 9.332000
5961 386 21 7.794000
5962 388 21 7.840000
5963 388 21 7.697000
5964 387 20 7.250000
5965 383 23 8.390000
5966 383 23 8.494000
5967 382 23 8.507000
5968 380 20 7.499000
5969 378 18 6.642000
5970 377 21 7.691000
5971 378 21 7.746000
5972 378 21 7.852000
5973 380 20 7.334000
5974 380 20 7.360000
5975 378 21 7.701000
5976 377 22 8.003000
5977 376 22 7.893000
5978 377 20 7.238000
5979 375 18 6.565000
5980 374 20 7.636000
5981 374 22 8.185000
5982 376 21 7.965000
5983 373 21 7.927000
5984 373 19 7.074000
5985 376 21 7.935000
5986 378 22 8.143000
5987 378 21 7.942000
5988 378 17 6.316000
5989 380 21 7.799000
5990 383 22 8.227000
5991 384 23 8.553000
5992 383 22 8.620000
5993 371 17 6.756000
5994 371 24 9.351000
5995 373 21 8.122000
5996 361 21 8.285000
5997 364 23 8.847000
5998 363 24 9.540000
5999 363 23 9.090000
6000 364 23 9.093000
6001 372 22 8.387000
6002 376 24 9.026000
6003 380 22 8.445000
6004 379 23 8.709000
6005 379 23 8.780000
6006 380 11 4.378000
6007 374 22 8.681000
6008 375 18 7.128000
6009 377 21 8.321000
6010 378 22 8.867000
6011 377 20 8.122000
6012 378 23 9.268000
6013 378 22 8.898000
6014 376 19 7.604000
6015 377 24 9.426000
6016 379 21 8.517000
6017 380 21 8.460000
6018 382 24 9.715000
6019 382 23 9.231000
6020 374 22 8.710000
6021 375 23 9.238000
6022 375 20 8.275000
6023 375 22 8.909000
6024 374 22 8.870000
6025 373 20 8.025000
6026 371 20 7.917000
6027 382 21 8.364000
6028 378 23 9.075000
6029 376 21 8.249000
6030 375 22 8.214000
6031 376 22 8.245000
6032 379 21 7.963000
6033 371 22 8.298000
6034 388 22 8.330000
6035 390 24 8.954000
6036 392 22 8.206000
6037 393 21 7.845000
6038 393 19 7.079000
6039 393 21 7.797000
6040 387 21 7.832000
6041 394 23 8.617000
6042 392 24 8.929000
6043 393 22 8.234000
6044 389 21 7.880000
6045 391 23 8.706000
6046 392 23 8.573000
6047 391 17 6.494000
6048 384 16 6.131000
6049 367 24 9.632000
6050 368 23 9.136000
6051 371 22 8.773000
6052 371 24 9.412000
6053 370 20 7.986000
6054 371 20 7.837000
6055 370 20 7.923000
6056 370 22 8.509000
6057 370 20 7.950000
6058 369 21 8.398000
6059 369 23 9.310000
6060 369 21 8.709000
6061 369 21 8.708000
6062 370 22 9.128000
6063 370 24 9.598000
6064 369 22 8.850000
6065 369 22 9.061000
6066 368 20 8.318000
6067 373 22 9.166000
6068 372 21 8.592000
6069 371 21 8.457000
6070 370 22 8.859000
6071 366 22 9.240000
6072 361 21 9.010000
6073 367 21 8.909000
6074 368 22 9.135000
6075 364 20 8.084000
6076 365 21 8.651000
6077 365 21 8.887000
6078 365 19 8.031000
6079 365 18 7.545000
6080 367 21 8.830000
6081 366 23 9.390000
6082 365 22 9.273000
6083 366 18 7.690000
6084 366 20 8.447000
6085 365 20 8.429000
6086 365 21 8.562000
6087 367 23 9.279000
6088 366 23 9.520000
6089 365 20 8.361000
6090 364 22 9.092000
6091 363 20 8.325000
6092 365 23 9.375000
6093 365 24 9.566000
6094 365 22 8.778000
6095 363 23 9.088000
6096 364 21 8.238000
6097 364 21 8.244000
6098 371 22 8.248000
6099 370 23 8.648000
6100 369 21 7.951000
6101 371 22 8.408000
6102 370 23 8.723000
6103 373 23 8.441000
6104 371 22 8.346000
6105 372 22 8.422000
6106 372 23 8.588000
6107 373 24 8.879000
6108 374 23 8.501000
6109 374 22 8.255000
6110 375 22 8.171000
6111 374 20 7.514000
6112 373 22 8.481000
6113 378 23 8.717000
6114 373 22 8.563000
6115 369 21 8.070000
6116 372 19 7.384000
6117 372 14 5.524000
6118 371 21 7.973000
6119 366 20 7.798000
6120 365 22 8.253000
6121 376 23 8.912000
6122 367 22 8.635000
6123 365 23 9.094000
6124 366 20 8.092000
6125 365 22 8.852000
6126 364 22 8.831000
6127 366 23 8.894000
6128 370 23 8.946000
6129 372 25 9.900000
6130 371 21 8.472000
6131 370 23 9.164000
6132 373 22 8.650000
6133 373 24 9.333000
6134 371 23 8.964000
6135 370 24 9.518000
6136 368 22 8.751000
6137 367 21 8.345000
6138 367 21 8.166000
6139 368 21 8.095000
6140 367 24 9.499000
6141 367 24 9.740000
6142 367 22 8.733000
6143 364 22 8.692000
6144 365 20 7.722000
6145 368 20 7.664000
6146 367 19 7.491000
6147 366 23 9.160000
6148 365 23 9.074000
6149 364 24 9.468000
6150 362 24 9.170000
6151 364 24 9.075000
6152 363 24 9.296000
6153 362 23 8.948000
6154 362 23 8.869000
6155 366 23 8.615000
6156 365 17 6.465000
6157 365 22 8.053000
6158 365 23 8.397000
6159 364 22 7.916000
6160 360 24 9.072000
6161 361 22 8.401000
6162 361 22 8.416000
6163 362 17 6.558000
6164 364 20 7.640000
6165 364 21 7.907000
6166 362 21 7.871000
6167 360 22 8.276000
6168 362 21 7.896000
6169 368 18 6.836000
6170 369 21 7.900000
6171 365 22 8.278000
6172 366 20 7.575000
6173 366 20 7.599000
6174 364 23 8.681000
6175 365 20 7.618000
6176 364 22 8.393000
6177 376 22 8.308000
6178 376 13 4.967000
6179 376 19 7.169000
6180 377 19 7.110000
6181 378 18 6.769000
6182 376 20 7.733000
6183 376 16 6.228000
6184 370 22 8.609000
6185 368 23 9.043000
6186 367 11 4.492000
6187 367 20 7.941000
6188 370 22 8.589000
6189 367 23 8.975000
6190 366 13 5.137000
6191 367 21 8.103000
6192 366 22 8.641000
6193 367 20 7.910000
6194 368 21 8.460000
6195 368 20 8.168000
6196 371 20 8.232000
6197 372 21 8.511000
6198 372 21 8.266000
6199 371 20 7.920000
6200 369 21 8.555000
6201 372 20 8.204000
6202 370 20 8.132000
6203 370 21 8.470000
6204 368 21 8.269000
6205 369 21 8.327000
6206 369 20 8.154000
6207 366 20 8.093000
6208 366 22 8.810000
6209 366 21 8.378000
6210 365 18 7.215000
6211 366 21 8.262000
6212 368 20 8.132000
6213 369 20 8.165000
6214 369 18 7.481000
6215 370 18 7.406000
6216 369 21 8.533000
6217 370 20 8.109000
6218 366 17 6.911000
6219 371 22 8.735000
6220 370 22 8.674000
6221 370 22 8.595000
6222 369 20 7.768000
6223 371 21 8.112000
6224 371 21 8.057000
6225 372 18 7.068000
6226 372 19 7.502000
6227 370 21 8.140000
6228 368 23 8.870000
6229 367 23 8.825000
6230 366 19 7.286000
6231 365 21 8.003000
6232 364 19 7.015000
6233 366 20 7.438000
6234 366 16 5.966000
6235 364 20 7.365000
6236 374 21 7.824000
6237 373 22 8.190000
6238 373 21 7.854000
6239 374 17 6.511000
6240 375 21 7.983000
6241 373 17 6.484000
6242 375 16 6.195000
6243 375 12 4.744000
6244 374 18 6.968000
6245 376 17 6.650000
6246 374 17 6.597000
6247 377 18 6.856000
6248 377 18 6.896000
6249 374 23 8.856000
6250 375 23 8.808000
6251 376 23 8.753000
6252 376 19 7.285000
6253 377 20 7.815000
6254 376 20 7.766000
6255 376 20 7.909000
6256 375 21 8.239000
6257 379 21 8.391000
6258 377 22 8.790000
6259 377 20 7.877000
6260 376 19 7.470000
6261 378 20 7.825000
6262 379 21 8.338000
6263 378 20 8.043000
6264 377 21 8.511000
6265 375 20 8.253000
6266 376 20 8.231000
6267 376 19 7.799000
6268 376 18 7.297000
6269 377 19 7.609000
6270 369 22 8.702000
6271 370 20 8.022000
6272 371 19 7.805000
6273 370 19 7.813000
6274 372 18 7.365000
6275 368 18 7.504000
6276 371 20 8.066000
6277 368 19 7.727000
6278 370 21 8.578000
6279 370 21 8.599000
6280 371 20 8.210000
6281 371 12 5.099000
6282 371 19 7.785000
6283 370 19 7.629000
6284 366 19 7.630000
6285 367 13 5.322000
6286 368 21 8.588000
6287 368 19 7.697000
6288 372 18 7.314000
6289 367 19 7.849000
6290 368 20 8.098000
6291 367 20 8.013000
6292 363 21 8.388000
6293 362 19 7.648000
6294 364 18 7.392000
6295 366 20 8.146000
6296 366 12 5.015000
6297 366 13 5.429000
6298 364 20 8.004000
6299 365 18 7.180000
6300 365 21 8.426000
6301 365 19 7.648000
6302 373 20 7.785000
6303 373 22 8.385000
6304 373 21 7.957000
6305 372 20 7.465000
6306 374 19 7.056000
6307 374 18 6.819000
6308 376 18 6.739000
6309 370 21 8.209000
6310 359 20 7.754000
6311 362 18 7.169000
6312 362 19 7.500000
6313 367 20 7.883000
6314 367 16 6.369000
6315 364 12 4.913000
6316 364 16 6.485000
6317 371 18 7.225000
6318 373 20 8.005000
6319 362 18 7.228000
6320 363 21 8.250000
6321 363 20 7.953000
6322 362 19 7.422000
6323 360 20 7.951000
6324 360 20 7.845000
6325 363 20 7.802000
6326 360 17 6.697000
6327 361 17 6.751000
6328 356 19 7.569000
6329 366 21 8.459000
6330 367 20 8.032000
6331 363 19 7.636000
6332 363 19 7.572000
6333 364 12 4.942000
6334 366 21 8.371000
6335 365 21 8.451000
6336 367 18 7.279000
6337 363 20 7.934000
6338 365 18 7.148000
6339 363 20 7.939000
6340 364 17 6.928000
6341 364 19 7.874000
6342 364 19 7.750000
6343 365 20 8.187000
6344 365 13 5.426000
6345 363 18 7.311000
6346 363 21 8.124000
6347 362 21 8.365000
6348 364 20 8.290000
6349 370 21 8.395000
6350 370 22 8.525000
6351 374 19 7.499000
6352 374 18 7.066000
6353 373 17 6.673000
6354 370 20 7.779000
6355 372 20 7.841000
6356 372 22 8.692000
6357 370 23 9.036000
6358 372 21 8.204000
6359 375 19 7.402000
6360 375 20 7.753000
6361 375 20 7.905000
6362 375 12 4.953000
6363 375 21 8.448000
6364 375 19 7.459000
6365 376 12 4.858000
6366 376 22 8.482000
6367 377 12 4.854000
6368 376 20 7.751000
6369 375 18 7.155000
6370 373 19 7.543000
6371 372 17 6.797000
6372 371 23 9.055000
6373 374 23 9.106000
6374 374 17 6.731000
6375 374 21 8.060000
6376 376 21 8.222000
6377 375 22 8.739000
6378 378 21 7.968000
6379 378 23 8.752000
6380 373 22 8.156000
6381 373 16 5.938000
6382 373 20 7.371000
6383 374 18 6.748000
6384 376 21 7.759000
6385 374 24 8.707000
6386 374 24 8.792000
6387 371 18 6.661000
6388 372 20 7.376000
6389 369 22 8.259000
6390 371 23 8.564000
6391 368 22 8.448000
6392 369 22 8.418000
6393 368 22 8.367000
6394 367 24 9.002000
6395 366 23 8.698000
6396 364 18 6.795000
6397 364 22 8.302000
6398 365 21 7.878000
6399 367 20 7.589000
6400 368 21 8.098000
6401 368 21 8.079000
6402 370 21 8.201000
6403 371 22 8.513000
6404 370 20 7.600000
6405 367 22 8.411000
6406 366 20 7.762000
6407 366 21 8.091000
6408 361 17 6.751000
6409 363 21 8.118000
6410 364 20 7.763000
6411 365 19 7.503000
6412 371 21 8.337000
6413 371 23 9.306000
6414 371 19 7.717000
6415 372 20 8.155000
6416 372 17 6.863000
6417 373 20 7.986000
6418 372 11 4.464000
6419 371 18 7.185000
6420 373 21 8.582000
6421 369 18 7.431000
6422 373 19 7.703000
6423 373 19 7.694000
6424 372 18 7.272000
6425 373 18 7.214000
6426 372 14 5.772000
6427 372 18 7.506000
6428 372 19 7.891000
6429 372 19 7.957000
6430 372 10 4.475000
6431 372 18 7.530000
6432 370 13 5.429000
6433 369 18 7.343000
6434 371 19 7.680000
6435 373 19 7.977000
6436 372 20 8.288000
6437 373 19 7.976000
6438 373 12 5.150000
6439 373 23 9.376000
6440 370 22 8.666000
6441 371 23 9.213000
6442 365 19 7.853000
6443 365 22 8.903000
6444 375 21 8.499000
6445 363 19 7.600000
6446 362 20 7.727000
6447 367 16 6.182000
6448 366 15 5.986000
6449 363 18 7.405000
6450 362 17 6.958000
6451 364 16 6.596000
6452 364 18 7.355000
6453 357 10 4.187000
6454 358 17 6.797000
6455 358 17 6.717000
6456 366 16 6.350000
6457 375 16 6.248000
6458 375 19 7.431000
6459 375 16 6.246000
6460 377 18 7.059000
6461 377 18 6.978000
6462 373 20 7.820000
6463 371 24 8.931000
6464 372 24 8.828000
6465 372 24 8.902000
6466 371 20 7.524000
6467 375 22 8.163000
6468 375 24 8.976000
6469 380 24 8.911000
6470 381 23 8.540000
6471 382 22 8.216000
6472 381 21 7.824000
6473 381 20 7.549000
6474 380 20 7.738000
6475 375 21 8.021000
6476 377 21 8.130000
6477 376 17 6.606000
6478 360 23 8.844000
6479 364 23 8.639000
6480 362 22 8.307000
6481 362 21 7.861000
6482 362 20 7.518000
6483 381 13 5.366000
6484 381 22 8.717000
6485 377 22 8.694000
6486 377 23 9.148000
6487 377 21 8.339000
6488 377 20 8.147000
6489 377 20 7.981000
6490 376 21 8.208000
6491 375 21 8.036000
6492 380 20 8.017000
6493 377 21 8.533000
6494 378 18 7.314000
6495 378 20 7.927000
6496 379 17 6.910000
6497 379 22 8.693000
6498 379 22 8.638000
6499 377 20 7.991000
6500 377 19 7.576000
6501 376 21 8.357000
6502 376 20 8.016000
6503 377 21 8.304000
6504 376 19 7.500000
6505 380 22 8.709000
6506 380 23 9.204000
6507 380 21 8.412000
6508 379 21 8.372000
6509 379 21 8.364000
6510 381 20 7.930000
6511 377 22 8.652000
6512 380 21 8.384000
6513 375 20 8.030000
6514 379 20 7.931000
6515 379 21 8.487000
6516 377 21 8.318000
6517 378 20 7.879000
6518 379 18 7.138000
6519 377 18 7.218000
6520 377 18 7.066000
6521 375 17 6.871000
6522 371 21 8.350000
6523 369 13 5.128000
6524 369 22 8.333000
6525 371 19 7.135000
6526 370 21 7.827000
6527 373 21 7.700000
6528 373 19 7.016000
6529 372 22 8.134000
6530 372 21 7.841000
6531 373 20 7.427000
6532 370 20 7.481000
6533 371 19 7.027000
6534 371 21 7.752000
6535 370 21 7.704000
6536 373 18 6.773000
6537 371 20 7.658000
6538 371 21 8.031000
6539 372 20 7.573000
6540 374 22 8.201000
6541 375 21 7.933000
6542 375 19 7.073000
6543 373 18 6.764000
6544 374 19 7.184000
6545 373 17 6.470000
6546 376 18 6.854000
6547 374 17 6.591000
6548 374 18 6.771000
6549 375 13 5.053000
6550 375 21 8.027000
6551 374 20 7.784000
6552 374 17 6.754000
6553 372 21 8.228000
6554 369 22 8.519000
6555 369 20 7.823000
6556 370 18 7.038000
6557 372 20 7.760000
6558 372 13 5.055000
6559 370 22 8.250000
6560 370 21 7.937000
6561 370 19 7.376000
6562 369 20 7.910000
6563 366 21 8.363000
6564 372 21 8.536000
6565 369 20 8.103000
6566 371 20 8.146000
6567 371 21 8.270000
6568 371 20 7.812000
6569 371 22 8.641000
6570 366 22 8.884000
6571 364 23 9.190000
6572 364 23 9.105000
6573 367 20 7.830000
6574 368 24 9.122000
6575 368 22 8.525000
6576 368 21 8.223000
6577 368 21 8.283000
6578 366 22 8.609000
6579 370 21 8.076000
6580 371 21 7.958000
6581 370 23 8.975000
6582 369 21 8.330000
6583 368 22 8.696000
6584 364 21 8.304000
6585 365 23 8.880000
6586 370 21 8.212000
6587 372 22 8.659000
6588 372 22 8.692000
6589 369 21 8.622000
6590 369 22 8.904000
6591 369 21 8.528000
6592 368 20 8.049000
6593 367 19 7.852000
6594 369 22 8.748000
6595 369 24 9.449000
6596 367 23 8.916000
6597 367 24 9.274000
6598 368 21 7.982000
6599 370 21 7.930000
6600 371 21 7.889000
6601 370 23 8.513000
6602 371 22 8.119000
6603 370 21 7.788000
6604 367 22 8.176000
6605 366 21 7.889000
6606 367 22 8.098000
6607 373 21 7.789000
6608 374 25 9.053000
6609 374 22 8.041000
6610 372 22 8.209000
6611 375 23 8.461000
6612 378 23 8.420000
6613 377 23 8.383000
6614 379 22 8.020000
6615 378 23 8.325000
6616 376 24 8.923000
6617 376 21 7.914000
6618 378 22 8.145000
6619 378 23 8.533000
6620 376 25 9.394000
6621 377 24 9.034000
6622 377 20 7.670000
6623 377 23 8.742000
6624 379 23 8.744000
6625 375 22 8.364000
6626 377 21 8.014000
6627 379 20 7.469000
6628 378 21 7.784000
6629 375 25 9.139000
6630 373 17 6.506000
6631 377 18 6.825000
6632 375 20 7.812000
6633 376 23 8.877000
6634 375 23 9.050000
6635 373 23 8.969000
6636 374 20 7.783000
6637 372 18 6.931000
6638 375 20 7.584000
6639 375 22 8.478000
6640 376 20 7.766000
6641 377 20 7.759000
6642 381 22 8.465000
6643 382 19 7.317000
6644 381 22 8.300000
6645 379 22 8.549000
6646 378 23 9.022000
6647 381 21 8.321000
6648 376 20 8.064000
6649 378 21 8.424000
6650 375 21 8.307000
6651 375 21 8.443000
6652 375 20 7.995000
6653 376 20 8.048000
6654 375 13 5.344000
6655 375 21 8.202000
6656 376 20 7.823000
6657 375 11 4.404000
6658 380 20 7.893000
6659 367 17 6.745000
6660 371 23 9.043000
6661 370 23 9.022000
6662 372 19 7.473000
6663 369 20 7.759000
6664 372 20 7.760000
6665 374 20 7.769000
6666 372 21 8.245000
6667 372 19 7.584000
6668 377 17 6.775000
6669 375 19 7.538000
6670 376 14 5.579000
6671 378 19 7.541000
6672 380 23 8.972000
6673 381 25 9.590000
6674 379 22 8.339000
6675 379 21 7.977000
6676 377 21 8.040000
6677 379 22 8.243000
6678 381 21 7.857000
6679 382 23 8.579000
6680 383 23 8.504000
6681 373 22 8.413000
6682 375 23 8.765000
6683 373 21 8.097000
6684 371 22 8.675000
6685 371 22 8.519000
6686 374 18 7.062000
6687 371 20 7.793000
6688 371 18 6.969000
6689 369 19 7.435000
6690 370 19 7.319000
6691 368 19 7.440000
6692 367 19 7.317000
6693 366 19 7.410000
6694 375 23 8.811000
6695 376 23 8.942000
6696 374 21 8.075000
6697 373 21 8.353000
6698 373 13 5.243000
6699 372 20 7.903000
6700 379 22 8.638000
6701 380 21 8.003000
6702 380 19 7.279000
6703 369 23 9.013000
6704 370 23 9.083000
6705 369 20 8.007000
6706 371 15 6.224000
6707 370 20 8.269000
6708 371 20 8.216000
6709 371 20 8.173000
6710 372 22 8.911000
6711 370 22 8.524000
6712 372 20 7.924000
6713 369 20 8.147000
6714 369 19 7.695000
6715 373 20 8.141000
6716 364 25 9.769000
6717 365 25 9.659000
6718 365 22 8.525000
6719 364 21 8.336000
6720 362 21 8.333000
6721 363 19 7.645000
6722 363 19 7.683000
6723 363 18 7.310000
6724 360 23 9.066000
6725 374 24 9.445000
6726 374 24 9.514000
6727 371 20 8.035000
6728 370 20 7.997000
6729 370 19 7.662000
6730 371 18 7.183000
6731 370 19 7.517000
6732 371 19 7.605000
6733 369 19 7.711000
6734 369 21 8.427000
6735 371 22 8.918000
6736 372 20 8.057000
6737 371 20 7.933000
6738 367 20 7.823000
6739 364 13 5.439000
6740 365 21 8.445000
6741 364 21 8.614000
6742 364 16 6.528000
6743 364 18 7.218000
6744 366 16 6.394000
6745 366 17 6.726000
6746 364 18 7.162000
6747 366 19 7.591000
6748 366 19 7.446000
6749 364 22 8.563000
6750 364 21 8.214000
6751 365 21 8.152000
6752 370 22 8.565000
6753 368 25 9.610000
6754 366 24 9.198000
6755 365 19 7.419000
6756 366 22 8.587000
6757 367 21 8.195000
6758 367 19 7.432000
6759 368 20 7.763000
6760 367 20 7.706000
6761 368 18 6.985000
6762 375 21 8.070000
6763 369 24 9.153000
6764 369 20 7.669000
6765 368 20 7.771000
6766 372 15 5.858000
6767 372 19 7.382000
6768 371 19 7.320000
6769 371 19 7.259000
6770 368 21 8.108000
6771 369 20 7.758000
6772 368 18 7.027000
6773 369 19 7.424000
6774 368 18 7.196000
6775 368 15 6.062000
6776 368 18 7.227000
6777 367 24 9.535000
6778 367 25 9.848000
6779 369 22 8.497000
6780 372 21 8.400000
6781 369 21 8.383000
6782 368 22 8.754000
6783 369 21 8.315000
6784 370 21 8.238000
6785 369 21 8.208000
6786 374 22 8.653000
6787 374 20 8.047000
6788 372 23 9.326000
6789 372 22 8.858000
6790 373 21 8.525000
6791 371 22 8.769000
6792 383 22 8.562000
6793 384 19 7.553000
6794 384 19 7.543000
6795 379 20 7.948000
6796 379 20 7.914000
6797 380 21 8.130000
6798 380 22 8.638000
6799 381 21 8.089000
6800 383 21 8.348000
6801 376 19 7.554000
6802 377 21 8.328000
6803 378 22 8.627000
6804 378 20 7.785000
6805 380 17 6.497000
6806 378 20 7.867000
6807 382 19 7.549000
6808 382 17 6.835000
6809 364 20 8.155000
6810 363 23 9.413000
6811 363 23 9.134000
6812 363 24 9.616000
6813 366 21 8.413000
6814 365 21 8.300000
6815 363 21 8.262000
6816 364 22 8.593000
6817 362 14 5.557000
6818 361 22 8.507000
6819 361 22 8.493000
6820 360 20 7.794000
6821 359 22 8.446000
6822 356 24 9.242000
6823 356 21 8.076000
6824 355 19 7.361000
6825 355 23 8.798000
6826 357 23 9.004000
6827 356 21 8.158000
6828 357 22 8.462000
6829 357 22 8.547000
6830 366 21 8.275000
6831 364 24 9.291000
6832 365 21 8.141000
6833 366 20 7.839000
6834 366 19 7.568000
6835 363 21 8.198000
6836 363 18 7.148000
6837 361 20 7.835000
6838 360 19 7.318000
6839 360 19 7.505000
6840 377 20 7.653000
6841 378 20 7.637000
6842 378 12 4.841000
6843 369 20 8.063000
6844 376 23 9.329000
6845 378 20 8.216000
6846 376 20 8.156000
6847 376 20 7.965000
6848 376 20 7.853000
6849 372 21 8.511000
6850 372 21 8.644000
6851 371 23 9.383000
6852 376 22 8.872000
6853 374 22 8.901000
6854 373 19 7.444000
6855 374 20 7.892000
6856 372 19 7.724000
6857 369 23 9.547000
6858 371 18 7.375000
6859 376 20 8.130000
6860 375 11 4.585000
6861 370 23 9.220000
6862 370 23 9.034000
6863 375 24 9.673000
6864 375 22 8.712000
6865 376 24 9.539000
6866 375 23 9.072000
6867 373 23 8.886000
6868 372 19 7.468000
6869 372 20 8.009000
6870 372 22 8.759000
6871 372 20 7.990000
6872 373 21 8.379000
6873 373 20 7.937000
6874 373 22 8.645000
6875 373 24 9.513000
6876 376 22 8.701000
6877 376 20 7.961000
6878 374 21 8.400000
6879 375 18 7.224000
6880 375 20 7.804000
6881 372 21 8.205000
6882 372 21 8.156000
6883 373 20 7.816000
6884 377 18 6.993000
6885 377 20 7.656000
6886 363 22 8.182000
6887 362 23 8.377000
6888 361 20 7.331000
6889 362 20 7.316000
6890 363 24 8.712000
6891 362 24 8.634000
6892 365 22 8.016000
6893 363 21 7.602000
6894 362 20 7.336000
6895 360 20 7.342000
6896 360 22 8.055000
6897 360 24 8.702000
6898 361 23 8.351000
6899 383 23 8.767000
6900 383 24 9.061000
6901 381 24 9.353000
6902 379 25 9.499000
6903 381 21 8.262000
6904 381 21 8.202000
6905 384 21 8.100000
6906 384 15 5.846000
6907 383 21 8.193000
6908 381 21 8.084000
6909 382 22 8.527000
6910 381 22 8.567000
6911 382 22 8.794000
6912 382 22 8.757000
6913 373 19 7.628000
6914 371 21 8.177000
6915 371 19 7.491000
6916 371 18 6.939000
6917 371 17 6.675000
6918 370 20 7.764000
6919 369 20 8.006000
6920 369 20 7.933000
6921 369 14 5.673000
6922 374 18 7.317000
6923 375 21 8.332000
6924 376 18 7.171000
6925 376 19 7.630000
6926 379 19 7.615000
6927 378 13 5.410000
6928 379 19 7.682000
6929 378 18 7.214000
6930 380 20 8.014000
6931 380 18 7.095000
6932 381 20 8.045000
6933 379 20 8.070000
6934 378 21 8.510000
6935 379 22 8.729000
6936 377 21 8.425000
6937 376 20 7.916000
6938 377 17 7.023000
6939 368 23 9.222000
6940 369 23 9.126000
6941 368 23 8.982000
6942 370 20 7.792000
6943 370 20 7.825000
6944 369 18 7.082000
6945 369 18 7.310000
6946 369 21 8.413000
6947 368 22 8.647000
6948 368 23 9.037000
6949 369 21 8.225000
6950 368 21 8.109000
6951 369 23 8.804000
6952 371 20 7.726000
6953 374 19 7.257000
6954 375 19 7.397000
6955 374 21 8.057000
6956 374 20 7.739000
6957 376 20 7.647000
6958 377 22 8.476000
6959 369 23 8.608000
6960 370 21 7.902000
6961 371 19 7.216000
6962 370 21 8.015000
6963 371 21 7.939000
6964 368 18 6.925000
6965 368 19 7.228000
6966 368 14 5.524000
6967 371 18 6.960000
6968 370 18 6.943000
6969 370 18 6.851000
6970 369 17 6.528000
6971 369 13 5.020000
6972 372 12 4.653000
6973 373 18 6.760000
6974 368 16 6.105000
6975 368 17 6.671000
6976 369 18 6.925000
6977 369 15 5.802000
6978 367 18 6.990000
6979 369 19 7.419000
6980 367 15 5.827000
6981 368 19 7.436000
6982 368 20 7.779000
6983 367 19 7.187000
6984 366 18 7.031000
6985 368 20 7.662000
6986 368 18 7.087000
6987 369 19 7.328000
6988 369 12 4.951000
6989 367 10 4.129000
6990 369 18 7.210000
6991 365 19 7.513000
6992 365 22 8.742000
6993 369 18 7.106000
6994 369 13 5.248000
6995 369 18 7.050000
6996 369 16 6.383000
6997 369 17 6.892000
6998 366 10 4.185000
6999 365 19 7.580000
7000 364 19 7.615000
7001 379 16 6.141000
7002 375 19 7.397000
7003 374 18 6.816000
7004 365 18 7.411000
7005 365 21 8.516000
7006 365 18 7.385000
7007 364 17 7.005000
7008 364 20 8.071000
7009 364 9 3.866000
7010 365 17 6.872000
7011 369 17 6.808000
7012 369 20 8.042000
7013 368 16 6.656000
7014 369 18 7.326000
7015 369 16 6.498000
7016 368 19 7.667000
7017 369 18 7.110000
7018 369 16 6.339000
7019 369 19 7.490000
7020 368 13 5.408000
7021 364 23 8.993000
7022 361 23 9.123000
7023 364 23 8.950000
7024 364 21 8.153000
7025 363 20 7.592000
7026 362 19 7.434000
7027 362 20 7.637000
7028 362 20 7.776000
7029 361 20 7.742000
7030 362 11 4.434000
7031 361 19 7.264000
7032 354 22 8.304000
7033 353 22 8.146000
7034 354 21 7.922000
7035 351 21 7.782000
7036 353 22 8.090000
7037 353 19 6.980000
7038 355 21 7.643000
7039 354 18 6.596000
7040 350 19 6.981000
7041 351 19 6.987000
7042 371 20 7.529000
7043 369 21 7.785000
7044 373 22 8.377000
7045 372 21 7.918000
7046 371 20 7.682000
7047 371 20 7.567000
7048 384 19 7.074000
7049 383 17 6.474000
7050 370 18 6.860000
7051 374 18 6.778000
7052 376 19 7.201000
7053 374 18 6.789000
7054 374 20 7.792000
7055 373 18 6.958000
7056 374 20 7.570000
7057 372 20 7.397000
7058 372 19 7.164000
7059 372 18 6.864000
7060 369 18 6.939000
7061 360 23 8.729000
7062 363 22 8.557000
7063 363 20 7.860000
7064 359 24 9.709000
7065 359 24 9.567000
7066 360 21 8.263000
7067 359 20 7.894000
7068 358 20 8.164000
7069 360 19 7.637000
7070 360 19 7.671000
7071 364 23 9.156000
7072 365 24 9.342000
7073 367 21 8.102000
7074 361 22 8.826000
7075 362 23 9.025000
7076 377 21 8.544000
7077 369 23 9.032000
7078 374 20 7.729000
7079 373 21 7.952000
7080 371 21 8.233000
7081 370 21 8.271000
7082 375 21 8.469000
7083 373 19 7.700000
7084 377 17 6.817000
7085 379 19 7.453000
7086 380 19 7.462000
7087 381 20 8.036000
7088 373 19 7.909000
7089 372 20 8.139000
7090 373 15 6.238000
7091 373 16 6.649000
7092 374 11 4.587000
7093 376 20 7.895000
7094 367 19 7.547000
7095 367 22 8.990000
7096 367 10 4.321000
7097 367 20 8.033000
7098 369 17 6.910000
7099 370 22 8.631000
7100 372 22 8.473000
7101 374 21 8.169000
7102 371 21 7.981000
7103 374 12 4.755000
7104 374 21 8.107000
7105 375 21 8.024000
7106 375 20 7.586000
7107 375 21 7.946000
7108 377 19 7.336000
7109 378 21 8.029000
7110 372 19 7.195000
7111 369 20 7.550000
7112 371 16 6.081000
7113 372 14 5.336000
7114 375 16 6.125000
7115 373 16 6.194000
7116 370 17 6.440000
7117 370 19 7.185000
7118 365 22 8.341000
7119 363 22 8.328000
7120 362 21 8.166000
7121 366 21 8.004000
7122 364 20 7.667000
7123 364 17 6.553000
7124 363 19 7.452000
7125 363 19 7.365000
7126 363 18 7.058000
7127 362 11 4.323000
7128 362 17 6.461000
7129 354 21 8.112000
7130 354 20 7.678000
7131 363 16 6.160000
7132 362 17 6.581000
7133 361 14 5.736000
7134 365 16 6.463000
7135 365 15 6.030000
7136 366 15 6.083000
7137 370 15 5.972000
7138 371 13 5.242000
7139 369 17 6.739000
7140 369 16 6.346000
7141 369 15 5.829000
7142 365 17 6.703000
7143 362 20 7.809000
7144 368 20 7.851000
7145 368 21 8.036000
7146 368 16 6.330000
7147 368 18 6.903000
7148 365 19 7.404000
7149 384 21 7.894000
7150 377 22 8.611000
7151 376 21 8.186000
7152 376 20 8.012000
7153 376 20 7.856000
7154 376 18 7.161000
7155 376 19 7.605000
7156 375 19 7.415000
7157 377 19 7.508000
7158 377 21 8.261000
7159 377 18 7.115000
7160 376 19 7.366000
7161 374 17 6.645000
7162 383 11 4.389000
7163 380 17 6.660000
7164 381 18 6.933000
7165 382 18 7.121000
7166 381 12 4.872000
7167 380 17 6.642000
7168 380 15 5.955000
7169 372 18 6.838000
7170 379 18 6.802000
7171 379 18 6.810000
7172 374 15 5.662000
7173 377 16 6.187000
7174 380 13 4.973000
7175 382 18 6.784000
7176 383 18 6.740000
7177 383 19 7.130000
7178 384 12 4.624000
7179 381 16 6.047000
7180 374 18 6.812000
7181 375 21 7.793000
7182 373 21 7.663000
7183 370 21 7.764000
7184 371 22 7.983000
7185 376 23 8.353000
7186 374 23 8.534000
7187 381 20 7.161000
7188 380 22 8.068000
7189 380 21 7.618000
7190 368 21 7.760000
7191 367 23 8.390000
7192 370 20 7.414000
7193 381 21 7.527000
7194 369 24 8.762000
7195 368 19 6.987000
7196 366 21 7.779000
7197 366 22 7.961000
7198 367 20 7.406000
7199 366 19 6.897000
7200 365 20 7.527000
7201 368 24 8.722000
7202 369 22 8.038000
7203 368 19 6.937000
7204 369 21 7.696000
7205 363 19 7.148000
7206 364 18 7.012000
7207 365 19 7.235000
7208 365 19 7.338000
7209 363 14 5.447000
7210 364 16 6.278000
7211 365 19 7.307000
7212 365 19 7.400000
7213 365 17 6.558000
7214 360 17 6.477000
7215 363 13 5.186000
7216 366 11 4.386000
7217 369 13 5.153000
7218 362 15 5.936000
7219 365 17 6.742000
7220 361 17 6.795000
7221 365 12 5.021000
7222 364 18 7.303000
7223 363 19 7.769000
7224 362 20 8.008000
7225 367 19 7.581000
7226 365 20 7.673000
7227 365 10 4.141000
7228 366 17 6.824000
7229 364 16 6.590000
7230 372 20 8.026000
7231 373 20 8.072000
7232 364 20 8.009000
7233 371 19 7.557000
7234 367 19 7.176000
7235 367 21 8.211000
7236 367 21 8.160000
7237 367 19 7.441000
7238 365 20 7.748000
7239 364 22 8.454000
7240 369 19 7.226000
7241 367 18 6.946000
7242 367 22 8.672000
7243 367 21 8.299000
7244 368 15 6.067000
7245 368 20 7.732000
7246 369 18 6.993000
7247 367 22 8.422000
7248 368 22 8.554000
7249 368 19 7.595000
7250 367 19 7.589000
7251 366 20 8.082000
7252 364 19 7.590000
7253 366 20 7.854000
7254 366 20 7.881000
7255 366 19 7.617000
7256 365 20 8.110000
7257 365 22 8.982000
7258 364 22 8.830000
7259 363 19 7.599000
7260 359 19 7.605000
7261 358 16 6.294000
7262 361 22 8.319000
7263 361 22 8.536000
7264 362 20 7.677000
7265 363 17 6.577000
7266 365 19 7.283000
7267 365 21 8.026000
7268 361 22 8.526000
7269 367 20 7.586000
7270 368 20 7.546000
7271 368 11 4.319000
7272 369 17 6.537000
7273 371 17 6.462000
7274 369 18 6.902000
7275 368 19 7.151000
7276 385 20 7.955000
7277 385 23 8.914000
7278 384 16 6.524000
7279 384 21 8.324000
7280 383 21 8.304000
7281 383 21 8.133000
7282 382 19 7.536000
7283 382 21 8.190000
7284 381 21 8.205000
7285 376 21 8.474000
7286 376 20 7.983000
7287 379 17 6.570000
7288 381 21 8.167000
7289 381 21 8.232000
7290 382 19 7.547000
7291 383 19 7.615000
7292 383 21 8.635000
7293 381 20 8.282000
7294 378 20 8.258000
7295 379 19 7.723000
7296 378 19 7.754000
7297 376 17 6.972000
7298 381 19 7.614000
7299 380 19 7.906000
7300 380 19 7.826000
7301 380 18 7.435000
7302 380 19 7.795000
7303 376 19 7.717000
7304 371 19 7.598000
7305 371 17 7.146000
7306 374 19 7.810000
7307 375 20 8.204000
7308 377 20 8.267000
7309 377 22 8.720000
7310 378 11 4.547000
7311 377 18 7.095000
7312 377 18 7.430000
7313 378 19 7.762000
7314 380 18 7.234000
7315 380 17 7.045000
7316 366 20 8.064000
7317 365 14 5.627000
7318 366 18 7.128000
7319 369 17 6.974000
7320 370 19 7.716000
7321 370 19 7.719000
7322 369 23 9.204000
7323 370 23 8.978000
7324 370 20 7.794000
7325 372 21 8.402000
7326 369 20 8.253000
7327 373 19 7.807000
7328 372 20 8.181000
7329 376 16 6.549000
7330 378 18 6.910000
7331 378 18 7.030000
7332 379 16 6.255000
7333 379 12 4.710000
7334 377 12 4.807000
7335 377 14 5.431000
7336 374 21 7.956000
7337 375 21 7.949000
7338 375 19 7.221000
7339 374 19 7.236000
7340 365 19 7.367000
7341 365 20 7.690000
7342 364 19 7.380000
7343 378 23 8.870000
7344 376 23 8.812000
7345 379 21 8.272000
7346 379 22 8.521000
7347 377 21 8.205000
7348 378 21 7.998000
7349 380 20 7.704000
7350 379 21 8.017000
7351 379 21 8.217000
7352 379 21 8.103000
7353 382 21 8.021000
7354 382 22 8.384000
7355 382 21 8.195000
7356 375 12 4.834000
7357 374 24 9.309000
7358 374 21 8.275000
7359 373 22 8.644000
7360 373 22 8.622000
7361 373 23 8.880000
7362 378 23 8.776000
7363 376 23 8.880000
7364 377 24 9.102000
7365 376 22 8.473000
7366 362 23 9.303000
7367 361 24 9.636000
7368 360 22 9.216000
7369 360 20 8.265000
7370 359 22 9.104000
7371 359 22 9.011000
7372 359 22 8.752000
7373 360 22 8.750000
7374 360 21 8.663000
7375 359 18 7.440000
7376 356 21 8.651000
7377 355 22 9.010000
7378 357 20 8.137000
7379 356 18 7.116000
7380 358 15 6.211000
7381 359 21 8.479000
7382 359 21 8.607000
7383 356 22 8.881000
7384 357 21 8.618000
7385 357 19 7.611000
7386 357 19 7.520000
7387 361 20 7.991000
7388 361 17 6.874000
7389 356 19 7.708000
7390 359 19 7.817000
7391 359 12 4.962000
7392 359 9 3.813000
7393 357 18 7.180000
7394 356 18 7.380000
7395 357 20 8.278000
7396 357 21 8.729000
7397 356 20 8.295000
7398 357 19 7.741000
7399 358 20 7.909000
7400 363 19 7.674000
7401 359 15 6.379000
7402 360 18 7.430000
7403 378 15 6.139000
7404 373 21 8.350000
7405 372 17 6.784000
7406 373 19 7.307000
7407 379 23 9.130000
7408 376 23 9.201000
7409 379 19 7.364000
7410 379 19 7.235000
7411 377 12 4.739000
7412 376 19 7.390000
7413 378 18 6.978000
7414 376 19 7.369000
7415 377 18 7.060000
7416 378 20 7.718000
7417 367 22 8.681000
7418 359 23 9.143000
7419 361 17 6.793000
7420 359 10 4.171000
7421 357 20 8.029000
7422 357 19 7.483000
7423 378 20 7.631000
7424 374 22 8.481000
7425 372 20 7.772000
7426 376 12 4.764000
7427 376 20 7.624000
7428 376 10 4.030000
7429 376 16 6.207000
7430 376 20 7.806000
7431 376 20 7.771000
7432 377 20 7.681000
7433 376 20 7.655000
7434 375 20 7.722000
7435 375 18 7.055000
7436 374 18 7.207000
7437 372 20 7.920000
7438 371 20 7.893000
7439 372 12 5.005000
7440 374 20 7.870000
7441 373 19 7.445000
7442 373 11 4.501000
7443 378 20 7.690000
7444 378 19 7.265000
7445 379 19 7.322000
7446 380 19 7.292000
7447 379 12 4.848000
7448 379 19 7.242000
7449 379 19 7.350000
7450 380 18 7.027000
7451 380 20 7.780000
7452 380 19 7.500000
7453 377 19 7.730000
7454 377 19 7.640000
7455 377 17 6.833000
7456 377 20 7.956000
7457 379 20 7.972000
7458 380 19 7.490000
7459 381 19 7.419000
7460 380 16 6.460000
7461 376 11 4.590000
7462 377 16 6.453000
7463 379 18 7.216000
7464 379 17 6.660000
7465 378 19 7.497000
7466 378 18 6.903000
7467 360 20 7.984000
7468 366 20 8.078000
7469 367 18 7.346000
7470 368 20 8.001000
7471 369 20 8.152000
7472 369 18 7.170000
7473 366 19 7.595000
7474 366 19 7.522000
7475 367 19 7.736000
7476 361 19 7.884000
7477 362 23 9.376000
7478 363 24 9.918000
7479 366 19 7.613000
7480 366 21 8.326000
7481 366 20 8.119000
7482 367 19 7.827000
7483 368 19 7.874000
7484 366 21 8.584000
7485 365 21 8.610000
7486 376 21 8.364000
7487 377 20 7.975000
7488 384 20 7.970000
7489 386 20 7.806000
7490 387 18 7.075000
7491 387 19 7.610000
7492 387 18 6.992000
7493 387 18 6.943000
7494 388 18 6.907000
7495 385 18 6.957000
7496 386 18 6.962000
7497 393 19 7.455000
7498 392 11 4.349000
7499 391 19 7.358000
7500 391 18 7.179000
7501 390 17 6.526000
7502 392 17 6.640000
7503 393 18 6.931000
7504 395 19 7.343000
7505 394 19 7.292000
7506 392 19 7.321000
7507 392 18 6.919000
7508 391 13 5.167000
7509 391 21 8.047000
7510 391 20 7.774000
7511 393 20 7.720000
7512 393 13 5.257000
7513 394 20 7.802000
7514 394 20 7.621000
7515 394 19 7.489000
7516 394 18 6.910000
7517 388 18 7.006000
7518 389 21 8.131000
7519 389 21 7.959000
7520 390 21 8.020000
7521 390 21 7.937000
7522 390 20 7.674000
7523 390 18 6.901000
7524 389 19 7.224000
7525 388 21 8.119000
7526 392 22 8.167000
7527 388 22 8.248000
7528 389 19 7.125000
7529 389 20 7.517000
7530 389 19 7.258000
7531 391 18 6.843000
7532 391 22 8.193000
7533 390 19 7.151000
7534 389 20 7.295000
7535 385 21 7.901000
7536 386 20 7.555000
7537 386 19 7.180000
7538 385 19 7.283000
7539 384 20 7.732000
7540 382 9 3.714000
7541 382 20 7.792000
7542 382 19 7.477000
7543 382 19 7.502000
7544 382 19 7.573000
7545 381 11 4.474000
7546 381 21 8.155000
7547 380 20 7.576000
7548 381 19 7.266000
7549 383 17 6.731000
7550 379 20 7.996000
7551 380 19 7.525000
7552 380 19 7.665000
7553 380 19 7.455000
7554 378 18 7.124000
7555 380 18 7.195000
7556 379 17 6.891000
7557 378 19 7.495000
7558 376 19 7.618000
7559 376 19 7.585000
7560 378 18 7.233000
7561 378 19 7.575000
7562 378 17 6.794000
7563 379 18 7.436000
7564 382 19 7.841000
7565 383 19 7.764000
7566 378 17 6.978000
7567 378 19 7.546000
7568 373 19 7.468000
7569 373 17 6.650000
7570 373 19 7.696000
7571 376 19 7.735000
7572 390 20 7.987000
7573 390 21 8.392000
7574 389 18 7.009000
7575 389 18 6.993000
7576 391 19 7.357000
7577 390 18 7.132000
7578 391 19 7.835000
7579 391 20 8.051000
7580 391 18 7.219000
7581 391 14 5.775000
7582 391 21 8.219000
7583 391 20 7.817000
7584 390 14 5.628000
7585 388 18 7.018000
7586 387 19 7.404000
7587 387 20 7.586000
7588 385 20 7.642000
7589 388 19 7.183000
7590 389 19 7.160000
7591 386 19 7.217000
7592 387 17 6.497000
7593 387 17 6.514000
7594 387 19 7.253000
7595 388 16 6.093000
7596 380 18 6.976000
7597 381 18 6.920000
7598 384 18 6.980000
7599 382 19 7.357000
7600 382 18 6.960000
7601 383 21 8.015000
7602 383 21 8.043000
7603 384 20 7.706000
7604 385 21 8.014000
7605 385 14 5.549000
7606 385 21 7.901000
7607 384 21 7.974000
7608 380 22 8.478000
7609 379 23 8.692000
7610 381 21 8.082000
7611 378 20 7.851000
7612 378 19 7.275000
7613 379 22 8.473000
7614 380 20 7.776000
7615 382 20 7.720000
7616 381 21 8.134000
7617 383 20 7.804000
7618 383 20 7.695000
7619 384 21 8.078000
7620 386 20 7.640000
7621 385 22 8.308000
7622 385 16 6.165000
7623 386 19 7.368000
7624 388 9 3.679000
7625 387 17 6.693000
7626 386 18 7.171000
7627 385 20 7.982000
7628 384 14 5.643000
7629 384 18 7.245000
7630 384 15 6.035000
7631 385 15 6.093000
7632 389 15 6.093000
7633 389 16 6.406000
7634 390 18 7.328000
7635 387 14 5.777000
7636 382 19 7.522000
7637 384 11 4.501000
7638 387 16 6.425000
7639 387 18 7.121000
7640 385 18 7.062000
7641 386 20 7.875000
7642 387 19 7.520000
7643 385 17 6.795000
7644 385 20 7.886000
7645 384 19 7.537000
7646 385 18 6.981000
7647 383 18 7.087000
7648 368 22 8.646000
7649 367 21 8.309000
7650 369 20 7.847000
7651 371 20 8.009000
7652 371 22 8.674000
7653 371 20 7.992000
7654 369 21 8.265000
7655 370 18 7.062000
7656 369 18 7.127000
7657 364 21 8.544000
7658 365 20 7.874000
7659 365 18 7.253000
7660 371 17 6.733000
7661 372 15 6.005000
7662 370 12 4.831000
7663 369 18 7.073000
7664 367 22 8.695000
7665 369 21 8.194000
7666 368 21 8.214000
7667 369 21 8.310000
7668 370 20 7.789000
7669 372 20 7.663000
7670 371 20 7.759000
7671 370 11 4.346000
7672 371 18 6.807000
7673 369 19 7.237000
7674 369 20 7.503000
7675 369 20 7.614000
7676 369 18 6.805000
7677 367 21 7.899000
7678 366 20 7.600000
7679 368 19 7.442000
7680 368 20 7.636000
7681 370 21 8.176000
7682 370 11 4.398000
7683 371 19 7.394000
7684 371 20 7.494000
7685 374 18 6.824000
7686 371 18 6.851000
7687 370 18 6.980000
7688 370 18 6.889000
7689 369 15 5.880000
7690 369 18 6.918000
7691 369 18 6.995000
7692 368 19 7.210000
7693 370 19 7.176000
7694 368 19 7.312000
7695 368 18 6.747000
7696 368 19 7.374000
7697 369 18 6.763000
7698 368 20 7.612000
7699 368 16 6.124000
7700 368 19 7.292000
7701 373 21 7.989000
7702 372 21 8.107000
7703 374 21 8.119000
7704 375 18 6.971000
7705 376 18 7.092000
7706 375 18 7.095000
7707 372 20 7.874000
7708 373 22 8.517000
7709 373 21 8.230000
7710 374 21 8.221000
7711 373 21 8.133000
7712 371 20 7.577000
7713 371 21 8.147000
7714 373 21 8.147000
7715 375 21 8.222000
7716 374 18 7.187000
7717 374 19 7.671000
7718 374 18 7.452000
7719 374 20 8.113000
7720 373 19 7.827000
7721 374 22 8.787000
7722 373 22 8.595000
7723 370 23 8.902000
7724 370 21 8.459000
7725 374 23 9.389000
7726 376 19 7.745000
7727 375 22 8.904000
7728 375 23 9.107000
7729 371 22 8.589000
7730 369 21 8.644000
7731 368 22 8.809000
7732 367 21 8.475000
7733 365 21 8.498000
7734 365 20 7.842000
7735 392 20 7.817000
7736 392 20 8.168000
7737 391 20 8.030000
7738 391 18 7.408000
7739 392 19 7.766000
7740 393 20 7.993000
7741 392 19 7.543000
7742 394 20 8.022000
7743 393 20 8.118000
7744 394 18 7.418000
7745 392 17 6.928000
7746 390 20 8.140000
7747 388 18 7.229000
7748 388 18 7.145000
7749 390 16 6.403000
7750 389 18 7.268000
7751 387 20 8.096000
7752 388 19 7.726000
7753 388 18 7.355000
7754 386 20 8.089000
7755 386 19 7.569000
7756 384 18 7.111000
7757 382 18 7.097000
7758 380 16 6.440000
7759 381 19 7.485000
7760 384 20 7.651000
7761 384 20 7.564000
7762 385 20 7.607000
7763 380 18 6.979000
7764 380 20 7.564000
7765 381 18 6.909000
7766 381 16 6.137000
7767 380 20 7.592000
7768 380 22 8.333000
7769 377 20 7.600000
7770 382 21 7.940000
7771 385 22 8.216000
7772 385 16 6.087000
7773 384 22 8.248000
7774 386 20 7.618000
7775 386 18 6.842000
7776 383 20 7.725000
7777 384 11 4.374000
7778 384 20 7.663000
7779 383 21 7.947000
7780 380 21 8.180000
7781 386 18 6.901000
7782 385 20 7.617000
7783 385 20 7.730000
7784 386 14 5.497000
7785 385 19 7.285000
7786 386 17 6.637000
7787 385 17 6.590000
7788 385 16 6.258000
7789 385 16 6.120000
7790 384 17 6.459000
7791 385 16 6.169000
7792 385 17 6.504000
7793 384 17 6.471000
7794 384 19 7.152000
7795 380 16 6.111000
7796 381 21 7.789000
7797 381 21 8.118000
7798 381 12 4.721000
7799 380 19 7.383000
7800 380 20 7.831000
7801 380 19 7.595000
7802 378 20 7.916000
7803 378 19 7.600000
7804 378 18 7.015000
7805 381 19 7.305000
7806 379 21 8.240000
7807 381 23 9.081000
7808 378 19 7.756000
7809 377 18 7.277000
7810 377 18 7.162000
7811 376 21 8.308000
7812 377 19 7.472000
7813 380 16 6.527000
7814 379 20 8.045000
7815 378 23 9.231000
7816 379 20 8.170000
7817 381 19 7.511000
7818 380 19 7.515000
7819 378 18 7.054000
7820 379 20 8.031000
7821 380 20 8.108000
7822 387 19 7.507000
7823 387 19 7.594000
7824 386 20 8.063000
7825 385 20 7.885000
7826 387 20 7.876000
7827 384 18 7.233000
7828 384 20 8.026000
7829 384 20 8.042000
7830 381 19 7.699000
7831 381 18 7.316000
7832 381 22 8.601000
7833 381 22 8.638000
7834 376 22 9.037000
7835 376 21 8.542000
7836 376 22 8.951000
7837 376 21 8.606000
7838 377 20 8.008000
7839 378 19 7.576000
7840 378 18 7.093000
7841 379 20 7.779000
7842 378 17 6.749000
7843 380 11 4.395000
7844 375 15 6.076000
7845 375 17 6.739000
7846 376 17 6.743000
7847 375 14 5.728000
7848 376 17 6.785000
7849 377 20 7.929000
7850 381 20 7.846000
7851 380 19 7.410000
7852 381 16 6.237000
7853 376 21 8.331000
7854 376 21 8.346000
7855 378 18 7.038000
7856 376 21 8.045000
7857 375 21 8.125000
7858 376 18 7.042000
7859 377 13 5.160000
7860 376 17 6.665000
7861 376 17 6.620000
7862 375 16 6.306000
7863 380 12 4.773000
7864 379 21 7.969000
7865 380 14 5.436000
7866 380 19 7.247000
7867 380 14 5.399000
7868 380 15 5.782000
7869 379 17 6.740000
7870 377 21 8.165000
7871 374 22 8.772000
7872 374 20 8.001000
7873 375 22 8.787000
7874 375 23 9.164000
7875 374 18 7.218000
7876 375 20 7.772000
7877 382 20 7.674000
7878 382 20 7.672000
7879 382 19 7.221000
7880 379 23 9.163000
7881 376 23 9.275000
7882 376 21 8.465000
7883 377 21 8.609000
7884 377 21 8.498000
7885 377 21 8.583000
7886 378 21 8.526000
7887 379 21 8.641000
7888 379 20 8.198000
7889 378 20 8.231000
7890 382 21 8.674000
7891 384 21 8.705000
7892 386 21 8.703000
7893 385 21 8.621000
7894 385 21 8.528000
7895 387 18 7.344000
7896 386 20 8.204000
7897 387 19 7.756000
7898 385 20 8.260000
7899 381 21 8.547000
7900 381 21 8.488000
7901 382 21 8.511000
7902 384 22 8.930000
7903 383 22 9.062000
7904 382 18 7.491000
7905 384 16 6.594000
7906 384 17 6.825000
7907 383 18 7.300000
7908 383 22 8.928000
7909 384 20 8.265000
7910 383 20 7.975000
7911 383 18 7.345000
7912 384 19 7.542000
7913 385 19 7.500000
7914 384 20 7.810000
7915 385 20 8.015000
7916 379 11 4.521000
7917 380 22 8.805000
7918 382 22 8.889000
7919 380 23 9.024000
7920 382 21 8.150000
7921 379 19 7.485000
7922 379 20 7.836000
7923 378 20 7.906000
7924 379 15 5.867000
7925 378 17 6.790000
7926 379 19 7.289000
7927 385 22 8.383000
7928 381 21 7.860000
7929 377 24 9.133000
7930 376 23 8.636000
7931 375 21 8.251000
7932 376 21 7.910000
7933 374 21 8.187000
7934 373 19 7.452000
7935 374 22 8.490000
7936 373 21 8.107000
7937 376 21 8.138000
7938 376 21 7.992000
7939 377 22 8.288000
7940 376 21 7.893000
7941 377 20 7.533000
7942 379 22 8.199000
7943 381 25 9.297000
7944 380 24 9.027000
7945 378 20 7.590000
7946 379 20 7.632000
7947 382 21 8.077000
7948 385 21 7.989000
7949 383 21 8.046000
7950 381 20 7.583000
7951 385 21 7.818000
7952 377 25 9.633000
7953 376 25 9.556000
7954 377 21 7.974000
7955 375 20 7.587000
7956 374 22 8.496000
7957 375 23 8.965000
7958 374 23 8.937000
7959 373 22 8.708000
7960 372 22 8.687000
7961 376 21 8.435000
7962 376 23 9.069000
7963 374 20 7.874000
7964 374 20 7.765000
7965 375 17 6.711000
7966 377 20 8.081000
7967 376 19 7.644000
7968 376 21 8.349000
7969 377 24 9.478000
7970 376 17 6.770000
7971 377 21 8.113000
7972 377 20 7.994000
7973 374 21 8.436000
7974 374 21 8.470000
7975 374 20 7.987000
7976 373 20 8.036000
7977 377 24 9.446000
7978 375 24 9.782000
7979 374 24 9.701000
7980 375 24 9.731000
7981 374 18 7.315000
7982 374 19 7.649000
7983 374 20 7.942000
7984 375 20 8.109000
7985 374 18 7.408000
7986 377 22 8.697000
7987 376 22 8.568000
7988 376 22 8.646000
7989 378 23 8.705000
7990 379 23 8.768000
7991 380 20 7.929000
7992 377 19 7.496000
7993 377 17 6.690000
7994 377 13 5.172000
7995 375 21 8.239000
7996 377 23 8.689000
7997 381 19 7.515000
7998 381 22 8.371000
7999 380 22 8.568000
8000 381 14 5.466000
8001 381 16 6.464000
8002 380 12 4.751000
8003 379 19 7.453000
8004 381 18 6.992000
8005 385 25 9.332000
8006 385 25 9.350000
8007 385 23 8.684000
8008 384 25 9.307000
8009 391 22 8.631000
8010 389 21 8.274000
8011 387 16 6.265000
8012 387 19 7.424000
8013 388 19 7.380000
8014 389 18 7.041000
8015 388 20 7.660000
8016 386 21 8.093000
8017 384 21 8.121000
8018 384 10 4.084000
8019 386 20 7.739000
8020 384 20 7.962000
8021 384 19 7.393000
8022 383 20 7.836000
8023 384 20 7.769000
8024 383 17 6.717000
8025 381 19 7.432000
8026 381 19 7.471000
8027 382 21 8.176000
8028 381 19 7.403000
8029 380 20 7.749000
8030 380 15 5.894000
8031 379 16 6.251000
8032 379 15 5.770000
8033 379 13 5.127000
8034 379 19 7.333000
8035 381 14 5.505000
8036 379 17 6.676000
8037 380 16 6.395000
8038 380 18 7.116000
8039 382 19 7.600000
8040 381 20 8.045000
8041 382 20 8.099000
8042 379 21 8.322000
8043 378 20 7.843000
8044 376 21 8.272000
8045 376 22 8.810000
8046 375 21 8.344000
8047 374 19 7.745000
8048 375 22 8.680000
8049 377 22 8.690000
8050 377 24 9.317000
8051 377 22 8.883000
8052 377 20 8.025000
8053 378 21 8.359000
8054 378 21 8.224000
8055 378 22 8.490000
8056 380 23 8.735000
8057 379 22 8.696000
8058 380 21 8.200000
8059 378 22 8.639000
8060 380 21 8.166000
8061 380 19 7.303000
8062 382 21 8.114000
8063 380 21 8.319000
8064 380 20 8.061000
8065 377 19 7.760000
8066 382 21 8.143000
8067 382 23 8.975000
8068 379 20 7.756000
8069 378 21 8.220000
8070 379 19 7.570000
8071 379 19 7.737000
8072 378 16 6.526000
8073 383 20 7.958000
8074 384 21 8.264000
8075 381 16 6.222000
8076 383 16 6.234000
8077 383 19 7.427000
8078 382 17 6.580000
8079 380 10 4.071000
8080 382 16 6.198000
8081 379 15 5.850000
8082 382 19 7.386000
8083 383 21 8.075000
8084 383 21 8.075000
8085 382 20 7.750000
8086 375 20 7.823000
8087 376 20 7.688000
8088 377 19 7.342000
8089 376 18 6.972000
8090 378 17 6.637000
8091 385 20 7.657000
8092 388 21 8.117000
8093 386 20 7.643000
8094 384 20 7.899000
8095 384 20 7.584000
8096 383 10 4.076000
8097 384 21 8.123000
8098 387 21 8.224000
8099 387 19 7.310000
8100 388 20 7.760000
8101 389 19 7.266000
8102 390 18 6.955000
8103 384 19 7.288000
8104 383 20 7.696000
8105 384 18 7.018000
8106 385 19 7.351000
8107 386 19 7.330000
8108 383 17 6.727000
8109 383 18 7.094000
8110 381 17 6.722000
8111 383 17 6.600000
8112 381 19 7.444000
8113 381 19 7.393000
8114 381 17 6.507000
8115 382 16 6.170000
8116 384 18 6.995000
8117 388 11 4.416000
8118 377 20 8.065000
8119 380 19 7.584000
8120 380 17 6.834000
8121 378 17 6.820000
8122 377 13 5.393000
8123 376 17 6.913000
8124 377 17 7.054000
8125 376 14 5.740000
8126 376 17 7.124000
8127 375 12 5.066000
8128 374 19 7.801000
8129 377 20 7.947000
8130 377 19 7.712000
8131 377 18 7.297000
8132 376 19 7.877000
8133 376 19 7.601000
8134 380 20 8.204000
8135 381 21 8.347000
8136 381 20 7.875000
8137 382 19 7.572000
8138 381 21 8.387000
8139 380 21 8.555000
8140 379 21 8.430000
8141 383 22 8.831000
8142 386 23 9.068000
8143 386 22 8.709000
8144 385 21 8.581000
8145 387 22 8.969000
8146 388 20 8.081000
8147 389 20 7.997000
8148 389 21 8.225000
8149 389 19 7.499000
8150 390 19 7.636000
8151 388 20 8.167000
8152 391 21 8.457000
8153 391 20 7.991000
8154 391 19 7.625000
8155 390 18 7.030000
8156 389 17 6.719000
8157 388 18 7.176000
8158 385 16 6.392000
8159 384 17 6.737000
8160 386 16 6.365000
8161 387 16 6.462000
8162 385 18 7.060000
8163 378 16 6.384000
8164 377 17 6.701000
8165 377 16 6.342000
8166 380 12 4.854000
8167 380 16 6.453000
8168 379 16 6.330000
8169 377 15 6.037000
8170 376 16 6.505000
8171 377 16 6.512000
8172 378 16 6.428000
8173 376 15 6.147000
8174 376 16 6.407000
8175 376 16 6.456000
8176 375 17 6.833000
8177 375 17 6.716000
8178 375 16 6.459000
8179 376 15 5.955000
8180 373 15 6.019000
8181 374 18 7.217000
8182 373 17 6.742000
8183 372 18 7.075000
8184 371 14 5.636000
8185 371 21 8.283000
8186 371 20 7.812000
8187 369 17 6.747000
8188 370 15 5.959000
8189 370 18 7.189000
8190 372 20 7.807000
8191 372 20 7.955000
8192 369 16 6.480000
8193 369 17 6.746000
8194 382 19 7.305000
8195 381 20 7.634000
8196 384 11 4.429000
8197 385 19 7.280000
8198 385 20 7.705000
8199 386 19 7.296000
8200 385 19 7.188000
8201 385 20 7.627000
8202 383 19 7.286000
8203 383 20 7.721000
8204 392 21 8.191000
8205 391 22 8.651000
8206 388 19 7.922000
8207 388 19 7.906000
8208 388 18 7.474000
8209 387 19 7.767000
8210 387 17 6.868000
8211 387 18 7.129000
8212 386 18 7.345000
8213 387 18 7.444000
8214 386 18 7.375000
8215 385 20 8.093000
8216 385 20 8.099000
8217 386 20 8.012000
8218 386 16 6.421000
8219 384 16 6.570000
8220 384 13 5.415000
8221 384 19 7.738000
8222 385 17 7.087000
8223 382 17 7.004000
8224 381 16 6.699000
8225 385 13 5.416000
8226 386 17 6.853000
8227 383 17 7.004000
8228 383 17 7.239000
8229 382 19 7.771000
8230 380 18 7.540000
8231 379 19 7.822000
8232 378 19 7.876000
8233 378 13 5.378000
8234 378 22 8.886000
8235 381 21 8.561000
8236 382 21 8.651000
8237 381 22 8.915000
8238 380 21 8.602000
8239 379 20 8.061000
8240 377 21 8.459000
8241 380 20 8.192000
8242 379 22 9.052000
8243 379 24 9.772000
8244 377 19 7.748000
8245 376 18 7.218000
8246 377 20 8.044000
8247 377 18 7.184000
8248 379 19 7.525000
8249 381 20 7.833000
8250 382 20 7.666000
8251 382 21 8.157000
8252 383 20 7.588000
8253 383 20 7.703000
8254 377 21 8.069000
8255 376 21 8.080000
8256 377 21 8.060000
8257 378 19 7.319000
8258 379 21 8.069000
8259 378 20 7.724000
8260 378 20 7.619000
8261 380 20 7.831000
8262 382 21 8.258000
8263 383 17 6.735000
8264 384 20 7.805000
8265 379 10 4.092000
8266 379 19 7.516000
8267 379 14 5.804000
8268 379 18 7.365000
8269 375 15 6.189000
8270 376 18 7.350000
8271 376 18 7.311000
8272 374 19 7.825000
8273 376 20 8.160000
8274 371 15 6.243000
8275 373 10 4.123000
8276 370 21 8.361000
8277 368 19 7.663000
8278 370 18 7.357000
8279 368 19 7.784000
8280 366 19 8.079000
8281 365 20 8.470000
8282 378 20 8.288000
8283 382 21 8.635000
8284 381 21 8.423000
8285 382 21 8.194000
8286 381 19 7.497000
8287 382 20 7.916000
8288 380 20 8.132000
8289 381 22 8.652000
8290 381 20 8.129000
8291 382 20 7.765000
8292 381 18 7.146000
8293 380 19 7.517000
8294 381 19 7.777000
8295 375 20 8.186000
8296 378 19 7.869000
8297 376 18 7.355000
8298 381 21 8.218000
8299 379 19 7.533000
8300 377 18 7.308000
8301 377 18 7.384000
8302 377 18 7.320000
8303 378 9 3.834000
8304 377 14 5.735000
8305 377 17 6.787000
8306 377 12 4.923000
8307 377 19 7.441000
8308 378 19 7.576000
8309 376 19 7.791000
8310 377 17 6.982000
8311 377 13 5.319000
8312 377 20 8.018000
8313 374 19 7.359000
8314 374 11 4.492000
8315 374 18 6.918000
8316 378 16 6.551000
8317 376 20 8.195000
8318 376 20 8.308000
8319 376 18 7.302000
8320 377 20 8.160000
8321 377 21 8.378000
8322 375 21 8.152000
8323 375 20 7.841000
8324 376 21 8.153000
8325 375 20 7.848000
8326 378 20 7.671000
8327 378 21 8.007000
8328 377 19 7.343000
8329 376 18 7.017000
8330 378 19 7.309000
8331 374 18 6.919000
8332 374 21 8.051000
8333 374 22 8.463000
8334 375 19 7.324000
8335 377 20 7.670000
8336 379 20 7.702000
8337 375 20 7.727000
8338 375 19 7.397000
8339 374 19 7.290000
8340 374 21 7.980000
8341 375 21 8.106000
8342 378 20 7.665000
8343 375 18 6.946000
8344 374 19 7.393000
8345 374 17 6.677000
8346 374 17 6.598000
8347 375 19 7.352000
8348 374 19 7.374000
8349 372 16 6.375000
8350 373 14 5.616000
8351 373 17 6.741000
8352 373 19 7.527000
8353 372 18 7.146000
8354 372 16 6.360000
8355 370 18 7.105000
8356 370 17 6.670000
8357 370 16 6.211000
8358 371 16 6.178000
8359 374 16 6.194000
8360 375 16 6.253000
8361 374 16 6.339000
8362 374 14 5.540000
8363 373 16 6.328000
8364 373 17 6.742000
8365 371 17 6.920000
8366 373 17 6.824000
8367 371 17 6.879000
8368 372 17 6.777000
8369 374 19 7.546000
8370 372 21 8.184000
8371 374 22 8.685000
8372 374 19 7.580000
8373 374 19 7.663000
8374 377 17 6.884000
8375 376 18 7.243000
8376 376 20 7.874000
8377 374 22 8.596000
8378 374 20 7.956000
8379 375 21 8.517000
8380 374 19 7.678000
8381 372 22 8.892000
8382 373 22 8.884000
8383 372 20 7.918000
8384 372 23 9.006000
8385 371 24 9.857000
8386 372 21 8.595000
8387 371 21 8.532000
8388 374 21 8.413000
8389 370 22 8.776000
8390 369 18 7.165000
8391 369 15 6.019000
8392 369 17 7.012000
8393 371 15 6.187000
8394 372 9 3.898000
8395 372 15 6.206000
8396 371 20 8.012000
8397 371 19 7.628000
8398 373 19 7.484000
8399 373 16 6.581000
8400 372 14 5.751000
8401 375 18 7.445000
8402 378 19 7.735000
8403 376 15 6.229000
8404 375 21 8.440000
8405 378 19 7.271000
8406 378 18 6.817000
8407 377 18 6.779000
8408 377 18 6.899000
8409 373 13 5.056000
8410 373 14 5.490000
8411 375 14 5.527000
8412 375 9 3.592000
8413 375 12 4.652000
8414 373 11 4.267000
8415 374 11 4.286000
8416 373 10 3.951000
8417 375 15 5.896000
8418 376 10 3.985000
8419 376 14 5.472000
8420 376 14 5.456000
8421 376 17 6.453000
8422 375 15 5.758000
8423 375 16 6.087000
8424 377 14 5.385000
8425 378 10 4.064000
8426 378 16 6.235000
8427 377 16 6.260000
8428 379 16 6.241000
8429 378 18 6.974000
8430 376 19 7.308000
8431 375 19 7.354000
8432 375 19 7.335000
8433 377 19 7.390000
8434 378 20 7.779000
8435 380 18 7.129000
8436 377 13 5.175000
8437 378 16 6.297000
8438 377 19 7.574000
8439 378 18 7.197000
8440 380 18 7.212000
8441 378 20 7.953000
8442 376 18 7.157000
8443 374 17 6.678000
8444 373 11 4.457000
8445 376 20 7.906000
8446 375 19 7.617000
8447 375 17 6.800000
8448 375 17 6.958000
8449 374 13 5.444000
8450 375 14 5.850000
8451 376 16 6.538000
8452 377 18 7.471000
8453 378 16 6.500000
8454 378 17 6.919000
8455 377 17 6.778000
8456 375 14 5.685000
8457 375 14 5.747000
8458 375 14 5.837000
8459 374 12 5.024000
8460 372 14 5.974000
8461 371 14 5.896000
8462 374 15 6.251000
8463 374 16 6.517000
8464 373 12 5.099000
8465 373 16 6.592000
8466 372 15 6.229000
8467 372 15 6.327000
8468 372 12 5.061000
8469 371 16 6.767000
8470 372 14 6.013000
8471 373 12 5.133000
8472 373 17 7.006000
8473 375 18 7.249000
8474 376 19 7.609000
8475 376 12 5.046000
8476 376 17 7.058000
8477 374 18 7.386000
8478 374 18 7.523000
8479 374 17 7.102000
8480 374 16 6.657000
8481 375 16 6.493000
8482 376 18 7.271000
8483 373 15 6.017000
8484 373 20 8.092000
8485 371 20 8.120000
8486 371 18 7.250000
8487 372 17 6.957000
8488 372 20 8.197000
8489 371 19 7.704000
8490 371 18 7.328000
8491 370 18 7.395000
8492 370 17 6.956000
8493 371 16 6.565000
8494 373 17 6.962000
8495 374 17 6.938000
8496 373 13 5.367000
8497 373 12 4.913000
8498 370 19 7.495000
8499 372 18 7.190000
8500 369 18 7.070000
8501 370 19 7.533000
8502 370 18 7.088000
8503 372 17 6.632000
8504 372 10 4.096000
8505 372 19 7.477000
8506 370 20 7.906000
8507 371 21 8.215000
8508 374 21 8.111000
8509 373 19 7.520000
8510 371 20 7.799000
8511 372 22 8.668000
8512 372 23 9.029000
8513 372 22 8.624000
8514 366 20 7.814000
8515 365 19 7.622000
8516 365 19 7.461000
8517 365 19 7.618000
8518 365 19 7.390000
8519 365 12 4.907000
8520 367 17 6.776000
8521 367 17 6.744000
8522 365 20 7.903000
8523 367 21 8.290000
8524 366 21 8.213000
8525 367 21 8.333000
8526 368 21 8.281000
8527 369 21 8.318000
8528 368 21 8.303000
8529 371 18 7.111000
8530 370 22 8.867000
8531 370 22 8.888000
8532 370 19 7.709000
8533 370 19 7.945000
8534 372 19 7.895000
8535 369 19 7.920000
8536 367 15 6.309000
8537 366 13 5.482000
8538 364 18 7.268000
8539 363 16 6.431000
8540 370 16 6.629000
8541 367 20 8.317000
8542 363 21 8.829000
8543 365 16 6.679000
8544 364 17 7.129000
8545 364 16 6.651000
8546 363 14 5.808000
8547 363 11 4.693000
8548 363 17 7.248000
8549 364 19 7.976000
8550 365 19 8.021000
8551 364 16 6.790000
8552 360 19 7.925000
8553 361 15 6.095000
8554 360 20 7.971000
8555 369 19 7.999000
8556 368 15 6.379000
8557 370 18 7.404000
8558 370 11 4.723000
8559 369 15 6.223000
8560 370 18 7.238000
8561 368 17 6.889000
8562 369 17 6.965000
8563 372 11 4.775000
8564 364 16 6.692000
8565 366 17 7.054000
8566 367 12 5.088000
8567 369 16 6.684000
8568 368 17 6.940000
8569 369 16 6.629000
8570 369 16 6.989000
8571 370 18 7.695000
8572 369 12 5.257000
8573 371 10 4.391000
8574 372 10 4.360000
8575 372 10 4.363000
8576 367 11 4.675000
8577 365 12 4.907000
8578 366 17 6.833000
8579 367 16 6.395000
8580 366 16 6.463000
8581 367 12 4.890000
8582 371 12 4.986000
8583 375 18 7.183000
8584 373 17 6.784000
8585 373 17 6.814000
8586 372 12 4.901000
8587 374 16 6.390000
8588 374 18 7.172000
8589 373 17 6.836000
8590 372 18 7.184000
8591 370 17 6.721000
8592 369 16 6.376000
8593 370 16 6.388000
8594 373 16 6.307000
8595 372 12 4.808000
8596 372 19 7.349000
8597 367 19 7.502000
8598 367 19 7.498000
8599 367 19 7.423000
8600 367 17 6.814000
8601 368 20 8.062000
8602 370 18 7.191000
8603 370 17 6.818000
8604 368 17 6.816000
8605 370 9 3.818000
8606 370 14 5.704000
8607 370 11 4.575000
8608 368 17 6.871000
8609 371 17 6.749000
8610 371 17 6.723000
8611 370 17 6.751000
8612 371 16 6.480000
8613 372 17 6.895000
8614 374 17 7.002000
8615 375 14 5.968000
8616 377 10 4.388000
8617 376 16 6.822000
8618 379 14 5.887000
8619 381 14 5.960000
8620 381 17 7.153000
8621 383 17 7.145000
8622 383 18 7.279000
8623 382 13 5.412000
8624 380 16 6.683000
8625 378 13 5.583000
8626 375 18 7.559000
8627 376 17 7.195000
8628 378 18 7.502000
8629 378 15 6.147000
8630 381 17 6.874000
8631 383 17 6.825000
8632 382 15 6.305000
8633 380 13 5.427000
8634 383 15 6.354000
8635 382 13 5.499000
8636 384 17 7.212000
8637 386 16 6.560000
8638 384 12 5.080000
8639 387 17 6.920000
8640 383 17 7.081000
8641 384 14 5.843000
8642 386 13 5.532000
8643 387 15 6.172000
8644 388 16 6.656000
8645 388 17 6.861000
8646 388 14 5.682000
8647 388 16 6.402000
8648 387 14 5.747000
8649 387 16 6.639000
8650 386 15 6.318000
8651 384 16 6.553000
8652 385 18 7.397000
8653 384 16 6.534000
8654 383 16 6.528000
8655 383 16 6.389000
8656 383 19 7.693000
8657 383 12 4.989000
8658 385 18 7.536000
8659 386 17 6.947000
8660 381 18 7.414000
8661 380 18 7.343000
8662 380 19 7.594000
8663 379 13 5.178000
8664 379 20 7.961000
8665 379 20 7.822000
8666 379 20 7.809000
8667 380 20 7.790000
8668 380 19 7.285000
8669 375 18 7.065000
8670 374 20 7.877000
8671 372 18 7.030000
8672 373 20 7.800000
8673 374 19 7.413000
8674 375 16 6.346000
8675 375 19 7.373000
8676 377 19 7.595000
8677 376 21 8.201000
8678 377 17 6.708000
8679 378 18 7.050000
8680 378 20 7.762000
8681 375 20 7.778000
8682 377 19 7.332000
8683 378 19 7.391000
8684 376 17 6.691000
8685 376 17 6.744000
8686 374 19 7.396000
8687 373 16 6.376000
8688 371 17 6.780000
8689 371 17 6.698000
8690 370 17 6.889000
8691 369 19 7.534000
8692 374 18 7.044000
8693 373 20 7.703000
8694 375 15 5.975000
8695 375 19 7.526000
8696 376 17 6.767000
8697 375 19 7.542000
8698 375 19 7.619000
8699 373 18 7.376000
8700 372 17 6.897000
8701 372 17 6.903000
8702 372 9 3.897000
8703 373 18 7.391000
8704 375 18 7.390000
8705 374 17 6.903000
8706 375 18 7.620000
8707 376 22 9.250000
8708 374 17 7.194000
8709 374 19 7.961000
8710 373 19 7.866000
8711 374 19 7.867000
8712 374 19 7.899000
8713 374 19 7.989000
8714 372 19 7.983000
8715 373 13 5.476000
8716 372 19 7.704000
8717 371 10 4.266000
8718 373 11 4.596000
8719 370 16 6.528000
8720 373 17 6.788000
8721 373 16 6.585000
8722 372 16 6.689000
8723 376 13 5.496000
8724 376 11 4.734000
8725 373 16 6.642000
8726 373 12 5.046000
8727 373 15 6.091000
8728 372 10 4.241000
8729 370 15 6.046000
8730 368 13 5.418000
8731 368 14 5.891000
8732 381 22 9.036000
8733 381 24 9.651000
8734 379 23 9.153000
8735 380 20 7.944000
8736 381 21 8.251000
8737 382 20 8.048000
8738 383 22 9.036000
8739 383 23 9.192000
8740 381 22 8.880000
8741 383 20 7.924000
8742 381 20 7.800000
8743 381 18 7.080000
8744 382 16 6.342000
8745 381 18 7.175000
8746 379 18 7.083000
8747 379 18 7.122000
8748 379 18 7.182000
8749 377 17 6.704000
8750 373 23 8.880000
8751 376 23 8.946000
8752 377 21 8.166000
8753 376 20 7.793000
8754 374 19 7.345000
8755 378 21 8.152000
8756 376 21 8.186000
8757 377 19 7.425000
8758 375 21 8.139000
8759 375 21 8.157000
8760 375 18 7.173000
8761 376 20 7.771000
8762 379 23 8.900000
8763 377 23 8.989000
8764 380 21 8.189000
8765 379 24 9.350000
8766 382 21 8.127000
8767 384 21 8.100000
8768 383 21 8.097000
8769 380 21 8.151000
8770 380 22 8.470000
8771 380 16 6.298000
8772 379 19 7.643000
8773 379 20 8.009000
8774 380 20 8.045000
8775 380 21 8.407000
8776 380 19 7.673000
8777 380 19 7.466000
8778 379 19 7.665000
8779 378 19 7.725000
8780 378 16 6.590000
8781 378 19 7.746000
8782 380 20 8.211000
8783 381 22 8.815000
8784 380 18 7.049000
8785 375 21 8.455000
8786 376 22 9.026000
8787 379 20 8.205000
8788 381 21 8.476000
8789 379 21 8.619000
8790 381 22 8.564000
8791 384 20 7.836000
8792 384 19 7.573000
8793 385 20 8.205000
8794 385 20 8.146000
8795 386 18 7.367000
8796 385 18 7.285000
8797 384 21 8.298000
8798 385 20 7.887000
8799 381 19 7.769000
8800 381 19 7.736000
8801 377 18 7.373000
8802 377 17 6.870000
8803 383 19 7.574000
8804 383 21 8.292000
8805 382 19 7.552000
8806 381 18 7.330000
8807 384 19 7.648000
8808 382 21 8.419000
8809 381 20 7.986000
8810 379 20 8.105000
8811 379 19 7.613000
8812 380 14 5.521000
8813 381 21 8.158000
8814 386 19 7.568000
8815 391 20 7.844000
8816 387 20 7.873000
8817 387 17 6.821000
8818 389 21 8.212000
8819 390 19 7.367000
8820 386 19 7.367000
8821 387 20 7.838000
8822 387 17 6.683000
8823 385 20 7.854000
8824 387 21 8.125000
8825 386 21 8.346000
8826 386 18 7.028000
8827 385 12 4.795000
8828 385 17 6.776000
8829 383 18 7.010000
8830 383 18 7.119000
8831 382 11 4.407000
8832 384 16 6.324000
8833 382 19 7.436000
8834 384 18 7.056000
8835 377 20 7.895000
8836 378 20 7.834000
8837 378 20 7.763000
8838 377 18 7.275000
8839 377 10 4.265000
8840 378 17 6.869000
8841 378 17 6.778000
8842 378 18 7.210000
8843 377 19 7.458000
8844 376 18 7.004000
8845 378 17 6.725000
8846 377 19 7.534000
8847 380 17 6.715000
8848 378 18 7.117000
8849 378 18 7.256000
8850 380 20 8.084000
8851 380 21 8.529000
8852 381 19 7.595000
8853 380 21 8.582000
8854 378 19 7.600000
8855 377 19 7.606000
8856 374 19 7.552000
8857 379 20 8.041000
8858 380 20 7.900000
8859 382 19 7.565000
8860 381 15 6.060000
8861 381 12 5.023000
8862 381 10 4.109000
8863 381 21 8.377000
8864 382 21 8.309000
8865 383 20 8.188000
8866 385 17 6.918000
8867 382 21 8.538000
8868 383 21 8.551000
8869 383 20 8.074000
8870 380 19 7.607000
8871 376 19 7.607000
8872 375 21 8.538000
8873 374 11 4.555000
8874 375 18 7.118000
8875 375 17 6.749000
8876 377 16 6.376000
8877 376 18 7.047000
8878 376 20 7.749000
8879 377 20 7.836000
8880 376 20 8.020000
8881 376 21 8.565000
8882 374 21 8.153000
8883 374 18 7.072000
8884 375 15 5.846000
8885 373 12 4.823000
8886 388 21 8.202000
8887 388 19 7.603000
8888 389 20 8.064000
8889 389 17 6.826000
8890 389 17 6.849000
8891 387 18 7.154000
8892 387 16 6.268000
8893 389 18 6.954000
8894 388 18 6.994000
8895 386 16 6.164000
8896 385 18 6.882000
8897 384 12 4.748000
8898 383 18 6.878000
8899 383 18 6.917000
8900 382 19 7.155000
8901 382 16 6.167000
8902 384 14 5.502000
8903 384 19 7.293000
8904 384 19 7.313000
8905 383 20 7.814000
8906 384 18 6.959000
8907 387 18 7.043000
8908 383 12 4.778000
8909 382 17 6.525000
8910 384 20 7.616000
8911 386 17 6.550000
8912 387 20 7.590000
8913 387 18 6.949000
8914 387 19 7.266000
8915 387 18 6.874000
8916 389 18 6.848000
8917 390 18 6.867000
8918 390 19 7.555000
8919 388 18 7.155000
8920 388 19 7.360000
8921 388 15 6.041000
8922 387 18 7.127000
8923 388 19 7.544000
8924 389 18 7.051000
8925 387 17 6.680000
8926 385 17 6.658000
8927 383 17 6.440000
8928 386 19 7.324000
8929 388 19 7.464000
8930 391 16 6.382000
8931 393 16 6.303000
8932 390 17 6.797000
8933 394 16 6.517000
8934 391 11 4.642000
8935 389 17 6.830000
8936 389 18 7.271000
8937 387 18 7.425000
8938 386 19 7.710000
8939 386 17 6.793000
8940 386 18 7.283000
8941 386 18 7.323000
8942 385 19 7.756000
8943 383 17 6.972000
8944 383 11 4.650000
8945 383 14 5.719000
8946 383 17 6.797000
8947 386 17 6.793000
8948 385 18 7.100000
8949 382 20 8.135000
8950 382 19 7.656000
8951 382 18 7.278000
8952 385 18 7.281000
8953 385 18 7.184000
8954 384 20 7.824000
8955 384 21 8.217000
8956 385 18 7.348000
8957 385 19 7.643000
8958 381 18 7.252000
8959 379 16 6.508000
8960 382 18 7.318000
8961 380 12 5.012000
8962 380 12 4.885000
8963 380 17 6.699000
8964 379 18 7.034000
8965 378 17 7.006000
8966 381 16 6.449000
8967 381 16 6.430000
8968 381 16 6.440000
8969 381 18 7.052000
8970 381 17 6.639000
8971 382 16 6.253000
8972 382 18 7.117000
8973 383 15 6.071000
8974 382 20 8.000000
8975 382 16 6.462000
8976 382 16 6.465000
8977 382 16 6.204000
8978 381 20 7.765000
8979 381 20 7.663000
8980 383 21 7.966000
8981 382 20 7.575000
8982 380 21 7.931000
8983 379 21 7.877000
8984 378 19 7.092000
8985 379 21 7.931000
8986 378 20 7.415000
8987 378 13 4.991000
8988 378 21 7.773000
8989 379 22 8.229000
8990 382 21 7.850000
8991 384 23 8.562000
8992 385 22 8.179000
8993 385 20 7.507000
8994 382 20 7.533000
8995 380 20 7.568000
8996 382 21 8.003000
8997 382 20 7.546000
8998 383 18 6.859000
8999 385 19 7.290000
9000 382 15 5.884000
9001 383 19 7.400000
9002 382 18 7.054000
9003 385 18 7.033000
9004 385 15 5.955000
9005 384 20 7.729000
9006 382 17 6.622000
9007 382 20 7.658000
9008 381 18 6.828000
9009 381 17 6.574000
9010 381 19 7.465000
9011 381 18 7.187000
9012 383 20 8.016000
9013 381 12 5.002000
9014 383 19 7.595000
9015 382 18 7.256000
9016 382 19 7.593000
9017 375 16 6.319000
9018 375 19 7.421000
9019 378 18 7.273000
9020 374 17 6.870000
9021 373 19 7.660000
9022 371 17 6.849000
9023 371 14 5.650000
9024 370 18 7.151000
9025 369 17 6.710000
9026 369 12 4.954000
9027 380 23 9.135000
9028 380 25 9.937000
9029 384 22 8.576000
9030 380 22 8.574000
9031 379 21 8.114000
9032 379 22 8.686000
9033 381 20 7.863000
9034 382 20 7.804000
9035 383 20 7.743000
9036 373 21 8.079000
9037 374 22 8.422000
9038 376 22 8.727000
9039 376 23 9.132000
9040 377 23 9.048000
9041 377 21 8.210000
9042 379 19 7.266000
9043 378 20 7.938000
9044 380 22 8.688000
9045 381 23 8.967000
9046 381 23 9.010000
9047 380 23 8.926000
9048 380 22 8.392000
9049 381 23 8.715000
9050 380 22 8.318000
9051 386 20 7.456000
9052 385 14 5.287000
9053 383 20 7.407000
9054 383 20 7.376000
9055 386 19 7.046000
9056 384 20 7.312000
9057 386 17 6.301000
9058 385 22 8.153000
9059 384 24 8.788000
9060 384 23 8.513000
9061 384 21 7.814000
9062 384 18 6.764000
9063 385 18 6.760000
9064 387 20 7.446000
9065 391 21 7.844000
9066 391 21 7.799000
9067 391 21 7.778000
9068 391 16 6.038000
9069 391 19 7.084000
9070 385 22 8.120000
9071 384 23 8.458000
9072 384 21 7.727000
9073 384 20 7.390000
9074 385 19 7.152000
9075 386 18 6.909000
9076 384 20 7.584000
9077 384 20 7.674000
9078 384 20 7.602000
9079 385 21 8.030000
9080 383 15 5.764000
9081 382 20 7.681000
9082 381 21 7.875000
9083 379 19 7.164000
9084 379 21 7.782000
9085 380 21 7.890000
9086 379 20 7.712000
9087 379 19 7.333000
9088 379 20 7.829000
9089 379 19 7.448000
9090 381 21 8.288000
9091 376 21 8.149000
9092 376 21 7.893000
9093 379 22 8.374000
9094 384 19 7.479000
9095 383 20 7.854000
9096 383 20 7.826000
9097 383 21 8.260000
9098 383 21 8.115000
9099 381 14 5.469000
9100 382 20 7.932000
9101 380 21 8.284000
9102 381 20 7.950000
9103 382 19 7.517000
9104 382 22 8.538000
9105 382 20 7.688000
9106 381 20 7.896000
9107 381 12 4.900000
9108 382 21 8.304000
9109 383 14 5.639000
9110 383 20 7.808000
9111 382 21 8.082000
9112 381 22 8.345000
9113 381 21 8.280000
9114 383 22 8.606000
9115 382 22 8.635000
9116 381 23 8.857000
9117 386 23 8.853000
9118 386 19 7.452000
9119 386 17 6.768000
9120 383 20 7.935000
9121 383 19 7.505000
9122 382 13 5.305000
9123 383 24 9.261000
9124 377 23 8.778000
9125 378 23 8.729000
9126 379 21 7.960000
9127 378 22 8.197000
9128 378 16 6.049000
9129 378 20 7.514000
9130 377 19 7.096000
9131 377 23 8.545000
9132 377 22 8.202000
9133 378 23 8.559000
9134 377 22 8.140000
9135 377 22 8.219000
9136 378 20 7.556000
9137 379 21 7.903000
9138 379 23 8.564000
9139 378 26 9.640000
9140 375 24 8.958000
9141 376 15 5.765000
9142 375 26 9.628000
9143 377 23 8.576000
9144 378 22 8.242000
9145 376 21 7.887000
9146 376 18 6.787000
9147 376 21 7.840000
9148 376 22 8.229000
9149 379 20 7.597000
9150 377 19 7.427000
9151 374 24 9.354000
9152 377 26 9.957000
9153 377 19 7.473000
9154 379 21 8.246000
9155 379 21 8.070000
9156 379 22 8.521000
9157 379 20 7.637000
9158 378 19 7.456000
9159 381 22 8.600000
9160 381 21 8.294000
9161 380 22 8.833000
9162 380 24 9.528000
9163 381 20 7.881000
9164 383 19 7.377000
9165 383 19 7.408000
9166 384 22 8.739000
9167 383 21 8.329000
9168 383 21 8.346000
9169 383 19 7.436000
9170 383 19 7.413000
9171 382 19 7.429000
9172 383 16 6.504000
9173 383 16 6.394000
9174 385 15 6.009000
9175 387 18 7.166000
9176 388 19 7.377000
9177 388 17 6.595000
9178 387 17 6.625000
9179 389 17 6.779000
9180 386 22 8.597000
9181 387 23 9.043000
9182 386 11 4.458000
9183 387 22 8.358000
9184 387 21 8.001000
9185 387 22 8.558000
9186 387 24 9.391000
9187 387 20 7.835000
9188 385 22 8.630000
9189 386 24 9.154000
9190 384 23 8.804000
9191 385 21 8.319000
9192 385 21 8.310000
9193 378 23 9.241000
9194 379 15 6.121000
9195 380 21 8.250000
9196 381 19 7.461000
9197 377 20 7.791000
9198 386 22 8.219000
9199 386 24 8.767000
9200 387 20 7.393000
9201 387 19 7.046000
9202 386 20 7.382000
9203 385 21 7.683000
9204 387 21 7.754000
9205 380 22 8.204000
9206 378 22 8.213000
9207 379 21 7.801000
9208 380 22 8.155000
9209 380 18 6.717000
9210 380 20 7.447000
9211 380 19 7.104000
9212 380 18 6.738000
9213 389 23 8.690000
9214 389 22 8.272000
9215 385 22 8.222000
9216 385 20 7.459000
9217 386 18 6.811000
9218 387 22 8.182000
9219 387 23 8.580000
9220 387 23 8.637000
9221 387 19 7.335000
9222 386 22 8.426000
9223 386 22 8.362000
9224 386 22 8.340000
9225 387 22 8.318000
9226 387 22 8.285000
9227 388 22 8.323000
9228 385 21 7.779000
9229 385 23 8.695000
9230 387 22 8.475000
9231 384 21 8.127000
9232 385 23 8.950000
9233 381 24 9.414000
9234 378 22 8.658000
9235 378 20 7.737000
9236 379 20 7.681000
9237 379 20 7.894000
9238 378 20 7.793000
9239 378 19 7.454000
9240 380 19 7.422000
9241 380 19 7.272000
9242 380 21 7.979000
9243 381 20 7.903000
9244 381 16 6.424000
9245 380 22 8.711000
9246 383 17 6.788000
9247 383 18 7.078000
9248 382 13 5.207000
9249 381 19 7.452000
9250 381 18 7.234000
9251 381 19 7.606000
9252 381 18 7.183000
9253 382 19 7.530000
9254 378 22 8.530000
9255 377 20 7.730000
9256 375 21 8.343000
9257 375 21 8.338000
9258 374 20 7.949000
9259 372 21 8.356000
9260 371 23 8.905000
9261 373 23 8.888000
9262 373 18 7.264000
9263 375 21 8.414000
9264 372 19 7.558000
9265 370 19 7.549000
9266 370 23 8.874000
9267 370 22 8.457000
9268 371 20 7.575000
9269 371 20 7.496000
9270 372 21 7.895000
9271 372 21 7.806000
9272 372 20 7.445000
9273 377 20 7.342000
9274 377 20 7.368000
9275 376 18 6.661000
9276 376 20 7.396000
9277 377 19 7.136000
9278 380 20 7.420000
9279 378 20 7.494000
9280 378 22 8.110000
9281 380 23 8.482000
9282 380 22 8.107000
9283 381 22 8.153000
9284 378 22 8.118000
9285 376 21 7.792000
9286 375 19 7.101000
9287 375 17 6.380000
9288 374 20 7.656000
9289 374 19 7.351000
9290 375 20 7.724000
9291 376 19 7.285000
9292 375 20 7.708000
9293 374 18 6.953000
9294 373 20 7.699000
9295 374 20 7.687000
9296 372 15 5.939000
9297 371 20 7.568000
9298 370 20 7.873000
9299 375 22 8.738000
9300 375 21 8.426000
9301 373 21 8.471000
9302 373 19 7.764000
9303 374 18 7.333000
9304 377 20 7.997000
9305 380 20 7.968000
9306 379 20 8.110000
9307 381 20 8.182000
9308 381 17 7.002000
9309 383 22 8.669000
9310 383 13 5.169000
9311 387 23 8.943000
9312 388 21 8.456000
9313 388 19 7.797000
9314 388 19 7.786000
9315 388 20 8.073000
9316 388 19 7.629000
9317 387 20 7.863000
9318 386 20 8.064000
9319 383 20 8.102000
9320 383 22 8.817000
9321 383 22 8.753000
9322 384 18 7.198000
9323 383 18 7.079000
9324 385 18 7.172000
9325 385 16 6.594000
9326 385 19 7.784000
9327 384 20 8.149000
9328 386 21 8.482000
9329 386 21 8.431000
9330 387 20 8.131000
9331 386 19 7.845000
9332 388 20 8.082000
9333 388 10 4.251000
9334 386 20 8.145000
9335 385 20 8.141000
9336 384 18 7.242000
9337 385 20 7.941000
9338 385 19 7.655000
9339 386 20 7.893000
9340 386 20 7.728000
9341 384 20 7.793000
9342 384 21 8.201000
9343 383 20 7.863000
9344 383 19 7.407000
9345 383 11 4.440000
9346 384 20 7.574000
9347 384 21 8.071000
9348 384 19 7.343000
9349 382 18 6.879000
9350 382 20 7.677000
9351 383 19 7.364000
9352 380 19 7.389000
9353 380 20 7.733000
9354 384 20 7.690000
9355 383 19 7.368000
9356 383 19 7.423000
9357 385 19 7.225000
9358 384 18 6.842000
9359 385 16 6.140000
9360 382 13 5.273000
9361 382 15 6.049000
9362 381 21 8.274000
9363 381 22 8.596000
9364 382 19 7.569000
9365 382 18 7.132000
9366 380 22 8.574000
9367 380 22 8.599000
9368 382 19 7.353000
9369 384 14 5.580000
9370 382 18 7.191000
9371 381 19 7.629000
9372 381 16 6.505000
9373 383 17 6.965000
9374 383 17 6.973000
9375 383 18 7.227000
9376 384 17 6.808000
9377 384 21 8.205000
9378 384 23 9.023000
9379 383 22 8.872000
9380 384 22 8.857000
9381 386 23 9.301000
9382 387 19 7.636000
9383 386 22 8.667000
9384 385 22 8.910000
9385 384 20 8.207000
9386 384 22 8.962000
9387 382 22 8.905000
9388 382 22 8.836000
9389 382 21 8.389000
9390 382 19 7.826000
9391 383 22 8.859000
9392 382 22 8.934000
9393 382 11 4.614000
9394 384 19 7.629000
9395 383 20 7.909000
9396 384 19 7.772000
9397 385 19 7.749000
9398 381 20 8.059000
9399 383 12 4.965000
9400 381 18 7.208000
9401 378 15 6.112000
9402 378 21 8.439000
9403 377 11 4.718000
9404 378 17 7.055000
9405 379 19 7.774000
9406 377 15 6.246000
9407 375 15 6.142000
9408 375 14 5.667000
9409 373 19 7.593000
9410 374 19 7.614000
9411 363 20 8.258000
9412 359 21 8.559000
9413 358 20 8.060000
9414 365 22 8.795000
9415 359 21 8.495000
9416 360 21 8.373000
9417 361 19 7.644000
9418 362 11 4.547000
9419 362 16 6.560000
9420 362 18 7.389000
9421 361 12 4.998000
9422 362 22 8.880000
9423 362 20 8.104000
9424 366 18 7.170000
9425 368 20 7.833000
9426 373 18 7.054000
9427 373 20 7.873000
9428 373 20 7.973000
9429 368 20 7.931000
9430 373 18 7.600000
9431 372 21 8.590000
9432 373 22 8.820000
9433 373 19 7.722000
9434 372 17 6.970000
9435 373 18 7.334000
9436 372 18 7.311000
9437 366 19 7.888000
9438 367 19 7.762000
9439 366 21 8.600000
9440 366 21 8.821000
9441 366 22 9.336000
9442 367 21 8.998000
9443 366 21 8.988000
9444 365 21 8.888000
9445 367 21 8.810000
9446 363 20 8.460000
9447 364 20 8.537000
9448 364 19 7.993000
9449 367 22 9.335000
9450 363 21 8.967000
9451 366 22 9.430000
9452 364 23 9.753000
9453 364 20 8.575000
9454 363 22 9.317000
9455 364 22 9.327000
9456 362 18 7.738000
9457 368 21 8.817000
9458 368 22 9.299000
9459 360 22 9.304000
9460 362 21 8.899000
9461 362 13 5.571000
9462 365 19 7.852000
9463 366 15 6.231000
9464 366 19 8.063000
9465 366 20 8.524000
9466 366 19 8.033000
9467 367 13 5.626000
9468 366 19 7.905000
9469 364 21 8.539000
9470 362 23 9.590000
9471 360 22 9.343000
9472 360 22 9.196000
9473 362 19 7.957000
9474 362 18 7.394000
9475 363 22 8.921000
9476 362 22 8.805000
9477 364 18 7.172000
9478 363 15 6.001000
9479 374 22 8.585000
9480 373 20 7.846000
9481 372 19 7.461000
9482 371 21 8.187000
9483 370 20 7.889000
9484 371 21 8.216000
9485 372 20 7.921000
9486 372 20 7.821000
9487 371 20 7.882000
9488 372 20 7.881000
9489 372 19 7.484000
9490 367 22 8.461000
9491 368 22 8.451000
9492 368 20 7.758000
9493 367 22 8.567000
9494 368 21 8.124000
9495 368 20 7.717000
9496 366 19 7.368000
9497 366 19 7.380000
9498 365 20 7.730000
9499 365 21 8.204000
9500 367 21 8.349000
9501 369 14 5.676000
9502 374 20 7.989000
9503 372 20 7.967000
9504 373 20 7.955000
9505 370 19 7.546000
9506 369 20 7.759000
9507 370 20 7.881000
9508 369 17 6.564000
9509 369 15 5.944000
9510 371 19 7.592000
9511 372 17 6.901000
9512 371 19 7.825000
9513 374 18 7.387000
9514 370 18 7.307000
9515 369 19 7.683000
9516 372 14 5.637000
9517 371 18 7.107000
9518 368 20 7.971000
9519 370 21 8.570000
9520 369 21 8.515000
9521 371 21 8.352000
9522 368 20 7.972000
9523 367 18 7.177000
9524 367 19 7.660000
9525 364 18 7.406000
9526 368 19 7.770000
9527 368 22 8.896000
9528 365 21 8.403000
9529 366 20 7.908000
9530 368 18 7.218000
9531 363 20 8.129000
9532 366 21 8.503000
9533 366 20 8.060000
9534 366 20 7.848000
9535 365 16 6.372000
9536 365 18 7.098000
9537 368 16 6.601000
9538 368 13 5.408000
9539 368 18 7.462000
9540 371 21 8.537000
9541 370 20 8.280000
9542 368 18 7.377000
9543 374 19 7.949000
9544 371 20 8.343000
9545 373 19 7.870000
9546 374 17 7.133000
9547 374 18 7.472000
9548 373 18 7.409000
9549 374 13 5.465000
9550 372 19 7.763000
9551 372 18 7.260000
9552 370 22 8.690000
9553 369 21 8.306000
9554 369 22 8.679000
9555 368 21 8.254000
9556 365 21 8.327000
9557 364 21 8.315000
9558 364 19 7.521000
9559 364 21 8.274000
9560 368 20 7.804000
9561 367 20 7.823000
9562 366 20 7.792000
9563 366 21 8.244000
9564 367 19 7.532000
9565 365 17 6.774000
9566 367 17 6.710000
9567 366 19 7.470000
9568 368 14 5.624000
9569 369 18 7.151000
9570 368 15 6.038000
9571 367 17 6.776000
9572 365 20 7.855000
9573 365 22 8.646000
9574 365 17 6.746000
9575 365 19 7.554000
9576 366 20 7.938000
9577 366 19 7.439000
9578 368 17 6.782000
9579 371 23 9.313000
9580 370 21 8.140000
9581 369 19 7.410000
9582 370 18 7.117000
9583 369 11 4.657000
9584 375 20 8.005000
9585 376 13 5.347000
9586 380 21 8.579000
9587 382 14 5.862000
9588 379 20 8.100000
9589 381 18 7.349000
9590 380 20 8.001000
9591 380 21 8.386000
9592 375 20 8.297000
9593 375 14 5.914000
9594 376 18 7.440000
9595 375 19 7.862000
9596 375 19 7.861000
9597 379 18 7.318000
9598 377 18 7.380000
9599 375 20 8.191000
9600 369 19 7.828000
9601 368 20 8.223000
9602 371 19 7.831000
9603 369 20 8.153000
9604 371 21 8.440000
9605 372 20 8.104000
9606 372 22 8.885000
9607 374 20 8.109000
9608 373 20 8.080000
9609 372 21 8.401000
9610 371 21 8.450000
9611 374 20 8.101000
9612 371 20 8.145000
9613 372 22 8.944000
9614 372 21 8.436000
9615 373 19 7.650000
9616 373 20 7.958000
9617 373 20 8.226000
9618 372 21 8.705000
9619 371 20 8.197000
9620 371 20 8.211000
9621 372 19 7.705000
9622 373 20 8.104000
9623 373 19 7.683000
9624 373 19 7.632000
9625 374 19 7.475000
9626 375 20 7.883000
9627 375 21 8.246000
9628 375 21 8.180000
9629 376 22 8.560000
9630 374 20 7.765000
9631 373 20 7.792000
9632 373 21 8.148000
9633 372 19 7.459000
9634 372 20 7.821000
9635 372 20 7.949000
9636 372 20 7.872000
9637 371 10 4.092000
9638 371 15 6.000000
9639 372 17 6.733000
9640 373 17 6.751000
9641 374 15 5.963000
9642 375 16 6.350000
9643 376 16 6.356000
9644 376 18 7.033000
9645 376 17 6.615000
9646 376 16 6.321000
9647 376 18 7.161000
9648 376 18 7.223000
9649 376 15 6.073000
9650 376 11 4.602000
9651 374 19 7.541000
9652 372 18 7.123000
9653 371 18 7.146000
9654 370 16 6.349000
9655 370 16 6.405000
9656 371 19 7.510000
9657 373 18 6.979000
9658 374 19 7.666000
9659 373 19 7.736000
9660 374 20 8.268000
9661 374 18 7.422000
9662 374 19 7.866000
9663 376 19 7.864000
9664 377 17 7.032000
9665 375 22 8.795000
9666 375 21 8.472000
9667 375 14 5.970000
9668 371 20 8.194000
9669 371 16 6.626000
9670 372 19 7.741000
9671 370 16 6.476000
9672 371 20 8.005000
9673 369 20 8.194000
9674 370 18 7.446000
9675 372 9 3.905000
9676 372 20 8.125000
9677 374 24 9.602000
9678 376 23 9.015000
9679 376 19 7.480000
9680 374 19 7.657000
9681 373 18 7.362000
9682 373 19 7.654000
9683 371 19 7.648000
9684 373 18 7.139000
9685 371 18 7.057000
9686 371 18 7.180000
9687 372 17 6.893000
9688 370 16 6.575000
9689 369 21 8.499000
9690 367 22 8.874000
9691 368 23 9.084000
9692 368 23 9.106000
9693 369 18 7.399000
9694 368 21 8.650000
9695 368 20 8.080000
9696 370 20 8.098000
9697 373 17 6.792000
9698 372 20 7.931000
9699 372 22 8.686000
9700 371 25 9.699000
9701 370 20 7.884000
9702 369 20 7.782000
9703 372 19 7.344000
9704 372 23 8.707000
9705 371 24 9.084000
9706 367 22 8.362000
9707 364 21 7.969000
9708 363 19 7.245000
9709 369 21 8.042000
9710 369 23 8.703000
9711 369 23 8.762000
9712 368 21 7.949000
9713 368 23 8.685000
9714 367 23 8.656000
9715 365 23 9.087000
9716 366 21 8.334000
9717 368 21 8.343000
9718 368 20 8.003000
9719 368 20 8.037000
9720 368 21 8.414000
9721 370 21 8.559000
9722 366 23 9.158000
9723 366 23 9.204000
9724 365 21 8.531000
9725 365 21 8.568000
9726 365 23 9.442000
9727 363 24 9.938000
9728 364 23 9.603000
9729 372 24 10.026000
9730 373 24 9.961000
9731 368 22 9.148000
9732 367 20 8.227000
9733 366 21 8.587000
9734 365 20 8.475000
9735 365 20 8.496000
9736 369 23 9.338000
9737 366 23 9.269000
9738 366 21 8.408000
9739 366 21 8.425000
9740 366 20 8.054000
9741 367 20 8.115000
9742 368 23 9.282000
9743 368 22 8.902000
9744 369 21 8.468000
9745 369 20 8.247000
9746 369 22 8.869000
9747 371 21 8.597000
9748 371 21 8.518000
9749 371 21 8.439000
9750 371 20 8.041000
9751 372 19 7.723000
9752 373 22 8.819000
9753 374 12 5.038000
9754 374 20 8.146000
9755 373 19 7.712000
9756 373 20 8.074000
9757 373 19 7.606000
9758 372 20 8.325000
9759 373 15 6.451000
9760 377 23 9.532000
9761 376 20 8.364000
9762 377 20 8.189000
9763 377 20 8.174000
9764 378 23 9.257000
9765 377 22 8.722000
9766 377 24 9.400000
9767 380 22 8.596000
9768 382 23 8.912000
9769 382 21 8.153000
9770 379 21 8.122000
9771 380 22 8.517000
9772 382 22 8.485000
9773 380 19 7.376000
9774 380 19 7.331000
9775 379 21 7.996000
9776 379 20 7.678000
9777 379 20 7.727000
9778 379 19 7.228000
9779 379 20 7.635000
9780 379 21 8.045000
9781 380 20 7.788000
9782 379 21 8.221000
9783 378 22 8.554000
9784 382 22 8.528000
9785 382 24 9.305000
9786 384 23 8.873000
9787 380 21 8.155000
9788 377 13 5.170000
9789 378 21 8.283000
9790 379 21 8.358000
9791 380 21 8.503000
9792 379 24 9.696000
9793 378 20 8.135000
9794 377 24 9.724000
9795 380 25 10.023000
9796 381 20 8.021000
9797 382 22 8.954000
9798 381 21 8.547000
9799 379 21 8.616000
9800 379 21 8.495000
9801 381 22 8.861000
9802 379 23 9.186000
9803 379 20 8.222000
9804 377 20 8.208000
9805 376 21 8.679000
9806 378 15 6.201000
9807 377 22 8.929000
9808 377 23 9.240000
9809 377 21 8.532000
9810 380 13 5.389000
9811 378 23 9.319000
9812 378 18 7.357000
9813 378 18 7.168000
9814 376 17 6.748000
9815 378 14 5.689000
9816 378 14 5.840000
9817 375 13 5.338000
9818 374 15 6.172000
9819 372 12 5.026000
9820 372 11 4.629000
9821 372 10 4.217000
9822 372 10 4.165000
9823 372 17 6.853000
9824 375 16 6.421000
9825 371 15 6.250000
9826 372 17 6.900000
9827 371 12 5.017000
9828 370 22 8.815000
9829 371 20 7.954000
9830 371 21 8.254000
9831 372 17 6.721000
9832 371 18 7.093000
9833 371 19 7.329000
9834 371 18 6.972000
9835 368 17 6.598000
9836 368 16 6.294000
9837 370 17 6.584000
9838 371 17 6.572000
9839 371 16 6.190000
9840 371 18 7.026000
9841 369 19 7.363000
9842 373 19 7.357000
9843 371 18 6.968000
9844 371 14 5.526000
9845 373 19 7.366000
9846 371 16 6.252000
9847 370 22 8.498000
9848 369 21 8.146000
9849 368 20 7.757000
9850 368 20 7.745000
9851 368 19 7.408000
9852 368 19 7.387000
9853 367 21 8.214000
9854 368 14 5.642000
9855 371 19 7.541000
9856 372 19 7.547000
9857 372 19 7.523000
9858 371 20 7.895000
9859 371 20 7.865000
9860 371 24 9.186000
9861 372 22 8.507000
9862 370 21 8.175000
9863 370 23 9.183000
9864 371 15 6.111000
9865 372 24 9.705000
9866 373 23 9.246000
9867 373 23 9.279000
9868 373 23 9.243000
9869 374 20 7.981000
9870 373 21 8.439000
9871 378 23 9.243000
9872 378 24 9.659000
9873 378 21 8.506000
9874 378 21 8.425000
9875 378 19 7.723000
9876 379 21 8.472000
9877 369 23 9.274000
9878 370 21 8.683000
9879 370 19 7.852000
9880 370 20 8.187000
9881 370 19 7.743000
9882 370 19 7.908000
9883 375 13 5.551000
9884 376 18 7.597000
9885 375 18 7.536000
9886 376 18 7.513000
9887 376 17 7.027000
9888 376 21 8.560000
9889 377 22 9.121000
9890 376 20 8.277000
9891 376 20 8.249000
9892 385 17 6.823000
9893 385 20 7.835000
9894 384 18 7.048000
9895 385 18 7.267000
9896 378 22 9.083000
9897 378 22 9.098000
9898 378 22 9.114000
9899 379 19 7.801000
9900 377 21 8.576000
9901 378 19 7.730000
9902 373 22 8.853000
9903 376 22 8.877000
9904 377 22 8.928000
9905 377 20 8.086000
9906 377 20 8.084000
9907 378 21 8.424000
9908 380 11 4.591000
9909 378 22 8.843000
9910 378 24 9.723000
9911 380 21 8.478000
9912 381 21 8.288000
9913 379 21 8.264000
9914 380 22 8.674000
9915 380 21 8.222000
9916 380 19 7.464000
9917 377 22 8.667000
9918 378 20 7.970000
9919 378 22 8.789000
9920 377 22 8.801000
9921 377 22 8.820000
9922 377 18 7.305000
9923 375 20 8.045000
9924 375 21 8.436000
9925 375 21 8.421000
9926 376 21 8.710000
9927 375 22 9.124000
9928 376 22 9.196000
9929 381 21 8.747000
9930 378 21 8.809000
9931 378 23 9.487000
9932 368 24 9.621000
9933 366 23 9.477000
9934 363 22 9.095000
9935 365 23 9.527000
9936 364 21 8.604000
9937 363 19 7.839000
9938 363 21 8.602000
9939 363 19 7.910000
9940 362 21 8.699000
9941 371 19 8.161000
9942 371 22 9.253000
9943 372 22 9.185000
9944 371 21 9.049000
9945 369 23 9.826000
9946 370 21 8.874000
9947 372 19 8.184000
9948 372 19 8.049000
9949 372 19 7.939000
9950 371 18 7.767000
9951 372 20 8.544000
9952 372 22 9.402000
9953 371 23 9.793000
9954 370 21 8.901000
9955 370 22 9.302000
9956 367 24 10.423000
9957 368 21 9.093000
9958 365 22 9.421000
9959 365 21 8.873000
9960 367 18 7.704000
9961 369 20 8.341000
9962 371 20 8.291000
9963 372 20 8.195000
9964 368 23 9.459000
9965 368 22 8.958000
9966 373 22 8.941000
9967 373 21 8.475000
9968 368 20 8.172000
9969 370 20 8.122000
9970 370 21 8.447000
9971 369 21 8.435000
9972 371 22 8.839000
9973 372 20 8.086000
9974 370 21 8.471000
9975 370 17 6.906000
9976 382 12 4.844000
9977 384 23 8.981000
9978 384 20 7.880000
9979 384 21 8.389000
9980 384 18 7.173000
9981 382 19 7.670000
9982 383 19 7.592000
9983 373 20 8.100000
9984 371 21 8.469000
9985 372 22 8.775000
9986 372 18 7.353000
9987 370 19 7.604000
9988 372 18 7.443000
9989 367 19 7.819000
9990 367 18 7.532000
9991 368 17 7.077000
9992 367 18 7.542000
9993 370 18 7.487000
9994 370 20 8.224000
9995 362 23 9.514000
9996 363 23 9.494000
9997 363 20 8.332000
9998 359 21 8.787000
9999 358 20 8.427000
10000 358 19 7.968000
